<?xml version="1.0" encoding="UTF-8" standalone="yes"?>
<dataStoreHaul xmlns:a="http://www.appian.com/ae/types/2009">
    <dataStore>
        <uuid>_a-0000dd17-9077-8000-9ba2-011c48011c48_10757</uuid>
        <name>EFM Reference</name>
        <description></description>
        <dataSourceKey>java:/jdbc/Appian</dataSourceKey>
        <adaptingExplicitSqlNames>false</adaptingExplicitSqlNames>
        <autoUpdateSchema>false</autoUpdateSchema>
        <entities>
            <entity>
                <uuid>9e2a62cb-4cf9-4fad-89fe-6486e2cee6ca</uuid>
                <name>EFM_R_Veh_Status</name>
                <type>{urn:com:appian:types:EFM}EFM_R_Veh_Status</type>
            </entity>
            <entity>
                <uuid>41ae961a-5b27-4e0e-9bbb-fd8e91fc282d</uuid>
                <name>EFM_R_Veh_Type</name>
                <type>{urn:com:appian:types:EFM}EFM_R_Veh_Type</type>
            </entity>
            <entity>
                <uuid>0fcdcb28-69e2-41f7-a09c-cc61a54e230f</uuid>
                <name>EFM_R_Expense_Category</name>
                <type>{urn:com:appian:types:EFM}EFM_R_Expense_Category</type>
            </entity>
            <entity>
                <uuid>95f0ee90-0d49-4084-b11b-544bd227cf10</uuid>
                <name>EFM_R_Event_Category</name>
                <type>{urn:com:appian:types:EFM}EFM_R_Event_Category</type>
            </entity>
        </entities>
    </dataStore>
    <isPublished>true</isPublished>
    <roleMap>
        <role allowForAll="false" inherit="false" name="administrators">
            <users>
                <userUuid>michael.lasutschinkow</userUuid>
            </users>
            <groups/>
        </role>
        <role allowForAll="false" inherit="false" name="authors">
            <users/>
            <groups/>
        </role>
        <role allowForAll="false" inherit="false" name="denyAdministrators">
            <users/>
            <groups/>
        </role>
        <role allowForAll="false" inherit="false" name="denyAuthors">
            <users/>
            <groups/>
        </role>
        <role allowForAll="false" inherit="false" name="denyReaders">
            <users/>
            <groups/>
        </role>
        <role allowForAll="false" inherit="false" name="readers">
            <users/>
            <groups>
                <groupUuid>_e-0000dd29-17a1-8000-9aee-01075c01075c_100</groupUuid>
            </groups>
        </role>
    </roleMap>
</dataStoreHaul>
