<?xml version="1.0" encoding="UTF-8" standalone="yes"?>
<contentHaul xmlns:a="http://www.appian.com/ae/types/2009">
    <rule>
        <name>APN_generateHTMLTable</name>
        <uuid>_a-0000d7d3-de4c-8000-4594-010000010000_2331</uuid>
        <description>Generates HTML table based on given data and columns. Columns entered must match fields of data.</description>
        <parentUuid>_a-0000d7d3-de4c-8000-4594-010000010000_2326</parentUuid>
        <visibility>
            <advertise>false</advertise>
            <hierarchy>true</hierarchy>
            <indexable>true</indexable>
            <quota>false</quota>
            <searchable>true</searchable>
            <system>false</system>
            <unlogged>false</unlogged>
        </visibility>
        <definition>=if(
	or(#&quot;_a-0000d62a-67b3-8000-da6f-010000010000_950&quot;(ri!data), #&quot;_a-0000d62a-67b3-8000-da6f-010000010000_951&quot;(ri!data), #&quot;_a-0000d62a-67b3-8000-da6f-010000010000_950&quot;(ri!columns), #&quot;_a-0000d62a-67b3-8000-da6f-010000010000_951&quot;(ri!columns)), 
	null(),
	&quot;&lt;table class=&quot;&amp;char(34)&amp;ri!class&amp;char(34)&amp;&quot; &gt;&quot;&amp;joinarray(apply(#&quot;_a-0000d7d3-de4c-8000-4594-010000010000_2344&quot;,ri!data,ri!columns,&quot;&lt;tr&gt;&quot;,&quot;&lt;/tr&gt;&quot;,&quot;&lt;td&gt;&quot;,&quot;&lt;/td&gt;&quot;))&amp;&quot;&lt;/table&gt;&quot;
)</definition>
        <namedTypedValue>
            <name>data</name>
            <type>
                <name>Variant</name>
                <namespace>http://www.appian.com/ae/types/2009</namespace>
            </type>
        </namedTypedValue>
        <namedTypedValue>
            <name>columns</name>
            <type>
                <name>Text?list</name>
                <namespace>http://www.appian.com/ae/types/2009</namespace>
            </type>
        </namedTypedValue>
        <namedTypedValue>
            <name>class</name>
            <type>
                <name>string</name>
                <namespace>http://www.w3.org/2001/XMLSchema</namespace>
            </type>
            <value/>
        </namedTypedValue>
        <preferredEditor>legacy</preferredEditor>
        <offlineEnabled>false</offlineEnabled>
    </rule>
    <roleMap public="true">
        <role allowForAll="false" inherit="true" name="readers">
            <users/>
            <groups/>
        </role>
        <role allowForAll="false" inherit="true" name="authors">
            <users/>
            <groups/>
        </role>
        <role allowForAll="false" inherit="true" name="administrators">
            <users>
                <userUuid>Administrator</userUuid>
            </users>
            <groups/>
        </role>
        <role allowForAll="false" inherit="false" name="denyReaders">
            <users/>
            <groups/>
        </role>
        <role allowForAll="false" inherit="false" name="denyAuthors">
            <users/>
            <groups/>
        </role>
        <role allowForAll="false" inherit="false" name="denyAdministrators">
            <users/>
            <groups/>
        </role>
    </roleMap>
</contentHaul>
