<?xml version="1.0" encoding="UTF-8" standalone="yes"?>
<contentHaul xmlns:a="http://www.appian.com/ae/types/2009">
    <rule>
        <name>APN_uiSectionTwoColumn</name>
        <uuid>_a-0000d73e-944a-8000-9ba2-011c48011c48_13085</uuid>
        <description>Returns a 2-column Section. 'column1' and 'column2' are the arrays of Tempo components for the 1st and 2nd columns respectively. If both columns are either null or empty, and 'hideWhenEmpty' is true, the Section will be suppressed. If a column is left null or empty, space will still be reserved, so use APN_uiSectionOneColumn for full-width 1-column layouts. 2-column layouts will be flattened to a 1-column layout on certain mobile devices.</description>
        <parentUuid>_a-0000d6c5-be9f-8000-ba92-010000010000_1726</parentUuid>
        <visibility>
            <advertise>false</advertise>
            <hierarchy>true</hierarchy>
            <indexable>true</indexable>
            <quota>false</quota>
            <searchable>true</searchable>
            <system>false</system>
            <unlogged>false</unlogged>
        </visibility>
        <definition>with(
  bothColumnsEmpty: and(#&quot;_a-0000d62a-67b3-8000-da6f-010000010000_951&quot;(ri!column1), #&quot;_a-0000d62a-67b3-8000-da6f-010000010000_951&quot;(ri!column2)),
  hideWhenEmpty: #&quot;_a-0000d6f5-78e2-8000-3c2a-010000010000_639&quot;(ri!hideWhenEmpty, false),
  if(and(bothColumnsEmpty, hideWhenEmpty), {},
    'type!{http://www.appian.com/ae/types/2009}SectionLayout'(
      label: ri!label,
      content: if(bothColumnsEmpty, null,
        'type!{http://www.appian.com/ae/types/2009}ColumnArrayLayout'(
          columns: {
            'type!{http://www.appian.com/ae/types/2009}ColumnLayout'(contents: if(isnull(ri!column1), {}, ri!column1)),
            'type!{http://www.appian.com/ae/types/2009}ColumnLayout'(contents: if(isnull(ri!column2), {}, ri!column2))
          }
        )
      )
    )
  )
)</definition>
        <namedTypedValue>
            <name>label</name>
            <type>
                <name>string</name>
                <namespace>http://www.w3.org/2001/XMLSchema</namespace>
            </type>
            <value/>
        </namedTypedValue>
        <namedTypedValue>
            <name>column1</name>
            <type>
                <name>Variant</name>
                <namespace>http://www.appian.com/ae/types/2009</namespace>
            </type>
        </namedTypedValue>
        <namedTypedValue>
            <name>column2</name>
            <type>
                <name>Variant</name>
                <namespace>http://www.appian.com/ae/types/2009</namespace>
            </type>
        </namedTypedValue>
        <namedTypedValue>
            <name>hideWhenEmpty</name>
            <type>
                <name>boolean</name>
                <namespace>http://www.w3.org/2001/XMLSchema</namespace>
            </type>
        </namedTypedValue>
        <preferredEditor>legacy</preferredEditor>
        <offlineEnabled>false</offlineEnabled>
    </rule>
    <roleMap public="true">
        <role allowForAll="false" inherit="true" name="readers">
            <users/>
            <groups/>
        </role>
        <role allowForAll="false" inherit="true" name="authors">
            <users/>
            <groups/>
        </role>
        <role allowForAll="false" inherit="true" name="administrators">
            <users/>
            <groups/>
        </role>
        <role allowForAll="false" inherit="false" name="denyReaders">
            <users/>
            <groups/>
        </role>
        <role allowForAll="false" inherit="false" name="denyAuthors">
            <users/>
            <groups/>
        </role>
        <role allowForAll="false" inherit="false" name="denyAdministrators">
            <users/>
            <groups/>
        </role>
    </roleMap>
</contentHaul>
