<?xml version="1.0" encoding="UTF-8" standalone="yes"?>
<contentHaul xmlns:a="http://www.appian.com/ae/types/2009">
    <rule>
        <name>APN_generateRepeatedValueForArrayLength</name>
        <uuid>_a-0000d806-c17f-8000-5892-010000010000_3489</uuid>
        <description>Repeats the replacement value field based on the length of the array. If array is null, returns the replacement value.

array (Required): Array value of any type to determine the length of.
replacementValue (Required): Value of any type to repeat</description>
        <parentUuid>_a-0000d690-12fb-8000-0f1a-010000010000_1376</parentUuid>
        <visibility>
            <advertise>false</advertise>
            <hierarchy>true</hierarchy>
            <indexable>true</indexable>
            <quota>false</quota>
            <searchable>true</searchable>
            <system>false</system>
            <unlogged>false</unlogged>
        </visibility>
        <definition>=if(#&quot;_a-0000d62a-67b3-8000-da6f-010000010000_951&quot;(ri!array), null(), repeat(count(ri!array), #&quot;_a-0000d6f5-78e2-8000-3c2a-010000010000_639&quot;(ri!replacementValue, null())))</definition>
        <namedTypedValue>
            <name>array</name>
            <type>
                <name>Variant</name>
                <namespace>http://www.appian.com/ae/types/2009</namespace>
            </type>
        </namedTypedValue>
        <namedTypedValue>
            <name>replacementValue</name>
            <type>
                <name>Variant</name>
                <namespace>http://www.appian.com/ae/types/2009</namespace>
            </type>
        </namedTypedValue>
        <preferredEditor>legacy</preferredEditor>
        <offlineEnabled>false</offlineEnabled>
    </rule>
    <roleMap public="true">
        <role allowForAll="false" inherit="true" name="readers">
            <users/>
            <groups/>
        </role>
        <role allowForAll="false" inherit="true" name="authors">
            <users/>
            <groups/>
        </role>
        <role allowForAll="false" inherit="true" name="administrators">
            <users/>
            <groups/>
        </role>
        <role allowForAll="false" inherit="false" name="denyReaders">
            <users/>
            <groups/>
        </role>
        <role allowForAll="false" inherit="false" name="denyAuthors">
            <users/>
            <groups/>
        </role>
        <role allowForAll="false" inherit="false" name="denyAdministrators">
            <users/>
            <groups/>
        </role>
    </roleMap>
</contentHaul>
