<?xml version="1.0" encoding="UTF-8" standalone="yes"?>
<contentHaul xmlns:a="http://www.appian.com/ae/types/2009">
    <rule>
        <name>APN_querySelection</name>
        <uuid>_a-0000d73e-944a-8000-9ba2-011c48011c48_13209</uuid>
        <description>Returns a Query object.

fields are the names of the record fields to select and return.
filter (LogicalExpression or QueryFilter) (optional) refines the results.
pagingInfo (PagingInfo) (optional) Default: APN_PagingInfoAll().</description>
        <parentUuid>_a-0000d73e-944a-8000-9ba2-011c48011c48_13207</parentUuid>
        <visibility>
            <advertise>false</advertise>
            <hierarchy>true</hierarchy>
            <indexable>true</indexable>
            <quota>false</quota>
            <searchable>true</searchable>
            <system>false</system>
            <unlogged>false</unlogged>
        </visibility>
        <definition>'type!{http://www.appian.com/ae/types/2009}Query'(
  'selection|aggregation': if(isnull(ri!fields), null, 'type!{http://www.appian.com/ae/types/2009}Selection'(apply('type!{http://www.appian.com/ae/types/2009}Column', ri!fields))),
  'logicalExpression|filter|search': ri!filter,
  pagingInfo: #&quot;_a-0000d6f5-78e2-8000-3c2a-010000010000_639&quot;(ri!pagingInfo, #&quot;_a-0000d73e-944a-8000-9ba2-011c48011c48_13241&quot;())
)</definition>
        <namedTypedValue>
            <name>fields</name>
            <type>
                <name>Text?list</name>
                <namespace>http://www.appian.com/ae/types/2009</namespace>
            </type>
        </namedTypedValue>
        <namedTypedValue>
            <name>filter</name>
            <type>
                <name>Variant</name>
                <namespace>http://www.appian.com/ae/types/2009</namespace>
            </type>
        </namedTypedValue>
        <namedTypedValue>
            <name>pagingInfo</name>
            <type>
                <name>Variant</name>
                <namespace>http://www.appian.com/ae/types/2009</namespace>
            </type>
        </namedTypedValue>
        <preferredEditor>legacy</preferredEditor>
        <offlineEnabled>false</offlineEnabled>
    </rule>
    <roleMap public="true">
        <role allowForAll="false" inherit="true" name="readers">
            <users/>
            <groups/>
        </role>
        <role allowForAll="false" inherit="true" name="authors">
            <users/>
            <groups/>
        </role>
        <role allowForAll="false" inherit="true" name="administrators">
            <users/>
            <groups/>
        </role>
        <role allowForAll="false" inherit="false" name="denyReaders">
            <users/>
            <groups/>
        </role>
        <role allowForAll="false" inherit="false" name="denyAuthors">
            <users/>
            <groups/>
        </role>
        <role allowForAll="false" inherit="false" name="denyAdministrators">
            <users/>
            <groups/>
        </role>
    </roleMap>
</contentHaul>
