<?xml version="1.0" encoding="UTF-8" standalone="yes"?>
<contentHaul xmlns:a="http://www.appian.com/ae/types/2009">
    <constant>
        <name>APN_AlphabeticalListOfUsStates</name>
        <uuid>_a-0000d73b-3c1e-8000-a2f0-010000010000_1289</uuid>
        <description>List of United States in alphabetical order</description>
        <parentUuid>_a-0000d73b-3c1e-8000-a2f0-010000010000_1287</parentUuid>
        <visibility>
            <advertise>false</advertise>
            <hierarchy>true</hierarchy>
            <indexable>true</indexable>
            <quota>false</quota>
            <searchable>true</searchable>
            <system>false</system>
            <unlogged>false</unlogged>
        </visibility>
        <typedValue>
            <type>
                <name>Text?list</name>
                <namespace>http://www.appian.com/ae/types/2009</namespace>
            </type>
            <value>
                <el>Alabama</el>
                <el>Alaska</el>
                <el>Arizona</el>
                <el>Arkansas</el>
                <el>California</el>
                <el>Colorado</el>
                <el>Connecticut</el>
                <el>Delaware</el>
                <el>District Of Columbia</el>
                <el>Florida</el>
                <el>Georgia</el>
                <el>Hawaii</el>
                <el>Idaho</el>
                <el>Illinois</el>
                <el>Indiana</el>
                <el>Iowa</el>
                <el>Kansas</el>
                <el>Kentucky</el>
                <el>Louisiana</el>
                <el>Maine</el>
                <el>Maryland</el>
                <el>Massachusetts</el>
                <el>Michigan</el>
                <el>Minnesota</el>
                <el>Mississippi</el>
                <el>Missouri</el>
                <el>Montana</el>
                <el>Nebraska</el>
                <el>Nevada</el>
                <el>New Hampshire</el>
                <el>New Jersey</el>
                <el>New Mexico</el>
                <el>New York</el>
                <el>North Carolina</el>
                <el>North Dakota</el>
                <el>Ohio</el>
                <el>Oklahoma</el>
                <el>Oregon</el>
                <el>PALAU</el>
                <el>Pennsylvania</el>
                <el>PUERTO RICO</el>
                <el>Rhode Island</el>
                <el>South Carolina</el>
                <el>South Dakota</el>
                <el>Tennessee</el>
                <el>Texas</el>
                <el>Utah</el>
                <el>Vermont</el>
                <el>Virginia</el>
                <el>Washington</el>
                <el>West Virginia</el>
                <el>Wisconsin</el>
                <el>Wyoming</el>
            </value>
        </typedValue>
    </constant>
    <roleMap public="true">
        <role allowForAll="false" inherit="true" name="readers">
            <users/>
            <groups/>
        </role>
        <role allowForAll="false" inherit="true" name="authors">
            <users/>
            <groups/>
        </role>
        <role allowForAll="false" inherit="true" name="administrators">
            <users>
                <userUuid>Administrator</userUuid>
            </users>
            <groups/>
        </role>
        <role allowForAll="false" inherit="false" name="denyReaders">
            <users/>
            <groups/>
        </role>
        <role allowForAll="false" inherit="false" name="denyAuthors">
            <users/>
            <groups/>
        </role>
        <role allowForAll="false" inherit="false" name="denyAdministrators">
            <users/>
            <groups/>
        </role>
    </roleMap>
</contentHaul>
