<?xml version="1.0" encoding="UTF-8" standalone="yes"?>
<contentHaul xmlns:a="http://www.appian.com/ae/types/2009">
    <rule>
        <name>APN_uiDateTimeReadOnly</name>
        <uuid>_a-0000d690-12fb-8000-0f1a-010000010000_1061</uuid>
        <description>Returns a read-only DateTime field with the given label, instructions, and value. When 'hideWhenNull' is true, the field will be hidden when the value is null. When 'alternateText' is not null and the value is null, the field will be substituted with a text field that displays the given alternate text.</description>
        <parentUuid>_a-0000d6c5-be9f-8000-ba92-010000010000_1778</parentUuid>
        <visibility>
            <advertise>false</advertise>
            <hierarchy>true</hierarchy>
            <indexable>true</indexable>
            <quota>false</quota>
            <searchable>true</searchable>
            <system>false</system>
            <unlogged>false</unlogged>
        </visibility>
        <definition>if(and(#&quot;_a-0000d6f5-78e2-8000-3c2a-010000010000_639&quot;(ri!hideWhenNull, false), isnull(ri!value)),
  {},
  if(or(not(isnull(ri!value)), isnull(ri!alternateText)),
    #&quot;SYSTEM_SYSRULES_dateTimeField&quot;(
      label: ri!label,
      instructions: ri!instructions,
      value: ri!value,
      readOnly: true()
    ),
    #&quot;SYSTEM_SYSRULES_textField&quot;(
      label: ri!label,
      instructions: ri!instructions,
      value: ri!alternateText,
      readOnly: true()
    )
  )
)</definition>
        <namedTypedValue>
            <name>label</name>
            <type>
                <name>string</name>
                <namespace>http://www.w3.org/2001/XMLSchema</namespace>
            </type>
            <value/>
        </namedTypedValue>
        <namedTypedValue>
            <name>instructions</name>
            <type>
                <name>string</name>
                <namespace>http://www.w3.org/2001/XMLSchema</namespace>
            </type>
            <value/>
        </namedTypedValue>
        <namedTypedValue>
            <name>value</name>
            <type>
                <name>dateTime</name>
                <namespace>http://www.w3.org/2001/XMLSchema</namespace>
            </type>
        </namedTypedValue>
        <namedTypedValue>
            <name>hideWhenNull</name>
            <type>
                <name>boolean</name>
                <namespace>http://www.w3.org/2001/XMLSchema</namespace>
            </type>
        </namedTypedValue>
        <namedTypedValue>
            <name>alternateText</name>
            <type>
                <name>string</name>
                <namespace>http://www.w3.org/2001/XMLSchema</namespace>
            </type>
            <value/>
        </namedTypedValue>
        <preferredEditor>legacy</preferredEditor>
        <offlineEnabled>false</offlineEnabled>
    </rule>
    <roleMap public="true">
        <role allowForAll="false" inherit="true" name="readers">
            <users/>
            <groups/>
        </role>
        <role allowForAll="false" inherit="true" name="authors">
            <users/>
            <groups/>
        </role>
        <role allowForAll="false" inherit="true" name="administrators">
            <users/>
            <groups/>
        </role>
        <role allowForAll="false" inherit="false" name="denyReaders">
            <users/>
            <groups/>
        </role>
        <role allowForAll="false" inherit="false" name="denyAuthors">
            <users/>
            <groups/>
        </role>
        <role allowForAll="false" inherit="false" name="denyAdministrators">
            <users/>
            <groups/>
        </role>
    </roleMap>
</contentHaul>
