<?xml version="1.0" encoding="UTF-8" standalone="yes"?>
<contentHaul xmlns:a="http://www.appian.com/ae/types/2009">
    <rule>
        <name>APN_northAmericanFormatPhoneNumber</name>
        <uuid>_a-0000d806-c17f-8000-5892-010000010000_3480</uuid>
        <description>Returns a phone number using the North America Format: xxx-xxx-xxxx.

phoneNumber (Required): phone number to format which must be 10 digits.</description>
        <parentUuid>_a-0000d62a-67b3-8000-da6f-010000010000_957</parentUuid>
        <visibility>
            <advertise>false</advertise>
            <hierarchy>true</hierarchy>
            <indexable>true</indexable>
            <quota>false</quota>
            <searchable>true</searchable>
            <system>false</system>
            <unlogged>false</unlogged>
        </visibility>
        <definition>=if(
 len(ri!phoneNumber)=10,
 concat(
  left(ri!phoneNumber,3),
  &quot;-&quot;,
  mid(ri!phoneNumber,4,3),
  &quot;-&quot;,
  right(ri!phoneNumber,4)
  ),
  null()
)</definition>
        <namedTypedValue>
            <name>phoneNumber</name>
            <type>
                <name>string</name>
                <namespace>http://www.w3.org/2001/XMLSchema</namespace>
            </type>
            <value/>
        </namedTypedValue>
        <preferredEditor>legacy</preferredEditor>
        <offlineEnabled>false</offlineEnabled>
    </rule>
    <roleMap public="true">
        <role allowForAll="false" inherit="true" name="readers">
            <users/>
            <groups/>
        </role>
        <role allowForAll="false" inherit="true" name="authors">
            <users/>
            <groups/>
        </role>
        <role allowForAll="false" inherit="true" name="administrators">
            <users/>
            <groups/>
        </role>
        <role allowForAll="false" inherit="false" name="denyReaders">
            <users/>
            <groups/>
        </role>
        <role allowForAll="false" inherit="false" name="denyAuthors">
            <users/>
            <groups/>
        </role>
        <role allowForAll="false" inherit="false" name="denyAdministrators">
            <users/>
            <groups/>
        </role>
    </roleMap>
</contentHaul>
