<?xml version="1.0" encoding="UTF-8" standalone="yes"?>
<contentHaul xmlns:a="http://www.appian.com/ae/types/2009">
    <rule>
        <name>APN_getFiscalYearForDate</name>
        <uuid>_a-0000d62a-67b3-8000-da6f-010000010000_931</uuid>
        <description>Returns fiscal year based on date</description>
        <parentUuid>_a-0000d62a-67b3-8000-da6f-010000010000_956</parentUuid>
        <visibility>
            <advertise>false</advertise>
            <hierarchy>true</hierarchy>
            <indexable>true</indexable>
            <quota>false</quota>
            <searchable>true</searchable>
            <system>false</system>
            <unlogged>false</unlogged>
        </visibility>
        <definition>=if(#&quot;_a-0000d62a-67b3-8000-da6f-010000010000_919&quot;=&quot;01/01&quot;, year(ri!fiscalDate), if(ri!fiscalDate&gt;=todate(#&quot;_a-0000d62a-67b3-8000-da6f-010000010000_919&quot; &amp; &quot;/&quot; &amp; year(ri!fiscalDate)), year(ri!fiscalDate)+1, year(ri!fiscalDate))) </definition>
        <namedTypedValue>
            <name>fiscalDate</name>
            <type>
                <name>date</name>
                <namespace>http://www.w3.org/2001/XMLSchema</namespace>
            </type>
        </namedTypedValue>
        <preferredEditor>legacy</preferredEditor>
        <offlineEnabled>false</offlineEnabled>
    </rule>
    <roleMap public="true">
        <role allowForAll="false" inherit="true" name="readers">
            <users/>
            <groups/>
        </role>
        <role allowForAll="false" inherit="true" name="authors">
            <users/>
            <groups/>
        </role>
        <role allowForAll="false" inherit="true" name="administrators">
            <users>
                <userUuid>Administrator</userUuid>
            </users>
            <groups/>
        </role>
        <role allowForAll="false" inherit="false" name="denyReaders">
            <users/>
            <groups/>
        </role>
        <role allowForAll="false" inherit="false" name="denyAuthors">
            <users/>
            <groups/>
        </role>
        <role allowForAll="false" inherit="false" name="denyAdministrators">
            <users/>
            <groups/>
        </role>
    </roleMap>
</contentHaul>
