<?xml version="1.0" encoding="UTF-8" standalone="yes"?>
<contentHaul xmlns:a="http://www.appian.com/ae/types/2009">
    <rule>
        <name>APN_sortComplexTypes</name>
        <uuid>_a-0000d7d3-de4c-8000-4594-010000010000_2321</uuid>
        <description>Returns a sorted list of complex types on the provided field.

cdt (Required): CDT to sort
field (Required): Field to sort CDT on. If null, default to no sort.
ascending (Default: False): Ascending on field true or false</description>
        <parentUuid>_a-0000d690-12fb-8000-0f1a-010000010000_1376</parentUuid>
        <visibility>
            <advertise>false</advertise>
            <hierarchy>true</hierarchy>
            <indexable>true</indexable>
            <quota>false</quota>
            <searchable>true</searchable>
            <system>false</system>
            <unlogged>false</unlogged>
        </visibility>
        <definition>=with(
local!ascending: #&quot;_a-0000d6f5-78e2-8000-3c2a-010000010000_639&quot;(ri!ascending, false()),
if(
 #&quot;_a-0000d62a-67b3-8000-da6f-010000010000_950&quot;(ri!field), 
 todatasubset(ri!cdt, fn!topaginginfo(1,-1)).data,
 todatasubset(ri!cdt,#&quot;_a-0000d73e-944a-8000-9ba2-011c48011c48_13363&quot;(field: ri!field, ascending: local!ascending, startIndex:1, batchSize: count(cdt))).data
 )
)
</definition>
        <namedTypedValue>
            <name>cdt</name>
            <type>
                <name>Variant</name>
                <namespace>http://www.appian.com/ae/types/2009</namespace>
            </type>
        </namedTypedValue>
        <namedTypedValue>
            <name>field</name>
            <type>
                <name>string</name>
                <namespace>http://www.w3.org/2001/XMLSchema</namespace>
            </type>
            <value/>
        </namedTypedValue>
        <namedTypedValue>
            <name>ascending</name>
            <type>
                <name>boolean</name>
                <namespace>http://www.w3.org/2001/XMLSchema</namespace>
            </type>
        </namedTypedValue>
        <preferredEditor>legacy</preferredEditor>
        <offlineEnabled>false</offlineEnabled>
    </rule>
    <roleMap public="true">
        <role allowForAll="false" inherit="true" name="readers">
            <users/>
            <groups/>
        </role>
        <role allowForAll="false" inherit="true" name="authors">
            <users/>
            <groups/>
        </role>
        <role allowForAll="false" inherit="true" name="administrators">
            <users>
                <userUuid>Administrator</userUuid>
            </users>
            <groups/>
        </role>
        <role allowForAll="false" inherit="false" name="denyReaders">
            <users/>
            <groups/>
        </role>
        <role allowForAll="false" inherit="false" name="denyAuthors">
            <users/>
            <groups/>
        </role>
        <role allowForAll="false" inherit="false" name="denyAdministrators">
            <users/>
            <groups/>
        </role>
    </roleMap>
</contentHaul>
