<?xml version="1.0" encoding="UTF-8" standalone="yes"?>
<dataStoreHaul xmlns:a="http://www.appian.com/ae/types/2009">
    <dataStore>
        <uuid>_a-0000dd17-9077-8000-9ba2-011c48011c48_10096</uuid>
        <name>CTS Views</name>
        <description>CTS Views Datastore</description>
        <dataSourceKey>java:/jdbc/Appian</dataSourceKey>
        <adaptingExplicitSqlNames>false</adaptingExplicitSqlNames>
        <autoUpdateSchema>false</autoUpdateSchema>
        <entities>
            <entity>
                <uuid>75512fa7-2cd5-49cc-abde-fe50622f46c6</uuid>
                <name>CTS_V_Doc</name>
                <type>{urn:com:appian:types:CTS}CTS_V_Doc</type>
            </entity>
            <entity>
                <uuid>b6a4929d-dc81-4bb0-a8ab-222ac91a69b1</uuid>
                <name>CTS_V_Folder_Assignments</name>
                <type>{urn:com:appian:types:CTS}CTS_V_Folder_Assignments</type>
            </entity>
            <entity>
                <uuid>d4fd48e6-0137-4e7d-ab77-4778a2f2ea64</uuid>
                <name>CTS_V_Folder_ListView</name>
                <type>{urn:com:appian:types:CTS}CTS_V_Folder_ListView</type>
            </entity>
            <entity>
                <uuid>b836f410-4223-425a-b14d-42f2e23f4ec4</uuid>
                <name>CTS_V_Link_DocFolder</name>
                <type>{urn:com:appian:types:CTS}CTS_V_Link_DocFolder</type>
            </entity>
            <entity>
                <uuid>fc7f98dc-4c0e-4042-9ac3-ce8f5d6511e7</uuid>
                <name>CTS_V_Link_FolderDoc</name>
                <type>{urn:com:appian:types:CTS}CTS_V_Link_FolderDoc</type>
            </entity>
            <entity>
                <uuid>29c20b55-50e2-4c66-b2f6-7085611eea23</uuid>
                <name>CTS_V_Audit</name>
                <type>{urn:com:appian:types:CTS}CTS_V_Audit</type>
            </entity>
        </entities>
    </dataStore>
    <isPublished>true</isPublished>
    <roleMap>
        <role allowForAll="false" inherit="false" name="administrators">
            <users>
                <userUuid>katie.hsu</userUuid>
            </users>
            <groups>
                <groupUuid>_e-0000dc7a-bc14-8000-9aee-01075c01075c_35</groupUuid>
            </groups>
        </role>
        <role allowForAll="false" inherit="false" name="authors">
            <users/>
            <groups/>
        </role>
        <role allowForAll="false" inherit="false" name="denyAdministrators">
            <users/>
            <groups/>
        </role>
        <role allowForAll="false" inherit="false" name="denyAuthors">
            <users/>
            <groups/>
        </role>
        <role allowForAll="false" inherit="false" name="denyReaders">
            <users/>
            <groups/>
        </role>
        <role allowForAll="false" inherit="false" name="readers">
            <users/>
            <groups>
                <groupUuid>_e-0000dc7a-bc14-8000-9aee-01075c01075c_36</groupUuid>
            </groups>
        </role>
    </roleMap>
</dataStoreHaul>
