<?xml version="1.0" encoding="UTF-8" standalone="yes"?>
<dataStoreHaul xmlns:a="http://www.appian.com/ae/types/2009">
    <dataStore>
        <uuid>_a-0000dd17-9077-8000-9ba2-011c48011c48_10097</uuid>
        <name>CTS Reference</name>
        <description>CTS Reference Datastore</description>
        <dataSourceKey>java:/jdbc/Appian</dataSourceKey>
        <adaptingExplicitSqlNames>false</adaptingExplicitSqlNames>
        <autoUpdateSchema>false</autoUpdateSchema>
        <entities>
            <entity>
                <uuid>1646961e-8c6a-4c70-9b76-2053f2a08ef5</uuid>
                <name>CTS_R_Assign_Audit_Action</name>
                <type>{urn:com:appian:types:CTS}CTS_R_Assign_Audit_Action</type>
            </entity>
            <entity>
                <uuid>a1b2db69-1de0-490f-ba44-5fbc802b406d</uuid>
                <name>CTS_R_Assign_Priority</name>
                <type>{urn:com:appian:types:CTS}CTS_R_Assign_Priority</type>
            </entity>
            <entity>
                <uuid>f4eb2957-1026-46bc-aacb-355dfea5e8d7</uuid>
                <name>CTS_R_Assign_Status</name>
                <type>{urn:com:appian:types:CTS}CTS_R_Assign_Status</type>
            </entity>
            <entity>
                <uuid>338ebd3a-b3d7-47f0-8123-bfb21ea0affd</uuid>
                <name>CTS_R_Doc_Audit_Action</name>
                <type>{urn:com:appian:types:CTS}CTS_R_Doc_Audit_Action</type>
            </entity>
            <entity>
                <uuid>8c9687c2-0544-4268-9d97-e43c40ba8dda</uuid>
                <name>CTS_R_Doc_Type</name>
                <type>{urn:com:appian:types:CTS}CTS_R_Doc_Type</type>
            </entity>
            <entity>
                <uuid>8814e421-c7b3-44a0-8c20-926b5496fc19</uuid>
                <name>CTS_R_Folder_Audit_Action</name>
                <type>{urn:com:appian:types:CTS}CTS_R_Folder_Audit_Action</type>
            </entity>
            <entity>
                <uuid>155fd658-2e8f-4ad8-bfe9-949d548110e3</uuid>
                <name>CTS_R_Folder_Category</name>
                <type>{urn:com:appian:types:CTS}CTS_R_Folder_Category</type>
            </entity>
            <entity>
                <uuid>6a1c98f7-fb9c-4276-8d1b-a2dfc01ef951</uuid>
                <name>CTS_R_Folder_CloseReason</name>
                <type>{urn:com:appian:types:CTS}CTS_R_Folder_CloseReason</type>
            </entity>
            <entity>
                <uuid>d672716f-fcf8-4a23-9e12-19d8cb71e124</uuid>
                <name>CTS_R_Folder_DueDate</name>
                <type>{urn:com:appian:types:CTS}CTS_R_Folder_DueDate</type>
            </entity>
            <entity>
                <uuid>8eb0bc83-8081-4b37-bafe-83ed914233e0</uuid>
                <name>CTS_R_Folder_FileSeries</name>
                <type>{urn:com:appian:types:CTS}CTS_R_Folder_FileSeries</type>
            </entity>
            <entity>
                <uuid>674a1643-8265-416a-a0f5-9e0ead30263f</uuid>
                <name>CTS_R_Folder_SecondaryType</name>
                <type>{urn:com:appian:types:CTS}CTS_R_Folder_SecondaryType</type>
            </entity>
            <entity>
                <uuid>b80c0bd5-3eab-4a1e-86b7-ae1aca57afb0</uuid>
                <name>CTS_R_Folder_Stage</name>
                <type>{urn:com:appian:types:CTS}CTS_R_Folder_Stage</type>
            </entity>
            <entity>
                <uuid>761495ea-d31e-4f99-8e38-404e915dca57</uuid>
                <name>CTS_R_Folder_Subtype</name>
                <type>{urn:com:appian:types:CTS}CTS_R_Folder_Subtype</type>
            </entity>
            <entity>
                <uuid>20f73162-e60f-4458-96b2-5e6652b71a39</uuid>
                <name>CTS_R_Folder_Type</name>
                <type>{urn:com:appian:types:CTS}CTS_R_Folder_Type</type>
            </entity>
            <entity>
                <uuid>8cf1be02-2274-4e99-9b48-c0a8d35c3ca0</uuid>
                <name>CTS_R_Office_InternalOriginating</name>
                <type>{urn:com:appian:types:CTS}CTS_R_Office_InternalOriginating</type>
            </entity>
            <entity>
                <uuid>b88eaee8-5d4d-4acb-bafe-0704ded49f05</uuid>
                <name>CTS_R_Office_Referred</name>
                <type>{urn:com:appian:types:CTS}CTS_R_Office_Referred</type>
            </entity>
            <entity>
                <uuid>c6c53871-1090-49ae-a5c0-3eb27317b106</uuid>
                <name>CTS_R_Office_Signature</name>
                <type>{urn:com:appian:types:CTS}CTS_R_Office_Signature</type>
            </entity>
            <entity>
                <uuid>80aac0f2-5995-41c1-aaa5-714e9f8205ef</uuid>
                <name>CTS_R_Office_Start</name>
                <type>{urn:com:appian:types:CTS}CTS_R_Office_Start</type>
            </entity>
            <entity>
                <uuid>2e49e586-1027-44b8-b843-cc237d0db16b</uuid>
                <name>CTS_R_OriginatorTitle</name>
                <type>{urn:com:appian:types:CTS}CTS_R_OriginatorTitle</type>
            </entity>
            <entity>
                <uuid>e339376a-d1eb-4c70-8658-1ab1f0762c6d</uuid>
                <name>CTS_R_Signature_Type</name>
                <type>{urn:com:appian:types:CTS}CTS_R_Signature_Type</type>
            </entity>
            <entity>
                <uuid>49285f7d-bd69-4170-a39a-700ded5def13</uuid>
                <name>CTS_R_Task_Type</name>
                <type>{urn:com:appian:types:CTS}CTS_R_Task_Type</type>
            </entity>
        </entities>
    </dataStore>
    <isPublished>true</isPublished>
    <roleMap>
        <role allowForAll="false" inherit="false" name="administrators">
            <users>
                <userUuid>katie.hsu</userUuid>
            </users>
            <groups>
                <groupUuid>_e-0000dc7a-bc14-8000-9aee-01075c01075c_35</groupUuid>
            </groups>
        </role>
        <role allowForAll="false" inherit="false" name="authors">
            <users/>
            <groups/>
        </role>
        <role allowForAll="false" inherit="false" name="denyAdministrators">
            <users/>
            <groups/>
        </role>
        <role allowForAll="false" inherit="false" name="denyAuthors">
            <users/>
            <groups/>
        </role>
        <role allowForAll="false" inherit="false" name="denyReaders">
            <users/>
            <groups/>
        </role>
        <role allowForAll="false" inherit="false" name="readers">
            <users/>
            <groups>
                <groupUuid>_e-0000dc7a-bc14-8000-9aee-01075c01075c_36</groupUuid>
            </groups>
        </role>
    </roleMap>
</dataStoreHaul>
