<?xml version="1.0" encoding="UTF-8" standalone="yes"?>
<dataStoreHaul xmlns:a="http://www.appian.com/ae/types/2009">
    <dataStore>
        <uuid>_a-0000dd0d-462c-8000-9ba2-011c48011c48_4084</uuid>
        <name>HR Reference</name>
        <description>Reference HR Entities</description>
        <dataSourceKey>java:/jdbc/Appian</dataSourceKey>
        <adaptingExplicitSqlNames>false</adaptingExplicitSqlNames>
        <autoUpdateSchema>false</autoUpdateSchema>
        <entities>
            <entity>
                <uuid>d61222dc-6d67-4d6f-9889-1866df8f937e</uuid>
                <name>HR_R_Data</name>
                <type>{urn:com:appian:types:HR}HR_R_Data</type>
            </entity>
            <entity>
                <uuid>ecf6466e-9d82-4ab0-82cd-48a8d5ab5879</uuid>
                <name>HR_R_WorkflowTaskType</name>
                <type>{urn:com:appian:types:HR}HR_R_WorkflowTaskType</type>
            </entity>
            <entity>
                <uuid>ca6b5d79-e6c3-4569-b9ea-5e2d551f458f</uuid>
                <name>HR_R_Department</name>
                <type>{urn:com:appian:types:HR}HR_R_Department</type>
            </entity>
        </entities>
    </dataStore>
    <isPublished>true</isPublished>
    <roleMap>
        <role allowForAll="false" inherit="false" name="administrators">
            <users>
                <userUuid>rob.turverey</userUuid>
            </users>
            <groups/>
        </role>
        <role allowForAll="false" inherit="false" name="authors">
            <users/>
            <groups/>
        </role>
        <role allowForAll="false" inherit="false" name="denyAdministrators">
            <users/>
            <groups/>
        </role>
        <role allowForAll="false" inherit="false" name="denyAuthors">
            <users/>
            <groups/>
        </role>
        <role allowForAll="false" inherit="false" name="denyReaders">
            <users/>
            <groups/>
        </role>
        <role allowForAll="false" inherit="false" name="readers">
            <users/>
            <groups>
                <groupUuid>_e-0000dd0a-93c8-8000-9aee-01075c01075c_10</groupUuid>
            </groups>
        </role>
    </roleMap>
</dataStoreHaul>
