<?xml version="1.0" encoding="UTF-8" standalone="yes"?>
<dataStoreHaul xmlns:a="http://www.appian.com/ae/types/2009">
    <dataStore>
        <uuid>_a-0000dcfb-fbff-8000-aae2-01ef9001ef90_3613</uuid>
        <name>HR Transactional</name>
        <description>Main HR entities</description>
        <dataSourceKey>java:/jdbc/Appian</dataSourceKey>
        <adaptingExplicitSqlNames>false</adaptingExplicitSqlNames>
        <autoUpdateSchema>false</autoUpdateSchema>
        <entities>
            <entity>
                <uuid>adaf443b-9ad4-4244-abc2-dcd98b274f91</uuid>
                <name>HR_User</name>
                <type>{urn:com:appian:types:HR}HR_User</type>
            </entity>
            <entity>
                <uuid>346f96a7-d3b2-4cc5-b7ee-74a59b9b53e5</uuid>
                <name>HR_Training</name>
                <type>{urn:com:appian:types:HR}HR_Training</type>
            </entity>
            <entity>
                <uuid>3410d320-7f7a-40a9-9628-86e9d4c315eb</uuid>
                <name>HR_Position</name>
                <type>{urn:com:appian:types:HR}HR_Position</type>
            </entity>
            <entity>
                <uuid>0b75d5d9-d857-452b-ae3b-c23cda5b4a19</uuid>
                <name>HR_Workflow</name>
                <type>{urn:com:appian:types:HR}HR_Workflow</type>
            </entity>
            <entity>
                <uuid>866e5412-1650-4a95-8d8b-fe338bd4e87a</uuid>
                <name>HR_Workflow_Task</name>
                <type>{urn:com:appian:types:HR}HR_Workflow_Task</type>
            </entity>
            <entity>
                <uuid>bf451be5-fb8c-42c2-8b80-eb12e8db5e81</uuid>
                <name>HR_Workflow_Comment</name>
                <type>{urn:com:appian:types:HR}HR_Workflow_Comment</type>
            </entity>
            <entity>
                <uuid>fbc441f6-77a4-4989-a815-2f0592ceda36</uuid>
                <name>HR_Workflow_Document</name>
                <type>{urn:com:appian:types:HR}HR_Workflow_Document</type>
            </entity>
            <entity>
                <uuid>0682f99a-c42d-4b16-89b3-0fc33f949503</uuid>
                <name>HR_Position_Audit</name>
                <type>{urn:com:appian:types:HR}HR_Position_Audit</type>
            </entity>
            <entity>
                <uuid>d3275161-fbf1-4ebf-889d-84fb3931d4dd</uuid>
                <name>HR_L_UserTraining</name>
                <type>{urn:com:appian:types:HR}HR_L_UserTraining</type>
            </entity>
            <entity>
                <uuid>a45369df-e844-4167-a9f6-bb40b1e54c9d</uuid>
                <name>HR_Building</name>
                <type>{urn:com:appian:types:HR}HR_Building</type>
            </entity>
            <entity>
                <uuid>9e1ec35e-bafe-4d9d-8ed5-6bebfd11884d</uuid>
                <name>HR_ItEquipment</name>
                <type>{urn:com:appian:types:HR}HR_ItEquipment</type>
            </entity>
            <entity>
                <uuid>140434fd-d1e3-43d6-97e8-c5ca042a778c</uuid>
                <name>HR_Space</name>
                <type>{urn:com:appian:types:HR}HR_Space</type>
            </entity>
            <entity>
                <uuid>be3255c2-3dd9-4ad0-9631-fafc791ee246</uuid>
                <name>HR_Reservation</name>
                <type>{urn:com:appian:types:HR}HR_Reservation</type>
            </entity>
            <entity>
                <uuid>4f7e879c-2206-4d74-a4a6-c0a4e4062ac0</uuid>
                <name>HR_Campus</name>
                <type>{urn:com:appian:types:HR}HR_Campus</type>
            </entity>
            <entity>
                <uuid>7d46b101-03df-4899-bbb9-0e379ac7b9f4</uuid>
                <name>HR_Floor</name>
                <type>{urn:com:appian:types:HR}HR_Floor</type>
            </entity>
            <entity>
                <uuid>2febf91f-1cad-4d5e-b53b-3f6be3f33018</uuid>
                <name>HR_Space_WeeklyUtilization</name>
                <type>{urn:com:appian:types:HR}HR_Space_WeeklyUtilization</type>
            </entity>
            <entity>
                <uuid>bf7b1239-6b99-4f67-880f-21745639cad5</uuid>
                <name>HR_User_Preference</name>
                <type>{urn:com:appian:types:HR}HR_User_Preference</type>
            </entity>
            <entity>
                <uuid>2bd9bb23-7fa8-42d9-bde4-a0d3129d99c8</uuid>
                <name>HR_ItEquipment_Audit</name>
                <type>{urn:com:appian:types:HR}HR_ItEquipment_Audit</type>
            </entity>
            <entity>
                <uuid>8db09c91-2baf-415a-ba26-5a9143243ca5</uuid>
                <name>HR_User_Audit</name>
                <type>{urn:com:appian:types:HR}HR_User_Audit</type>
            </entity>
            <entity>
                <uuid>6d73a1dc-c59a-452a-bdd1-6ff17c157afb</uuid>
                <name>HR_Building_Audit</name>
                <type>{urn:com:appian:types:HR}HR_Building_Audit</type>
            </entity>
            <entity>
                <uuid>b6d170a0-9f10-41cd-976d-c18a52fa8a2b</uuid>
                <name>HR_Campus_Audit</name>
                <type>{urn:com:appian:types:HR}HR_Campus_Audit</type>
            </entity>
            <entity>
                <uuid>78b1e402-ee93-45b1-a688-ba29ef81500c</uuid>
                <name>HR_Floor_Audit</name>
                <type>{urn:com:appian:types:HR}HR_Floor_Audit</type>
            </entity>
            <entity>
                <uuid>62e6120d-d82e-4580-91c1-c6bd8b88e240</uuid>
                <name>HR_Reservation_Audit</name>
                <type>{urn:com:appian:types:HR}HR_Reservation_Audit</type>
            </entity>
            <entity>
                <uuid>ea70b2db-be62-4fba-b47c-b540a55c2bcd</uuid>
                <name>HR_Space_Audit</name>
                <type>{urn:com:appian:types:HR}HR_Space_Audit</type>
            </entity>
            <entity>
                <uuid>8637a656-ff81-4836-bdc9-ae594a4e9422</uuid>
                <name>HR_Training_Audit</name>
                <type>{urn:com:appian:types:HR}HR_Training_Audit</type>
            </entity>
        </entities>
    </dataStore>
    <isPublished>true</isPublished>
    <roleMap>
        <role allowForAll="false" inherit="false" name="administrators">
            <users/>
            <groups/>
        </role>
        <role allowForAll="false" inherit="false" name="authors">
            <users/>
            <groups/>
        </role>
        <role allowForAll="false" inherit="false" name="denyAdministrators">
            <users/>
            <groups/>
        </role>
        <role allowForAll="false" inherit="false" name="denyAuthors">
            <users/>
            <groups/>
        </role>
        <role allowForAll="false" inherit="false" name="denyReaders">
            <users/>
            <groups/>
        </role>
        <role allowForAll="false" inherit="false" name="readers">
            <users/>
            <groups>
                <groupUuid>_e-0000dd0a-93c8-8000-9aee-01075c01075c_10</groupUuid>
            </groups>
        </role>
    </roleMap>
</dataStoreHaul>
