<?xml version="1.0" encoding="UTF-8" standalone="yes"?>
<dataStoreHaul xmlns:a="http://www.appian.com/ae/types/2009">
    <dataStore>
        <uuid>_a-0000dd0d-462c-8000-9ba2-011c48011c48_3964</uuid>
        <name>HR Views</name>
        <description>View HR Entities</description>
        <dataSourceKey>java:/jdbc/Appian</dataSourceKey>
        <adaptingExplicitSqlNames>false</adaptingExplicitSqlNames>
        <autoUpdateSchema>false</autoUpdateSchema>
        <entities>
            <entity>
                <uuid>b3dcd97b-067e-4ce4-a1f9-816618579d52</uuid>
                <name>HR_V_Position_History</name>
                <type>{urn:com:appian:types:HR}HR_V_Position_History</type>
            </entity>
            <entity>
                <uuid>4be98317-39df-4cbf-abfa-86840894388b</uuid>
                <name>HR_V_User_Record</name>
                <type>{urn:com:appian:types:HR}HR_V_User_Record</type>
            </entity>
            <entity>
                <uuid>448858a7-a54a-45d5-98e6-8cc50057dc3c</uuid>
                <name>HR_V_Position_Record</name>
                <type>{urn:com:appian:types:HR}HR_V_Position_Record</type>
            </entity>
            <entity>
                <uuid>3bff7a68-48c3-4041-9883-324efd303ceb</uuid>
                <name>HR_V_Reservation</name>
                <type>{urn:com:appian:types:HR}HR_V_Reservation</type>
            </entity>
            <entity>
                <uuid>cd0078af-d530-41fb-998c-17b0603cd7ae</uuid>
                <name>HR_V_User_Training_Display</name>
                <type>{urn:com:appian:types:HR}HR_V_User_Training_Display</type>
            </entity>
            <entity>
                <uuid>bb4eaaf9-4a55-4616-b3dd-9290c799a901</uuid>
                <name>HR_V_Space_Record</name>
                <type>{urn:com:appian:types:HR}HR_V_Space_Record</type>
            </entity>
            <entity>
                <uuid>8d75eef7-e083-4e6e-8025-bc180955dbf9</uuid>
                <name>HR_V_Training_Statistics</name>
                <type>{urn:com:appian:types:HR}HR_V_Training_Statistics</type>
            </entity>
            <entity>
                <uuid>a7128d06-8f7e-42e0-b9d4-f1a801ed567a</uuid>
                <name>HR_V_Building_Record</name>
                <type>{urn:com:appian:types:HR}HR_V_Building_Record</type>
            </entity>
            <entity>
                <uuid>95982a1a-f64b-4104-8f10-816c17734ed8</uuid>
                <name>HR_V_Space_Weekly_Utilization</name>
                <type>{urn:com:appian:types:HR}HR_V_Space_Weekly_Utilization</type>
            </entity>
            <entity>
                <uuid>845209ee-3a7f-48c1-80ad-83d107b668cf</uuid>
                <name>HR_V_User_Position_History</name>
                <type>{urn:com:appian:types:HR}HR_V_User_Position_History</type>
            </entity>
        </entities>
    </dataStore>
    <isPublished>true</isPublished>
    <roleMap>
        <role allowForAll="false" inherit="false" name="administrators">
            <users/>
            <groups/>
        </role>
        <role allowForAll="false" inherit="false" name="authors">
            <users/>
            <groups/>
        </role>
        <role allowForAll="false" inherit="false" name="denyAdministrators">
            <users/>
            <groups/>
        </role>
        <role allowForAll="false" inherit="false" name="denyAuthors">
            <users/>
            <groups/>
        </role>
        <role allowForAll="false" inherit="false" name="denyReaders">
            <users/>
            <groups/>
        </role>
        <role allowForAll="false" inherit="false" name="readers">
            <users/>
            <groups>
                <groupUuid>_e-0000dd0a-93c8-8000-9aee-01075c01075c_10</groupUuid>
            </groups>
        </role>
    </roleMap>
</dataStoreHaul>
