<?xml version="1.0" encoding="UTF-8" standalone="yes"?>
<contentHaul xmlns:a="http://www.appian.com/ae/types/2009">
    <rule>
        <name>AF_CMPT_General_hideShowColumns</name>
        <uuid>2d786626-f8a4-4c46-a2a6-c0c8fe96a4ad</uuid>
        <description>Creates the dynamic link and menu that lets a user select columns to display in a grid</description>
        <parentUuid>_a-0000dd0d-462c-8000-9ba2-011c48011c48_3623</parentUuid>
        <visibility>
            <advertise>false</advertise>
            <hierarchy>true</hierarchy>
            <indexable>true</indexable>
            <quota>false</quota>
            <searchable>true</searchable>
            <system>false</system>
            <unlogged>false</unlogged>
        </visibility>
        <definition>{
  #&quot;SYSTEM_SYSRULES_richTextDisplayField&quot;(
    labelPosition: &quot;COLLAPSED&quot;,
    value: #&quot;SYSTEM_SYSRULES_richTextItem&quot;(
      text: if(ri!showColumns,
        &quot;- Hide &quot;,
        &quot;+ Show &quot;
      ) &amp; &quot;Columns&quot;,
      style: &quot;EMPHASIS&quot;,
      link: #&quot;SYSTEM_SYSRULES_dynamicLink&quot;(
        value: not(ri!showColumns),
        saveInto: ri!showColumns
      )
    )
  ),
  if(ri!showColumns,
    {
      #&quot;SYSTEM_SYSRULES_checkboxField&quot;(
        labelPosition: &quot;COLLAPSED&quot;,
        choiceLabels: ri!choiceLabels,
        choiceValues: ri!choiceLabels,
        value: if(#&quot;2168a5de-fb70-4d66-8b97-b547e3ac6e57&quot;(ri!showColumn),
          null,
          ri!showColumn
        ),
        saveInto: ri!showColumn
      ),
      #&quot;SYSTEM_SYSRULES_richTextDisplayField&quot;(
        labelPosition: &quot;COLLAPSED&quot;,
        value: {
          #&quot;SYSTEM_SYSRULES_richTextItem&quot;(
            text: char(9745) &amp; &quot; All&quot;,
            link: #&quot;SYSTEM_SYSRULES_dynamicLink&quot;(
              value: ri!choiceLabels,
              saveInto: ri!showColumn
            )
          ),
          &quot;   |  &quot;,
          #&quot;SYSTEM_SYSRULES_richTextItem&quot;(
            text: char(9744) &amp; &quot; All&quot;,
            link: #&quot;SYSTEM_SYSRULES_dynamicLink&quot;(
              value: tostring({}),
              saveInto: ri!showColumn
            )
          )
        }
      )
    },
    {}
  )
}</definition>
        <namedTypedValue>
            <name>showColumns</name>
            <type>
                <name>boolean</name>
                <namespace>http://www.w3.org/2001/XMLSchema</namespace>
            </type>
        </namedTypedValue>
        <namedTypedValue>
            <name>choiceLabels</name>
            <type>
                <name>Text?list</name>
                <namespace>http://www.appian.com/ae/types/2009</namespace>
            </type>
        </namedTypedValue>
        <namedTypedValue>
            <name>showColumn</name>
            <type>
                <name>Text?list</name>
                <namespace>http://www.appian.com/ae/types/2009</namespace>
            </type>
        </namedTypedValue>
        <preferredEditor>interface</preferredEditor>
        <offlineEnabled>false</offlineEnabled>
    </rule>
    <roleMap public="true">
        <role allowForAll="false" inherit="true" name="readers">
            <users/>
            <groups/>
        </role>
        <role allowForAll="false" inherit="true" name="authors">
            <users/>
            <groups/>
        </role>
        <role allowForAll="false" inherit="true" name="administrators">
            <users>
                <userUuid>rob.turverey</userUuid>
            </users>
            <groups/>
        </role>
        <role allowForAll="false" inherit="false" name="denyReaders">
            <users/>
            <groups/>
        </role>
        <role allowForAll="false" inherit="false" name="denyAuthors">
            <users/>
            <groups/>
        </role>
        <role allowForAll="false" inherit="false" name="denyAdministrators">
            <users/>
            <groups/>
        </role>
    </roleMap>
</contentHaul>
