<?xml version="1.0" encoding="UTF-8" standalone="yes"?>
<contentHaul xmlns:a="http://www.appian.com/ae/types/2009">
    <rule>
        <name>AF_RULE_General_gridFieldSaveInto</name>
        <uuid>4c0833a9-0127-4d25-9d6d-cb881c688e7d</uuid>
        <description>Determines if the sort field of the gridSelection/pagingInfo has been designated as not sortable. If so, it saves all the updated values of the gridSelection/pagingInfo except for the sortInfo (that stays with its previous value). Mark gridTextColumns as not sortable by specifying their field as cons!AF_TEXT_NOT_SORTABLE_FIELD</description>
        <parentUuid>_a-0000dd0d-462c-8000-9ba2-011c48011c48_3645</parentUuid>
        <visibility>
            <advertise>false</advertise>
            <hierarchy>true</hierarchy>
            <indexable>true</indexable>
            <quota>false</quota>
            <searchable>true</searchable>
            <system>false</system>
            <unlogged>false</unlogged>
        </visibility>
        <definition>{&#xD;
  a!save(&#xD;
    ri!gridSelectionOrPagingInfo,&#xD;
    with(&#xD;
      local!isGridSelection: runtimetypeof(ri!gridSelectionOrPagingInfo) = typeof(#&quot;SYSTEM_SYSRULES_gridSelection&quot;()),&#xD;
      local!pagingInfo: if(local!isGridSelection,&#xD;
        #&quot;SYSTEM_SYSRULES_pagingInfo&quot;(&#xD;
          startIndex: save!value.pagingInfo.startIndex,&#xD;
          batchSize: save!value.pagingInfo.batchSize,&#xD;
          sort: ri!gridSelectionOrPagingInfo.pagingInfo.sort&#xD;
        ),&#xD;
        #&quot;SYSTEM_SYSRULES_pagingInfo&quot;(&#xD;
          startIndex: save!value.startIndex,&#xD;
          batchSize: save!value.batchSize,&#xD;
          sort: ri!gridSelectionOrPagingInfo.sort&#xD;
        )&#xD;
      ),&#xD;
      local!oldSortField: if(local!isGridSelection,&#xD;
        index(save!value.pagingInfo.sort, &quot;field&quot;, null),&#xD;
        index(save!value.sort, &quot;field&quot;, null)&#xD;
      ),&#xD;
      if(local!oldSortField = #&quot;_a-0000dd0d-462c-8000-9ba2-011c48011c48_3897&quot;,&#xD;
        if(local!isGridSelection,&#xD;
          #&quot;SYSTEM_SYSRULES_gridSelection&quot;(&#xD;
            pagingInfo: local!pagingInfo,&#xD;
            selected: index(save!value, &quot;selected&quot;, null)&#xD;
          ),&#xD;
          local!pagingInfo&#xD;
        ),&#xD;
        save!value&#xD;
      )&#xD;
    )&#xD;
  ),&#xD;
  ri!additionalSaveInto&#xD;
}</definition>
        <namedTypedValue>
            <name>gridSelectionOrPagingInfo</name>
            <type>
                <name>Variant</name>
                <namespace>http://www.appian.com/ae/types/2009</namespace>
            </type>
        </namedTypedValue>
        <namedTypedValue>
            <name>additionalSaveInto</name>
            <type>
                <name>Variant</name>
                <namespace>http://www.appian.com/ae/types/2009</namespace>
            </type>
        </namedTypedValue>
        <preferredEditor>legacy</preferredEditor>
        <offlineEnabled>false</offlineEnabled>
    </rule>
    <roleMap public="true">
        <role allowForAll="false" inherit="true" name="readers">
            <users/>
            <groups/>
        </role>
        <role allowForAll="false" inherit="true" name="authors">
            <users/>
            <groups/>
        </role>
        <role allowForAll="false" inherit="true" name="administrators">
            <users/>
            <groups/>
        </role>
        <role allowForAll="false" inherit="false" name="denyReaders">
            <users/>
            <groups/>
        </role>
        <role allowForAll="false" inherit="false" name="denyAuthors">
            <users/>
            <groups/>
        </role>
        <role allowForAll="false" inherit="false" name="denyAdministrators">
            <users/>
            <groups/>
        </role>
    </roleMap>
</contentHaul>
