<?xml version="1.0" encoding="UTF-8" standalone="yes"?>
<contentHaul xmlns:a="http://www.appian.com/ae/types/2009">
    <constant>
        <name>AF_TEXT_STATE_ABBREVATIONS</name>
        <uuid>_a-0000dd0d-462c-8000-9ba2-011c48011c48_5511</uuid>
        <description>AL;AK;AZ;AR;CA;CO;CT;DE;DC;FL;GA;HI;ID;IL;IN;IA;KS;KY;LA;ME;MD;MA;MI;MN;MS;MO;MT;NE;NV;NH;NJ;NM;NY;NC;ND;OH;OK;OR;PA;RI;SC;SD;TN;TX;UT;VT;VA;WA;WV;WI;WY</description>
        <parentUuid>_a-0000dd0d-462c-8000-9ba2-011c48011c48_3632</parentUuid>
        <visibility>
            <advertise>false</advertise>
            <hierarchy>true</hierarchy>
            <indexable>true</indexable>
            <quota>false</quota>
            <searchable>true</searchable>
            <system>false</system>
            <unlogged>false</unlogged>
        </visibility>
        <typedValue>
            <type>
                <name>Text?list</name>
                <namespace>http://www.appian.com/ae/types/2009</namespace>
            </type>
            <value>
                <el>AL</el>
                <el>AK</el>
                <el>AZ</el>
                <el>AR</el>
                <el>CA</el>
                <el>CO</el>
                <el>CT</el>
                <el>DE</el>
                <el>DC</el>
                <el>FL</el>
                <el>GA</el>
                <el>HI</el>
                <el>ID</el>
                <el>IL</el>
                <el>IN</el>
                <el>IA</el>
                <el>KS</el>
                <el>KY</el>
                <el>LA</el>
                <el>ME</el>
                <el>MD</el>
                <el>MA</el>
                <el>MI</el>
                <el>MN</el>
                <el>MS</el>
                <el>MO</el>
                <el>MT</el>
                <el>NE</el>
                <el>NV</el>
                <el>NH</el>
                <el>NJ</el>
                <el>NM</el>
                <el>NY</el>
                <el>NC</el>
                <el>ND</el>
                <el>OH</el>
                <el>OK</el>
                <el>OR</el>
                <el>PA</el>
                <el>RI</el>
                <el>SC</el>
                <el>SD</el>
                <el>TN</el>
                <el>TX</el>
                <el>UT</el>
                <el>VT</el>
                <el>VA</el>
                <el>WA</el>
                <el>WV</el>
                <el>WI</el>
                <el>WY</el>
            </value>
        </typedValue>
    </constant>
    <roleMap public="true">
        <role allowForAll="false" inherit="true" name="readers">
            <users/>
            <groups/>
        </role>
        <role allowForAll="false" inherit="true" name="authors">
            <users/>
            <groups/>
        </role>
        <role allowForAll="false" inherit="true" name="administrators">
            <users>
                <userUuid>rob.turverey</userUuid>
            </users>
            <groups/>
        </role>
        <role allowForAll="false" inherit="false" name="denyReaders">
            <users/>
            <groups/>
        </role>
        <role allowForAll="false" inherit="false" name="denyAuthors">
            <users/>
            <groups/>
        </role>
        <role allowForAll="false" inherit="false" name="denyAdministrators">
            <users/>
            <groups/>
        </role>
    </roleMap>
</contentHaul>
