<?xml version="1.0" encoding="UTF-8" standalone="yes"?>
<contentHaul xmlns:a="http://www.appian.com/ae/types/2009">
    <rule>
        <name>AF_CMPT_General_saveDeleteLinks</name>
        <uuid>_a-0000dd0d-462c-8000-9ba2-011c48011c48_5748</uuid>
        <description>Save and Delete links that calls the write to DS and delete from DS smart services</description>
        <parentUuid>_a-0000dd0d-462c-8000-9ba2-011c48011c48_3623</parentUuid>
        <visibility>
            <advertise>false</advertise>
            <hierarchy>true</hierarchy>
            <indexable>true</indexable>
            <quota>false</quota>
            <searchable>true</searchable>
            <system>false</system>
            <unlogged>false</unlogged>
        </visibility>
        <definition>#&quot;SYSTEM_SYSRULES_richTextDisplayField&quot;(&#xD;
  labelPosition: &quot;COLLAPSED&quot;,&#xD;
  align: if(#&quot;2168a5de-fb70-4d66-8b97-b547e3ac6e57&quot;(ri!align), &quot;RIGHT&quot;, ri!align),&#xD;
  value: {#&quot;SYSTEM_SYSRULES_richTextItem&quot;(&#xD;
    text: char(128190) &amp; &quot; Save&quot; &amp; if(#&quot;2168a5de-fb70-4d66-8b97-b547e3ac6e57&quot;(ri!label), &quot;&quot;, &quot; &quot; &amp; ri!label),&#xD;
    style: &quot;NORMAL&quot;,&#xD;
    link: #&quot;SYSTEM_SYSRULES_dynamicLink&quot;(&#xD;
      saveInto: #&quot;SYSTEM_SYSRULES_writeToMultipleDataStoreEntities&quot;(&#xD;
        valuesToStore: ri!saveValues,&#xD;
        onSuccess: a!save(ri!saveInto, #&quot;3baf4f2d-1abb-4501-b386-2457c1912cda&quot;(fv!storedValues))&#xD;
      )&#xD;
    )&#xD;
  ), &quot;   |   &quot;,&#xD;
  #&quot;SYSTEM_SYSRULES_richTextItem&quot;(&#xD;
    text: &quot;Delete&quot; &amp; if(#&quot;2168a5de-fb70-4d66-8b97-b547e3ac6e57&quot;(ri!label), &quot;&quot;, &quot; &quot; &amp; ri!label),&#xD;
    style: &quot;NORMAL&quot;,&#xD;
    link: #&quot;SYSTEM_SYSRULES_dynamicLink&quot;(&#xD;
      saveInto: #&quot;SYSTEM_SYSRULES_deleteFromDataStoreEntities&quot;(&#xD;
        dataToDelete: ri!deleteValues,&#xD;
        onSuccess: a!save(ri!deleteSaveInto, {})&#xD;
      )&#xD;
    )&#xD;
  )&#xD;
  }&#xD;
)</definition>
        <namedTypedValue>
            <name>deleteValues</name>
            <type>
                <name>Variant</name>
                <namespace>http://www.appian.com/ae/types/2009</namespace>
            </type>
        </namedTypedValue>
        <namedTypedValue>
            <name>saveValues</name>
            <type>
                <name>Variant</name>
                <namespace>http://www.appian.com/ae/types/2009</namespace>
            </type>
        </namedTypedValue>
        <namedTypedValue>
            <name>align</name>
            <type>
                <name>string</name>
                <namespace>http://www.w3.org/2001/XMLSchema</namespace>
            </type>
            <value/>
        </namedTypedValue>
        <namedTypedValue>
            <name>label</name>
            <type>
                <name>string</name>
                <namespace>http://www.w3.org/2001/XMLSchema</namespace>
            </type>
            <value/>
        </namedTypedValue>
        <namedTypedValue>
            <name>saveInto</name>
            <type>
                <name>Variant</name>
                <namespace>http://www.appian.com/ae/types/2009</namespace>
            </type>
        </namedTypedValue>
        <namedTypedValue>
            <name>deleteSaveInto</name>
            <type>
                <name>Variant</name>
                <namespace>http://www.appian.com/ae/types/2009</namespace>
            </type>
        </namedTypedValue>
        <preferredEditor>interface</preferredEditor>
        <offlineEnabled>false</offlineEnabled>
    </rule>
    <roleMap public="true">
        <role allowForAll="false" inherit="true" name="readers">
            <users/>
            <groups/>
        </role>
        <role allowForAll="false" inherit="true" name="authors">
            <users/>
            <groups/>
        </role>
        <role allowForAll="false" inherit="true" name="administrators">
            <users>
                <userUuid>katie.hsu</userUuid>
            </users>
            <groups/>
        </role>
        <role allowForAll="false" inherit="false" name="denyReaders">
            <users/>
            <groups/>
        </role>
        <role allowForAll="false" inherit="false" name="denyAuthors">
            <users/>
            <groups/>
        </role>
        <role allowForAll="false" inherit="false" name="denyAdministrators">
            <users/>
            <groups/>
        </role>
    </roleMap>
    <typedValue>
        <type>
            <name>RuleTestConfig?list</name>
            <namespace>http://www.appian.com/ae/types/2009</namespace>
        </type>
        <value>
            <el>
                <a:name/>
                <a:ruleInputTestConfigs>
                    <a:value xmlns:xsd="http://www.w3.org/2001/XMLSchema" xmlns:xsi="http://www.w3.org/2001/XMLSchema-instance" xsi:type="xsd:string"/>
                    <a:nameRef>deleteValues</a:nameRef>
                    <a:id/>
                </a:ruleInputTestConfigs>
                <a:ruleInputTestConfigs>
                    <a:value xmlns:xsd="http://www.w3.org/2001/XMLSchema" xmlns:xsi="http://www.w3.org/2001/XMLSchema-instance" xsi:type="xsd:string"/>
                    <a:nameRef>saveValues</a:nameRef>
                    <a:id/>
                </a:ruleInputTestConfigs>
                <a:ruleInputTestConfigs>
                    <a:value xmlns:xsd="http://www.w3.org/2001/XMLSchema" xmlns:xsi="http://www.w3.org/2001/XMLSchema-instance" xsi:type="xsd:string"/>
                    <a:nameRef>align</a:nameRef>
                    <a:id/>
                </a:ruleInputTestConfigs>
                <a:ruleInputTestConfigs>
                    <a:value xmlns:xsd="http://www.w3.org/2001/XMLSchema" xmlns:xsi="http://www.w3.org/2001/XMLSchema-instance" xsi:type="xsd:string"/>
                    <a:nameRef>label</a:nameRef>
                    <a:id/>
                </a:ruleInputTestConfigs>
                <a:ruleInputTestConfigs>
                    <a:value xmlns:xsd="http://www.w3.org/2001/XMLSchema" xmlns:xsi="http://www.w3.org/2001/XMLSchema-instance" xsi:type="xsd:string"/>
                    <a:nameRef>saveInto</a:nameRef>
                    <a:id/>
                </a:ruleInputTestConfigs>
                <a:ruleInputTestConfigs>
                    <a:value xmlns:xsd="http://www.w3.org/2001/XMLSchema" xmlns:xsi="http://www.w3.org/2001/XMLSchema-instance" xsi:type="xsd:string"/>
                    <a:nameRef>deleteSaveInto</a:nameRef>
                    <a:id/>
                </a:ruleInputTestConfigs>
                <a:assertions xmlns:xsi="http://www.w3.org/2001/XMLSchema-instance" xsi:nil="true"/>
            </el>
        </value>
    </typedValue>
</contentHaul>
