<?xml version="1.0" encoding="UTF-8" standalone="yes"?>
<contentHaul xmlns:a="http://www.appian.com/ae/types/2009">
    <rule>
        <name>AFE_QRY_Tagging_getRecordTagTree</name>
        <uuid>1ad57a6b-336b-4d46-9bd8-cc9ebc2cee93</uuid>
        <description>Query entity to return the an abstract record's tag tree. Returns datasubset.</description>
        <parentUuid>_a-0000ddd3-6ad0-8000-9ba2-011c48011c48_46455</parentUuid>
        <visibility>
            <advertise>false</advertise>
            <hierarchy>true</hierarchy>
            <indexable>true</indexable>
            <quota>false</quota>
            <searchable>true</searchable>
            <system>false</system>
            <unlogged>false</unlogged>
        </visibility>
        <definition>#"fdea6255-5ee8-42a2-bdb1-aace3c917d86"(&#xD;
  entity: #"_a-0000ddb3-1b8d-8000-9ba2-011c48011c48_36936",&#xD;
  columns: ri!columns,&#xD;
  logicalExpression: #"SYSTEM_SYSRULES_queryLogicalExpression"(&#xD;
    operator: "AND",&#xD;
    filters: {&#xD;
      if(#"2168a5de-fb70-4d66-8b97-b547e3ac6e57"(ri!recordId), {}, #"SYSTEM_SYSRULES_queryFilter"(field:"recordId",operator:"in",value:ri!recordId)),&#xD;
      #"SYSTEM_SYSRULES_queryFilter"(field: "recordTypeId", operator: "=", value: ri!recordTypeId)&#xD;
    }&#xD;
  ),&#xD;
  pagingInfo: if(isnull(ri!pagingInfo),&#xD;
    #"SYSTEM_SYSRULES_pagingInfo"(&#xD;
      startIndex: 1,&#xD;
      batchSize: -1&#xD;
    ),&#xD;
    ri!pagingInfo&#xD;
  )&#xD;
)</definition>
        <namedTypedValue>
            <name>columns</name>
            <type>
                <name>Text?list</name>
                <namespace>http://www.appian.com/ae/types/2009</namespace>
            </type>
        </namedTypedValue>
        <namedTypedValue>
            <name>pagingInfo</name>
            <type>
                <name>PagingInfo</name>
                <namespace>http://www.appian.com/ae/types/2009</namespace>
            </type>
        </namedTypedValue>
        <namedTypedValue>
            <name>recordId</name>
            <type>
                <name>Integer?list</name>
                <namespace>http://www.appian.com/ae/types/2009</namespace>
            </type>
        </namedTypedValue>
        <namedTypedValue>
            <name>recordTypeId</name>
            <type>
                <name>int</name>
                <namespace>http://www.w3.org/2001/XMLSchema</namespace>
            </type>
        </namedTypedValue>
        <preferredEditor>legacy</preferredEditor>
        <offlineEnabled>false</offlineEnabled>
    </rule>
    <roleMap public="true">
        <role inherit="true" allowForAll="false" name="readers">
            <users/>
            <groups/>
        </role>
        <role inherit="true" allowForAll="false" name="authors">
            <users/>
            <groups/>
        </role>
        <role inherit="true" allowForAll="false" name="administrators">
            <users/>
            <groups/>
        </role>
        <role inherit="false" allowForAll="false" name="denyReaders">
            <users/>
            <groups/>
        </role>
        <role inherit="false" allowForAll="false" name="denyAuthors">
            <users/>
            <groups/>
        </role>
        <role inherit="false" allowForAll="false" name="denyAdministrators">
            <users/>
            <groups/>
        </role>
    </roleMap>
</contentHaul>
