<?xml version="1.0" encoding="UTF-8" standalone="yes"?>
<contentHaul xmlns:a="http://www.appian.com/ae/types/2009">
    <rule>
        <name>AFE_RULE_Tagging_retrieveRecordTagTree</name>
        <uuid>7cb07a9a-acf4-437f-b765-74597cb9d23e</uuid>
        <description>Rule that queries for a record tag tree and returns that or a placeholder structure if one doesn't already exist</description>
        <parentUuid>_a-0000ddd3-6ad0-8000-9ba2-011c48011c48_46337</parentUuid>
        <visibility>
            <advertise>false</advertise>
            <hierarchy>true</hierarchy>
            <indexable>true</indexable>
            <quota>false</quota>
            <searchable>true</searchable>
            <system>false</system>
            <unlogged>false</unlogged>
        </visibility>
        <definition>/*&#xD;
*  	AFE_RULE_Tagging_retrieveRecordTagTree (extension)&#xD;
*&#xD;
* This rule retrieves a record tag tree if it exists, or a place holder AFE_RecordTagTree object.&#xD;
* If the refresh flag is set to true, then any existing tag tree will be merged with the provided recordtree. This merged tree will be returned&#xD;
*&#xD;
* Parameter:&#xD;
* inlineSave - T/F if editable picker will save in-line rather than rely on a process-based save&#xD;
* recordTypeId - recordTypeId of the associated record&#xD;
* refresh - T/F if we should refresh the state of the tree with any updates before overwriting with our changes. Typically this should be False.&#xD;
* existingRecordTagTree - only needs to be provided if refresh = True - this is the latest version of the tree that should be merged on top of any persisted tree&#xD;
*&#xD;
*/&#xD;
with(&#xD;
  local!recordTree:if(and(ri!refresh,not(#"2168a5de-fb70-4d66-8b97-b547e3ac6e57"(ri!existingRecordTagTree.taggedRecordId))),&#xD;
	ri!existingRecordTagTree,&#xD;
	#"1ad57a6b-336b-4d46-9bd8-cc9ebc2cee93"(recordId:ri!recordId,recordTypeId:ri!recordTypeId).data),&#xD;
  if(#"2168a5de-fb70-4d66-8b97-b547e3ac6e57"(local!recordTree),&#xD;
	/* if refreshing and the refresh value is empty, we'll just return the existing tree since it is the most accurate*/&#xD;
    if(ri!refresh,&#xD;
      ri!existingRecordTagTree,&#xD;
	  /* not refreshing, return a placeholder */&#xD;
    'type!{urn:com:appian:types:AFE}AFE_RecordTagTree'(&#xD;
      recordId:ri!recordId,recordTypeId:ri!recordTypeId,links:{})&#xD;
    ),&#xD;
    /*refresh tree has data which means we have another tree in place - we need to merge existing tree, specifically to get the main tree PK*/&#xD;
	/* we will overwrite any links as we assume a last in wins mentality with tags */&#xD;
    if(ri!refresh,&#xD;
		'type!{urn:com:appian:types:AFE}AFE_RecordTagTree'(&#xD;
			taggedRecordId:local!recordTree.taggedRecordId,&#xD;
			recordId:local!recordTree.recordId,&#xD;
			recordTypeId:local!recordTree.recordTypeId,&#xD;
			links:ri!existingRecordTagTree.links&#xD;
		),&#xD;
		local!recordTree&#xD;
	)&#xD;
  )&#xD;
)</definition>
        <namedTypedValue>
            <name>recordId</name>
            <type>
                <name>int</name>
                <namespace>http://www.w3.org/2001/XMLSchema</namespace>
            </type>
        </namedTypedValue>
        <namedTypedValue>
            <name>recordTypeId</name>
            <type>
                <name>int</name>
                <namespace>http://www.w3.org/2001/XMLSchema</namespace>
            </type>
        </namedTypedValue>
        <namedTypedValue>
            <name>existingRecordTagTree</name>
            <type>
                <name>AFE_RecordTagTree</name>
                <namespace>urn:com:appian:types:AFE</namespace>
            </type>
        </namedTypedValue>
        <namedTypedValue>
            <name>refresh</name>
            <type>
                <name>boolean</name>
                <namespace>http://www.w3.org/2001/XMLSchema</namespace>
            </type>
        </namedTypedValue>
        <preferredEditor>legacy</preferredEditor>
        <offlineEnabled>false</offlineEnabled>
    </rule>
    <roleMap public="true">
        <role inherit="true" allowForAll="false" name="readers">
            <users/>
            <groups/>
        </role>
        <role inherit="true" allowForAll="false" name="authors">
            <users/>
            <groups/>
        </role>
        <role inherit="true" allowForAll="false" name="administrators">
            <users/>
            <groups/>
        </role>
        <role inherit="false" allowForAll="false" name="denyReaders">
            <users/>
            <groups/>
        </role>
        <role inherit="false" allowForAll="false" name="denyAuthors">
            <users/>
            <groups/>
        </role>
        <role inherit="false" allowForAll="false" name="denyAdministrators">
            <users/>
            <groups/>
        </role>
    </roleMap>
</contentHaul>
