<?xml version="1.0" encoding="UTF-8" standalone="yes"?>
<contentHaul xmlns:a="http://www.appian.com/ae/types/2009">
    <rule>
        <name>AFE_QRY_R_Tagging_getRecordTags</name>
        <uuid>_a-0000ddb3-1b8d-8000-9ba2-011c48011c48_36643</uuid>
        <description>Queries the record tag reference table</description>
        <parentUuid>_a-0000ddd3-6ad0-8000-9ba2-011c48011c48_46453</parentUuid>
        <visibility>
            <advertise>false</advertise>
            <hierarchy>true</hierarchy>
            <indexable>true</indexable>
            <quota>false</quota>
            <searchable>true</searchable>
            <system>false</system>
            <unlogged>false</unlogged>
        </visibility>
        <definition>if(and(not(isnull(ri!minimumSearchCharacters)),len(ri!tagNameSearch)&lt;ri!minimumSearchCharacters),todatasubset(arrayToPage:{}),
#"fdea6255-5ee8-42a2-bdb1-aace3c917d86"(
  entity: #"_a-0000ddb3-1b8d-8000-9ba2-011c48011c48_36294",
  columns: ri!columns,
  logicalExpression: #"SYSTEM_SYSRULES_queryLogicalExpression"(
    operator: "AND",
    filters: {
      if(#"2168a5de-fb70-4d66-8b97-b547e3ac6e57"(ri!tagNameSearch), {}, #"SYSTEM_SYSRULES_queryFilter"(field:"tagName",operator:"starts with",value:ri!tagNameSearch)),
      if(#"2168a5de-fb70-4d66-8b97-b547e3ac6e57"(ri!recordTypeId), {}, #"SYSTEM_SYSRULES_queryFilter"(field: "recordTypeId", operator: "=", value: ri!recordTypeId)),
      if(#"2168a5de-fb70-4d66-8b97-b547e3ac6e57"(ri!tagIds), {}, #"SYSTEM_SYSRULES_queryFilter"(field: "tagId", operator: "in", value: ri!tagIds))
    }
  ),
  pagingInfo: if(isnull(ri!pagingInfo),
    #"SYSTEM_SYSRULES_pagingInfo"(
      startIndex: 1,
      batchSize: -1,
      sort: #"SYSTEM_SYSRULES_sortInfo"(
        field: "tagName",
        ascending: true
      )
    ),
    ri!pagingInfo
  )
))</definition>
        <namedTypedValue>
            <name>columns</name>
            <type>
                <name>Text?list</name>
                <namespace>http://www.appian.com/ae/types/2009</namespace>
            </type>
        </namedTypedValue>
        <namedTypedValue>
            <name>pagingInfo</name>
            <type>
                <name>PagingInfo</name>
                <namespace>http://www.appian.com/ae/types/2009</namespace>
            </type>
        </namedTypedValue>
        <namedTypedValue>
            <name>recordTypeId</name>
            <type>
                <name>int</name>
                <namespace>http://www.w3.org/2001/XMLSchema</namespace>
            </type>
        </namedTypedValue>
        <namedTypedValue>
            <name>tagNameSearch</name>
            <type>
                <name>string</name>
                <namespace>http://www.w3.org/2001/XMLSchema</namespace>
            </type>
            <value/>
        </namedTypedValue>
        <namedTypedValue>
            <name>minimumSearchCharacters</name>
            <type>
                <name>int</name>
                <namespace>http://www.w3.org/2001/XMLSchema</namespace>
            </type>
        </namedTypedValue>
        <namedTypedValue>
            <name>tagIds</name>
            <type>
                <name>Integer?list</name>
                <namespace>http://www.appian.com/ae/types/2009</namespace>
            </type>
        </namedTypedValue>
        <preferredEditor>legacy</preferredEditor>
        <offlineEnabled>false</offlineEnabled>
    </rule>
    <roleMap public="true">
        <role inherit="true" allowForAll="true" name="readers">
            <users/>
            <groups/>
        </role>
        <role inherit="true" allowForAll="true" name="authors">
            <users/>
            <groups/>
        </role>
        <role inherit="true" allowForAll="false" name="administrators">
            <users/>
            <groups/>
        </role>
        <role inherit="false" allowForAll="false" name="denyReaders">
            <users/>
            <groups/>
        </role>
        <role inherit="false" allowForAll="false" name="denyAuthors">
            <users/>
            <groups/>
        </role>
        <role inherit="false" allowForAll="false" name="denyAdministrators">
            <users/>
            <groups/>
        </role>
    </roleMap>
</contentHaul>
