<?xml version="1.0" encoding="UTF-8" standalone="yes"?>
<contentHaul xmlns:a="http://www.appian.com/ae/types/2009">
    <rule>
        <name>AFE_RULE_Tagging_createRecordTags</name>
        <uuid>_a-0000ddb3-1b8d-8000-9ba2-011c48011c48_36617</uuid>
        <description>Type constructor for AFE_R_Record_Tags</description>
        <parentUuid>_a-0000ddd3-6ad0-8000-9ba2-011c48011c48_46337</parentUuid>
        <visibility>
            <advertise>false</advertise>
            <hierarchy>true</hierarchy>
            <indexable>true</indexable>
            <quota>false</quota>
            <searchable>true</searchable>
            <system>false</system>
            <unlogged>false</unlogged>
        </visibility>
        <definition>'type!{urn:com:appian:types:AFE}AFE_R_Record_Tags'(
  tagId:index(ri!referenceData.tagId,wherecontains(ri!tagName,ri!referenceData.tagName),null),
  recordTypeId:ri!recordTypeId,
  tagName:ri!tagName
)</definition>
        <namedTypedValue>
            <name>tagName</name>
            <type>
                <name>string</name>
                <namespace>http://www.w3.org/2001/XMLSchema</namespace>
            </type>
            <value/>
        </namedTypedValue>
        <namedTypedValue>
            <name>referenceData</name>
            <type>
                <name>AFE_R_Record_Tags?list</name>
                <namespace>urn:com:appian:types:AFE</namespace>
            </type>
        </namedTypedValue>
        <namedTypedValue>
            <name>recordTypeId</name>
            <type>
                <name>int</name>
                <namespace>http://www.w3.org/2001/XMLSchema</namespace>
            </type>
        </namedTypedValue>
        <preferredEditor>legacy</preferredEditor>
        <offlineEnabled>false</offlineEnabled>
    </rule>
    <roleMap public="true">
        <role inherit="true" allowForAll="false" name="readers">
            <users/>
            <groups/>
        </role>
        <role inherit="true" allowForAll="false" name="authors">
            <users/>
            <groups/>
        </role>
        <role inherit="true" allowForAll="false" name="administrators">
            <users/>
            <groups/>
        </role>
        <role inherit="false" allowForAll="false" name="denyReaders">
            <users/>
            <groups/>
        </role>
        <role inherit="false" allowForAll="false" name="denyAuthors">
            <users/>
            <groups/>
        </role>
        <role inherit="false" allowForAll="false" name="denyAdministrators">
            <users/>
            <groups/>
        </role>
    </roleMap>
</contentHaul>
