<?xml version="1.0" encoding="UTF-8" standalone="yes"?>
<contentHaul xmlns:a="http://www.appian.com/ae/types/2009">
    <rule>
        <name>AFE_CMPT_Tagging_recordTagPickerSub</name>
        <uuid>_a-0000ddb3-1b8d-8000-9ba2-011c48011c48_36438</uuid>
        <description>Subcomponent of the higher level record tag picker component</description>
        <parentUuid>_a-0000ddd3-6ad0-8000-9ba2-011c48011c48_46372</parentUuid>
        <visibility>
            <advertise>false</advertise>
            <hierarchy>true</hierarchy>
            <indexable>true</indexable>
            <quota>false</quota>
            <searchable>true</searchable>
            <system>false</system>
            <unlogged>false</unlogged>
        </visibility>
        <definition>/*&#xD;
*  AFE_CMPT_Tagging_recordTagPickerSub (extension)&#xD;
*&#xD;
* Submodule to AFE_CMPT_Tagging_recordTagPickerMain - This extension can be placed on an interface to display a read only or editable listing of tags associated with a Record&#xD;
*&#xD;
*&#xD;
* Parameter:&#xD;
* recordTagTree - instance of AFE_RecordTagTree that houses all information regarding this records links&#xD;
* referenceData - reference data of record tag information for use in display and saving&#xD;
* readonly - T/F for if the picker is editable&#xD;
* required - T/F for if editable picker must be filled out before submission&#xD;
* inlineSave - T/F if editable picker will save in-line rather than rely on a process-based save&#xD;
* label/instructions/toolTip - standard configurable settings for the underlying display component&#xD;
*/&#xD;
with( /* determine if inline save is activated but there are no active tags */&#xD;
  local!inlineAndEmpty:if(and(ri!inlineSave,not(ri!editClicked),#"2168a5de-fb70-4d66-8b97-b547e3ac6e57"(ri!recordTagTree.links)),true,false),&#xD;
  { /* if no tags and inline save is inplace, don't show the picker at all since we'll put a label on the Edit link */&#xD;
    if(local!inlineAndEmpty,{},&#xD;
      #"SYSTEM_SYSRULES_pickerFieldCustom"(&#xD;
        label: if(#"2168a5de-fb70-4d66-8b97-b547e3ac6e57"(ri!label),"Tags",ri!label),&#xD;
        readOnly: if(ri!editClicked,false,ri!readOnly),&#xD;
        required:if(ri!readOnly,false,if(isnull(ri!required),false,ri!required)),&#xD;
        labelPosition: #"7515f385-6042-4961-b666-89d55ce8534e"(readOnly: ri!readOnly),&#xD;
        instructions: if(ri!readOnly, "", if(#"2168a5de-fb70-4d66-8b97-b547e3ac6e57"(ri!instructions),"",ri!instructions)),&#xD;
        helpTooltip: if(ri!readOnly, "", if(#"2168a5de-fb70-4d66-8b97-b547e3ac6e57"(ri!toolTip),"Type to begin searching for existing tags, or create a new one",ri!toolTip)),&#xD;
        suggestFunction: #"_a-0000dd4b-0482-8000-9ba2-011c48011c48_18274"(typedText: _, labels: index(ri!referenceData,"tagName",{})),&#xD;
        selectedLabels: index(ri!recordTagTree.links, "tagName", {}),&#xD;
        value: index(ri!recordTagTree.links, "tagName", {}),  &#xD;
        saveInto: {&#xD;
          a!save(ri!recordTagTree.links,if(#"2168a5de-fb70-4d66-8b97-b547e3ac6e57"(ri!recordTagTree.links),apply(#"_a-0000ddb3-1b8d-8000-9ba2-011c48011c48_36617"(&#xD;
                  tagName: _,recordTypeId:ri!recordTagTree.recordTypeId,referenceData:ri!referenceData), save!value),&#xD;
              #"e57d1b56-e5e7-4299-971b-a957bf16eafa"(apply(displayvalue(_, index(ri!recordTagTree.links,"tagName",{}), ri!recordTagTree.links, _),&#xD;
                merge(save!value, apply(#"_a-0000ddb3-1b8d-8000-9ba2-011c48011c48_36617"(&#xD;
                  tagName: _,recordTypeId:ri!recordTagTree.recordTypeId,referenceData:ri!referenceData), save!value))&#xD;
              )))&#xD;
          )&#xD;
        }&#xD;
      )&#xD;
    ),/* if inline save - show edit and save links */&#xD;
    if(ri!inlineSave,&#xD;
		if(ri!editClicked,&#xD;
		{&#xD;
            #"_a-0000dd72-ed8d-8000-9ba2-011c48011c48_25455"(&#xD;
              saveInto:#"SYSTEM_SYSRULES_writeToDataStoreEntity"(&#xD;
                    dataStoreEntity:#"_a-0000ddb3-1b8d-8000-9ba2-011c48011c48_36936",&#xD;
                    /* need to refresh the tree because if someone else updates the tags for the first time &#xD;
                    before this save we'll get duplicates in the table. &#xD;
                    */&#xD;
                    valueToStore:#"7cb07a9a-acf4-437f-b765-74597cb9d23e"(&#xD;
                      recordId:ri!recordTagTree.recordId,recordTypeId:ri!recordTagTree.recordTypeId,refresh:true,existingRecordTagTree:ri!recordTagTree),&#xD;
                    onSuccess:{&#xD;
                      a!save(ri!recordTagTree,fv!storedValues),&#xD;
                      a!save(ri!editClicked,false)&#xD;
                    }&#xD;
                  ),&#xD;
              cancelSaveInto:a!save(ri!editClicked,false)&#xD;
            )&#xD;
		},    &#xD;
	  #"SYSTEM_SYSRULES_linkField"(&#xD;
		labelPosition:"ADJACENT",&#xD;
		label:if(local!inlineAndEmpty,"Tags",null),&#xD;
		links:{&#xD;
			#"SYSTEM_SYSRULES_dynamicLink"(&#xD;
			  label:"Edit Tags",&#xD;
			  value:true,&#xD;
			  saveInto:{&#xD;
				a!save(ri!editClicked,save!value),&#xD;
				a!save(ri!referenceData,#"_a-0000ddb3-1b8d-8000-9ba2-011c48011c48_36643"(&#xD;
					  columns:{},pagingInfo:#"SYSTEM_SYSRULES_pagingInfo"(startIndex:1,batchSize:-1),&#xD;
					  recordTypeId:ri!recordTagTree.recordTypeId,minimumSearchCharacters:null).data&#xD;
				)&#xD;
			  }&#xD;
			)&#xD;
		}&#xD;
	  )),{})&#xD;
  }&#xD;
)</definition>
        <namedTypedValue>
            <name>label</name>
            <type>
                <name>string</name>
                <namespace>http://www.w3.org/2001/XMLSchema</namespace>
            </type>
            <value/>
        </namedTypedValue>
        <namedTypedValue>
            <name>instructions</name>
            <type>
                <name>string</name>
                <namespace>http://www.w3.org/2001/XMLSchema</namespace>
            </type>
            <value/>
        </namedTypedValue>
        <namedTypedValue>
            <name>toolTip</name>
            <type>
                <name>string</name>
                <namespace>http://www.w3.org/2001/XMLSchema</namespace>
            </type>
            <value/>
        </namedTypedValue>
        <namedTypedValue>
            <name>readOnly</name>
            <type>
                <name>boolean</name>
                <namespace>http://www.w3.org/2001/XMLSchema</namespace>
            </type>
        </namedTypedValue>
        <namedTypedValue>
            <name>referenceData</name>
            <type>
                <name>AFE_R_Record_Tags?list</name>
                <namespace>urn:com:appian:types:AFE</namespace>
            </type>
        </namedTypedValue>
        <namedTypedValue>
            <name>required</name>
            <type>
                <name>boolean</name>
                <namespace>http://www.w3.org/2001/XMLSchema</namespace>
            </type>
        </namedTypedValue>
        <namedTypedValue>
            <name>recordTagTree</name>
            <type>
                <name>AFE_RecordTagTree</name>
                <namespace>urn:com:appian:types:AFE</namespace>
            </type>
        </namedTypedValue>
        <namedTypedValue>
            <name>inlineSave</name>
            <type>
                <name>boolean</name>
                <namespace>http://www.w3.org/2001/XMLSchema</namespace>
            </type>
        </namedTypedValue>
        <namedTypedValue>
            <name>editClicked</name>
            <type>
                <name>boolean</name>
                <namespace>http://www.w3.org/2001/XMLSchema</namespace>
            </type>
        </namedTypedValue>
        <metadataExpr></metadataExpr>
        <preferredEditor>interface</preferredEditor>
        <offlineEnabled>false</offlineEnabled>
    </rule>
    <roleMap public="true">
        <role inherit="true" allowForAll="false" name="readers">
            <users/>
            <groups/>
        </role>
        <role inherit="true" allowForAll="false" name="authors">
            <users/>
            <groups/>
        </role>
        <role inherit="true" allowForAll="false" name="administrators">
            <users/>
            <groups/>
        </role>
        <role inherit="false" allowForAll="false" name="denyReaders">
            <users/>
            <groups/>
        </role>
        <role inherit="false" allowForAll="false" name="denyAuthors">
            <users/>
            <groups/>
        </role>
        <role inherit="false" allowForAll="false" name="denyAdministrators">
            <users/>
            <groups/>
        </role>
    </roleMap>
    <typedValue>
        <type>
            <name>RuleTestConfig?list</name>
            <namespace>http://www.appian.com/ae/types/2009</namespace>
        </type>
        <value>
            <el>
                <a:name/>
                <a:ruleInputTestConfigs>
                    <a:value xmlns:xsd="http://www.w3.org/2001/XMLSchema" xmlns:xsi="http://www.w3.org/2001/XMLSchema-instance" xsi:type="xsd:string"/>
                    <a:nameRef>label</a:nameRef>
                    <a:id/>
                </a:ruleInputTestConfigs>
                <a:ruleInputTestConfigs>
                    <a:value xmlns:xsd="http://www.w3.org/2001/XMLSchema" xmlns:xsi="http://www.w3.org/2001/XMLSchema-instance" xsi:type="xsd:string"/>
                    <a:nameRef>instructions</a:nameRef>
                    <a:id/>
                </a:ruleInputTestConfigs>
                <a:ruleInputTestConfigs>
                    <a:value xmlns:xsd="http://www.w3.org/2001/XMLSchema" xmlns:xsi="http://www.w3.org/2001/XMLSchema-instance" xsi:type="xsd:string"/>
                    <a:nameRef>toolTip</a:nameRef>
                    <a:id/>
                </a:ruleInputTestConfigs>
                <a:ruleInputTestConfigs>
                    <a:value xmlns:xsd="http://www.w3.org/2001/XMLSchema" xmlns:xsi="http://www.w3.org/2001/XMLSchema-instance" xsi:nil="true" xsi:type="xsd:boolean"/>
                    <a:nameRef>readOnly</a:nameRef>
                    <a:id/>
                </a:ruleInputTestConfigs>
                <a:ruleInputTestConfigs>
                    <a:nameRef>referenceData</a:nameRef>
                    <a:id/>
                </a:ruleInputTestConfigs>
                <a:ruleInputTestConfigs>
                    <a:value xmlns:xsd="http://www.w3.org/2001/XMLSchema" xmlns:xsi="http://www.w3.org/2001/XMLSchema-instance" xsi:nil="true" xsi:type="xsd:boolean"/>
                    <a:nameRef>required</a:nameRef>
                    <a:id/>
                </a:ruleInputTestConfigs>
                <a:ruleInputTestConfigs>
                    <a:value xmlns:n1="urn:com:appian:types:AFE" xmlns:xsi="http://www.w3.org/2001/XMLSchema-instance" xsi:nil="true" xsi:type="n1:AFE_RecordTagTree"/>
                    <a:nameRef>recordTagTree</a:nameRef>
                    <a:id/>
                </a:ruleInputTestConfigs>
                <a:ruleInputTestConfigs>
                    <a:value xmlns:xsd="http://www.w3.org/2001/XMLSchema" xmlns:xsi="http://www.w3.org/2001/XMLSchema-instance" xsi:nil="true" xsi:type="xsd:boolean"/>
                    <a:nameRef>inlineSave</a:nameRef>
                    <a:id/>
                </a:ruleInputTestConfigs>
                <a:ruleInputTestConfigs>
                    <a:value xmlns:xsd="http://www.w3.org/2001/XMLSchema" xmlns:xsi="http://www.w3.org/2001/XMLSchema-instance" xsi:nil="true" xsi:type="xsd:boolean"/>
                    <a:nameRef>editClicked</a:nameRef>
                    <a:id/>
                </a:ruleInputTestConfigs>
                <a:assertions xmlns:xsi="http://www.w3.org/2001/XMLSchema-instance" xsi:nil="true"/>
            </el>
        </value>
    </typedValue>
</contentHaul>
