<?xml version="1.0" encoding="UTF-8" standalone="yes"?>
<contentHaul xmlns:a="http://www.appian.com/ae/types/2009">
    <rule>
        <name>AFE_QRY_Tagging_returnTagSearchResults</name>
        <uuid>_a-0000ddc1-10b7-8000-9ba2-011c48011c48_40869</uuid>
        <description>Query entity to return record groupings that match a given tag search criteria. Returns datasubset.</description>
        <parentUuid>_a-0000ddd3-6ad0-8000-9ba2-011c48011c48_46455</parentUuid>
        <visibility>
            <advertise>false</advertise>
            <hierarchy>true</hierarchy>
            <indexable>true</indexable>
            <quota>false</quota>
            <searchable>true</searchable>
            <system>false</system>
            <unlogged>false</unlogged>
        </visibility>
        <definition>#"SYSTEM_SYSRULES_queryEntity"(&#xD;
  entity: #"_a-0000ddb3-1b8d-8000-9ba2-011c48011c48_36297",&#xD;
  query:#"SYSTEM_SYSRULES_query"(&#xD;
    aggregation:#"SYSTEM_SYSRULES_queryAggregation"(&#xD;
      aggregationColumns:{&#xD;
        #"SYSTEM_SYSRULES_queryAggregationColumn"(&#xD;
          field:"tagName",&#xD;
          isGrouping:true&#xD;
        ),&#xD;
        #"SYSTEM_SYSRULES_queryAggregationColumn"(&#xD;
          field:"recordTypeId",&#xD;
          isGrouping:true&#xD;
        ),&#xD;
        #"SYSTEM_SYSRULES_queryAggregationColumn"(&#xD;
          field:"recordId",&#xD;
          alias:"count",&#xD;
          isGrouping:false,&#xD;
          aggregationFunction:"COUNT"&#xD;
        ) &#xD;
        &#xD;
      }&#xD;
    ),&#xD;
    logicalExpression: #"SYSTEM_SYSRULES_queryLogicalExpression"(&#xD;
      operator: "AND",&#xD;
      filters: {&#xD;
        #"SYSTEM_SYSRULES_queryFilter"(field: "tagName", operator: "starts with", value: ri!tagSearch)&#xD;
      }&#xD;
    ),&#xD;
    pagingInfo: if(isnull(ri!pagingInfo),&#xD;
      #"SYSTEM_SYSRULES_pagingInfo"(&#xD;
        startIndex: 1,&#xD;
        batchSize: -1&#xD;
      ),&#xD;
      ri!pagingInfo&#xD;
    )&#xD;
  )&#xD;
)</definition>
        <namedTypedValue>
            <name>pagingInfo</name>
            <type>
                <name>PagingInfo</name>
                <namespace>http://www.appian.com/ae/types/2009</namespace>
            </type>
        </namedTypedValue>
        <namedTypedValue>
            <name>tagSearch</name>
            <type>
                <name>string</name>
                <namespace>http://www.w3.org/2001/XMLSchema</namespace>
            </type>
            <value/>
        </namedTypedValue>
        <preferredEditor>legacy</preferredEditor>
        <offlineEnabled>false</offlineEnabled>
    </rule>
    <roleMap public="true">
        <role inherit="true" allowForAll="false" name="readers">
            <users/>
            <groups/>
        </role>
        <role inherit="true" allowForAll="false" name="authors">
            <users/>
            <groups/>
        </role>
        <role inherit="true" allowForAll="false" name="administrators">
            <users/>
            <groups/>
        </role>
        <role inherit="false" allowForAll="false" name="denyReaders">
            <users/>
            <groups/>
        </role>
        <role inherit="false" allowForAll="false" name="denyAuthors">
            <users/>
            <groups/>
        </role>
        <role inherit="false" allowForAll="false" name="denyAdministrators">
            <users/>
            <groups/>
        </role>
    </roleMap>
</contentHaul>
