<?xml version="1.0" encoding="UTF-8" standalone="yes"?>
<applicationHaul xmlns:a="http://www.appian.com/ae/types/2009">
    <application>
        <name>Acceleration Framework Extensions Baseline</name>
        <uuid>_a-0000dd72-ed8d-8000-9ba2-011c48011c48_24386</uuid>
        <description>Main folder structure for AF Extensions</description>
        <parentUuid>SYSTEM_APPLICATIONS_ROOT</parentUuid>
        <visibility>
            <advertise>false</advertise>
            <hierarchy>true</hierarchy>
            <indexable>true</indexable>
            <quota>false</quota>
            <searchable>true</searchable>
            <system>false</system>
            <unlogged>false</unlogged>
        </visibility>
        <urlIdentifier>7uONJw</urlIdentifier>
        <published>false</published>
        <public>false</public>
        <associatedObjects>
            <globalIdMap>
                <item>
                    <type>datatype</type>
                    <uuids/>
                </item>
                <item>
                    <type>dataStore</type>
                    <uuids/>
                </item>
                <item>
                    <type>user</type>
                    <uuids/>
                </item>
                <item>
                    <type>groupType</type>
                    <uuids/>
                </item>
                <item>
                    <type>group</type>
                    <uuids/>
                </item>
                <item>
                    <type>content</type>
                    <uuids>
                        <uuid>_a-0000dd72-ed8d-8000-9ba2-011c48011c48_24389</uuid>
                        <uuid>_a-0000dd72-ed8d-8000-9ba2-011c48011c48_24390</uuid>
                        <uuid>_a-0000dd72-ed8d-8000-9ba2-011c48011c48_24391</uuid>
                        <uuid>_a-0000dd72-ed8d-8000-9ba2-011c48011c48_24392</uuid>
                        <uuid>_a-0000dd72-ed8d-8000-9ba2-011c48011c48_24393</uuid>
                        <uuid>_a-0000dd72-ed8d-8000-9ba2-011c48011c48_24394</uuid>
                        <uuid>_a-0000dd72-ed8d-8000-9ba2-011c48011c48_24395</uuid>
                        <uuid>_a-0000dd72-ed8d-8000-9ba2-011c48011c48_24396</uuid>
                        <uuid>_a-0000dd72-ed8d-8000-9ba2-011c48011c48_24397</uuid>
                        <uuid>_a-0000dd72-ed8d-8000-9ba2-011c48011c48_24398</uuid>
                        <uuid>_a-0000dd72-ed8d-8000-9ba2-011c48011c48_24399</uuid>
                        <uuid>_a-0000dd72-ed8d-8000-9ba2-011c48011c48_24400</uuid>
                        <uuid>_a-0000dd72-ed8d-8000-9ba2-011c48011c48_24402</uuid>
                        <uuid>_a-0000dd72-ed8d-8000-9ba2-011c48011c48_24405</uuid>
                        <uuid>_a-0000dd72-ed8d-8000-9ba2-011c48011c48_24424</uuid>
                        <uuid>_a-0000dd72-ed8d-8000-9ba2-011c48011c48_24425</uuid>
                        <uuid>_a-0000dd72-ed8d-8000-9ba2-011c48011c48_24426</uuid>
                        <uuid>_a-0000dd72-ed8d-8000-9ba2-011c48011c48_24427</uuid>
                        <uuid>_a-0000dd72-ed8d-8000-9ba2-011c48011c48_24428</uuid>
                        <uuid>_a-0000dd72-ed8d-8000-9ba2-011c48011c48_24429</uuid>
                        <uuid>_a-0000dd72-ed8d-8000-9ba2-011c48011c48_24430</uuid>
                        <uuid>_a-0000dd72-ed8d-8000-9ba2-011c48011c48_24431</uuid>
                        <uuid>_a-0000dd72-ed8d-8000-9ba2-011c48011c48_24432</uuid>
                        <uuid>_a-0000dd72-ed8d-8000-9ba2-011c48011c48_24433</uuid>
                        <uuid>_a-0000dd72-ed8d-8000-9ba2-011c48011c48_24434</uuid>
                        <uuid>_a-0000dd72-ed8d-8000-9ba2-011c48011c48_24435</uuid>
                        <uuid>_a-0000dd72-ed8d-8000-9ba2-011c48011c48_24436</uuid>
                        <uuid>_a-0000dd72-ed8d-8000-9ba2-011c48011c48_24437</uuid>
                        <uuid>_a-0000dd72-ed8d-8000-9ba2-011c48011c48_24438</uuid>
                        <uuid>_a-0000dd72-ed8d-8000-9ba2-011c48011c48_24439</uuid>
                        <uuid>_a-0000dd72-ed8d-8000-9ba2-011c48011c48_24440</uuid>
                        <uuid>_a-0000dd72-ed8d-8000-9ba2-011c48011c48_24441</uuid>
                        <uuid>_a-0000dd72-ed8d-8000-9ba2-011c48011c48_24442</uuid>
                        <uuid>_a-0000dd72-ed8d-8000-9ba2-011c48011c48_24443</uuid>
                        <uuid>_a-0000dd72-ed8d-8000-9ba2-011c48011c48_24444</uuid>
                        <uuid>_a-0000dd72-ed8d-8000-9ba2-011c48011c48_24445</uuid>
                        <uuid>_a-0000dd72-ed8d-8000-9ba2-011c48011c48_24448</uuid>
                        <uuid>_a-0000dd72-ed8d-8000-9ba2-011c48011c48_24447</uuid>
                        <uuid>_a-0000dd72-ed8d-8000-9ba2-011c48011c48_24462</uuid>
                        <uuid>_a-0000dd72-ed8d-8000-9ba2-011c48011c48_25197</uuid>
                        <uuid>_a-0000dd8b-d239-8000-9ba2-011c48011c48_26640</uuid>
                    </uuids>
                </item>
                <item>
                    <type>forum</type>
                    <uuids/>
                </item>
                <item>
                    <type>processModelFolder</type>
                    <uuids>
                        <uuid>_g-0000dd72-96c1-8000-f92f-7f0000014e7a_70</uuid>
                        <uuid>_g-0000dd72-96c1-8000-f92f-7f0000014e7a_71</uuid>
                        <uuid>_g-0000dd72-96c1-8000-f92f-7f0000014e7a_72</uuid>
                        <uuid>_g-0000dd72-96c1-8000-f92f-7f0000014e7a_73</uuid>
                        <uuid>_g-0000dd72-96c1-8000-f92f-7f0000014e7a_74</uuid>
                        <uuid>_g-0000dd72-96c1-8000-f92f-7f0000014e7a_75</uuid>
                    </uuids>
                </item>
                <item>
                    <type>processModel</type>
                    <uuids/>
                </item>
                <item>
                    <type>portlet</type>
                    <uuids/>
                </item>
                <item>
                    <type>page</type>
                    <uuids/>
                </item>
                <item>
                    <type>application</type>
                    <uuids/>
                </item>
                <item>
                    <type>tempoFeed</type>
                    <uuids/>
                </item>
                <item>
                    <type>recordType</type>
                    <uuids/>
                </item>
                <item>
                    <type>tempoReport</type>
                    <uuids/>
                </item>
                <item>
                    <type>taskReport</type>
                    <uuids/>
                </item>
                <item>
                    <type>webApi</type>
                    <uuids/>
                </item>
                <item>
                    <type>site</type>
                    <uuids/>
                </item>
                <item>
                    <type>adminSetting</type>
                    <uuids/>
                </item>
                <item>
                    <type>thirdPartyCredentials</type>
                    <uuids/>
                </item>
                <item>
                    <type>dataSource</type>
                    <uuids/>
                </item>
            </globalIdMap>
        </associatedObjects>
        <applicationNavigation/>
        <applicationActions/>
        <associatedApplications>
            <globalIdMap>
                <item>
                    <type>datatype</type>
                    <uuids/>
                </item>
                <item>
                    <type>dataStore</type>
                    <uuids/>
                </item>
                <item>
                    <type>user</type>
                    <uuids/>
                </item>
                <item>
                    <type>groupType</type>
                    <uuids/>
                </item>
                <item>
                    <type>group</type>
                    <uuids/>
                </item>
                <item>
                    <type>content</type>
                    <uuids/>
                </item>
                <item>
                    <type>forum</type>
                    <uuids/>
                </item>
                <item>
                    <type>processModelFolder</type>
                    <uuids/>
                </item>
                <item>
                    <type>processModel</type>
                    <uuids/>
                </item>
                <item>
                    <type>portlet</type>
                    <uuids/>
                </item>
                <item>
                    <type>page</type>
                    <uuids/>
                </item>
                <item>
                    <type>application</type>
                    <uuids/>
                </item>
                <item>
                    <type>tempoFeed</type>
                    <uuids/>
                </item>
                <item>
                    <type>recordType</type>
                    <uuids/>
                </item>
                <item>
                    <type>tempoReport</type>
                    <uuids/>
                </item>
                <item>
                    <type>taskReport</type>
                    <uuids/>
                </item>
                <item>
                    <type>webApi</type>
                    <uuids/>
                </item>
                <item>
                    <type>site</type>
                    <uuids/>
                </item>
                <item>
                    <type>adminSetting</type>
                    <uuids/>
                </item>
                <item>
                    <type>thirdPartyCredentials</type>
                    <uuids/>
                </item>
                <item>
                    <type>dataSource</type>
                    <uuids/>
                </item>
            </globalIdMap>
        </associatedApplications>
    </application>
    <roleMap>
        <contentRoleMap public="true">
            <role allowForAll="false" inherit="false" name="readers">
                <users/>
                <groups/>
            </role>
            <role allowForAll="false" inherit="false" name="authors">
                <users/>
                <groups/>
            </role>
            <role allowForAll="false" inherit="false" name="administrators">
                <users>
                    <userUuid>katie.hsu</userUuid>
                </users>
                <groups/>
            </role>
            <role allowForAll="false" inherit="false" name="denyReaders">
                <users/>
                <groups/>
            </role>
            <role allowForAll="false" inherit="false" name="denyAuthors">
                <users/>
                <groups/>
            </role>
            <role allowForAll="false" inherit="false" name="denyAdministrators">
                <users/>
                <groups/>
            </role>
        </contentRoleMap>
    </roleMap>
</applicationHaul>
