<?xml version="1.0" encoding="UTF-8" standalone="yes"?>
<applicationHaul xmlns:a="http://www.appian.com/ae/types/2009">
    <application>
        <name>Acceleration Framework Extensions: Ad-Hoc Workflow 1.0</name>
        <uuid>_a-0000dd72-ed8d-8000-9ba2-011c48011c48_24337</uuid>
        <description>All objects for the Ad-Hoc Workflow extension</description>
        <parentUuid>SYSTEM_APPLICATIONS_ROOT</parentUuid>
        <visibility>
            <advertise>false</advertise>
            <hierarchy>true</hierarchy>
            <indexable>true</indexable>
            <quota>false</quota>
            <searchable>true</searchable>
            <system>false</system>
            <unlogged>false</unlogged>
        </visibility>
        <urlIdentifier>h7icLw</urlIdentifier>
        <published>false</published>
        <public>false</public>
        <associatedObjects>
            <globalIdMap>
                <item>
                    <type>datatype</type>
                    <uuids>
                        <uuid>{urn:com:appian:types:AFE}AFE_Workflow</uuid>
                        <uuid>{urn:com:appian:types:AFE}AFE_Assignment</uuid>
                        <uuid>{urn:com:appian:types:AFE}AFE_Workflow_Note</uuid>
                        <uuid>{urn:com:appian:types:AFE}AFE_Workflow_Audit</uuid>
                        <uuid>{urn:com:appian:types:AFE}AFE_Assignment_Audit</uuid>
                        <uuid>{urn:com:appian:types:AFE}AFE_R_Assignment_Priority</uuid>
                        <uuid>{urn:com:appian:types:AFE}AFE_R_Assignment_Status</uuid>
                        <uuid>{urn:com:appian:types:AFE}AFE_R_Workflow_Status</uuid>
                        <uuid>{urn:com:appian:types:AFE}AFE_Workflow_Task_Metric</uuid>
                    </uuids>
                </item>
                <item>
                    <type>dataStore</type>
                    <uuids>
                        <uuid>_a-0000dd72-ed8d-8000-9ba2-011c48011c48_24923</uuid>
                        <uuid>_a-0000dd72-ed8d-8000-9ba2-011c48011c48_25256</uuid>
                    </uuids>
                </item>
                <item>
                    <type>user</type>
                    <uuids/>
                </item>
                <item>
                    <type>groupType</type>
                    <uuids/>
                </item>
                <item>
                    <type>group</type>
                    <uuids>
                        <uuid>_e-0000dd72-ed8c-8000-9aee-01075c01075c_114</uuid>
                        <uuid>_e-0000dd72-ed8c-8000-9aee-01075c01075c_115</uuid>
                    </uuids>
                </item>
                <item>
                    <type>content</type>
                    <uuids>
                        <uuid>_a-0000dd72-ed8d-8000-9ba2-011c48011c48_25021</uuid>
                        <uuid>_a-0000dd72-ed8d-8000-9ba2-011c48011c48_25039</uuid>
                        <uuid>_a-0000dd72-ed8d-8000-9ba2-011c48011c48_25072</uuid>
                        <uuid>_a-0000dd72-ed8d-8000-9ba2-011c48011c48_25073</uuid>
                        <uuid>_a-0000dd72-ed8d-8000-9ba2-011c48011c48_25080</uuid>
                        <uuid>_a-0000dd72-ed8d-8000-9ba2-011c48011c48_25084</uuid>
                        <uuid>_a-0000dd72-ed8d-8000-9ba2-011c48011c48_25086</uuid>
                        <uuid>_a-0000dd72-ed8d-8000-9ba2-011c48011c48_25096</uuid>
                        <uuid>_a-0000dd72-ed8d-8000-9ba2-011c48011c48_25106</uuid>
                        <uuid>_a-0000dd72-ed8d-8000-9ba2-011c48011c48_25111</uuid>
                        <uuid>_a-0000dd72-ed8d-8000-9ba2-011c48011c48_25139</uuid>
                        <uuid>_a-0000dd72-ed8d-8000-9ba2-011c48011c48_25142</uuid>
                        <uuid>_a-0000dd72-ed8d-8000-9ba2-011c48011c48_25146</uuid>
                        <uuid>_a-0000dd72-ed8d-8000-9ba2-011c48011c48_25149</uuid>
                        <uuid>_a-0000dd72-ed8d-8000-9ba2-011c48011c48_25150</uuid>
                        <uuid>_a-0000dd72-ed8d-8000-9ba2-011c48011c48_25151</uuid>
                        <uuid>_a-0000dd72-ed8d-8000-9ba2-011c48011c48_25161</uuid>
                        <uuid>_a-0000dd72-ed8d-8000-9ba2-011c48011c48_25165</uuid>
                        <uuid>_a-0000dd72-ed8d-8000-9ba2-011c48011c48_25200</uuid>
                        <uuid>_a-0000dd72-ed8d-8000-9ba2-011c48011c48_25203</uuid>
                        <uuid>_a-0000dd72-ed8d-8000-9ba2-011c48011c48_25204</uuid>
                        <uuid>_a-0000dd72-ed8d-8000-9ba2-011c48011c48_25205</uuid>
                        <uuid>_a-0000dd72-ed8d-8000-9ba2-011c48011c48_25219</uuid>
                        <uuid>_a-0000dd72-ed8d-8000-9ba2-011c48011c48_25291</uuid>
                        <uuid>_a-0000dd72-ed8d-8000-9ba2-011c48011c48_25294</uuid>
                        <uuid>_a-0000dd72-ed8d-8000-9ba2-011c48011c48_25297</uuid>
                        <uuid>_a-0000dd72-ed8d-8000-9ba2-011c48011c48_25305</uuid>
                        <uuid>_a-0000dd72-ed8d-8000-9ba2-011c48011c48_25308</uuid>
                        <uuid>_a-0000dd72-ed8d-8000-9ba2-011c48011c48_25311</uuid>
                        <uuid>_a-0000dd72-ed8d-8000-9ba2-011c48011c48_25314</uuid>
                        <uuid>_a-0000dd72-ed8d-8000-9ba2-011c48011c48_25317</uuid>
                        <uuid>_a-0000dd72-ed8d-8000-9ba2-011c48011c48_25318</uuid>
                        <uuid>_a-0000dd72-ed8d-8000-9ba2-011c48011c48_25324</uuid>
                        <uuid>_a-0000dd72-ed8d-8000-9ba2-011c48011c48_25327</uuid>
                        <uuid>_a-0000dd72-ed8d-8000-9ba2-011c48011c48_25329</uuid>
                        <uuid>_a-0000dd72-ed8d-8000-9ba2-011c48011c48_25347</uuid>
                        <uuid>_a-0000dd72-ed8d-8000-9ba2-011c48011c48_25348</uuid>
                        <uuid>_a-0000dd72-ed8d-8000-9ba2-011c48011c48_25351</uuid>
                        <uuid>_a-0000dd72-ed8d-8000-9ba2-011c48011c48_25352</uuid>
                        <uuid>_a-0000dd72-ed8d-8000-9ba2-011c48011c48_25357</uuid>
                        <uuid>_a-0000dd72-ed8d-8000-9ba2-011c48011c48_25358</uuid>
                        <uuid>_a-0000dd72-ed8d-8000-9ba2-011c48011c48_25375</uuid>
                        <uuid>_a-0000dd72-ed8d-8000-9ba2-011c48011c48_25405</uuid>
                        <uuid>_a-0000dd72-ed8d-8000-9ba2-011c48011c48_25530</uuid>
                        <uuid>_a-0000dd72-ed8d-8000-9ba2-011c48011c48_25597</uuid>
                        <uuid>_a-0000dd72-ed8d-8000-9ba2-011c48011c48_25598</uuid>
                        <uuid>_a-0000dd72-ed8d-8000-9ba2-011c48011c48_25603</uuid>
                        <uuid>_a-0000dd72-ed8d-8000-9ba2-011c48011c48_25610</uuid>
                        <uuid>_a-0000dd72-ed8d-8000-9ba2-011c48011c48_25615</uuid>
                        <uuid>_a-0000dd72-ed8d-8000-9ba2-011c48011c48_25618</uuid>
                        <uuid>_a-0000dd72-ed8d-8000-9ba2-011c48011c48_25620</uuid>
                        <uuid>_a-0000dd72-ed8d-8000-9ba2-011c48011c48_25622</uuid>
                        <uuid>_a-0000dd72-ed8d-8000-9ba2-011c48011c48_25632</uuid>
                        <uuid>_a-0000dd72-ed8d-8000-9ba2-011c48011c48_25641</uuid>
                        <uuid>_a-0000dd72-ed8d-8000-9ba2-011c48011c48_25643</uuid>
                        <uuid>_a-0000dd72-ed8d-8000-9ba2-011c48011c48_25647</uuid>
                        <uuid>_a-0000dd72-ed8d-8000-9ba2-011c48011c48_25671</uuid>
                        <uuid>_a-0000dd72-ed8d-8000-9ba2-011c48011c48_25803</uuid>
                        <uuid>_a-0000dd72-ed8d-8000-9ba2-011c48011c48_25804</uuid>
                        <uuid>_a-0000dd72-ed8d-8000-9ba2-011c48011c48_25808</uuid>
                        <uuid>_a-0000dd72-ed8d-8000-9ba2-011c48011c48_25812</uuid>
                        <uuid>_a-0000dd72-ed8d-8000-9ba2-011c48011c48_26397</uuid>
                        <uuid>_a-0000dd72-ed8d-8000-9ba2-011c48011c48_26400</uuid>
                        <uuid>_a-0000dd72-ed8d-8000-9ba2-011c48011c48_26403</uuid>
                        <uuid>_a-0000dd72-ed8d-8000-9ba2-011c48011c48_26428</uuid>
                        <uuid>_a-0000dd72-ed8d-8000-9ba2-011c48011c48_26430</uuid>
                        <uuid>_a-0000dd72-ed8d-8000-9ba2-011c48011c48_26442</uuid>
                        <uuid>_a-0000dd8b-d239-8000-9ba2-011c48011c48_26523</uuid>
                        <uuid>_a-0000dd8b-d239-8000-9ba2-011c48011c48_26525</uuid>
                        <uuid>_a-0000dd8b-d239-8000-9ba2-011c48011c48_26530</uuid>
                        <uuid>_a-0000dd8b-d239-8000-9ba2-011c48011c48_26536</uuid>
                        <uuid>_a-0000dd8b-d239-8000-9ba2-011c48011c48_26539</uuid>
                        <uuid>_a-0000dd8b-d239-8000-9ba2-011c48011c48_26541</uuid>
                        <uuid>_a-0000dd8b-d239-8000-9ba2-011c48011c48_26637</uuid>
                        <uuid>_a-0000dd8b-d239-8000-9ba2-011c48011c48_26641</uuid>
                        <uuid>_a-0000dd8b-d239-8000-9ba2-011c48011c48_26644</uuid>
                        <uuid>_a-0000dd8b-d239-8000-9ba2-011c48011c48_26645</uuid>
                        <uuid>_a-0000dd8b-d239-8000-9ba2-011c48011c48_26647</uuid>
                    </uuids>
                </item>
                <item>
                    <type>forum</type>
                    <uuids/>
                </item>
                <item>
                    <type>processModelFolder</type>
                    <uuids>
                        <uuid>_g-0000dd72-96c1-8000-f92f-7f0000014e7a_76</uuid>
                    </uuids>
                </item>
                <item>
                    <type>processModel</type>
                    <uuids>
                        <uuid>0005dd82-68a4-8000-f92f-7f0000014e7a</uuid>
                        <uuid>0004dd82-69ba-8000-f92f-7f0000014e7a</uuid>
                        <uuid>0007dd82-6a2e-8000-f92f-7f0000014e7a</uuid>
                        <uuid>0008dd82-7284-8000-f92f-7f0000014e7a</uuid>
                        <uuid>000bdd82-7250-8000-f92f-7f0000014e7a</uuid>
                        <uuid>000ddd83-c927-8000-f92f-7f0000014e7a</uuid>
                        <uuid>0007dd83-d56c-8000-f92f-7f0000014e7a</uuid>
                        <uuid>000ddd83-d697-8000-f92f-7f0000014e7a</uuid>
                        <uuid>000ddd83-e8b6-8000-f92f-7f0000014e7a</uuid>
                        <uuid>0013dd8b-e6c9-8000-f92f-7f0000014e7a</uuid>
                        <uuid>0012dd8b-f93e-8000-f92f-7f0000014e7a</uuid>
                        <uuid>0004dd83-d986-8000-f92f-7f0000014e7a</uuid>
                        <uuid>0004dd8b-ec23-8000-f92f-7f0000014e7a</uuid>
                        <uuid>0004dd8b-fd54-8000-f92f-7f0000014e7a</uuid>
                    </uuids>
                </item>
                <item>
                    <type>portlet</type>
                    <uuids/>
                </item>
                <item>
                    <type>page</type>
                    <uuids/>
                </item>
                <item>
                    <type>application</type>
                    <uuids/>
                </item>
                <item>
                    <type>tempoFeed</type>
                    <uuids/>
                </item>
                <item>
                    <type>recordType</type>
                    <uuids/>
                </item>
                <item>
                    <type>tempoReport</type>
                    <uuids/>
                </item>
                <item>
                    <type>taskReport</type>
                    <uuids/>
                </item>
                <item>
                    <type>webApi</type>
                    <uuids/>
                </item>
                <item>
                    <type>site</type>
                    <uuids/>
                </item>
                <item>
                    <type>adminSetting</type>
                    <uuids/>
                </item>
                <item>
                    <type>thirdPartyCredentials</type>
                    <uuids/>
                </item>
                <item>
                    <type>dataSource</type>
                    <uuids/>
                </item>
            </globalIdMap>
        </associatedObjects>
        <applicationNavigation/>
        <applicationActions/>
        <associatedApplications>
            <globalIdMap>
                <item>
                    <type>datatype</type>
                    <uuids/>
                </item>
                <item>
                    <type>dataStore</type>
                    <uuids/>
                </item>
                <item>
                    <type>user</type>
                    <uuids/>
                </item>
                <item>
                    <type>groupType</type>
                    <uuids/>
                </item>
                <item>
                    <type>group</type>
                    <uuids/>
                </item>
                <item>
                    <type>content</type>
                    <uuids/>
                </item>
                <item>
                    <type>forum</type>
                    <uuids/>
                </item>
                <item>
                    <type>processModelFolder</type>
                    <uuids/>
                </item>
                <item>
                    <type>processModel</type>
                    <uuids/>
                </item>
                <item>
                    <type>portlet</type>
                    <uuids/>
                </item>
                <item>
                    <type>page</type>
                    <uuids/>
                </item>
                <item>
                    <type>application</type>
                    <uuids/>
                </item>
                <item>
                    <type>tempoFeed</type>
                    <uuids/>
                </item>
                <item>
                    <type>recordType</type>
                    <uuids/>
                </item>
                <item>
                    <type>tempoReport</type>
                    <uuids/>
                </item>
                <item>
                    <type>taskReport</type>
                    <uuids/>
                </item>
                <item>
                    <type>webApi</type>
                    <uuids/>
                </item>
                <item>
                    <type>site</type>
                    <uuids/>
                </item>
                <item>
                    <type>adminSetting</type>
                    <uuids/>
                </item>
                <item>
                    <type>thirdPartyCredentials</type>
                    <uuids/>
                </item>
                <item>
                    <type>dataSource</type>
                    <uuids/>
                </item>
            </globalIdMap>
        </associatedApplications>
    </application>
    <roleMap>
        <contentRoleMap public="true">
            <role allowForAll="false" inherit="false" name="readers">
                <users/>
                <groups/>
            </role>
            <role allowForAll="false" inherit="false" name="authors">
                <users/>
                <groups/>
            </role>
            <role allowForAll="false" inherit="false" name="administrators">
                <users>
                    <userUuid>katie.hsu</userUuid>
                </users>
                <groups/>
            </role>
            <role allowForAll="false" inherit="false" name="denyReaders">
                <users/>
                <groups/>
            </role>
            <role allowForAll="false" inherit="false" name="denyAuthors">
                <users/>
                <groups/>
            </role>
            <role allowForAll="false" inherit="false" name="denyAdministrators">
                <users/>
                <groups/>
            </role>
        </contentRoleMap>
    </roleMap>
</applicationHaul>
