<?xml version="1.0" encoding="UTF-8" standalone="yes"?>
<applicationHaul xmlns:a="http://www.appian.com/ae/types/2009">
    <application>
        <name>Help - Data Stores and CDTs</name>
        <uuid>_a-0000dd72-ed8d-8000-9ba2-011c48011c48_23844</uuid>
        <description>Data stores and CDTs for the Help application</description>
        <parentUuid>SYSTEM_APPLICATIONS_ROOT</parentUuid>
        <visibility>
            <advertise>false</advertise>
            <hierarchy>true</hierarchy>
            <indexable>true</indexable>
            <quota>false</quota>
            <searchable>true</searchable>
            <system>false</system>
            <unlogged>false</unlogged>
        </visibility>
        <urlIdentifier>fu_M2g</urlIdentifier>
        <published>false</published>
        <public>false</public>
        <associatedObjects>
            <globalIdMap>
                <item>
                    <type>datatype</type>
                    <uuids>
                        <uuid>{urn:com:appian:types:HELP}HELP_Resource</uuid>
                        <uuid>{urn:com:appian:types:HELP}HELP_R_Resource_Category</uuid>
                        <uuid>{urn:com:appian:types:HELP}HELP_R_Resource_Tag</uuid>
                        <uuid>{urn:com:appian:types:HELP}HELP_R_Resource_Type</uuid>
                        <uuid>{urn:com:appian:types:HELP}HELP_R_Resource_Sub_Category</uuid>
                        <uuid>{urn:com:appian:types:HELP}HELP_V_Resource</uuid>
                        <uuid>{urn:com:appian:types:HELP}HELP_Resource_Link</uuid>
                        <uuid>{urn:com:appian:types:HELP}HELP_Resource_File</uuid>
                        <uuid>{urn:com:appian:types:HELP}HELP_R_Resource_Status</uuid>
                        <uuid>{urn:com:appian:types:HELP}HELP_Resource_Search</uuid>
                        <uuid>{urn:com:appian:types:HELP}HELP_Resource_Comment</uuid>
                        <uuid>{urn:com:appian:types:HELP}HELP_Resource_Rating</uuid>
                    </uuids>
                </item>
                <item>
                    <type>dataStore</type>
                    <uuids>
                        <uuid>_a-0000dd4b-0482-8000-9ba2-011c48011c48_16429</uuid>
                        <uuid>_a-0000dd4b-0482-8000-9ba2-011c48011c48_16431</uuid>
                        <uuid>_a-0000dd4b-0482-8000-9ba2-011c48011c48_16432</uuid>
                    </uuids>
                </item>
                <item>
                    <type>user</type>
                    <uuids/>
                </item>
                <item>
                    <type>groupType</type>
                    <uuids/>
                </item>
                <item>
                    <type>group</type>
                    <uuids>
                        <uuid>_e-0000dd3b-5dde-8000-9aee-01075c01075c_107</uuid>
                        <uuid>_e-0000dd3b-5dde-8000-9aee-01075c01075c_108</uuid>
                        <uuid>_e-0000dd3b-5dde-8000-9aee-01075c01075c_109</uuid>
                        <uuid>_e-0000dd3b-5dde-8000-9aee-01075c01075c_110</uuid>
                        <uuid>_e-0000dd71-43cb-8000-9aee-01075c01075c_111</uuid>
                        <uuid>_e-0000dd72-ed8c-8000-9aee-01075c01075c_113</uuid>
                        <uuid>_e-0000dd72-ed8c-8000-9aee-01075c01075c_112</uuid>
                    </uuids>
                </item>
                <item>
                    <type>content</type>
                    <uuids/>
                </item>
                <item>
                    <type>forum</type>
                    <uuids/>
                </item>
                <item>
                    <type>processModelFolder</type>
                    <uuids/>
                </item>
                <item>
                    <type>processModel</type>
                    <uuids/>
                </item>
                <item>
                    <type>portlet</type>
                    <uuids/>
                </item>
                <item>
                    <type>page</type>
                    <uuids/>
                </item>
                <item>
                    <type>application</type>
                    <uuids/>
                </item>
                <item>
                    <type>tempoFeed</type>
                    <uuids/>
                </item>
                <item>
                    <type>recordType</type>
                    <uuids/>
                </item>
                <item>
                    <type>tempoReport</type>
                    <uuids/>
                </item>
                <item>
                    <type>taskReport</type>
                    <uuids/>
                </item>
                <item>
                    <type>webApi</type>
                    <uuids/>
                </item>
                <item>
                    <type>site</type>
                    <uuids/>
                </item>
                <item>
                    <type>adminSetting</type>
                    <uuids/>
                </item>
                <item>
                    <type>thirdPartyCredentials</type>
                    <uuids/>
                </item>
                <item>
                    <type>dataSource</type>
                    <uuids/>
                </item>
            </globalIdMap>
        </associatedObjects>
        <applicationNavigation/>
        <applicationActions/>
        <associatedApplications>
            <globalIdMap>
                <item>
                    <type>datatype</type>
                    <uuids/>
                </item>
                <item>
                    <type>dataStore</type>
                    <uuids/>
                </item>
                <item>
                    <type>user</type>
                    <uuids/>
                </item>
                <item>
                    <type>groupType</type>
                    <uuids/>
                </item>
                <item>
                    <type>group</type>
                    <uuids/>
                </item>
                <item>
                    <type>content</type>
                    <uuids/>
                </item>
                <item>
                    <type>forum</type>
                    <uuids/>
                </item>
                <item>
                    <type>processModelFolder</type>
                    <uuids/>
                </item>
                <item>
                    <type>processModel</type>
                    <uuids/>
                </item>
                <item>
                    <type>portlet</type>
                    <uuids/>
                </item>
                <item>
                    <type>page</type>
                    <uuids/>
                </item>
                <item>
                    <type>application</type>
                    <uuids/>
                </item>
                <item>
                    <type>tempoFeed</type>
                    <uuids/>
                </item>
                <item>
                    <type>recordType</type>
                    <uuids/>
                </item>
                <item>
                    <type>tempoReport</type>
                    <uuids/>
                </item>
                <item>
                    <type>taskReport</type>
                    <uuids/>
                </item>
                <item>
                    <type>webApi</type>
                    <uuids/>
                </item>
                <item>
                    <type>site</type>
                    <uuids/>
                </item>
                <item>
                    <type>adminSetting</type>
                    <uuids/>
                </item>
                <item>
                    <type>thirdPartyCredentials</type>
                    <uuids/>
                </item>
                <item>
                    <type>dataSource</type>
                    <uuids/>
                </item>
            </globalIdMap>
        </associatedApplications>
    </application>
    <roleMap>
        <contentRoleMap public="true">
            <role allowForAll="false" inherit="false" name="readers">
                <users/>
                <groups/>
            </role>
            <role allowForAll="false" inherit="false" name="authors">
                <users/>
                <groups/>
            </role>
            <role allowForAll="false" inherit="false" name="administrators">
                <users>
                    <userUuid>eric.schiavo</userUuid>
                </users>
                <groups/>
            </role>
            <role allowForAll="false" inherit="false" name="denyReaders">
                <users/>
                <groups/>
            </role>
            <role allowForAll="false" inherit="false" name="denyAuthors">
                <users/>
                <groups/>
            </role>
            <role allowForAll="false" inherit="false" name="denyAdministrators">
                <users/>
                <groups/>
            </role>
        </contentRoleMap>
    </roleMap>
</applicationHaul>
