<?xml version="1.0" encoding="UTF-8" standalone="yes"?>
<groupHaul xmlns:a="http://www.appian.com/ae/types/2009">
    <group>
        <name>EFM All Users</name>
        <securityMap>SECURITYMAP_TEAM</securityMap>
        <uuid>_e-0000dd29-17a1-8000-9aee-01075c01075c_100</uuid>
        <groupTypeUuid>SYSTEM_GROUP_TYPE_CUSTOM</groupTypeUuid>
        <description></description>
        <delegatedCreation>false</delegatedCreation>
        <memberPolicy>MEMBERPOLICY_CLOSED</memberPolicy>
        <viewingPolicy>VIEWINGPOLICY_LOW</viewingPolicy>
        <attributes/>
    </group>
    <members>
        <users/>
        <groups>
            <groupUuid>_e-0000dd29-17a1-8000-9aee-01075c01075c_101</groupUuid>
        </groups>
    </members>
    <admins>
        <users>
            <userUuid>michael.lasutschinkow</userUuid>
        </users>
        <groups>
            <groupUuid>_e-0000dd29-17a1-8000-9aee-01075c01075c_101</groupUuid>
        </groups>
    </admins>
    <ruleSet/>
</groupHaul>
