<?xml version="1.0" encoding="UTF-8" standalone="yes"?>
<recordTypeHaul xmlns:a="http://www.appian.com/ae/types/2009">
    <recordType name="IT System" a:uuid="f6cc53e9-e301-4a3f-84f4-c1748a200a7c">
        <a:pluralName>IT Systems</a:pluralName>
        <a:description>IT Systems used throughout the organization</a:description>
        <a:urlStub>Ypvj-A</a:urlStub>
        <a:source xmlns:xsi="http://www.w3.org/2001/XMLSchema-instance" xsi:type="a:DataStoreEntity" a:uuid="021d5b51-812a-42c1-88e4-30ba94d8e88e@_a-0000dd4b-0482-8000-9ba2-011c48011c48_16942"/>
        <a:listViewTemplateExpr>#&quot;SYSTEM_SYSRULES_recordGridLayoutColumns&quot;(
  columns: {
    #&quot;SYSTEM_SYSRULES_gridLayoutColumn&quot;(
      label: &quot;Name&quot;,
      weight: 4,
      component: #&quot;SYSTEM_SYSRULES_recordGrid_linkField&quot;(
        links: #&quot;SYSTEM_SYSRULES_recordLink&quot;(   
          label: rf!name,
          recordType: rp!type,
          identifier: rp!id
        )
      )
    ),
    #&quot;SYSTEM_SYSRULES_gridLayoutColumn&quot;(
      label: &quot;Description&quot;,
      weight: 6,
      component: #&quot;SYSTEM_SYSRULES_recordGrid_textField&quot;(
        displayValue: rf!description
      )
    ),
    #&quot;SYSTEM_SYSRULES_gridLayoutColumn&quot;(
      label: &quot;Version&quot;,
      weight: 3,
      component: #&quot;SYSTEM_SYSRULES_recordGrid_textField&quot;(
        displayValue: rf!version
      )
    ),
    #&quot;SYSTEM_SYSRULES_gridLayoutColumn&quot;(
      label: &quot;Status&quot;,
      width: &quot;DISTRIBUTE&quot;,
      weight: 2,
      component: #&quot;SYSTEM_SYSRULES_recordGrid_imageField&quot;(
        images: choose(rf!statusId,         
        #&quot;SYSTEM_SYSRULES_documentImage&quot;(document: #&quot;SYSTEM_SYSRULES_iconIndicator&quot;(&quot;STATUS_OK&quot;), caption: rf!statusLabel),
        #&quot;SYSTEM_SYSRULES_documentImage&quot;(document: #&quot;SYSTEM_SYSRULES_iconIndicator&quot;(&quot;STATUS_WARN&quot;), caption: rf!statusLabel),
        #&quot;SYSTEM_SYSRULES_documentImage&quot;(document: #&quot;SYSTEM_SYSRULES_iconIndicator&quot;(&quot;STATUS_NOTDONE&quot;), caption: rf!statusLabel)),
        size: &quot;ICON&quot;
      )
    ),
    #&quot;SYSTEM_SYSRULES_gridLayoutColumn&quot;(
      label: &quot;Executive Sponsor&quot;,
      weight: 3,
      component: #&quot;SYSTEM_SYSRULES_recordGrid_textField&quot;(
        displayvalue: rf!executiveSponsorName
      )
    ),
    #&quot;SYSTEM_SYSRULES_gridLayoutColumn&quot;(
      label: &quot;Business Owner&quot;,
      weight: 3,
      component: #&quot;SYSTEM_SYSRULES_recordGrid_textField&quot;(
        displayvalue: rf!businessOwnerName
      )
    )  
  },
  pageSize: 50,
  defaultSort: #&quot;SYSTEM_SYSRULES_sortInfo&quot;(
    field: &quot;name&quot;,
    ascending: fn!true()
  )
)</a:listViewTemplateExpr>
        <a:fieldCfg name="Status">
            <a:isSortable>false</a:isSortable>
            <a:isSearchable>false</a:isSearchable>
            <a:isFacet>true</a:isFacet>
            <a:facetType>EXPRESSION</a:facetType>
            <a:isExclusiveFacet>true</a:isExclusiveFacet>
            <a:facetExpr>load(
  local!status: #&quot;_a-0000dd4b-0482-8000-9ba2-011c48011c48_17090&quot;(
    type: &quot;SYSTEM_STATUS&quot;
  ).data,
  #&quot;SYSTEM_SYSRULES_facet&quot;(
    name: &quot;Status&quot;,
    options: #&quot;SYSTEM_SYSRULES_applyComponents&quot;(
      function: #&quot;SYSTEM_SYSRULES_facetOption&quot;(
        id: _,
        name: _,
        filter: _
      ),
      array: merge(

        local!status.id,
        local!status.label,
        #&quot;SYSTEM_SYSRULES_applyComponents&quot;(
          function: #&quot;SYSTEM_SYSRULES_queryFilter&quot;(
            field: &quot;statusId&quot;,
            operator: &quot;=&quot;,
            value: _
          ),
          array: local!status.id
        )
      )
    )
  )
)</a:facetExpr>
            <a:sortOrderIndex>0</a:sortOrderIndex>
            <a:facetOrderIndex>0</a:facetOrderIndex>
            <a:visibilityExpr></a:visibilityExpr>
            <a:defaultOptionExpr></a:defaultOptionExpr>
        </a:fieldCfg>
        <a:detailViewCfg>
            <a:nameExpr>=&quot;Summary&quot;</a:nameExpr>
            <a:uiExpr>#&quot;_a-0000dd4b-0482-8000-9ba2-011c48011c48_18753&quot;(
  systemId: rf!systemId,
  executiveSponsorName: rf!executiveSponsorName,
  statusLabel: rf!statusLabel,
  recentReleaseDate: rf!recentReleaseDate,
  pocName: rf!pocName,
  initialReleaseDate: rf!initialReleaseDate,
  itOwnerName: rf!itOwnerName,
  version: rf!version,
  compliant: rf!compliant,
  businessOwnerName: rf!businessOwnerName,
  description: rf!description,
  pocOfficePhone: rf!pocOfficePhone,
  pocEmail: rf!pocEmail,
  recordTypeId: #&quot;_a-0000dd8b-d239-8000-9ba2-011c48011c48_28045&quot;
)</a:uiExpr>
            <a:visibilityExpr>=true()</a:visibilityExpr>
            <a:urlStub>summary</a:urlStub>
            <a:headerExpr></a:headerExpr>
            <a:relatedActionCfg>1327eb4d-fa57-4ae8-9c72-879d05f9328f</a:relatedActionCfg>
            <a:relatedActionCfg>4c17c8ec-f21b-4f60-bc28-7f176d5c23f7</a:relatedActionCfg>
            <a:relatedActionCfg>e067c2fe-6f68-4910-9d63-6d5b1d1e10f3</a:relatedActionCfg>
            <a:relatedActionCfg>62723017-98b7-48ec-9fcd-5348834f3db7</a:relatedActionCfg>
        </a:detailViewCfg>
        <a:detailViewCfg>
            <a:nameExpr>&quot;Technical Details&quot;</a:nameExpr>
            <a:uiExpr>#&quot;_a-0000dd4b-0482-8000-9ba2-011c48011c48_17257&quot;()</a:uiExpr>
            <a:visibilityExpr>=true()</a:visibilityExpr>
            <a:urlStub>_q34ZcQ</a:urlStub>
            <a:headerExpr></a:headerExpr>
            <a:relatedActionCfg>229a2bad-c85c-4586-ab9a-145677cc2a6f</a:relatedActionCfg>
        </a:detailViewCfg>
        <a:detailViewCfg>
            <a:nameExpr>&quot;Releases&quot;</a:nameExpr>
            <a:uiExpr>#&quot;_a-0000dd4b-0482-8000-9ba2-011c48011c48_17270&quot;()</a:uiExpr>
            <a:visibilityExpr>=true()</a:visibilityExpr>
            <a:urlStub>_fp-8dw</a:urlStub>
            <a:headerExpr></a:headerExpr>
            <a:relatedActionCfg>2e1e7ed8-dbf9-431f-8a83-63af9ed0c9f8</a:relatedActionCfg>
        </a:detailViewCfg>
        <a:detailViewCfg>
            <a:nameExpr>&quot;Administration&quot;</a:nameExpr>
            <a:uiExpr>#&quot;_a-0000dd4b-0482-8000-9ba2-011c48011c48_17299&quot;()</a:uiExpr>
            <a:visibilityExpr>=true()</a:visibilityExpr>
            <a:urlStub>_Zwr9-g</a:urlStub>
            <a:headerExpr></a:headerExpr>
            <a:relatedActionCfg>b8d7d889-1fb9-4ca9-95e4-d22594628d54</a:relatedActionCfg>
        </a:detailViewCfg>
        <a:detailViewCfg>
            <a:nameExpr>&quot;Environments&quot;</a:nameExpr>
            <a:uiExpr>#&quot;_a-0000dd8b-d239-8000-9ba2-011c48011c48_28130&quot;()</a:uiExpr>
            <a:visibilityExpr>=true()</a:visibilityExpr>
            <a:urlStub>_OxXz-w</a:urlStub>
            <a:headerExpr></a:headerExpr>
            <a:relatedActionCfg>97c7aa78-756f-46ff-964d-9f96f14de251</a:relatedActionCfg>
        </a:detailViewCfg>
        <a:detailViewCfg>
            <a:nameExpr>&quot;Workflows&quot;</a:nameExpr>
            <a:uiExpr>#&quot;_a-0000dd72-ed8d-8000-9ba2-011c48011c48_26397&quot;(
  recordTypeId: #&quot;_a-0000dd8b-d239-8000-9ba2-011c48011c48_28045&quot;,
  recordId: rp!id
)</a:uiExpr>
            <a:visibilityExpr>=true()</a:visibilityExpr>
            <a:urlStub>_IY_JoQ</a:urlStub>
            <a:headerExpr></a:headerExpr>
        </a:detailViewCfg>
        <a:detailViewCfg>
            <a:nameExpr>&quot;Audit&quot;</a:nameExpr>
            <a:uiExpr>#&quot;_a-0000dd8b-d239-8000-9ba2-011c48011c48_28167&quot;()</a:uiExpr>
            <a:visibilityExpr>=true()</a:visibilityExpr>
            <a:urlStub>__8Dlbw</a:urlStub>
            <a:headerExpr></a:headerExpr>
        </a:detailViewCfg>
        <a:detailViewCfg>
            <a:nameExpr>&quot;Documents&quot;</a:nameExpr>
            <a:uiExpr>#&quot;_a-0000dd8b-d239-8000-9ba2-011c48011c48_28480&quot;()</a:uiExpr>
            <a:visibilityExpr>=true()</a:visibilityExpr>
            <a:urlStub>_3gUL0w</a:urlStub>
            <a:headerExpr></a:headerExpr>
            <a:relatedActionCfg>37ca9df2-73f9-4af0-8c7b-e1faf0f67e51</a:relatedActionCfg>
        </a:detailViewCfg>
        <a:relatedActionCfg>
            <a:target xmlns:xsi="http://www.w3.org/2001/XMLSchema-instance" xsi:type="a:ProcessModel" a:uuid="0002dd79-52dd-8000-f92f-7f0000014e7a"/>
            <a:contextExpr>{
  system_record_cdt: #&quot;f3a679ee-c26e-4b40-bab3-c308bf627da0&quot;(rf!systemId)
}</a:contextExpr>
            <a:visibilityExpr>rf!statusId=#&quot;_a-0000dd72-ed8d-8000-9ba2-011c48011c48_24189&quot;</a:visibilityExpr>
            <a:refId>1327eb4d-fa57-4ae8-9c72-879d05f9328f</a:refId>
        </a:relatedActionCfg>
        <a:relatedActionCfg>
            <a:target xmlns:xsi="http://www.w3.org/2001/XMLSchema-instance" xsi:type="a:ProcessModel" a:uuid="0002dd7b-eda8-8000-f92f-7f0000014e7a"/>
            <a:contextExpr>{
  outage_cdt: #&quot;_a-0000dd72-ed8d-8000-9ba2-011c48011c48_24186&quot;(rf!systemId)
}</a:contextExpr>
            <a:visibilityExpr>not(rf!statusId=#&quot;_a-0000dd72-ed8d-8000-9ba2-011c48011c48_24189&quot;)</a:visibilityExpr>
            <a:refId>4c17c8ec-f21b-4f60-bc28-7f176d5c23f7</a:refId>
        </a:relatedActionCfg>
        <a:relatedActionCfg>
            <a:target xmlns:xsi="http://www.w3.org/2001/XMLSchema-instance" xsi:type="a:ProcessModel" a:uuid="0002dd86-a839-8000-f92f-7f0000014e7a"/>
            <a:contextExpr>{&#xD;
  systemId: rf!systemId,&#xD;
  systemName: rf!name&#xD;
}</a:contextExpr>
            <a:visibilityExpr>=true()</a:visibilityExpr>
            <a:refId>229a2bad-c85c-4586-ab9a-145677cc2a6f</a:refId>
        </a:relatedActionCfg>
        <a:relatedActionCfg>
            <a:target xmlns:xsi="http://www.w3.org/2001/XMLSchema-instance" xsi:type="a:ProcessModel" a:uuid="0002dd8b-c48a-8000-f92f-7f0000014e7a"/>
            <a:contextExpr>{
  systemId: rp!id,
  systemName: rf!name
}</a:contextExpr>
            <a:visibilityExpr>=true()</a:visibilityExpr>
            <a:refId>2e1e7ed8-dbf9-431f-8a83-63af9ed0c9f8</a:refId>
        </a:relatedActionCfg>
        <a:relatedActionCfg>
            <a:target xmlns:xsi="http://www.w3.org/2001/XMLSchema-instance" xsi:type="a:ProcessModel" a:uuid="0005dd82-68a4-8000-f92f-7f0000014e7a"/>
            <a:contextExpr>{
  recordTypeId: #&quot;_a-0000dd8b-d239-8000-9ba2-011c48011c48_28045&quot;,
  recordId: rp!id
}</a:contextExpr>
            <a:visibilityExpr>=true()</a:visibilityExpr>
            <a:refId>e067c2fe-6f68-4910-9d63-6d5b1d1e10f3</a:refId>
        </a:relatedActionCfg>
        <a:relatedActionCfg>
            <a:target xmlns:xsi="http://www.w3.org/2001/XMLSchema-instance" xsi:type="a:ProcessModel" a:uuid="0002dd97-76bf-8000-f92f-7f0000014e7a"/>
            <a:contextExpr>{&#xD;
systemId: rp!id,&#xD;
systemName: rf!name&#xD;
}</a:contextExpr>
            <a:visibilityExpr>=true()</a:visibilityExpr>
            <a:refId>b8d7d889-1fb9-4ca9-95e4-d22594628d54</a:refId>
        </a:relatedActionCfg>
        <a:relatedActionCfg>
            <a:target xmlns:xsi="http://www.w3.org/2001/XMLSchema-instance" xsi:type="a:ProcessModel" a:uuid="0002dd97-e145-8000-f92f-7f0000014e7a"/>
            <a:contextExpr>{
  systemId: rf!systemId,
  name: rf!name
}</a:contextExpr>
            <a:visibilityExpr>=true()</a:visibilityExpr>
            <a:refId>97c7aa78-756f-46ff-964d-9f96f14de251</a:refId>
        </a:relatedActionCfg>
        <a:relatedActionCfg>
            <a:target xmlns:xsi="http://www.w3.org/2001/XMLSchema-instance" xsi:type="a:ProcessModel" a:uuid="0002dd98-cc97-8000-f92f-7f0000014e7a"/>
            <a:contextExpr>{&#xD;
systemId: rf!systemId,&#xD;
systemName: rf!name&#xD;
}</a:contextExpr>
            <a:visibilityExpr>=true()</a:visibilityExpr>
            <a:refId>37ca9df2-73f9-4af0-8c7b-e1faf0f67e51</a:refId>
        </a:relatedActionCfg>
        <a:relatedActionCfg>
            <a:target xmlns:xsi="http://www.w3.org/2001/XMLSchema-instance" xsi:type="a:ProcessModel" a:uuid="0002dd9f-b889-8000-f92f-7f0000014e7a"/>
            <a:contextExpr>{system: #&quot;ebdbba88-2a03-4554-98ca-d6079851d268&quot;(rf!systemId)}</a:contextExpr>
            <a:visibilityExpr>=true()</a:visibilityExpr>
            <a:refId>62723017-98b7-48ec-9fcd-5348834f3db7</a:refId>
        </a:relatedActionCfg>
        <a:isSystem>false</a:isSystem>
        <a:dataSrcExpr></a:dataSrcExpr>
        <a:facetsListExpr></a:facetsListExpr>
        <a:titleExpr>rf!name</a:titleExpr>
        <a:defaultFiltersExpr></a:defaultFiltersExpr>
        <a:layoutType>GRID</a:layoutType>
        <a:security>16383</a:security>
    </recordType>
    <roleMap>
        <role name="record_type_administrator">
            <users/>
            <groups>
                <groupUuid>_e-0000dd3b-5dde-8000-9aee-01075c01075c_103</groupUuid>
            </groups>
        </role>
        <role name="record_type_viewer">
            <users/>
            <groups>
                <groupUuid>_e-0000dd3b-5dde-8000-9aee-01075c01075c_102</groupUuid>
            </groups>
        </role>
    </roleMap>
</recordTypeHaul>
