<?xml version="1.0" encoding="UTF-8" standalone="yes"?>
<contentHaul xmlns:a="http://www.appian.com/ae/types/2009">
    <rule>
        <name>HELP_SCT_ResourceReport_filters</name>
        <uuid>_a-0000dd4b-0482-8000-9ba2-011c48011c48_20354</uuid>
        <description>Resource Report filters section</description>
        <parentUuid>_a-0000dd4b-0482-8000-9ba2-011c48011c48_20350</parentUuid>
        <visibility>
            <advertise>false</advertise>
            <hierarchy>true</hierarchy>
            <indexable>true</indexable>
            <quota>false</quota>
            <searchable>true</searchable>
            <system>false</system>
            <unlogged>false</unlogged>
        </visibility>
        <definition>load(
  local!tags: &quot;tags&quot;,
  local!additionalFields: &quot;additionalFields&quot;,
  #&quot;SYSTEM_SYSRULES_sectionLayout&quot;(
    label: &quot;Filters&quot;,
    isCollapsible: true,
    isInitiallyCollapsed: true,
    firstColumnContents: {
      #&quot;_a-0000dd0d-462c-8000-9ba2-011c48011c48_3690&quot;(
        label: &quot;Name&quot;,
        value: ri!resource_search_cdt.name,
        saveInto: ri!resource_search_cdt.name
      ),
      #&quot;_a-0000dd0d-462c-8000-9ba2-011c48011c48_3685&quot;(
        label: &quot;Type&quot;,
        choiceLabels: ri!r_resourceType_cdt.typeName,
        choiceValues: ri!r_resourceType_cdt.typeId,
        placeholderLabel: #&quot;_a-0000dd0d-462c-8000-9ba2-011c48011c48_4728&quot;,
        value: tointeger(ri!resource_search_cdt.typeId),
        saveInto: ri!resource_search_cdt.typeId,
        readOnly: false
      ),
      #&quot;_a-0000dd0d-462c-8000-9ba2-011c48011c48_3685&quot;(
        label: &quot;Category&quot;,
        choiceLabels: ri!r_resourceCategory_cdt.categoryName,
        choiceValues: ri!r_resourceCategory_cdt.categoryId,
        placeholderLabel: #&quot;_a-0000dd0d-462c-8000-9ba2-011c48011c48_4728&quot;,
        value: tointeger(ri!resource_search_cdt.categoryId),
        saveInto: {
          ri!resource_search_cdt.categoryId,
          a!save(ri!resource_search_cdt.subCategoryId, null),
          a!save(ri!r_resourceSubCategory_cdt,
            if(isnull(ri!resource_search_cdt.categoryId),
              null,
              #&quot;_a-0000dd4b-0482-8000-9ba2-011c48011c48_18135&quot;(categoryId: ri!resource_search_cdt.categoryId).data
            )
          )
        }
      ),
      if(#&quot;2168a5de-fb70-4d66-8b97-b547e3ac6e57&quot;(ri!r_resourceSubCategory_cdt),
        {},
        #&quot;_a-0000dd0d-462c-8000-9ba2-011c48011c48_3685&quot;(
          label: &quot;Sub-Category&quot;,
          choiceLabels: ri!r_resourceSubCategory_cdt.subCategoryName,
          choiceValues: ri!r_resourceSubCategory_cdt.subCategoryId,
          placeholderLabel: #&quot;_a-0000dd0d-462c-8000-9ba2-011c48011c48_4728&quot;,
          value: tointeger(ri!resource_search_cdt.subCategoryId),
          saveInto: ri!resource_search_cdt.subCategoryId
        )
      ),
      /*
      rule!AF_CMPT_General_radioButtonField(
        label: &quot;Status&quot;,
        choiceLabels: ri!r_resourceStatus_cdt.value,
        choiceValues: ri!r_resourceStatus_cdt.statusId,
        value: ri!resource_search_cdt.statusId,
        saveInto: ri!resource_search_cdt.statusId,
        choiceLayout: &quot;COMPACT&quot;
      ),
      if(ri!additionalFilters=local!additionalFields,
        rule!AF_CMPT_General_radioButtonField(
          label: &quot;Internal Use Only?&quot;,
          choiceLabels: {&quot;Yes&quot;, &quot;No&quot;},
          choiceValues: {true, false},
          value: ri!resource_search_cdt.internalFlag,
          saveInto: ri!resource_search_cdt.internalFlag,
          choiceLayout: &quot;COMPACT&quot;
        ),
        {}
      ),*/
      #&quot;_a-0000dd0d-462c-8000-9ba2-011c48011c48_3692&quot;(
        label: &quot;Advanced Search Options&quot;,
        choiceLabels: {&quot;Tags&quot;, &quot;Additional Fields&quot;},
        choiceValues: {&quot;tags&quot;, &quot;additionalFields&quot;},
        value: ri!additionalFilters,
        saveInto: {ri!additionalFilters,
          if(ri!additionalFilters=&quot;tags&quot;,
            {
              a!save(ri!resource_search_cdt.createdFrom,null),
              a!save(ri!resource_search_cdt.createdTo,null),
              a!save(ri!resource_search_cdt.modifiedFrom,null),
              a!save(ri!resource_search_cdt.modifiedTo,null)
            },
            a!save(ri!resource_search_cdt.tagIds,null)
          )
        }
      )
    },
    secondColumnContents: {
      #&quot;_a-0000dd0d-462c-8000-9ba2-011c48011c48_3690&quot;(
        label: &quot;Summary&quot;,
        value: ri!resource_search_cdt.summary,
        saveInto: ri!resource_search_cdt.summary
      ), 
      #&quot;_a-0000dd0d-462c-8000-9ba2-011c48011c48_3687&quot;(
        label: &quot;Description&quot;,
        value: ri!resource_search_cdt.description,
        saveInto: ri!resource_search_cdt.description,
        height: &quot;SHORT&quot;
      ),
      if(ri!additionalFilters=local!tags,
        #&quot;SYSTEM_SYSRULES_pickerFieldCustom&quot;(
          label: &quot;Tags&quot;,
          suggestFunction: #&quot;_a-0000dd4b-0482-8000-9ba2-011c48011c48_20384&quot;(
            typedText: _, labels: ri!r_tags_cdt.tagName, identifiers: ri!r_tags_cdt.tagId
          ),
          selectedLabels: apply(displayvalue(_, ri!r_tags_cdt.tagId, ri!r_tags_cdt.tagName, null), ri!resource_search_cdt.tagIds),
          value: ri!resource_search_cdt.tagIds,
          saveInto: {
            a!save(ri!resource_search_cdt.tagIds,
                #&quot;e57d1b56-e5e7-4299-971b-a957bf16eafa&quot;(save!value)
            )
          }
        ),
        {}
      ),
      if(ri!additionalFilters=local!additionalFields,
        #&quot;0a6ee9ea-8c0f-4e16-871d-f5f408011cc7&quot;(
          dateLabel: &quot;Created&quot;,
          fromDate: ri!resource_search_cdt.createdFrom,
          toDate: ri!resource_search_cdt.createdTo,
          fromAdditionalSaveInto: ri!resource_search_cdt.createdFrom,
          toAdditionialSaveInto: ri!resource_search_cdt.createdTo
        ),
        {}
      ),  
      If(ri!additionalFilters=local!additionalFields,
          #&quot;0a6ee9ea-8c0f-4e16-871d-f5f408011cc7&quot;(
          dateLabel: &quot;Modified&quot;,
          fromDate: ri!resource_search_cdt.modifiedFrom,
          toDate: ri!resource_search_cdt.modifiedTo
          ),
          {}
      ),
      #&quot;_a-0000dd0d-462c-8000-9ba2-011c48011c48_5659&quot;(
        resetSaveInto: {
          a!save(ri!resource_search_cdt, 'type!{urn:com:appian:types:HELP}HELP_Resource_Search'(statusId:#&quot;_a-0000dd4b-0482-8000-9ba2-011c48011c48_20443&quot;)),
          a!save(ri!additionalFilters, null),
          a!save(ri!vResourceDatasubset, #&quot;_a-0000dd4b-0482-8000-9ba2-011c48011c48_20351&quot;(resource_search_cdt: ri!resource_search_cdt, pagingInfo: ri!pagingInfo)) 
        },
        searchSaveInto: {
          a!save(
            ri!pagingInfo,
            #&quot;SYSTEM_SYSRULES_pagingInfo&quot;(
              startIndex: 1, 
              batchSize: ri!pagingInfo.batchSize,
              sort: ri!pagingInfo.sort
            )
          ),
          a!save(
            ri!vResourceDatasubset,
            if(#&quot;2168a5de-fb70-4d66-8b97-b547e3ac6e57&quot;(ri!resource_search_cdt.tagIds),
              #&quot;_a-0000dd4b-0482-8000-9ba2-011c48011c48_20351&quot;(resource_search_cdt: ri!resource_search_cdt, pagingInfo: ri!pagingInfo),
              #&quot;_a-0000dd4b-0482-8000-9ba2-011c48011c48_20333&quot;(
                name: ri!resource_search_cdt.name,
                categoryId: ri!resource_search_cdt.categoryId,
                subCategoryId: ri!resource_search_cdt.subCategoryId,
                typeId: ri!resource_search_cdt.typeId,
                summary: ri!resource_search_cdt.summary,
                description: ri!resource_search_Cdt.description,
                statusId: #&quot;_a-0000dd4b-0482-8000-9ba2-011c48011c48_20443&quot;,
                tagIds: ri!resource_search_cdt.tagIds, 
                pagingInfo: ri!pagingInfo
              )
            )
          )
        }
      )
    }
  )
)</definition>
        <namedTypedValue>
            <name>resource_search_cdt</name>
            <type>
                <name>HELP_Resource_Search</name>
                <namespace>urn:com:appian:types:HELP</namespace>
            </type>
        </namedTypedValue>
        <namedTypedValue>
            <name>r_resourceType_cdt</name>
            <type>
                <name>HELP_R_Resource_Type?list</name>
                <namespace>urn:com:appian:types:HELP</namespace>
            </type>
        </namedTypedValue>
        <namedTypedValue>
            <name>r_resourceSubCategory_cdt</name>
            <type>
                <name>HELP_R_Resource_Sub_Category?list</name>
                <namespace>urn:com:appian:types:HELP</namespace>
            </type>
        </namedTypedValue>
        <namedTypedValue>
            <name>r_resourceCategory_cdt</name>
            <type>
                <name>HELP_R_Resource_Category?list</name>
                <namespace>urn:com:appian:types:HELP</namespace>
            </type>
        </namedTypedValue>
        <namedTypedValue>
            <name>additionalFilters</name>
            <type>
                <name>string</name>
                <namespace>http://www.w3.org/2001/XMLSchema</namespace>
            </type>
            <value/>
        </namedTypedValue>
        <namedTypedValue>
            <name>r_tags_cdt</name>
            <type>
                <name>HELP_R_Resource_Tag?list</name>
                <namespace>urn:com:appian:types:HELP</namespace>
            </type>
        </namedTypedValue>
        <namedTypedValue>
            <name>pagingInfo</name>
            <type>
                <name>PagingInfo</name>
                <namespace>http://www.appian.com/ae/types/2009</namespace>
            </type>
        </namedTypedValue>
        <namedTypedValue>
            <name>vResourceDatasubset</name>
            <type>
                <name>DataSubset</name>
                <namespace>http://www.appian.com/ae/types/2009</namespace>
            </type>
        </namedTypedValue>
        <namedTypedValue>
            <name>r_resourceStatus_cdt</name>
            <type>
                <name>HELP_R_Resource_Status?list</name>
                <namespace>urn:com:appian:types:HELP</namespace>
            </type>
        </namedTypedValue>
        <preferredEditor>interface</preferredEditor>
        <offlineEnabled>false</offlineEnabled>
    </rule>
    <roleMap public="true">
        <role allowForAll="false" inherit="true" name="readers">
            <users/>
            <groups/>
        </role>
        <role allowForAll="false" inherit="true" name="authors">
            <users/>
            <groups/>
        </role>
        <role allowForAll="false" inherit="true" name="administrators">
            <users/>
            <groups/>
        </role>
        <role allowForAll="false" inherit="false" name="denyReaders">
            <users/>
            <groups/>
        </role>
        <role allowForAll="false" inherit="false" name="denyAuthors">
            <users/>
            <groups/>
        </role>
        <role allowForAll="false" inherit="false" name="denyAdministrators">
            <users/>
            <groups/>
        </role>
    </roleMap>
    <typedValue>
        <type>
            <name>RuleTestConfig?list</name>
            <namespace>http://www.appian.com/ae/types/2009</namespace>
        </type>
        <value>
            <el>
                <a:name/>
                <a:ruleInputTestConfigs>
                    <a:value xmlns:n1="urn:com:appian:types:HELP" xmlns:xsi="http://www.w3.org/2001/XMLSchema-instance" xsi:nil="true" xsi:type="n1:HELP_Resource_Search"/>
                    <a:nameRef>resource_search_cdt</a:nameRef>
                    <a:id/>
                </a:ruleInputTestConfigs>
                <a:ruleInputTestConfigs>
                    <a:value xmlns:xsi="http://www.w3.org/2001/XMLSchema-instance" xsi:type="a:Expression">#&quot;_a-0000dd4b-0482-8000-9ba2-011c48011c48_18048&quot;(activeFlg: true).data</a:value>
                    <a:nameRef>r_resourceType_cdt</a:nameRef>
                    <a:id/>
                </a:ruleInputTestConfigs>
                <a:ruleInputTestConfigs>
                    <a:nameRef>r_resourceSubCategory_cdt</a:nameRef>
                    <a:id/>
                </a:ruleInputTestConfigs>
                <a:ruleInputTestConfigs>
                    <a:value xmlns:xsi="http://www.w3.org/2001/XMLSchema-instance" xsi:type="a:Expression">#&quot;_a-0000dd4b-0482-8000-9ba2-011c48011c48_18054&quot;(activeFlg: null).data</a:value>
                    <a:nameRef>r_resourceCategory_cdt</a:nameRef>
                    <a:id/>
                </a:ruleInputTestConfigs>
                <a:ruleInputTestConfigs>
                    <a:value xmlns:xsd="http://www.w3.org/2001/XMLSchema" xmlns:xsi="http://www.w3.org/2001/XMLSchema-instance" xsi:type="xsd:string"/>
                    <a:nameRef>additionalFilters</a:nameRef>
                    <a:id/>
                </a:ruleInputTestConfigs>
                <a:ruleInputTestConfigs>
                    <a:value xmlns:xsi="http://www.w3.org/2001/XMLSchema-instance" xsi:type="a:Expression">#&quot;_a-0000dd4b-0482-8000-9ba2-011c48011c48_18042&quot;(tagId: null).data</a:value>
                    <a:nameRef>r_tags_cdt</a:nameRef>
                    <a:id/>
                </a:ruleInputTestConfigs>
                <a:ruleInputTestConfigs>
                    <a:value xmlns:xsi="http://www.w3.org/2001/XMLSchema-instance" xsi:nil="true" xsi:type="a:PagingInfo"/>
                    <a:nameRef>pagingInfo</a:nameRef>
                    <a:id/>
                </a:ruleInputTestConfigs>
                <a:ruleInputTestConfigs>
                    <a:value xmlns:xsi="http://www.w3.org/2001/XMLSchema-instance" xsi:nil="true" xsi:type="a:DataSubset"/>
                    <a:nameRef>vResourceDatasubset</a:nameRef>
                    <a:id/>
                </a:ruleInputTestConfigs>
                <a:ruleInputTestConfigs>
                    <a:value xmlns:xsi="http://www.w3.org/2001/XMLSchema-instance" xsi:type="a:Expression">#&quot;_a-0000dd4b-0482-8000-9ba2-011c48011c48_19428&quot;(activeFlag: true).data</a:value>
                    <a:nameRef>r_resourceStatus_cdt</a:nameRef>
                    <a:id/>
                </a:ruleInputTestConfigs>
                <a:assertions xmlns:xsi="http://www.w3.org/2001/XMLSchema-instance" xsi:nil="true"/>
            </el>
        </value>
    </typedValue>
</contentHaul>
