<?xml version="1.0" encoding="UTF-8" standalone="yes"?>
<contentHaul xmlns:a="http://www.appian.com/ae/types/2009">
    <rule>
        <name>HELP_QRY_Wrapper_getVResource</name>
        <uuid>_a-0000dd4b-0482-8000-9ba2-011c48011c48_20351</uuid>
        <description>Wrapper rule for HELP_QRY_V_getResource that takes in the search cdt</description>
        <parentUuid>_a-0000dd4b-0482-8000-9ba2-011c48011c48_20350</parentUuid>
        <visibility>
            <advertise>false</advertise>
            <hierarchy>true</hierarchy>
            <indexable>true</indexable>
            <quota>false</quota>
            <searchable>true</searchable>
            <system>false</system>
            <unlogged>false</unlogged>
        </visibility>
        <definition>#&quot;_a-0000dd4b-0482-8000-9ba2-011c48011c48_18370&quot;(
  columns: ri!columns,
  pagingInfo: ri!pagingInfo,
  name: ri!resource_search_cdt.name,
  categoryId: ri!resource_search_Cdt.categoryId,
  subCategoryId: ri!resource_search_cdt.subCategoryId,
  typeId: ri!resource_search_cdt.typeId,
  description: ri!resource_search_cdt.description,
  createdDatetimeFrom: ri!resource_search_cdt.createdFrom,
  createdDatetimeTo: ri!resource_search_cdt.createdTo,
  modifiedDatetimeFrom: ri!resource_search_cdt.modifiedFrom,
  modifiedDatetimeTo: ri!resource_search_cdt.modifiedTo,
  summary: ri!resource_search_cdt.summary,
  internalFlag: ri!resource_search_cdt.internalFlag,
  statusId: ri!resource_search_cdt.statusId
)</definition>
        <namedTypedValue>
            <name>resource_search_cdt</name>
            <type>
                <name>HELP_Resource_Search</name>
                <namespace>urn:com:appian:types:HELP</namespace>
            </type>
        </namedTypedValue>
        <namedTypedValue>
            <name>pagingInfo</name>
            <type>
                <name>PagingInfo</name>
                <namespace>http://www.appian.com/ae/types/2009</namespace>
            </type>
        </namedTypedValue>
        <namedTypedValue>
            <name>columns</name>
            <type>
                <name>Text?list</name>
                <namespace>http://www.appian.com/ae/types/2009</namespace>
            </type>
        </namedTypedValue>
        <preferredEditor>legacy</preferredEditor>
        <offlineEnabled>false</offlineEnabled>
    </rule>
    <roleMap public="true">
        <role allowForAll="false" inherit="true" name="readers">
            <users/>
            <groups/>
        </role>
        <role allowForAll="false" inherit="true" name="authors">
            <users/>
            <groups/>
        </role>
        <role allowForAll="false" inherit="true" name="administrators">
            <users/>
            <groups/>
        </role>
        <role allowForAll="false" inherit="false" name="denyReaders">
            <users/>
            <groups/>
        </role>
        <role allowForAll="false" inherit="false" name="denyAuthors">
            <users/>
            <groups/>
        </role>
        <role allowForAll="false" inherit="false" name="denyAdministrators">
            <users/>
            <groups/>
        </role>
    </roleMap>
</contentHaul>
