<?xml version="1.0" encoding="UTF-8" standalone="yes"?>
<contentHaul xmlns:a="http://www.appian.com/ae/types/2009">
    <rule>
        <name>HELP_QRY_getResourceFile</name>
        <uuid>_a-0000dd4b-0482-8000-9ba2-011c48011c48_19038</uuid>
        <description>Gets HELP_Resource_File</description>
        <parentUuid>_a-0000dd4b-0482-8000-9ba2-011c48011c48_16705</parentUuid>
        <visibility>
            <advertise>false</advertise>
            <hierarchy>true</hierarchy>
            <indexable>true</indexable>
            <quota>false</quota>
            <searchable>true</searchable>
            <system>false</system>
            <unlogged>false</unlogged>
        </visibility>
        <definition>#&quot;fdea6255-5ee8-42a2-bdb1-aace3c917d86&quot;(&#xD;
  entity: #&quot;_a-0000dd4b-0482-8000-9ba2-011c48011c48_19037&quot;,&#xD;
  columns: ri!columns,&#xD;
  logicalExpression: #&quot;SYSTEM_SYSRULES_queryLogicalExpression&quot;(&#xD;
    operator: &quot;AND&quot;,&#xD;
    filters: {&#xD;
      #&quot;SYSTEM_SYSRULES_queryFilter&quot;(field: &quot;fileId&quot;, operator: &quot;not null&quot;),&#xD;
      if(isnull(ri!fileId), {}, #&quot;SYSTEM_SYSRULES_queryFilter&quot;(field: &quot;fileId&quot;, operator: &quot;=&quot;, value: ri!fileId)),&#xD;
      if(isnull(ri!resourceId), {}, #&quot;SYSTEM_SYSRULES_queryFilter&quot;(field: &quot;resourceId&quot;, operator: &quot;=&quot;, value: ri!resourceId)),&#xD;
      if(isnull(ri!appianDocumentId), {}, #&quot;SYSTEM_SYSRULES_queryFilter&quot;(field: &quot;appianDocumentId&quot;, operator: &quot;=&quot;, value: ri!appianDocumentId)),&#xD;
      if(isnull(ri!name), {}, #&quot;SYSTEM_SYSRULES_queryFilter&quot;(field: &quot;name&quot;, operator: &quot;=&quot;, value: ri!name)),&#xD;
      if(isnull(ri!order), {}, #&quot;SYSTEM_SYSRULES_queryFilter&quot;(field: &quot;order&quot;, operator: &quot;=&quot;, value: ri!order)),&#xD;
      if(isnull(ri!summary), {}, #&quot;SYSTEM_SYSRULES_queryFilter&quot;(field: &quot;summary&quot;, operator: &quot;=&quot;, value: ri!summary))&#xD;
    }&#xD;
  ),&#xD;
  pagingInfo: ri!pagingInfo&#xD;
)</definition>
        <namedTypedValue>
            <name>columns</name>
            <type>
                <name>Text?list</name>
                <namespace>http://www.appian.com/ae/types/2009</namespace>
            </type>
        </namedTypedValue>
        <namedTypedValue>
            <name>resourceId</name>
            <type>
                <name>int</name>
                <namespace>http://www.w3.org/2001/XMLSchema</namespace>
            </type>
        </namedTypedValue>
        <namedTypedValue>
            <name>pagingInfo</name>
            <type>
                <name>PagingInfo</name>
                <namespace>http://www.appian.com/ae/types/2009</namespace>
            </type>
        </namedTypedValue>
        <namedTypedValue>
            <name>fileId</name>
            <type>
                <name>int</name>
                <namespace>http://www.w3.org/2001/XMLSchema</namespace>
            </type>
        </namedTypedValue>
        <namedTypedValue>
            <name>appianDocumentId</name>
            <type>
                <name>int</name>
                <namespace>http://www.w3.org/2001/XMLSchema</namespace>
            </type>
        </namedTypedValue>
        <namedTypedValue>
            <name>summary</name>
            <type>
                <name>string</name>
                <namespace>http://www.w3.org/2001/XMLSchema</namespace>
            </type>
            <value/>
        </namedTypedValue>
        <namedTypedValue>
            <name>order</name>
            <type>
                <name>int</name>
                <namespace>http://www.w3.org/2001/XMLSchema</namespace>
            </type>
        </namedTypedValue>
        <namedTypedValue>
            <name>name</name>
            <type>
                <name>string</name>
                <namespace>http://www.w3.org/2001/XMLSchema</namespace>
            </type>
            <value/>
        </namedTypedValue>
        <preferredEditor>legacy</preferredEditor>
        <offlineEnabled>false</offlineEnabled>
    </rule>
    <roleMap public="true">
        <role allowForAll="false" inherit="true" name="readers">
            <users/>
            <groups/>
        </role>
        <role allowForAll="false" inherit="true" name="authors">
            <users/>
            <groups/>
        </role>
        <role allowForAll="false" inherit="true" name="administrators">
            <users/>
            <groups/>
        </role>
        <role allowForAll="false" inherit="false" name="denyReaders">
            <users/>
            <groups/>
        </role>
        <role allowForAll="false" inherit="false" name="denyAuthors">
            <users/>
            <groups/>
        </role>
        <role allowForAll="false" inherit="false" name="denyAdministrators">
            <users/>
            <groups/>
        </role>
    </roleMap>
</contentHaul>
