<?xml version="1.0" encoding="UTF-8" standalone="yes"?>
<contentHaul xmlns:a="http://www.appian.com/ae/types/2009">
    <rule>
        <name>HELP_GRID_Resource_searchResults</name>
        <uuid>_a-0000dd8b-d239-8000-9ba2-011c48011c48_28122</uuid>
        <description>Grid component that displays results of a Help Resources search</description>
        <parentUuid>_a-0000dd4b-0482-8000-9ba2-011c48011c48_16493</parentUuid>
        <visibility>
            <advertise>false</advertise>
            <hierarchy>true</hierarchy>
            <indexable>true</indexable>
            <quota>false</quota>
            <searchable>true</searchable>
            <system>false</system>
            <unlogged>false</unlogged>
        </visibility>
        <definition>{
  #&quot;SYSTEM_SYSRULES_gridField&quot;(
    label: ri!label,
    totalCount: ri!vResourceDatasubset.totalCount,
    columns: {
      /*(a!gridTextColumn(
        label: &quot;Name&quot;,
        field: &quot;name&quot;,
        data: index(ri!vResourceDatasubset.data, &quot;name&quot;, {}),
        links: a!applyComponents(
          a!recordLink(
            label: _, 
            recordType: cons!HELP_RECORD_RESOURCE, 
            identifier: _
          ),
          merge(
            index(ri!vResourceDatasubset.data, &quot;name&quot;, {}),
            index(ri!vResourceDatasubset.data, &quot;resourceId&quot;, {})
          )
        )
      ),*/
      with(
        local!links: 
          apply(
            #&quot;73395716-12a2-4363-b454-cca042a95a62&quot;(
              label: _, 
              uri: _
          ), 
          merge(
            index(
              ri!vResourceDatasubset.data, 
              &quot;name&quot;, 
              {}
            ),
            apply(
              urlforrecord(
                #&quot;_a-0000dd4b-0482-8000-9ba2-011c48011c48_20435&quot;, 
                _
              ), 
              index(
                ri!vResourceDatasubset.data, 
                &quot;resourceId&quot;, 
                {}
              )
            )
          )
        ),
        #&quot;SYSTEM_SYSRULES_gridTextColumn&quot;(
          label: &quot;Name&quot;,
          field: &quot;name&quot;,
          data: index(local!links, &quot;label&quot;, {}),
          links: local!links
        )
      ),
      if(contains(ri!showColumn, &quot;Type&quot;),
        #&quot;SYSTEM_SYSRULES_gridTextColumn&quot;(
          label: &quot;Type&quot;,
          field: &quot;typeDisplay&quot;,
          data: index(ri!vResourceDatasubset.data, &quot;typeDisplay&quot;, {})
        ),
        {}
      ),
      if(contains(ri!showColumn, &quot;Category&quot;),
        #&quot;SYSTEM_SYSRULES_gridTextColumn&quot;(
          label: &quot;Category&quot;,
          field: &quot;categoryDisplay&quot;,
          data: index(ri!vResourceDatasubset.data, &quot;categoryDisplay&quot;, {})
        ),
        {}
      ),
      if(contains(ri!showColumn, &quot;Sub-Category&quot;),
        #&quot;SYSTEM_SYSRULES_gridTextColumn&quot;(
          label: &quot;Sub-Category&quot;,
          field: &quot;subCategoryDisplay&quot;,
          data: index(ri!vResourceDatasubset.data, &quot;subCategoryDisplay&quot;, {})
        ),
        {}
      ),
      if(contains(ri!showColumn, &quot;Summary&quot;),
        #&quot;SYSTEM_SYSRULES_gridTextColumn&quot;(
          label: &quot;Summary&quot;,
          field: &quot;summary&quot;,
          data: index(ri!vResourceDatasubset.data, &quot;summary&quot;, {})
        ),
        {}
      ) ,
      if(contains(ri!showColumn, &quot;Description&quot;),
        #&quot;SYSTEM_SYSRULES_gridTextColumn&quot;(
          label: &quot;Description&quot;,
          field: &quot;description&quot;,
          data: index(ri!vResourceDatasubset.data, &quot;description&quot;, {})
        ),
        {}
      ),
      /*
      if(contains(ri!showColumn, &quot;Status&quot;),
        a!gridTextColumn(
          label: &quot;Status&quot;,
          field: &quot;status&quot;,
          data: index(ri!vResourceDatasubset.data, &quot;statusDisplay&quot;, {})
        ),
        {}
      ),
      */
      if(contains(ri!showColumn, &quot;Created On&quot;),
        #&quot;SYSTEM_SYSRULES_gridTextColumn&quot;(
          label: &quot;Created On&quot;,
          field: &quot;createdDatetime&quot;,
          data: index(ri!vResourceDatasubset.data, &quot;createdDatetime&quot;, {})
        ),
        {}
      ),
      if(contains(ri!showColumn, &quot;Modified On&quot;),
        #&quot;SYSTEM_SYSRULES_gridTextColumn&quot;(
          label: &quot;Modified On&quot;,
          field: &quot;modifiedDatetime&quot;,
          data: index(ri!vResourceDatasubset.data, &quot;modifiedDatetime&quot;, {})
        ),
        {}
      ) 
    },
    value: ri!pagingInfo,
    saveInto: #&quot;4c0833a9-0127-4d25-9d6d-cb881c688e7d&quot;(
      gridSelectionOrPagingInfo: ri!pagingInfo,
      additionalSaveInto: {
        a!save(ri!vResourceDatasubset,
          if(#&quot;2168a5de-fb70-4d66-8b97-b547e3ac6e57&quot;(ri!resource_search_cdt.tagIds),
            #&quot;_a-0000dd4b-0482-8000-9ba2-011c48011c48_20351&quot;(resource_search_cdt: ri!resource_search_cdt, pagingInfo: ri!pagingInfo),
            #&quot;_a-0000dd4b-0482-8000-9ba2-011c48011c48_20333&quot;(
              name: ri!resource_search_cdt.name,
              categoryId: ri!resource_search_cdt.categoryId,
              subCategoryId: ri!resource_search_cdt.subCategoryId,
              typeId: ri!resource_search_cdt.typeId,
              summary: ri!resource_search_cdt.summary,
              description: ri!resource_search_cdt.description,
              statusId: ri!resource_search_cdt.statusId,
              tagIds: ri!resource_search_cdt.tagIds,
              pagingInfo: ri!pagingInfo
            )
          )
        )
      }
    )
  ),
  if(
    ri!displayShowHideColumns_bln,
    #&quot;2d786626-f8a4-4c46-a2a6-c0c8fe96a4ad&quot;(
      showColumns: ri!showColumns,
      choiceLabels: ri!columnChoiceLabels,
      showColumn: ri!showColumn
    ),
    {}
  )
}</definition>
        <namedTypedValue>
            <name>resource_search_cdt</name>
            <type>
                <name>HELP_Resource_Search</name>
                <namespace>urn:com:appian:types:HELP</namespace>
            </type>
        </namedTypedValue>
        <namedTypedValue>
            <name>pagingInfo</name>
            <type>
                <name>PagingInfo</name>
                <namespace>http://www.appian.com/ae/types/2009</namespace>
            </type>
        </namedTypedValue>
        <namedTypedValue>
            <name>showColumn</name>
            <type>
                <name>Text?list</name>
                <namespace>http://www.appian.com/ae/types/2009</namespace>
            </type>
        </namedTypedValue>
        <namedTypedValue>
            <name>vResourceDatasubset</name>
            <type>
                <name>DataSubset</name>
                <namespace>http://www.appian.com/ae/types/2009</namespace>
            </type>
        </namedTypedValue>
        <namedTypedValue>
            <name>columnChoiceLabels</name>
            <type>
                <name>Text?list</name>
                <namespace>http://www.appian.com/ae/types/2009</namespace>
            </type>
        </namedTypedValue>
        <namedTypedValue>
            <name>showColumns</name>
            <type>
                <name>boolean</name>
                <namespace>http://www.w3.org/2001/XMLSchema</namespace>
            </type>
        </namedTypedValue>
        <namedTypedValue>
            <name>displayShowHideColumns_bln</name>
            <type>
                <name>boolean</name>
                <namespace>http://www.w3.org/2001/XMLSchema</namespace>
            </type>
        </namedTypedValue>
        <namedTypedValue>
            <name>label</name>
            <type>
                <name>string</name>
                <namespace>http://www.w3.org/2001/XMLSchema</namespace>
            </type>
            <value/>
        </namedTypedValue>
        <preferredEditor>interface</preferredEditor>
        <offlineEnabled>false</offlineEnabled>
    </rule>
    <roleMap public="true">
        <role allowForAll="false" inherit="true" name="readers">
            <users/>
            <groups/>
        </role>
        <role allowForAll="false" inherit="true" name="authors">
            <users/>
            <groups/>
        </role>
        <role allowForAll="false" inherit="true" name="administrators">
            <users/>
            <groups/>
        </role>
        <role allowForAll="false" inherit="false" name="denyReaders">
            <users/>
            <groups/>
        </role>
        <role allowForAll="false" inherit="false" name="denyAuthors">
            <users/>
            <groups/>
        </role>
        <role allowForAll="false" inherit="false" name="denyAdministrators">
            <users/>
            <groups/>
        </role>
    </roleMap>
    <typedValue>
        <type>
            <name>RuleTestConfig?list</name>
            <namespace>http://www.appian.com/ae/types/2009</namespace>
        </type>
        <value>
            <el>
                <a:name/>
                <a:ruleInputTestConfigs>
                    <a:value xmlns:xsi="http://www.w3.org/2001/XMLSchema-instance" xsi:type="a:Expression">'type!{urn:com:appian:types:HELP}HELP_Resource_Search'(categoryId:3,statusId:#&quot;_a-0000dd4b-0482-8000-9ba2-011c48011c48_20443&quot;)</a:value>
                    <a:nameRef>resource_search_cdt</a:nameRef>
                    <a:id/>
                </a:ruleInputTestConfigs>
                <a:ruleInputTestConfigs>
                    <a:value xmlns:xsi="http://www.w3.org/2001/XMLSchema-instance" xsi:type="a:Expression">#&quot;SYSTEM_SYSRULES_pagingInfo&quot;(startIndex: 1, batchSize: 10, sort: #&quot;SYSTEM_SYSRULES_sortInfo&quot;(&quot;modifiedDatetime&quot;, false))</a:value>
                    <a:nameRef>pagingInfo</a:nameRef>
                    <a:id/>
                </a:ruleInputTestConfigs>
                <a:ruleInputTestConfigs>
                    <a:value xmlns:xsi="http://www.w3.org/2001/XMLSchema-instance" xsi:type="a:Expression">{&quot;Name&quot;, &quot;Type&quot;, &quot;Category&quot;, &quot;Created On&quot;, &quot;Modified On&quot;}</a:value>
                    <a:nameRef>showColumn</a:nameRef>
                    <a:id/>
                </a:ruleInputTestConfigs>
                <a:ruleInputTestConfigs>
                    <a:value xmlns:xsi="http://www.w3.org/2001/XMLSchema-instance" xsi:type="a:Expression">#&quot;_a-0000dd4b-0482-8000-9ba2-011c48011c48_20351&quot;(
  resource_search_cdt: 'type!{urn:com:appian:types:HELP}HELP_Resource_Search'(categoryId:3,statusId:#&quot;_a-0000dd4b-0482-8000-9ba2-011c48011c48_20443&quot;), 
  pagingInfo: #&quot;SYSTEM_SYSRULES_pagingInfo&quot;(startIndex: 1, batchSize: 10, sort: #&quot;SYSTEM_SYSRULES_sortInfo&quot;(&quot;modifiedDatetime&quot;, false))
)</a:value>
                    <a:nameRef>vResourceDatasubset</a:nameRef>
                    <a:id/>
                </a:ruleInputTestConfigs>
                <a:ruleInputTestConfigs>
                    <a:value xmlns:xsi="http://www.w3.org/2001/XMLSchema-instance" xsi:type="a:Expression">{&quot;Name&quot;, &quot;Type&quot;, &quot;Category&quot;, &quot;Sub-Category&quot;, &quot;Summary&quot;, &quot;Description&quot;, /*&quot;Status&quot;,*/ &quot;Created On&quot;, &quot;Modified On&quot;}</a:value>
                    <a:nameRef>columnChoiceLabels</a:nameRef>
                    <a:id/>
                </a:ruleInputTestConfigs>
                <a:ruleInputTestConfigs>
                    <a:value xmlns:xsd="http://www.w3.org/2001/XMLSchema" xmlns:xsi="http://www.w3.org/2001/XMLSchema-instance" xsi:type="xsd:boolean">false</a:value>
                    <a:nameRef>showColumns</a:nameRef>
                    <a:id/>
                </a:ruleInputTestConfigs>
                <a:ruleInputTestConfigs>
                    <a:value xmlns:xsd="http://www.w3.org/2001/XMLSchema" xmlns:xsi="http://www.w3.org/2001/XMLSchema-instance" xsi:type="xsd:boolean">true</a:value>
                    <a:nameRef>displayShowHideColumns_bln</a:nameRef>
                    <a:id/>
                </a:ruleInputTestConfigs>
                <a:ruleInputTestConfigs>
                    <a:value xmlns:xsd="http://www.w3.org/2001/XMLSchema" xmlns:xsi="http://www.w3.org/2001/XMLSchema-instance" xsi:type="xsd:string"/>
                    <a:nameRef>label</a:nameRef>
                    <a:id/>
                </a:ruleInputTestConfigs>
                <a:assertions xmlns:xsi="http://www.w3.org/2001/XMLSchema-instance" xsi:nil="true"/>
            </el>
        </value>
    </typedValue>
</contentHaul>
