<?xml version="1.0" encoding="UTF-8" standalone="yes"?>
<contentHaul xmlns:a="http://www.appian.com/ae/types/2009">
    <rule>
        <name>HELP_SCT_Resource_resourceListWithContext</name>
        <uuid>_a-0000dd8b-d239-8000-9ba2-011c48011c48_26938</uuid>
        <description>Section that displays a list of help resources based on context passed into the interface rule</description>
        <parentUuid>_a-0000dd4b-0482-8000-9ba2-011c48011c48_18233</parentUuid>
        <visibility>
            <advertise>false</advertise>
            <hierarchy>true</hierarchy>
            <indexable>true</indexable>
            <quota>false</quota>
            <searchable>true</searchable>
            <system>false</system>
            <unlogged>false</unlogged>
        </visibility>
        <definition>load(
  /*local!resource_search_cdt: 'type!{urn:com:appian:types:HELP}HELP_Resource_Search'(categoryId:1),*/
  /*local!pagingInfo: a!pagingInfo(startIndex: 1, batchSize: 10, sort: a!sortInfo(&quot;modifiedDatetime&quot;, false)),  */
  /*local!vResourceDatasubset: rule!HELP_QRY_V_getResource(statusId: cons!HELP_INT_STATUS_APPROVED, pagingInfo: local!pagingInfo),*/
  local!vResourceDatasubsetFiltered,/*:rule!HELP_QRY_Wrapper_getVResource(resource_search_cdt: ri!resource_search_cdt, pagingInfo: ri!pagingInfo),*/
  local!showColumns: false,
  local!columnChoiceLabels: {&quot;Name&quot;, &quot;Type&quot;, &quot;Category&quot;, &quot;Sub-Category&quot;, &quot;Summary&quot;, &quot;Description&quot;, /*&quot;Status&quot;,*/ &quot;Created On&quot;, &quot;Modified On&quot;},
  local!showColumn: {&quot;Name&quot;, &quot;Type&quot;, &quot;Category&quot;, &quot;Created On&quot;, &quot;Modified On&quot;},
  local!showGrid:false,
  local!pagingInfo: 
    if(
      #&quot;2168a5de-fb70-4d66-8b97-b547e3ac6e57&quot;(ri!pagingInfo),
      #&quot;SYSTEM_SYSRULES_pagingInfo&quot;(startIndex:1, batchSize:5, sort:#&quot;SYSTEM_SYSRULES_sortInfo&quot;(field:&quot;modifiedDatetime&quot;, ascending:false)),
      ri!pagingInfo
    ),
  {
    if(
      local!showGrid,
      {},
      #&quot;SYSTEM_SYSRULES_richTextDisplayField&quot;(
      labelPosition: &quot;COLLAPSED&quot;,
      value:
        #&quot;SYSTEM_SYSRULES_richTextItem&quot;(
          text: &quot;+ Show Help&quot;,
          link:
            #&quot;SYSTEM_SYSRULES_dynamicLink&quot;(
              saveInto:
              {  
                if(
                  #&quot;2168a5de-fb70-4d66-8b97-b547e3ac6e57&quot;(local!vResourceDatasubsetFiltered),
                  a!save(
                    local!vResourceDatasubsetFiltered,
                    if(
                      #&quot;2168a5de-fb70-4d66-8b97-b547e3ac6e57&quot;(ri!resource_search_cdt.tagIds),
                      #&quot;_a-0000dd4b-0482-8000-9ba2-011c48011c48_20351&quot;(resource_search_cdt: ri!resource_search_cdt, pagingInfo: local!pagingInfo),
                      #&quot;_a-0000dd4b-0482-8000-9ba2-011c48011c48_20333&quot;(
                        name: ri!resource_search_cdt.name,
                        categoryId: ri!resource_search_cdt.categoryId,
                        subCategoryId: ri!resource_search_cdt.subCategoryId,
                        typeId: ri!resource_search_cdt.typeId,
                        summary: ri!resource_search_cdt.summary,
                        description: ri!resource_search_cdt.description,
                        internalFlag: ri!resource_search_cdt.internalFlag,
                        statusId: ri!resource_search_cdt.statusId,
                        tagIds: ri!resource_search_cdt.tagIds, 
                        pagingInfo: local!pagingInfo
                      )
                    )
                  ),
                  {}
                ),
                a!save(local!showGrid,true)
              }
            )
        )
      )
    ),
    if(
      local!showGrid,
      #&quot;SYSTEM_SYSRULES_richTextDisplayField&quot;(
      labelPosition: &quot;COLLAPSED&quot;,
      value:
        #&quot;SYSTEM_SYSRULES_richTextItem&quot;(
          text: &quot;- Hide Help&quot;,
          link:
            #&quot;SYSTEM_SYSRULES_dynamicLink&quot;(
              saveInto: a!save(local!showGrid,false)
            )
        )
      ),
      {}
    ),
    if(
      local!showGrid,
      #&quot;_a-0000dd8b-d239-8000-9ba2-011c48011c48_28122&quot;(
        resource_search_cdt:ri!resource_search_cdt,
        pagingInfo:local!pagingInfo,
        showColumn:local!showColumn,
        vResourceDatasubset:local!vResourceDatasubsetFiltered,
        columnChoiceLabels:local!columnChoiceLabels,
        showColumns:local!showColumns,
        displayShowHideColumns_bln:ri!displayShowHideColumns_bln,
        label: ri!gridLabel
      ),
      {}
    ),
    if(
      and(ri!showHelpMainLink_bln,local!showGrid),
      #&quot;SYSTEM_SYSRULES_linkField&quot;(
        label:&quot;&quot;,
        links:{
          #&quot;SYSTEM_SYSRULES_safeLink&quot;(
            label:&quot;Help Main&quot;,
            uri:urlforrecord(recordType:#&quot;_a-0000dd4b-0482-8000-9ba2-011c48011c48_20435&quot;)
          )
        }
      ),
      {}
    )
  }
)</definition>
        <namedTypedValue>
            <name>resource_search_cdt</name>
            <type>
                <name>HELP_Resource_Search</name>
                <namespace>urn:com:appian:types:HELP</namespace>
            </type>
        </namedTypedValue>
        <namedTypedValue>
            <name>showHelpMainLink_bln</name>
            <type>
                <name>boolean</name>
                <namespace>http://www.w3.org/2001/XMLSchema</namespace>
            </type>
        </namedTypedValue>
        <namedTypedValue>
            <name>displayShowHideColumns_bln</name>
            <type>
                <name>boolean</name>
                <namespace>http://www.w3.org/2001/XMLSchema</namespace>
            </type>
        </namedTypedValue>
        <namedTypedValue>
            <name>pagingInfo</name>
            <type>
                <name>PagingInfo</name>
                <namespace>http://www.appian.com/ae/types/2009</namespace>
            </type>
        </namedTypedValue>
        <namedTypedValue>
            <name>gridLabel</name>
            <type>
                <name>string</name>
                <namespace>http://www.w3.org/2001/XMLSchema</namespace>
            </type>
            <value/>
        </namedTypedValue>
        <preferredEditor>interface</preferredEditor>
        <offlineEnabled>false</offlineEnabled>
    </rule>
    <roleMap public="true">
        <role allowForAll="false" inherit="true" name="readers">
            <users/>
            <groups/>
        </role>
        <role allowForAll="false" inherit="true" name="authors">
            <users/>
            <groups/>
        </role>
        <role allowForAll="false" inherit="true" name="administrators">
            <users/>
            <groups/>
        </role>
        <role allowForAll="false" inherit="false" name="denyReaders">
            <users/>
            <groups/>
        </role>
        <role allowForAll="false" inherit="false" name="denyAuthors">
            <users/>
            <groups/>
        </role>
        <role allowForAll="false" inherit="false" name="denyAdministrators">
            <users/>
            <groups/>
        </role>
    </roleMap>
    <typedValue>
        <type>
            <name>RuleTestConfig?list</name>
            <namespace>http://www.appian.com/ae/types/2009</namespace>
        </type>
        <value>
            <el>
                <a:name/>
                <a:ruleInputTestConfigs>
                    <a:value xmlns:xsi="http://www.w3.org/2001/XMLSchema-instance" xsi:type="a:Expression">'type!{urn:com:appian:types:HELP}HELP_Resource_Search'(categoryId:3,statusId:#&quot;_a-0000dd4b-0482-8000-9ba2-011c48011c48_20443&quot;)</a:value>
                    <a:nameRef>resource_search_cdt</a:nameRef>
                    <a:id/>
                </a:ruleInputTestConfigs>
                <a:ruleInputTestConfigs>
                    <a:value xmlns:xsd="http://www.w3.org/2001/XMLSchema" xmlns:xsi="http://www.w3.org/2001/XMLSchema-instance" xsi:type="xsd:boolean">true</a:value>
                    <a:nameRef>showHelpMainLink_bln</a:nameRef>
                    <a:id/>
                </a:ruleInputTestConfigs>
                <a:ruleInputTestConfigs>
                    <a:value xmlns:xsd="http://www.w3.org/2001/XMLSchema" xmlns:xsi="http://www.w3.org/2001/XMLSchema-instance" xsi:type="xsd:boolean">true</a:value>
                    <a:nameRef>displayShowHideColumns_bln</a:nameRef>
                    <a:id/>
                </a:ruleInputTestConfigs>
                <a:ruleInputTestConfigs>
                    <a:value xmlns:xsi="http://www.w3.org/2001/XMLSchema-instance" xsi:nil="true" xsi:type="a:PagingInfo"/>
                    <a:nameRef>pagingInfo</a:nameRef>
                    <a:id/>
                </a:ruleInputTestConfigs>
                <a:ruleInputTestConfigs>
                    <a:value xmlns:xsd="http://www.w3.org/2001/XMLSchema" xmlns:xsi="http://www.w3.org/2001/XMLSchema-instance" xsi:type="xsd:string"/>
                    <a:nameRef>gridLabel</a:nameRef>
                    <a:id/>
                </a:ruleInputTestConfigs>
                <a:assertions xmlns:xsi="http://www.w3.org/2001/XMLSchema-instance" xsi:nil="true"/>
            </el>
        </value>
    </typedValue>
</contentHaul>
