<?xml version="1.0" encoding="UTF-8" standalone="yes"?>
<contentHaul xmlns:a="http://www.appian.com/ae/types/2009">
    <rule>
        <name>HELP_QRY_R_getResourceType</name>
        <uuid>_a-0000dd4b-0482-8000-9ba2-011c48011c48_18048</uuid>
        <description>Queries HELP_Resource_R_Type</description>
        <parentUuid>_a-0000dd4b-0482-8000-9ba2-011c48011c48_16701</parentUuid>
        <visibility>
            <advertise>false</advertise>
            <hierarchy>true</hierarchy>
            <indexable>true</indexable>
            <quota>false</quota>
            <searchable>true</searchable>
            <system>false</system>
            <unlogged>false</unlogged>
        </visibility>
        <definition>#&quot;fdea6255-5ee8-42a2-bdb1-aace3c917d86&quot;(
  entity: #&quot;_a-0000dd4b-0482-8000-9ba2-011c48011c48_18045&quot;,
  columns: ri!columns,
  logicalExpression: #&quot;SYSTEM_SYSRULES_queryLogicalExpression&quot;(
    operator: &quot;AND&quot;,
    filters: {
      #&quot;SYSTEM_SYSRULES_queryFilter&quot;(field: &quot;typeId&quot;, operator: &quot;not null&quot;),
      if(isnull(ri!typeId), {}, #&quot;SYSTEM_SYSRULES_queryFilter&quot;(field: &quot;typeId&quot;, operator: &quot;=&quot;, value: ri!typeId)),
      if(isnull(ri!typeName), {}, #&quot;SYSTEM_SYSRULES_queryFilter&quot;(field: &quot;typeName&quot;, operator: &quot;=&quot;, value: ri!typeName)),
      if(isnull(ri!typeOrder), {}, #&quot;SYSTEM_SYSRULES_queryFilter&quot;(field: &quot;typeOrder&quot;, operator: &quot;=&quot;, value: ri!typeOrder)),
      if(isnull(ri!typeActiveFlg), {}, #&quot;SYSTEM_SYSRULES_queryFilter&quot;(field: &quot;typeActiveFlg&quot;, operator: &quot;=&quot;, value: ri!typeActiveFlg))
    }
  ),
  pagingInfo: if(isnull(ri!pagingInfo),
    #&quot;SYSTEM_SYSRULES_pagingInfo&quot;(startIndex: 1, batchSize: -1, sort: #&quot;SYSTEM_SYSRULES_sortInfo&quot;(field: &quot;typeOrder&quot;, ascending: true)),
    ri!pagingInfo
  )
)</definition>
        <namedTypedValue>
            <name>typeId</name>
            <type>
                <name>int</name>
                <namespace>http://www.w3.org/2001/XMLSchema</namespace>
            </type>
        </namedTypedValue>
        <namedTypedValue>
            <name>typeName</name>
            <type>
                <name>string</name>
                <namespace>http://www.w3.org/2001/XMLSchema</namespace>
            </type>
            <value/>
        </namedTypedValue>
        <namedTypedValue>
            <name>typeOrder</name>
            <type>
                <name>int</name>
                <namespace>http://www.w3.org/2001/XMLSchema</namespace>
            </type>
        </namedTypedValue>
        <namedTypedValue>
            <name>typeActiveFlg</name>
            <type>
                <name>boolean</name>
                <namespace>http://www.w3.org/2001/XMLSchema</namespace>
            </type>
        </namedTypedValue>
        <namedTypedValue>
            <name>columns</name>
            <type>
                <name>Text?list</name>
                <namespace>http://www.appian.com/ae/types/2009</namespace>
            </type>
        </namedTypedValue>
        <namedTypedValue>
            <name>pagingInfo</name>
            <type>
                <name>Variant</name>
                <namespace>http://www.appian.com/ae/types/2009</namespace>
            </type>
        </namedTypedValue>
        <preferredEditor>legacy</preferredEditor>
        <offlineEnabled>false</offlineEnabled>
    </rule>
    <roleMap public="true">
        <role allowForAll="false" inherit="true" name="readers">
            <users/>
            <groups/>
        </role>
        <role allowForAll="false" inherit="true" name="authors">
            <users/>
            <groups/>
        </role>
        <role allowForAll="false" inherit="true" name="administrators">
            <users/>
            <groups/>
        </role>
        <role allowForAll="false" inherit="false" name="denyReaders">
            <users/>
            <groups/>
        </role>
        <role allowForAll="false" inherit="false" name="denyAuthors">
            <users/>
            <groups/>
        </role>
        <role allowForAll="false" inherit="false" name="denyAdministrators">
            <users/>
            <groups/>
        </role>
    </roleMap>
</contentHaul>
