<?xml version="1.0" encoding="UTF-8" standalone="yes"?>
<contentHaul xmlns:a="http://www.appian.com/ae/types/2009">
    <rule>
        <name>HELP_RULE_General_removeDuplicates</name>
        <uuid>_a-0000dd4b-0482-8000-9ba2-011c48011c48_19066</uuid>
        <description>Removes duplicate text entries from a set. Ignores case, i.e. &quot;text&quot;=&quot;Text&quot;</description>
        <parentUuid>_a-0000dd8b-d239-8000-9ba2-011c48011c48_28993</parentUuid>
        <visibility>
            <advertise>false</advertise>
            <hierarchy>true</hierarchy>
            <indexable>true</indexable>
            <quota>false</quota>
            <searchable>true</searchable>
            <system>false</system>
            <unlogged>false</unlogged>
        </visibility>
        <definition>with(
  local!existingTagNames: apply(fn!upper, ri!existingTags.tagName),
  local!newTagName: upper(ri!newTag.tagName),
  any(fn!exact, local!existingTagNames, local!newTagName)
  
)</definition>
        <namedTypedValue>
            <name>existingTags</name>
            <type>
                <name>HELP_R_Resource_Tag?list</name>
                <namespace>urn:com:appian:types:HELP</namespace>
            </type>
        </namedTypedValue>
        <namedTypedValue>
            <name>newTag</name>
            <type>
                <name>HELP_R_Resource_Tag</name>
                <namespace>urn:com:appian:types:HELP</namespace>
            </type>
        </namedTypedValue>
        <preferredEditor>legacy</preferredEditor>
        <offlineEnabled>false</offlineEnabled>
    </rule>
    <roleMap public="true">
        <role allowForAll="false" inherit="true" name="readers">
            <users/>
            <groups/>
        </role>
        <role allowForAll="false" inherit="true" name="authors">
            <users/>
            <groups/>
        </role>
        <role allowForAll="false" inherit="true" name="administrators">
            <users/>
            <groups/>
        </role>
        <role allowForAll="false" inherit="false" name="denyReaders">
            <users/>
            <groups/>
        </role>
        <role allowForAll="false" inherit="false" name="denyAuthors">
            <users/>
            <groups/>
        </role>
        <role allowForAll="false" inherit="false" name="denyAdministrators">
            <users/>
            <groups/>
        </role>
    </roleMap>
</contentHaul>
