<?xml version="1.0" encoding="UTF-8" standalone="yes"?>
<contentHaul xmlns:a="http://www.appian.com/ae/types/2009">
    <rule>
        <name>HELP_GDRW_Resource_links</name>
        <uuid>_a-0000dd4b-0482-8000-9ba2-011c48011c48_19246</uuid>
        <description>Grid row rule for Resource Links</description>
        <parentUuid>_a-0000dd4b-0482-8000-9ba2-011c48011c48_16494</parentUuid>
        <visibility>
            <advertise>false</advertise>
            <hierarchy>true</hierarchy>
            <indexable>true</indexable>
            <quota>false</quota>
            <searchable>true</searchable>
            <system>false</system>
            <unlogged>false</unlogged>
        </visibility>
        <definition>with(
  local!newLink: #&quot;2168a5de-fb70-4d66-8b97-b547e3ac6e57&quot;(ri!resource_link_cdt[ri!index].resourceLinkId),
  local!disableMoveUp: ri!index=1,
  local!disableMoveDown: ri!index=count(ri!resource_link_cdt),
  local!disableDelete: and(ri!createFlag, not(local!newLink)),
  #&quot;SYSTEM_SYSRULES_gridRowLayout&quot;(
    id: ri!index,
    contents: {
      if(
        local!newLink,
        #&quot;SYSTEM_SYSRULES_textField&quot;(
          placeholder:&quot;https://www.example.com&quot;,
          value: ri!resource_link_cdt[ri!index].link,
          saveInto: a!save(
            ri!resource_link_cdt[ri!index].link,
            #&quot;_a-0000dd8b-d239-8000-9ba2-011c48011c48_29048&quot;(
              save!value
            )
          ),
          validations: {
            #&quot;_a-0000dd8b-d239-8000-9ba2-011c48011c48_29171&quot;(
              ri!resource_link_cdt[ri!index].link
            ),
            #&quot;_a-0000dd8b-d239-8000-9ba2-011c48011c48_29046&quot;(
              ri!resource_link_cdt[ri!index].link
            )
          }
        ),
        #&quot;SYSTEM_SYSRULES_linkField&quot;(
          links: #&quot;73395716-12a2-4363-b454-cca042a95a62&quot;(
            label: ri!resource_link_cdt[ri!index].link,
            uri: ri!resource_link_cdt[ri!index].link
          )
        )
      ),
      #&quot;_a-0000dd0d-462c-8000-9ba2-011c48011c48_3687&quot;(
        value: ri!resource_link_cdt[ri!index].summary,
        saveInto: ri!resource_link_cdt[ri!index].summary,
        readOnly: local!disableDelete
      ),
      #&quot;SYSTEM_SYSRULES_imageField&quot;(
        label: &quot;moveup&quot; &amp; ri!index,
        images: #&quot;SYSTEM_SYSRULES_documentImage&quot;(
          document: #&quot;SYSTEM_SYSRULES_iconIndicator&quot;(
            icon: if(local!disableMoveUp, &quot;MOVE_UP_DISABLED&quot;, &quot;MOVE_UP&quot;)
          ),
          altText: &quot;Move Up&quot;,
          caption: &quot;Move Up&quot;,
          link: if(local!disableMoveUp,
            {},
            #&quot;SYSTEM_SYSRULES_dynamicLink&quot;(
              value: ri!index,
              saveInto: a!save(
                ri!resource_link_cdt,
                remove(insert(ri!resource_link_cdt, index(ri!resource_link_cdt, save!value), save!value-1), save!value+1)
              )
            )
          )
        ),
        size: &quot;ICON&quot;
      ),
      #&quot;SYSTEM_SYSRULES_imageField&quot;(
        label: &quot;movedown &quot; &amp; ri!index,
        images: #&quot;SYSTEM_SYSRULES_documentImage&quot;(
          document: #&quot;SYSTEM_SYSRULES_iconIndicator&quot;(
            icon: if(local!disableMoveDown, &quot;MOVE_DOWN_DISABLED&quot;, &quot;MOVE_DOWN&quot;)
          ),
          altText: &quot;Move Down&quot;,
          caption: &quot;Move Down&quot;,
          link: if(local!disableMoveDown,
            {},
            #&quot;SYSTEM_SYSRULES_dynamicLink&quot;(
              value: ri!index,
              saveInto: a!save(
                ri!resource_link_cdt,
                remove(insert(ri!resource_link_cdt, index(ri!resource_link_cdt, save!value), save!value+2), save!value)
              )
            )
          )
          ),
        size: &quot;ICON&quot;
      ),
      #&quot;SYSTEM_SYSRULES_imageField&quot;(
        label: &quot;delete&quot; &amp; ri!index,
        images: #&quot;SYSTEM_SYSRULES_documentImage&quot;(
          document: #&quot;SYSTEM_SYSRULES_iconIndicator&quot;(
            icon: if(local!disableDelete, &quot;REMOVE_DISABLED&quot;, &quot;REMOVE&quot;)
          ),
          altText: &quot;Delete&quot;,
          caption: &quot;Delete&quot;,
          link: if(local!disableDelete,
            {},
            #&quot;SYSTEM_SYSRULES_dynamicLink&quot;(
              value: ri!index,
              saveInto: a!save(
                ri!resource_link_cdt,
                remove(ri!resource_link_cdt, ri!index)
              )
            )
          )
        ),
        size: &quot;ICON&quot;
      )
    }
  )
)</definition>
        <namedTypedValue>
            <name>index</name>
            <type>
                <name>int</name>
                <namespace>http://www.w3.org/2001/XMLSchema</namespace>
            </type>
        </namedTypedValue>
        <namedTypedValue>
            <name>resource_link_cdt</name>
            <type>
                <name>HELP_Resource_Link?list</name>
                <namespace>urn:com:appian:types:HELP</namespace>
            </type>
        </namedTypedValue>
        <namedTypedValue>
            <name>targetFolder</name>
            <type>
                <name>CollaborationFolder</name>
                <namespace>http://www.appian.com/ae/types/2009</namespace>
            </type>
        </namedTypedValue>
        <namedTypedValue>
            <name>createFlag</name>
            <type>
                <name>boolean</name>
                <namespace>http://www.w3.org/2001/XMLSchema</namespace>
            </type>
        </namedTypedValue>
        <preferredEditor>interface</preferredEditor>
        <offlineEnabled>false</offlineEnabled>
    </rule>
    <roleMap public="true">
        <role allowForAll="false" inherit="true" name="readers">
            <users/>
            <groups/>
        </role>
        <role allowForAll="false" inherit="true" name="authors">
            <users/>
            <groups/>
        </role>
        <role allowForAll="false" inherit="true" name="administrators">
            <users>
                <userUuid>luke.schurman</userUuid>
            </users>
            <groups/>
        </role>
        <role allowForAll="false" inherit="false" name="denyReaders">
            <users/>
            <groups/>
        </role>
        <role allowForAll="false" inherit="false" name="denyAuthors">
            <users/>
            <groups/>
        </role>
        <role allowForAll="false" inherit="false" name="denyAdministrators">
            <users/>
            <groups/>
        </role>
    </roleMap>
</contentHaul>
