<?xml version="1.0" encoding="UTF-8" standalone="yes"?>
<contentHaul xmlns:a="http://www.appian.com/ae/types/2009">
    <rule>
        <name>HELP_REPORT_resourceReport</name>
        <uuid>_a-0000dd4b-0482-8000-9ba2-011c48011c48_20416</uuid>
        <description></description>
        <parentUuid>_a-0000dd4b-0482-8000-9ba2-011c48011c48_20350</parentUuid>
        <visibility>
            <advertise>false</advertise>
            <hierarchy>true</hierarchy>
            <indexable>true</indexable>
            <quota>false</quota>
            <searchable>true</searchable>
            <system>false</system>
            <unlogged>false</unlogged>
        </visibility>
        <definition>load(
  local!r_resourceType_cdt: #&quot;_a-0000dd4b-0482-8000-9ba2-011c48011c48_18048&quot;(typeActiveFlg: true).data,
  local!r_resourceCategory_cdt: #&quot;_a-0000dd4b-0482-8000-9ba2-011c48011c48_18054&quot;(categoryActiveFlg: true).data,
  local!r_resourceSubCategory_cdt,
  /*local!r_resourceStatus_cdt: rule!HELP_QRY_R_getResourceStatus(activeFlag: true).data,*/
  local!resource_search_cdt: 'type!{urn:com:appian:types:HELP}HELP_Resource_Search'(statusId:#&quot;_a-0000dd4b-0482-8000-9ba2-011c48011c48_20443&quot;),
  local!additionalFilters,
  local!r_tags_cdt: #&quot;_a-0000dd4b-0482-8000-9ba2-011c48011c48_18042&quot;(tagId: null).data,
  local!pagingInfo: #&quot;SYSTEM_SYSRULES_pagingInfo&quot;(startIndex: 1, batchSize: 10, sort: #&quot;SYSTEM_SYSRULES_sortInfo&quot;(&quot;modifiedDatetime&quot;, false)),  
  local!vResourceDatasubset: #&quot;_a-0000dd4b-0482-8000-9ba2-011c48011c48_18370&quot;(statusId: #&quot;_a-0000dd4b-0482-8000-9ba2-011c48011c48_20443&quot;, pagingInfo: local!pagingInfo),
  local!showColumns: false,
  {
    #&quot;_a-0000dd4b-0482-8000-9ba2-011c48011c48_20354&quot;(
      resource_search_cdt: local!resource_search_cdt,
      r_resourceType_cdt: local!r_resourceType_cdt,
      r_resourceCategory_cdt: local!r_resourceCategory_cdt,
      r_resourceSubCategory_cdt: local!r_resourceSubCategory_cdt,
      /*r_resourceStatus_cdt: local!r_resourceStatus_cdt,*/
      additionalFilters: local!additionalFilters,
      r_tags_cdt: local!r_tags_cdt,
      pagingInfo: local!pagingInfo,
      vResourceDatasubset: local!vResourceDatasubset
    ),
    #&quot;_a-0000dd4b-0482-8000-9ba2-011c48011c48_20421&quot;(
      vResourceDatasubset: local!vResourceDatasubset,
      pagingInfo: local!pagingInfo,
      resource_search_cdt: local!resource_search_cdt,
      showColumns: local!showColumns
    )
  }
)</definition>
        <preferredEditor>interface</preferredEditor>
        <offlineEnabled>false</offlineEnabled>
    </rule>
    <roleMap public="true">
        <role allowForAll="false" inherit="true" name="readers">
            <users/>
            <groups/>
        </role>
        <role allowForAll="false" inherit="true" name="authors">
            <users/>
            <groups/>
        </role>
        <role allowForAll="false" inherit="true" name="administrators">
            <users/>
            <groups/>
        </role>
        <role allowForAll="false" inherit="false" name="denyReaders">
            <users/>
            <groups/>
        </role>
        <role allowForAll="false" inherit="false" name="denyAuthors">
            <users/>
            <groups/>
        </role>
        <role allowForAll="false" inherit="false" name="denyAdministrators">
            <users/>
            <groups/>
        </role>
    </roleMap>
</contentHaul>
