<?xml version="1.0" encoding="UTF-8" standalone="yes"?>
<contentHaul xmlns:a="http://www.appian.com/ae/types/2009">
    <rule>
        <name>HELP_QRY_R_getResourceSubCategory</name>
        <uuid>_a-0000dd4b-0482-8000-9ba2-011c48011c48_18135</uuid>
        <description>Queries HELP_R_Resource_Sub_Category. Only use categoryIds if you need to pass in multiple categoryIds.</description>
        <parentUuid>_a-0000dd4b-0482-8000-9ba2-011c48011c48_16701</parentUuid>
        <visibility>
            <advertise>false</advertise>
            <hierarchy>true</hierarchy>
            <indexable>true</indexable>
            <quota>false</quota>
            <searchable>true</searchable>
            <system>false</system>
            <unlogged>false</unlogged>
        </visibility>
        <definition>#&quot;fdea6255-5ee8-42a2-bdb1-aace3c917d86&quot;(
  entity: #&quot;_a-0000dd4b-0482-8000-9ba2-011c48011c48_18134&quot;,
  columns: ri!columns,
  logicalExpression: #&quot;SYSTEM_SYSRULES_queryLogicalExpression&quot;(
    operator: &quot;AND&quot;,
    filters: {
      #&quot;SYSTEM_SYSRULES_queryFilter&quot;(field: &quot;subCategoryId&quot;, operator: &quot;not null&quot;),
      if(isnull(ri!subCategoryId), {}, #&quot;SYSTEM_SYSRULES_queryFilter&quot;(field: &quot;subCategoryId&quot;, operator: &quot;=&quot;, value: ri!subCategoryId)),
      if(isnull(ri!categoryId), {}, #&quot;SYSTEM_SYSRULES_queryFilter&quot;(field: &quot;categoryId&quot;, operator: &quot;=&quot;, value: ri!categoryId)),
      if(isnull(ri!subCategoryName), {}, #&quot;SYSTEM_SYSRULES_queryFilter&quot;(field: &quot;subCategoryName&quot;, operator: &quot;=&quot;, value: ri!subCategoryName)),
      if(isnull(ri!subCategoryOrder), {}, #&quot;SYSTEM_SYSRULES_queryFilter&quot;(field: &quot;subCategoryOrder&quot;, operator: &quot;=&quot;, value: ri!subCategoryOrder)),
      if(isnull(ri!subCategoryActiveFlg), {}, #&quot;SYSTEM_SYSRULES_queryFilter&quot;(field: &quot;subCategoryActiveFlg&quot;, operator: &quot;=&quot;, value: ri!subCategoryActiveFlg)),
      if(#&quot;2168a5de-fb70-4d66-8b97-b547e3ac6e57&quot;(ri!categoryIds), {}, #&quot;SYSTEM_SYSRULES_queryFilter&quot;(field: &quot;categoryId&quot;, operator: &quot;in&quot;, value: ri!categoryIds))
    }
  ),
  pagingInfo: if(isnull(ri!pagingInfo),
    #&quot;SYSTEM_SYSRULES_pagingInfo&quot;(startIndex: 1, batchSize: -1, sort: #&quot;SYSTEM_SYSRULES_sortInfo&quot;(field: &quot;subCategoryOrder&quot;, ascending: true)),
    ri!pagingInfo
  )
)</definition>
        <namedTypedValue>
            <name>columns</name>
            <type>
                <name>Text?list</name>
                <namespace>http://www.appian.com/ae/types/2009</namespace>
            </type>
        </namedTypedValue>
        <namedTypedValue>
            <name>pagingInfo</name>
            <type>
                <name>Variant</name>
                <namespace>http://www.appian.com/ae/types/2009</namespace>
            </type>
        </namedTypedValue>
        <namedTypedValue>
            <name>subCategoryId</name>
            <type>
                <name>int</name>
                <namespace>http://www.w3.org/2001/XMLSchema</namespace>
            </type>
        </namedTypedValue>
        <namedTypedValue>
            <name>categoryId</name>
            <type>
                <name>int</name>
                <namespace>http://www.w3.org/2001/XMLSchema</namespace>
            </type>
        </namedTypedValue>
        <namedTypedValue>
            <name>subCategoryName</name>
            <type>
                <name>string</name>
                <namespace>http://www.w3.org/2001/XMLSchema</namespace>
            </type>
            <value/>
        </namedTypedValue>
        <namedTypedValue>
            <name>subCategoryOrder</name>
            <type>
                <name>int</name>
                <namespace>http://www.w3.org/2001/XMLSchema</namespace>
            </type>
        </namedTypedValue>
        <namedTypedValue>
            <name>subCategoryActiveFlg</name>
            <type>
                <name>boolean</name>
                <namespace>http://www.w3.org/2001/XMLSchema</namespace>
            </type>
        </namedTypedValue>
        <namedTypedValue>
            <name>categoryIds</name>
            <type>
                <name>Integer?list</name>
                <namespace>http://www.appian.com/ae/types/2009</namespace>
            </type>
        </namedTypedValue>
        <preferredEditor>legacy</preferredEditor>
        <offlineEnabled>false</offlineEnabled>
    </rule>
    <roleMap public="true">
        <role allowForAll="false" inherit="true" name="readers">
            <users/>
            <groups/>
        </role>
        <role allowForAll="false" inherit="true" name="authors">
            <users/>
            <groups/>
        </role>
        <role allowForAll="false" inherit="true" name="administrators">
            <users/>
            <groups/>
        </role>
        <role allowForAll="false" inherit="false" name="denyReaders">
            <users/>
            <groups/>
        </role>
        <role allowForAll="false" inherit="false" name="denyAuthors">
            <users/>
            <groups/>
        </role>
        <role allowForAll="false" inherit="false" name="denyAdministrators">
            <users/>
            <groups/>
        </role>
    </roleMap>
</contentHaul>
