<?xml version="1.0" encoding="UTF-8" standalone="yes"?>
<contentHaul xmlns:a="http://www.appian.com/ae/types/2009">
    <rule>
        <name>HELP_RULE_General_isVideoPresent</name>
        <uuid>_a-0000dd72-ed8d-8000-9ba2-011c48011c48_24049</uuid>
        <description>Returns boolean value true if there is a video present in a list of files, false otherwise</description>
        <parentUuid>_a-0000dd8b-d239-8000-9ba2-011c48011c48_28993</parentUuid>
        <visibility>
            <advertise>false</advertise>
            <hierarchy>true</hierarchy>
            <indexable>true</indexable>
            <quota>false</quota>
            <searchable>true</searchable>
            <system>false</system>
            <unlogged>false</unlogged>
        </visibility>
        <definition>if(or(isnull(ri!docIds),ri!docIds=&quot;&quot;), null ,
not(length(intersection(#&quot;_a-0000dd72-ed8d-8000-9ba2-011c48011c48_23905&quot;,apply(document(_,&quot;extension&quot;),ri!docIds)))=0))
</definition>
        <namedTypedValue>
            <name>docIds</name>
            <type>
                <name>Integer?list</name>
                <namespace>http://www.appian.com/ae/types/2009</namespace>
            </type>
        </namedTypedValue>
        <preferredEditor>legacy</preferredEditor>
        <offlineEnabled>false</offlineEnabled>
    </rule>
    <roleMap public="true">
        <role allowForAll="false" inherit="true" name="readers">
            <users/>
            <groups/>
        </role>
        <role allowForAll="false" inherit="true" name="authors">
            <users/>
            <groups/>
        </role>
        <role allowForAll="false" inherit="true" name="administrators">
            <users/>
            <groups/>
        </role>
        <role allowForAll="false" inherit="false" name="denyReaders">
            <users/>
            <groups/>
        </role>
        <role allowForAll="false" inherit="false" name="denyAuthors">
            <users/>
            <groups/>
        </role>
        <role allowForAll="false" inherit="false" name="denyAdministrators">
            <users/>
            <groups/>
        </role>
    </roleMap>
</contentHaul>
