<?xml version="1.0" encoding="UTF-8" standalone="yes"?>
<contentHaul xmlns:a="http://www.appian.com/ae/types/2009">
    <rule>
        <name>HELP_FRM_Resource_approve</name>
        <uuid>_a-0000dd4b-0482-8000-9ba2-011c48011c48_19569</uuid>
        <description>Form the Approver will see for a new HELP Resource</description>
        <parentUuid>_a-0000dd4b-0482-8000-9ba2-011c48011c48_16454</parentUuid>
        <visibility>
            <advertise>false</advertise>
            <hierarchy>true</hierarchy>
            <indexable>true</indexable>
            <quota>false</quota>
            <searchable>true</searchable>
            <system>false</system>
            <unlogged>false</unlogged>
        </visibility>
        <definition>load(
  local!linksPagingInfo: #&quot;SYSTEM_SYSRULES_pagingInfo&quot;(startIndex: 1, batchSize: 5),
  local!filesPagingInfo: #&quot;SYSTEM_SYSRULES_pagingInfo&quot;(startIndex: 1, batchSize: 5),
  local!filesDatasubset: todatasubset(ri!resource_file_cdt, local!filesPagingInfo),
  local!linksDatasubset: todatasubset(ri!resource_link_cdt, local!linksPagingInfo),
  local!approvalChoiceValues: #&quot;_a-0000dd4b-0482-8000-9ba2-011c48011c48_19431&quot;[{3, 2, 4}],
  local!buttons: {#&quot;_a-0000dd0d-462c-8000-9ba2-011c48011c48_7223&quot;, cons!HELP_TEXT_BUTTON_SEND_BACK, #&quot;_a-0000dd3a-bcbf-8000-9ba2-011c48011c48_14839&quot;},
  #&quot;SYSTEM_SYSRULES_formLayout&quot;(
    label: ri!formTitle,
    firstColumnContents: {
      #&quot;_a-0000dd4b-0482-8000-9ba2-011c48011c48_19084&quot;(
        resource_cdt: ri!resource_cdt,
        readOnly: true,
        recordFlag: false
      ),
      if(#&quot;2168a5de-fb70-4d66-8b97-b547e3ac6e57&quot;(ri!resource_file_Cdt),
        {},
        #&quot;_a-0000dd4b-0482-8000-9ba2-011c48011c48_19201&quot;(
          tabToShow: 1,
          pagingInfo: local!filesPagingInfo,
          hideTabLinksFlag: true,
          resource_cdt: ri!resource_cdt,
          readOnly: true,
          filesDatasubset: local!filesDatasubset,
          all_resource_file_cdt: ri!resource_file_cdt
        )
      ),
      if(#&quot;2168a5de-fb70-4d66-8b97-b547e3ac6e57&quot;(ri!resource_link_cdt),
        {},
        #&quot;_a-0000dd4b-0482-8000-9ba2-011c48011c48_19236&quot;(
          tabToShow: 1,
          pagingInfo: local!linksPagingInfo,
          hideTabLinksFlag: true,
          resource_cdt: ri!resource_cdt,
          readOnly: true,
          linksDatasubset: local!linksDatasubset,
          all_resource_link_cdt: ri!resource_link_cdt
        )        
      ),
      #&quot;_a-0000dd4b-0482-8000-9ba2-011c48011c48_19858&quot;(
        approvalDecision: ri!approvalDecision,
        approvalComments: ri!approvalComments,
        approvalChoiceValues: local!approvalChoiceValues,
        readOnly: false
      )
    },
    buttons: {
      #&quot;SYSTEM_SYSRULES_ButtonLayout&quot;(
        primaryButtons: {
          with(
            local!reject: ri!approvalDecision=#&quot;_a-0000dd4b-0482-8000-9ba2-011c48011c48_19431&quot;[4],
            local!buttonValue: displayvalue(ri!approvalDecision, local!approvalChoiceValues, local!buttons, &quot;Approve&quot;),
            #&quot;SYSTEM_SYSRULES_ButtonWidgetSubmit&quot;(
              label: local!buttonValue,
              style: if(local!reject, &quot;DESTRUCTIVE&quot;, &quot;PRIMARY&quot;),
              disabled: isnull(ri!approvalDecision),
              value: local!buttonValue,
              saveInto: ri!buttonClicked
            )
          )
        }
      )
    }
  )
)</definition>
        <namedTypedValue>
            <name>resource_cdt</name>
            <type>
                <name>HELP_Resource</name>
                <namespace>urn:com:appian:types:HELP</namespace>
            </type>
        </namedTypedValue>
        <namedTypedValue>
            <name>resource_file_cdt</name>
            <type>
                <name>HELP_Resource_File?list</name>
                <namespace>urn:com:appian:types:HELP</namespace>
            </type>
        </namedTypedValue>
        <namedTypedValue>
            <name>resource_link_cdt</name>
            <type>
                <name>HELP_Resource_Link?list</name>
                <namespace>urn:com:appian:types:HELP</namespace>
            </type>
        </namedTypedValue>
        <namedTypedValue>
            <name>buttonClicked</name>
            <type>
                <name>string</name>
                <namespace>http://www.w3.org/2001/XMLSchema</namespace>
            </type>
            <value/>
        </namedTypedValue>
        <namedTypedValue>
            <name>approvalDecision</name>
            <type>
                <name>string</name>
                <namespace>http://www.w3.org/2001/XMLSchema</namespace>
            </type>
            <value/>
        </namedTypedValue>
        <namedTypedValue>
            <name>approvalComments</name>
            <type>
                <name>string</name>
                <namespace>http://www.w3.org/2001/XMLSchema</namespace>
            </type>
            <value/>
        </namedTypedValue>
        <namedTypedValue>
            <name>formTitle</name>
            <type>
                <name>string</name>
                <namespace>http://www.w3.org/2001/XMLSchema</namespace>
            </type>
            <value/>
        </namedTypedValue>
        <preferredEditor>interface</preferredEditor>
        <offlineEnabled>false</offlineEnabled>
    </rule>
    <roleMap public="true">
        <role allowForAll="false" inherit="true" name="readers">
            <users/>
            <groups/>
        </role>
        <role allowForAll="false" inherit="true" name="authors">
            <users/>
            <groups/>
        </role>
        <role allowForAll="false" inherit="true" name="administrators">
            <users/>
            <groups/>
        </role>
        <role allowForAll="false" inherit="false" name="denyReaders">
            <users/>
            <groups/>
        </role>
        <role allowForAll="false" inherit="false" name="denyAuthors">
            <users/>
            <groups/>
        </role>
        <role allowForAll="false" inherit="false" name="denyAdministrators">
            <users/>
            <groups/>
        </role>
    </roleMap>
    <typedValue>
        <type>
            <name>RuleTestConfig?list</name>
            <namespace>http://www.appian.com/ae/types/2009</namespace>
        </type>
        <value>
            <el>
                <a:name/>
                <a:ruleInputTestConfigs>
                    <a:value xmlns:n1="urn:com:appian:types:HELP" xmlns:xsi="http://www.w3.org/2001/XMLSchema-instance" xsi:nil="true" xsi:type="n1:HELP_Resource"/>
                    <a:nameRef>resource_cdt</a:nameRef>
                    <a:id/>
                </a:ruleInputTestConfigs>
                <a:ruleInputTestConfigs>
                    <a:nameRef>resource_file_cdt</a:nameRef>
                    <a:id/>
                </a:ruleInputTestConfigs>
                <a:ruleInputTestConfigs>
                    <a:nameRef>resource_link_cdt</a:nameRef>
                    <a:id/>
                </a:ruleInputTestConfigs>
                <a:ruleInputTestConfigs>
                    <a:value xmlns:xsd="http://www.w3.org/2001/XMLSchema" xmlns:xsi="http://www.w3.org/2001/XMLSchema-instance" xsi:type="xsd:string"/>
                    <a:nameRef>buttonClicked</a:nameRef>
                    <a:id/>
                </a:ruleInputTestConfigs>
                <a:ruleInputTestConfigs>
                    <a:value xmlns:xsd="http://www.w3.org/2001/XMLSchema" xmlns:xsi="http://www.w3.org/2001/XMLSchema-instance" xsi:type="xsd:string"/>
                    <a:nameRef>approvalDecision</a:nameRef>
                    <a:id/>
                </a:ruleInputTestConfigs>
                <a:ruleInputTestConfigs>
                    <a:value xmlns:xsd="http://www.w3.org/2001/XMLSchema" xmlns:xsi="http://www.w3.org/2001/XMLSchema-instance" xsi:type="xsd:string"/>
                    <a:nameRef>approvalComments</a:nameRef>
                    <a:id/>
                </a:ruleInputTestConfigs>
                <a:ruleInputTestConfigs>
                    <a:value xmlns:xsd="http://www.w3.org/2001/XMLSchema" xmlns:xsi="http://www.w3.org/2001/XMLSchema-instance" xsi:type="xsd:string"/>
                    <a:nameRef>formTitle</a:nameRef>
                    <a:id/>
                </a:ruleInputTestConfigs>
                <a:assertions xmlns:xsi="http://www.w3.org/2001/XMLSchema-instance" xsi:nil="true"/>
            </el>
        </value>
    </typedValue>
</contentHaul>
