<?xml version="1.0" encoding="UTF-8" standalone="yes"?>
<contentHaul xmlns:a="http://www.appian.com/ae/types/2009">
    <rule>
        <name>HELP_SCT_ResourceReport_grid</name>
        <uuid>_a-0000dd4b-0482-8000-9ba2-011c48011c48_20421</uuid>
        <description>Grid that will display in the Resource Report</description>
        <parentUuid>_a-0000dd4b-0482-8000-9ba2-011c48011c48_20350</parentUuid>
        <visibility>
            <advertise>false</advertise>
            <hierarchy>true</hierarchy>
            <indexable>true</indexable>
            <quota>false</quota>
            <searchable>true</searchable>
            <system>false</system>
            <unlogged>false</unlogged>
        </visibility>
        <definition>load(
  local!columnChoiceLabels: {&quot;Name&quot;, &quot;Type&quot;, &quot;Category&quot;, &quot;Sub-Category&quot;, &quot;Summary&quot;, &quot;Description&quot;, /*&quot;Status&quot;,*/ &quot;Created On&quot;, &quot;Modified On&quot;},
  local!showColumn: {&quot;Name&quot;, &quot;Type&quot;, &quot;Category&quot;, &quot;Created On&quot;, &quot;Modified On&quot;},
  #&quot;SYSTEM_SYSRULES_sectionLayout&quot;(
    label:ri!labelText,
    isCollapsible:ri!isCollapsible,
    isInitiallyCollapsed:ri!initCollapsed,
    firstColumnContents: {
      #&quot;SYSTEM_SYSRULES_gridField&quot;(
        totalCount: ri!vResourceDatasubset.totalCount,
        columns: {
          #&quot;SYSTEM_SYSRULES_gridTextColumn&quot;(
            label: &quot;Name&quot;,
            field: &quot;name&quot;,
            data: index(ri!vResourceDatasubset.data, &quot;name&quot;, {}),
            links: #&quot;SYSTEM_SYSRULES_applyComponents&quot;(
              #&quot;SYSTEM_SYSRULES_recordLink&quot;(label: _, recordType: #&quot;_a-0000dd4b-0482-8000-9ba2-011c48011c48_20435&quot;, identifier: _),
              merge(
                index(ri!vResourceDatasubset.data, &quot;name&quot;, {}),
                index(ri!vResourceDatasubset.data, &quot;resourceId&quot;, {})
              )
            )
          ),
          if(contains(local!showColumn, &quot;Type&quot;),
            #&quot;SYSTEM_SYSRULES_gridTextColumn&quot;(
              label: &quot;Type&quot;,
              field: &quot;typeDisplay&quot;,
              data: index(ri!vResourceDatasubset.data, &quot;typeDisplay&quot;, {})
            ),
            {}
          ),
          if(contains(local!showColumn, &quot;Category&quot;),
            #&quot;SYSTEM_SYSRULES_gridTextColumn&quot;(
              label: &quot;Category&quot;,
              field: &quot;categoryDisplay&quot;,
              data: index(ri!vResourceDatasubset.data, &quot;categoryDisplay&quot;, {})
            ),
            {}
          ),
          if(contains(local!showColumn, &quot;Sub-Category&quot;),
            #&quot;SYSTEM_SYSRULES_gridTextColumn&quot;(
              label: &quot;Sub-Category&quot;,
              field: &quot;subCategoryDisplay&quot;,
              data: index(ri!vResourceDatasubset.data, &quot;subCategoryDisplay&quot;, {})
            ),
            {}
          ),
          if(contains(local!showColumn, &quot;Summary&quot;),
            #&quot;SYSTEM_SYSRULES_gridTextColumn&quot;(
              label: &quot;Summary&quot;,
              field: &quot;summary&quot;,
              data: index(ri!vResourceDatasubset.data, &quot;summary&quot;, {})
            ),
            {}
          ) ,
          if(contains(local!showColumn, &quot;Description&quot;),
            #&quot;SYSTEM_SYSRULES_gridTextColumn&quot;(
              label: &quot;Description&quot;,
              field: &quot;description&quot;,
              data: index(ri!vResourceDatasubset.data, &quot;description&quot;, {})
            ),
            {}
          ),
          /*
          if(contains(local!showColumn, &quot;Status&quot;),
            a!gridTextColumn(
              label: &quot;Status&quot;,
              field: &quot;status&quot;,
              data: index(ri!vResourceDatasubset.data, &quot;statusDisplay&quot;, {})
            ),
            {}
          ),
          */
          if(contains(local!showColumn, &quot;Created On&quot;),
            #&quot;SYSTEM_SYSRULES_gridTextColumn&quot;(
              label: &quot;Created On&quot;,
              field: &quot;createdDatetime&quot;,
              data: index(ri!vResourceDatasubset.data, &quot;createdDatetime&quot;, {})
            ),
            {}
          ),
          if(contains(local!showColumn, &quot;Modified On&quot;),
            #&quot;SYSTEM_SYSRULES_gridTextColumn&quot;(
              label: &quot;Modified On&quot;,
              field: &quot;modifiedDatetime&quot;,
              data: index(ri!vResourceDatasubset.data, &quot;modifiedDatetime&quot;, {})
            ),
            {}
          ) 
        },
        value: ri!pagingInfo,
        saveInto: #&quot;4c0833a9-0127-4d25-9d6d-cb881c688e7d&quot;(
          gridSelectionOrPagingInfo: ri!pagingInfo,
          additionalSaveInto: {
            a!save(ri!vResourceDatasubset,
              if(#&quot;2168a5de-fb70-4d66-8b97-b547e3ac6e57&quot;(ri!resource_search_cdt.tagIds),
                #&quot;_a-0000dd4b-0482-8000-9ba2-011c48011c48_20351&quot;(resource_search_cdt: ri!resource_search_cdt, pagingInfo: ri!pagingInfo),
                #&quot;_a-0000dd4b-0482-8000-9ba2-011c48011c48_20333&quot;(
                  name: ri!resource_search_cdt.name,
                  categoryId: ri!resource_search_cdt.categoryId,
                  subCategoryId: ri!resource_search_cdt.subCategoryId,
                  typeId: ri!resource_search_cdt.typeId,
                  summary: ri!resource_search_cdt.summary,
                  description: ri!resource_search_cdt.description,
                  statusId: #&quot;_a-0000dd4b-0482-8000-9ba2-011c48011c48_20443&quot;,
                  tagIds: ri!resource_search_cdt.tagIds,
                  pagingInfo: ri!pagingInfo
                )
              )
            )
          }
        )
      ),
      #&quot;2d786626-f8a4-4c46-a2a6-c0c8fe96a4ad&quot;(
        showColumns: ri!showColumns,
        choiceLabels: local!columnChoiceLabels,
        showColumn: local!showColumn
      )
    }
  )
)</definition>
        <namedTypedValue>
            <name>vResourceDatasubset</name>
            <type>
                <name>DataSubset</name>
                <namespace>http://www.appian.com/ae/types/2009</namespace>
            </type>
        </namedTypedValue>
        <namedTypedValue>
            <name>pagingInfo</name>
            <type>
                <name>PagingInfo</name>
                <namespace>http://www.appian.com/ae/types/2009</namespace>
            </type>
        </namedTypedValue>
        <namedTypedValue>
            <name>resource_search_cdt</name>
            <type>
                <name>HELP_Resource_Search</name>
                <namespace>urn:com:appian:types:HELP</namespace>
            </type>
        </namedTypedValue>
        <namedTypedValue>
            <name>showColumns</name>
            <type>
                <name>boolean</name>
                <namespace>http://www.w3.org/2001/XMLSchema</namespace>
            </type>
        </namedTypedValue>
        <namedTypedValue>
            <name>labelText</name>
            <type>
                <name>string</name>
                <namespace>http://www.w3.org/2001/XMLSchema</namespace>
            </type>
            <value/>
        </namedTypedValue>
        <namedTypedValue>
            <name>isCollapsible</name>
            <type>
                <name>boolean</name>
                <namespace>http://www.w3.org/2001/XMLSchema</namespace>
            </type>
        </namedTypedValue>
        <namedTypedValue>
            <name>initCollapsed</name>
            <type>
                <name>boolean</name>
                <namespace>http://www.w3.org/2001/XMLSchema</namespace>
            </type>
        </namedTypedValue>
        <preferredEditor>interface</preferredEditor>
        <offlineEnabled>false</offlineEnabled>
    </rule>
    <roleMap public="true">
        <role allowForAll="false" inherit="true" name="readers">
            <users/>
            <groups/>
        </role>
        <role allowForAll="false" inherit="true" name="authors">
            <users/>
            <groups/>
        </role>
        <role allowForAll="false" inherit="true" name="administrators">
            <users/>
            <groups/>
        </role>
        <role allowForAll="false" inherit="false" name="denyReaders">
            <users/>
            <groups/>
        </role>
        <role allowForAll="false" inherit="false" name="denyAuthors">
            <users/>
            <groups/>
        </role>
        <role allowForAll="false" inherit="false" name="denyAdministrators">
            <users/>
            <groups/>
        </role>
    </roleMap>
    <typedValue>
        <type>
            <name>RuleTestConfig?list</name>
            <namespace>http://www.appian.com/ae/types/2009</namespace>
        </type>
        <value>
            <el>
                <a:name/>
                <a:ruleInputTestConfigs>
                    <a:value xmlns:xsi="http://www.w3.org/2001/XMLSchema-instance" xsi:nil="true" xsi:type="a:DataSubset"/>
                    <a:nameRef>vResourceDatasubset</a:nameRef>
                    <a:id/>
                </a:ruleInputTestConfigs>
                <a:ruleInputTestConfigs>
                    <a:value xmlns:xsi="http://www.w3.org/2001/XMLSchema-instance" xsi:nil="true" xsi:type="a:PagingInfo"/>
                    <a:nameRef>pagingInfo</a:nameRef>
                    <a:id/>
                </a:ruleInputTestConfigs>
                <a:ruleInputTestConfigs>
                    <a:value xmlns:n1="urn:com:appian:types:HELP" xmlns:xsi="http://www.w3.org/2001/XMLSchema-instance" xsi:nil="true" xsi:type="n1:HELP_Resource_Search"/>
                    <a:nameRef>resource_search_cdt</a:nameRef>
                    <a:id/>
                </a:ruleInputTestConfigs>
                <a:ruleInputTestConfigs>
                    <a:value xmlns:xsd="http://www.w3.org/2001/XMLSchema" xmlns:xsi="http://www.w3.org/2001/XMLSchema-instance" xsi:nil="true" xsi:type="xsd:boolean"/>
                    <a:nameRef>showColumns</a:nameRef>
                    <a:id/>
                </a:ruleInputTestConfigs>
                <a:ruleInputTestConfigs>
                    <a:value xmlns:xsd="http://www.w3.org/2001/XMLSchema" xmlns:xsi="http://www.w3.org/2001/XMLSchema-instance" xsi:type="xsd:string"/>
                    <a:nameRef>labelText</a:nameRef>
                    <a:id/>
                </a:ruleInputTestConfigs>
                <a:ruleInputTestConfigs>
                    <a:value xmlns:xsd="http://www.w3.org/2001/XMLSchema" xmlns:xsi="http://www.w3.org/2001/XMLSchema-instance" xsi:nil="true" xsi:type="xsd:boolean"/>
                    <a:nameRef>isCollapsible</a:nameRef>
                    <a:id/>
                </a:ruleInputTestConfigs>
                <a:ruleInputTestConfigs>
                    <a:value xmlns:xsd="http://www.w3.org/2001/XMLSchema" xmlns:xsi="http://www.w3.org/2001/XMLSchema-instance" xsi:nil="true" xsi:type="xsd:boolean"/>
                    <a:nameRef>initCollapsed</a:nameRef>
                    <a:id/>
                </a:ruleInputTestConfigs>
                <a:assertions xmlns:xsi="http://www.w3.org/2001/XMLSchema-instance" xsi:nil="true"/>
            </el>
        </value>
    </typedValue>
</contentHaul>
