<?xml version="1.0" encoding="UTF-8" standalone="yes"?>
<contentHaul xmlns:a="http://www.appian.com/ae/types/2009">
    <rule>
        <name>HELP_GDRW_Resource_files</name>
        <uuid>_a-0000dd4b-0482-8000-9ba2-011c48011c48_19109</uuid>
        <description>Grid row rule for Resource Files</description>
        <parentUuid>_a-0000dd4b-0482-8000-9ba2-011c48011c48_16494</parentUuid>
        <visibility>
            <advertise>false</advertise>
            <hierarchy>true</hierarchy>
            <indexable>true</indexable>
            <quota>false</quota>
            <searchable>true</searchable>
            <system>false</system>
            <unlogged>false</unlogged>
        </visibility>
        <definition>with(
  local!unwrittenFile: #&quot;2168a5de-fb70-4d66-8b97-b547e3ac6e57&quot;(ri!resource_file_cdt[ri!index].fileId),
  local!unstableFile: #&quot;2168a5de-fb70-4d66-8b97-b547e3ac6e57&quot;(ri!resource_file_cdt[ri!index].name), /* still has temporary document id */
  local!disableMoveUp: ri!index=1,
  local!disableMoveDown: ri!index=count(ri!resource_file_cdt),
  local!disableDelete: and(ri!createFlag, not(local!unwrittenFile)),
  #&quot;SYSTEM_SYSRULES_gridRowLayout&quot;(
    id: ri!index,
    contents: {
      if(local!unstableFile,
        #&quot;SYSTEM_SYSRULES_fileUploadField&quot;(
          target: ri!targetFolder,
          value: ri!resource_file_cdt[ri!index].appianDocumentId,
          saveInto: {
            ri!resource_file_cdt[ri!index].appianDocumentId
          }
        ),
        #&quot;SYSTEM_SYSRULES_linkField&quot;(
          links: #&quot;SYSTEM_SYSRULES_documentDownloadLink&quot;(
            document: ri!resource_file_cdt[ri!index].appianDocumentId,
            label: #&quot;_a-0000dd4b-0482-8000-9ba2-011c48011c48_18754&quot;(ri!resource_file_cdt[ri!index].name)
          )
        )
      ),
      #&quot;_a-0000dd0d-462c-8000-9ba2-011c48011c48_3687&quot;(
        value: ri!resource_file_cdt[ri!index].summary,
        saveInto: ri!resource_file_cdt[ri!index].summary,
        readOnly: local!disableDelete
      ),
      #&quot;SYSTEM_SYSRULES_imageField&quot;(
        label: &quot;moveup&quot; &amp; ri!index,
        images: #&quot;SYSTEM_SYSRULES_documentImage&quot;(
          document: #&quot;SYSTEM_SYSRULES_iconIndicator&quot;(
            icon: if(local!disableMoveUp, &quot;MOVE_UP_DISABLED&quot;, &quot;MOVE_UP&quot;)
          ),
          altText: &quot;Move Up&quot;,
          caption: &quot;Move Up&quot;,
          link: if(local!disableMoveUp,
            {},
            #&quot;SYSTEM_SYSRULES_dynamicLink&quot;(
              value: ri!index,
              saveInto: {
                a!save(
                  ri!resource_file_cdt,
                  remove(insert(ri!resource_file_cdt, index(ri!resource_file_cdt, save!value), save!value-1), save!value+1)
                )
              }
            )
          )
        ),
        size: &quot;ICON&quot;
      ),
      #&quot;SYSTEM_SYSRULES_imageField&quot;(
        label: &quot;movedown &quot; &amp; ri!index,
        images: #&quot;SYSTEM_SYSRULES_documentImage&quot;(
          document: #&quot;SYSTEM_SYSRULES_iconIndicator&quot;(
            icon: if(local!disableMoveDown, &quot;MOVE_DOWN_DISABLED&quot;, &quot;MOVE_DOWN&quot;)
          ),
          altText: &quot;Move Down&quot;,
          caption: &quot;Move Down&quot;,
          link: if(local!disableMoveDown,
            {},
            #&quot;SYSTEM_SYSRULES_dynamicLink&quot;(
              value: ri!index,
              saveInto: {
                a!save(
                  ri!resource_file_cdt,
                  remove(insert(ri!resource_file_cdt, index(ri!resource_file_cdt, save!value), save!value+2), save!value)
                )
              }
            )
          )
          ),
        size: &quot;ICON&quot;
      ),
      #&quot;SYSTEM_SYSRULES_imageField&quot;(
        label: &quot;delete&quot; &amp; ri!index,
        images: #&quot;SYSTEM_SYSRULES_documentImage&quot;(
          document: #&quot;SYSTEM_SYSRULES_iconIndicator&quot;(
            icon: if(local!disableDelete, &quot;REMOVE_DISABLED&quot;, &quot;REMOVE&quot;)
          ),
          altText: &quot;Delete&quot;,
          caption: &quot;Delete&quot;,
          link: if(local!disableDelete,
            {},
            #&quot;SYSTEM_SYSRULES_dynamicLink&quot;(
              value: ri!index,
              saveInto: {
                a!save(
                  ri!resource_file_cdt,
                  remove(ri!resource_file_cdt, ri!index)
                )
              }
            )
          )
        ),
        size: &quot;ICON&quot;
      )
    }
  )
)</definition>
        <namedTypedValue>
            <name>index</name>
            <type>
                <name>int</name>
                <namespace>http://www.w3.org/2001/XMLSchema</namespace>
            </type>
        </namedTypedValue>
        <namedTypedValue>
            <name>resource_file_cdt</name>
            <type>
                <name>HELP_Resource_File?list</name>
                <namespace>urn:com:appian:types:HELP</namespace>
            </type>
        </namedTypedValue>
        <namedTypedValue>
            <name>targetFolder</name>
            <type>
                <name>CollaborationFolder</name>
                <namespace>http://www.appian.com/ae/types/2009</namespace>
            </type>
        </namedTypedValue>
        <namedTypedValue>
            <name>documents</name>
            <type>
                <name>CollaborationDocument?list</name>
                <namespace>http://www.appian.com/ae/types/2009</namespace>
            </type>
        </namedTypedValue>
        <namedTypedValue>
            <name>createFlag</name>
            <type>
                <name>boolean</name>
                <namespace>http://www.w3.org/2001/XMLSchema</namespace>
            </type>
        </namedTypedValue>
        <preferredEditor>interface</preferredEditor>
        <offlineEnabled>false</offlineEnabled>
    </rule>
    <roleMap public="true">
        <role allowForAll="false" inherit="true" name="readers">
            <users/>
            <groups/>
        </role>
        <role allowForAll="false" inherit="true" name="authors">
            <users/>
            <groups/>
        </role>
        <role allowForAll="false" inherit="true" name="administrators">
            <users/>
            <groups/>
        </role>
        <role allowForAll="false" inherit="false" name="denyReaders">
            <users/>
            <groups/>
        </role>
        <role allowForAll="false" inherit="false" name="denyAuthors">
            <users/>
            <groups/>
        </role>
        <role allowForAll="false" inherit="false" name="denyAdministrators">
            <users/>
            <groups/>
        </role>
    </roleMap>
</contentHaul>
