<?xml version="1.0" encoding="UTF-8" standalone="yes"?>
<dataStoreHaul xmlns:a="http://www.appian.com/ae/types/2009">
    <dataStore>
        <uuid>_a-0000dd8b-d239-8000-9ba2-011c48011c48_26686</uuid>
        <name>AF Reference</name>
        <description></description>
        <dataSourceKey>java:/jdbc/Appian</dataSourceKey>
        <adaptingExplicitSqlNames>false</adaptingExplicitSqlNames>
        <autoUpdateSchema>false</autoUpdateSchema>
        <entities>
            <entity>
                <uuid>2d03ba81-76e5-426c-8f01-e6f53fa7abfa</uuid>
                <name>AF_R_Data</name>
                <type>{urn:com:appian:types:AF}AF_R_Data</type>
            </entity>
        </entities>
    </dataStore>
    <isPublished>true</isPublished>
    <roleMap>
        <role allowForAll="false" inherit="false" name="administrators">
            <users/>
            <groups>
                <groupUuid>_e-0000dd29-17a1-8000-9aee-01075c01075c_99</groupUuid>
            </groups>
        </role>
        <role allowForAll="false" inherit="false" name="authors">
            <users/>
            <groups/>
        </role>
        <role allowForAll="false" inherit="false" name="denyAdministrators">
            <users/>
            <groups/>
        </role>
        <role allowForAll="false" inherit="false" name="denyAuthors">
            <users/>
            <groups/>
        </role>
        <role allowForAll="false" inherit="false" name="denyReaders">
            <users/>
            <groups/>
        </role>
        <role allowForAll="false" inherit="false" name="readers">
            <users/>
            <groups>
                <groupUuid>_e-0000dd29-17a1-8000-9aee-01075c01075c_98</groupUuid>
            </groups>
        </role>
    </roleMap>
</dataStoreHaul>
