<?xml version="1.0" encoding="UTF-8" standalone="yes"?>
<processModelFolderHaul xmlns:a="http://www.appian.com/ae/types/2009">
    <processModelFolder>
        <name>Data Store</name>
        <uuid>_g-0000ddd3-6ad0-8000-f92f-7f0000014e7a_129</uuid>
        <description></description>
        <parentFolderUuid>_g-0000ddc1-10b7-8000-f92f-7f0000014e7a_98</parentFolderUuid>
    </processModelFolder>
    <roleMap>
        <role name="ADMIN_OWNER">
            <users/>
            <groups>
                <groupUuid>_e-0000ddb3-1d20-8000-9aee-01075c01075c_131</groupUuid>
            </groups>
        </role>
        <role name="EDITOR">
            <users/>
            <groups/>
        </role>
        <role name="EXPLICIT_NONMEMBER">
            <users/>
            <groups/>
        </role>
        <role name="VIEWER">
            <users/>
            <groups>
                <groupUuid>_e-0000ddb3-1d20-8000-9aee-01075c01075c_130</groupUuid>
            </groups>
        </role>
        <role name="MANAGER">
            <users/>
            <groups/>
        </role>
        <role name="INITIATOR">
            <users/>
            <groups/>
        </role>
    </roleMap>
</processModelFolderHaul>
