<?xml version="1.0" encoding="UTF-8" standalone="yes"?>
<tempoReportHaul xmlns:a="http://www.appian.com/ae/types/2009">
    <tempoReport name="Utilization" a:uuid="2c9ba59e-f46a-41fe-8c1e-3b9d0dfbdb98">
        <a:description>Floor utilization</a:description>
        <a:uiExpr>=#&quot;_a-0000dd0d-462c-8000-9ba2-011c48011c48_5800&quot;()</a:uiExpr>
        <a:urlStub>EenIgQ</a:urlStub>
    </tempoReport>
    <roleMap>
        <role name="report_administrator">
            <users/>
            <groups>
                <groupUuid>_e-0000dd0a-93c8-8000-9aee-01075c01075c_12</groupUuid>
            </groups>
        </role>
        <role name="report_viewer">
            <users/>
            <groups>
                <groupUuid>_e-0000dd0a-93c8-8000-9aee-01075c01075c_10</groupUuid>
            </groups>
        </role>
    </roleMap>
</tempoReportHaul>
