<?xml version="1.0" encoding="UTF-8" standalone="yes"?>
<tempoReportHaul xmlns:a="http://www.appian.com/ae/types/2009">
    <tempoReport name="Available Spaces" a:uuid="602ad4d7-51ff-48f9-957f-a4272be82a5c">
        <a:description>Open/Available spaces</a:description>
        <a:uiExpr>=#&quot;_a-0000dd0d-462c-8000-9ba2-011c48011c48_5686&quot;()</a:uiExpr>
        <a:urlStub>7pNqGQ</a:urlStub>
    </tempoReport>
    <roleMap>
        <role name="report_administrator">
            <users/>
            <groups>
                <groupUuid>_e-0000dd0a-93c8-8000-9aee-01075c01075c_12</groupUuid>
            </groups>
        </role>
        <role name="report_viewer">
            <users/>
            <groups>
                <groupUuid>_e-0000dd0a-93c8-8000-9aee-01075c01075c_10</groupUuid>
            </groups>
        </role>
    </roleMap>
</tempoReportHaul>
