<?xml version="1.0" encoding="UTF-8" standalone="yes"?>
<tempoReportHaul xmlns:a="http://www.appian.com/ae/types/2009">
    <tempoReport name="Reservations" a:uuid="c40a53de-2ca3-44d4-a98c-18316b48db71">
        <a:description>All reservations in the system</a:description>
        <a:uiExpr>=#&quot;_a-0000dd0d-462c-8000-9ba2-011c48011c48_4926&quot;()</a:uiExpr>
        <a:urlStub>8k4QaQ</a:urlStub>
    </tempoReport>
    <roleMap>
        <role name="report_administrator">
            <users/>
            <groups>
                <groupUuid>_e-0000dd0a-93c8-8000-9aee-01075c01075c_12</groupUuid>
            </groups>
        </role>
        <role name="report_viewer">
            <users/>
            <groups>
                <groupUuid>_e-0000dd0a-93c8-8000-9aee-01075c01075c_10</groupUuid>
            </groups>
        </role>
    </roleMap>
</tempoReportHaul>
