<?xml version="1.0" encoding="UTF-8" standalone="yes"?>
<tempoReportHaul xmlns:a="http://www.appian.com/ae/types/2009">
    <tempoReport name="Current Occupancy" a:uuid="d5884159-00a8-4771-9ff6-80e18fef6b9e">
        <a:description>Who is currently sitting where</a:description>
        <a:uiExpr>=#&quot;_a-0000dd0d-462c-8000-9ba2-011c48011c48_6360&quot;()</a:uiExpr>
        <a:urlStub>7GHzjw</a:urlStub>
    </tempoReport>
    <roleMap>
        <role name="report_viewer">
            <users/>
            <groups>
                <groupUuid>_e-0000dd0a-93c8-8000-9aee-01075c01075c_10</groupUuid>
            </groups>
        </role>
    </roleMap>
</tempoReportHaul>
