<?xml version="1.0" encoding="UTF-8"?>
<siteHaul xmlns:a="http://www.appian.com/ae/types/2009" xmlns:xsi="http://www.w3.org/2001/XMLSchema-instance">
  <site a:uuid="4e1ab4eb-22b8-4eae-a7d4-eb3f97433210" name="EFM Home to Work">
    <description>Home to Work site</description>
    <urlStub>home-to-work</urlStub>
    <page>
      <staticName>Add a Trip</staticName>
      <description/>
      <urlStub>add-trip</urlStub>
      <uiObject a:uuid="0002dd1e-1d66-8000-f92f-7f0000014e7a" xsi:type="a:ProcessModel"/>
      <iconId>f1b9</iconId>
      <visibilityExpr>fn!true()</visibilityExpr>
    </page>
    <page>
      <staticName>Add an Expense</staticName>
      <description/>
      <urlStub>add-an-expense</urlStub>
      <uiObject a:uuid="0005dd21-190c-8000-f92f-7f0000014e7a" xsi:type="a:ProcessModel"/>
      <iconId>f155</iconId>
      <visibilityExpr>fn!true()</visibilityExpr>
    </page>
    <page>
      <staticName>My Trips</staticName>
      <description/>
      <urlStub>my-trips2</urlStub>
      <uiObject a:uuid="0002dd2f-9e1c-8000-f92f-7f0000014e7a" xsi:type="a:ProcessModel"/>
      <iconId>f00b</iconId>
      <visibilityExpr>fn!true()</visibilityExpr>
    </page>
    <page>
      <staticName>My Expenses</staticName>
      <description/>
      <urlStub>my-expenses</urlStub>
      <uiObject a:uuid="0002dd2f-9d9c-8000-f92f-7f0000014e7a" xsi:type="a:ProcessModel"/>
      <iconId>f1c0</iconId>
      <visibilityExpr>fn!true()</visibilityExpr>
    </page>
    <visibility>268435456</visibility>
    <headerBackgroundColor/>
    <selectedTabBackgroundColor/>
    <faviconRef a:uuid="SYSTEM_CONTENT_SITES_DEFAULT_FAVICON" xsi:type="a:CollaborationDocument"/>
    <faviconHref/>
    <logoHref>https://upload.wikimedia.org/wikipedia/commons/thumb/8/8a/Seal_of_the_United_States_Department_of_Homeland_Security.svg/2000px-Seal_of_the_United_States_Department_of_Homeland_Security.svg.png</logoHref>
    <headerBackgroundColorExpr/>
    <selectedTabBackgroundColorExpr/>
  </site>
  <roleMap/>
</siteHaul>
