<?xml version="1.0" encoding="UTF-8" standalone="yes"?>
<groupHaul xmlns:a="http://www.appian.com/ae/types/2009">
    <group>
        <name>APN All Users</name>
        <securityMap>SECURITYMAP_PUBLIC</securityMap>
        <uuid>_e-0000d823-af2b-8000-bffc-010000010000_8</uuid>
        <groupTypeUuid>SYSTEM_GROUP_TYPE_CUSTOM</groupTypeUuid>
        <description></description>
        <delegatedCreation>false</delegatedCreation>
        <memberPolicy>MEMBERPOLICY_AUTOMATIC</memberPolicy>
        <viewingPolicy>VIEWINGPOLICY_LOW</viewingPolicy>
        <attributes/>
    </group>
    <members>
        <users/>
        <groups/>
    </members>
    <admins>
        <users>
            <userUuid>Administrator</userUuid>
        </users>
        <groups/>
    </admins>
    <ruleSet>
        <expressions>
            <entityTypeName>u</entityTypeName>
            <conditions>
                <attributeName>username</attributeName>
                <operatorId>6</operatorId>
                <value>&amp;%$</value>
            </conditions>
        </expressions>
    </ruleSet>
</groupHaul>
