<?xml version="1.0" encoding="UTF-8" standalone="yes"?>
<administeredSettingHaul xmlns:a="http://www.appian.com/ae/types/2009">
    <uuid>conf.userStartPages.START_PAGES</uuid>
    <isDefault>false</isDefault>
    <urlConfigs>
        <urlConfig>
            <url>/tempo/reports/view/DVVciQ</url>
            <groups>
                <group a:uuid="_e-0000dcf6-b054-8000-9aee-01075c01075c_104"/>
            </groups>
        </urlConfig>
        <urlConfig>
            <url>/tempo/reports/view/RYxWRg</url>
            <groups>
                <group a:uuid="_e-0000dcf6-b054-8000-9aee-01075c01075c_102"/>
                <group a:uuid="_e-0000dcf6-b054-8000-9aee-01075c01075c_97"/>
                <group a:uuid="_e-0000dcf6-b054-8000-9aee-01075c01075c_107"/>
            </groups>
        </urlConfig>
    </urlConfigs>
</administeredSettingHaul>
