<?xml version="1.0" encoding="UTF-8" standalone="yes"?>
<contentHaul xmlns:a="http://www.appian.com/ae/types/2009">
    <rule>
        <name>AFE_RULE_TalkRecord_returnRecordType</name>
        <uuid>_a-0000dd8b-d239-8000-9ba2-011c48011c48_30317</uuid>
        <description>Given a selected record, based on the associated record type ID reference data, returns the actual recordType</description>
        <parentUuid>_a-0000dd72-ed8d-8000-9ba2-011c48011c48_24398</parentUuid>
        <visibility>
            <advertise>false</advertise>
            <hierarchy>true</hierarchy>
            <indexable>true</indexable>
            <quota>false</quota>
            <searchable>true</searchable>
            <system>false</system>
            <unlogged>false</unlogged>
        </visibility>
        <definition>/* As of 9/30/2016, this will need to be maintained and configured manually to match the record type reference data in the database table AF_R_DATA */&#xD;
&#xD;
if(#&quot;2168a5de-fb70-4d66-8b97-b547e3ac6e57&quot;(ri!recordTypeId), {},&#xD;
  null&#xD;
)</definition>
        <namedTypedValue>
            <name>recordTypeId</name>
            <type>
                <name>int</name>
                <namespace>http://www.w3.org/2001/XMLSchema</namespace>
            </type>
        </namedTypedValue>
        <preferredEditor>legacy</preferredEditor>
        <offlineEnabled>false</offlineEnabled>
    </rule>
    <roleMap public="true">
        <role allowForAll="false" inherit="true" name="readers">
            <users/>
            <groups/>
        </role>
        <role allowForAll="false" inherit="true" name="authors">
            <users/>
            <groups/>
        </role>
        <role allowForAll="false" inherit="true" name="administrators">
            <users/>
            <groups/>
        </role>
        <role allowForAll="false" inherit="false" name="denyReaders">
            <users/>
            <groups/>
        </role>
        <role allowForAll="false" inherit="false" name="denyAuthors">
            <users/>
            <groups/>
        </role>
        <role allowForAll="false" inherit="false" name="denyAdministrators">
            <users/>
            <groups/>
        </role>
    </roleMap>
</contentHaul>
