<?xml version="1.0" encoding="UTF-8" standalone="yes"?>
<contentHaul xmlns:a="http://www.appian.com/ae/types/2009">
    <rule>
        <name>AFE_FRM_TalkRecord_createMessage</name>
        <uuid>_a-0000dd8b-d239-8000-9ba2-011c48011c48_30330</uuid>
        <description>The main interface for the Talk about This Record related action.</description>
        <parentUuid>_a-0000dd72-ed8d-8000-9ba2-011c48011c48_24393</parentUuid>
        <visibility>
            <advertise>false</advertise>
            <hierarchy>true</hierarchy>
            <indexable>true</indexable>
            <quota>false</quota>
            <searchable>true</searchable>
            <system>false</system>
            <unlogged>false</unlogged>
        </visibility>
        <definition>=load(
  local!conversationType,
  #&quot;SYSTEM_SYSRULES_formLayout&quot;(
    label: &quot;Talk About This Record&quot;,
    instructions: &quot;&quot;,
    firstColumnContents: {
      #&quot;_a-0000dd0d-462c-8000-9ba2-011c48011c48_3685&quot;(
        label: &quot;Conversation Type&quot;,
        required: true,
        choiceLabels: {&quot;Post to News&quot;, &quot;Send a Message&quot;},
        choiceValues: {1,2},
        value: local!conversationType,
        saveInto: {local!conversationType,
          a!save(ri!postViewers, null)
        }
      ),
      if(#&quot;2168a5de-fb70-4d66-8b97-b547e3ac6e57&quot;(local!conversationType), {},
        choose(local!conversationType,
          #&quot;_a-0000dd0d-462c-8000-9ba2-011c48011c48_3690&quot;(
            readOnly: true,
            labelPosition: &quot;COLLAPSED&quot;,
            value: &quot;All users will have access to this post&quot;
          ),
          #&quot;_a-0000dd72-ed8d-8000-9ba2-011c48011c48_25463&quot;(
            label: &quot;Recipient(s)&quot;,
            readOnly: false,
            required: true,
            helpTooltip: &quot;This will send a locked message to the selected groups or individuals&quot;,
            groupFilter: #&quot;_a-0000dd8b-d239-8000-9ba2-011c48011c48_30356&quot;(recordTypeId: ri!recordTypeId),
            saveInto: ri!postViewers
          )
        )
      ),
      #&quot;_a-0000dd0d-462c-8000-9ba2-011c48011c48_3687&quot;(
        label: &quot;Message&quot;,
        readOnly: false,
        required: true,
        value: ri!postMessage,
        saveInto: ri!postMessage,
        validations: #&quot;b454db67-6211-40e7-9591-49b09bffedd5&quot;(value: ri!postMessage, maxLength: 3500, maxLengthMessage: &quot;Cannot exceed 3500 characaters&quot;)
      )
    },
    buttons: #&quot;SYSTEM_SYSRULES_ButtonLayout&quot;(
      primaryButtons: {
        #&quot;SYSTEM_SYSRULES_ButtonWidgetSubmit&quot;(
          label: #&quot;_a-0000dd0d-462c-8000-9ba2-011c48011c48_5544&quot;,
          style: &quot;PRIMARY&quot;,
          value: #&quot;_a-0000dd0d-462c-8000-9ba2-011c48011c48_5544&quot;,
          confirmMessage: &quot;Are you sure? The message cannot be edited from the Tempo News Feed once this form is submitted&quot;, 
          saveInto: ri!buttonClicked
        )
      },
      secondaryButtons: {
        #&quot;SYSTEM_SYSRULES_ButtonWidgetSubmit&quot;(
          label: #&quot;_a-0000dd0d-462c-8000-9ba2-011c48011c48_5426&quot;,
          style: &quot;NORMAL&quot;,
          value: #&quot;_a-0000dd0d-462c-8000-9ba2-011c48011c48_5426&quot;,
          saveInto: ri!buttonClicked,
          skipValidation: true()
        )
      }
    )
  )
)  </definition>
        <namedTypedValue>
            <name>postViewers</name>
            <type>
                <name>UserOrGroup?list</name>
                <namespace>http://www.appian.com/ae/types/2009</namespace>
            </type>
        </namedTypedValue>
        <namedTypedValue>
            <name>postMessage</name>
            <type>
                <name>string</name>
                <namespace>http://www.w3.org/2001/XMLSchema</namespace>
            </type>
            <value/>
        </namedTypedValue>
        <namedTypedValue>
            <name>buttonClicked</name>
            <type>
                <name>string</name>
                <namespace>http://www.w3.org/2001/XMLSchema</namespace>
            </type>
            <value/>
        </namedTypedValue>
        <namedTypedValue>
            <name>recordTypeId</name>
            <type>
                <name>int</name>
                <namespace>http://www.w3.org/2001/XMLSchema</namespace>
            </type>
        </namedTypedValue>
        <preferredEditor>interface</preferredEditor>
        <offlineEnabled>false</offlineEnabled>
    </rule>
    <roleMap public="true">
        <role allowForAll="false" inherit="true" name="readers">
            <users/>
            <groups/>
        </role>
        <role allowForAll="false" inherit="true" name="authors">
            <users/>
            <groups/>
        </role>
        <role allowForAll="false" inherit="true" name="administrators">
            <users>
                <userUuid>katie.hsu</userUuid>
            </users>
            <groups/>
        </role>
        <role allowForAll="false" inherit="false" name="denyReaders">
            <users/>
            <groups/>
        </role>
        <role allowForAll="false" inherit="false" name="denyAuthors">
            <users/>
            <groups/>
        </role>
        <role allowForAll="false" inherit="false" name="denyAdministrators">
            <users/>
            <groups/>
        </role>
    </roleMap>
    <typedValue>
        <type>
            <name>RuleTestConfig?list</name>
            <namespace>http://www.appian.com/ae/types/2009</namespace>
        </type>
        <value>
            <el>
                <a:name/>
                <a:ruleInputTestConfigs>
                    <a:nameRef>postViewers</a:nameRef>
                    <a:id/>
                </a:ruleInputTestConfigs>
                <a:ruleInputTestConfigs>
                    <a:value xmlns:xsd="http://www.w3.org/2001/XMLSchema" xmlns:xsi="http://www.w3.org/2001/XMLSchema-instance" xsi:type="xsd:string"/>
                    <a:nameRef>postMessage</a:nameRef>
                    <a:id/>
                </a:ruleInputTestConfigs>
                <a:ruleInputTestConfigs>
                    <a:value xmlns:xsd="http://www.w3.org/2001/XMLSchema" xmlns:xsi="http://www.w3.org/2001/XMLSchema-instance" xsi:type="xsd:string"/>
                    <a:nameRef>buttonClicked</a:nameRef>
                    <a:id/>
                </a:ruleInputTestConfigs>
                <a:ruleInputTestConfigs>
                    <a:value xmlns:xsd="http://www.w3.org/2001/XMLSchema" xmlns:xsi="http://www.w3.org/2001/XMLSchema-instance" xsi:nil="true" xsi:type="xsd:int"/>
                    <a:nameRef>recordTypeId</a:nameRef>
                    <a:id/>
                </a:ruleInputTestConfigs>
                <a:assertions xmlns:xsi="http://www.w3.org/2001/XMLSchema-instance" xsi:nil="true"/>
            </el>
        </value>
    </typedValue>
</contentHaul>
