<?xml version="1.0" encoding="UTF-8" standalone="yes"?>
<recordTypeHaul xmlns:a="http://www.appian.com/ae/types/2009">
    <recordType name="Folder" a:uuid="a9e6e3d4-4b59-45e0-a1c3-724f9bf6e9ce">
        <a:pluralName>Folders</a:pluralName>
        <a:description>Case folders to group related correspondence</a:description>
        <a:urlStub>toyU3A</a:urlStub>
        <a:source xmlns:xsi="http://www.w3.org/2001/XMLSchema-instance" xsi:type="a:DataStoreEntity" a:uuid="810c2287-131b-4390-a52a-a146d0fc83d9@_a-0000dc7a-bcb3-8000-9ba2-011c48011c48_6142"/>
        <a:listViewTemplateExpr>=#&quot;SYSTEM_SYSRULES_listViewItem&quot;(
  title: #&quot;_a-0000dc7a-bcb3-8000-9ba2-011c48011c48_6423&quot;(
    folderId: rf!id,
    subject: rf!subject
  ),
  details: rf!type,
  timestamp: rf!createdOn,
  image: #&quot;_a-0000dc7a-bcb3-8000-9ba2-011c48011c48_6432&quot;(
    stageId: rf!stageId
  )
  
)</a:listViewTemplateExpr>
        <a:fieldCfg name="Status">
            <a:description></a:description>
            <a:sourceRef>openFlag</a:sourceRef>
            <a:isSortable>false</a:isSortable>
            <a:isSearchable>false</a:isSearchable>
            <a:isFacet>true</a:isFacet>
            <a:facetType>CUSTOM_BUCKETS_CLOSED</a:facetType>
            <a:isExclusiveFacet>true</a:isExclusiveFacet>
            <a:facetLabelExpr>=&quot;Status&quot;</a:facetLabelExpr>
            <a:facetOption>
                <a:labelExpr>=&quot;Open&quot;</a:labelExpr>
                <a:facetOperator>IN</a:facetOperator>
                <a:lowerLimitExpr></a:lowerLimitExpr>
                <a:upperLimitExpr></a:upperLimitExpr>
                <a:values>=true</a:values>
            </a:facetOption>
            <a:facetOption>
                <a:labelExpr>=&quot;Closed&quot;</a:labelExpr>
                <a:facetOperator>IN</a:facetOperator>
                <a:lowerLimitExpr></a:lowerLimitExpr>
                <a:upperLimitExpr></a:upperLimitExpr>
                <a:values>=false</a:values>
            </a:facetOption>
            <a:sortOrderIndex>0</a:sortOrderIndex>
            <a:facetOrderIndex>0</a:facetOrderIndex>
            <a:visibilityExpr></a:visibilityExpr>
            <a:defaultOptionExpr>=&quot;Open&quot;</a:defaultOptionExpr>
        </a:fieldCfg>
        <a:fieldCfg name="Stage">
            <a:isSortable>false</a:isSortable>
            <a:isSearchable>false</a:isSearchable>
            <a:isFacet>true</a:isFacet>
            <a:facetType>EXPRESSION</a:facetType>
            <a:isExclusiveFacet>true</a:isExclusiveFacet>
            <a:facetExpr>#&quot;SYSTEM_SYSRULES_facet&quot;(
  name: &quot;Stage&quot;,
  options: {
    load(local!stages: #&quot;_a-0000dc7a-bcb3-8000-9ba2-011c48011c48_6406&quot;(activeFlag: true).data,
      apply(
        #&quot;SYSTEM_SYSRULES_facetOption&quot;(
        id: _,
        name: _,
        filter: _
      ), merge(local!stages.id, local!stages.value, apply
      (#&quot;SYSTEM_SYSRULES_queryFilter&quot;(field: &quot;stageId&quot;, operator: &quot;=&quot;, value: _), local!stages.id)))
  )
  }
)</a:facetExpr>
            <a:sortOrderIndex>1</a:sortOrderIndex>
            <a:facetOrderIndex>1</a:facetOrderIndex>
            <a:visibilityExpr></a:visibilityExpr>
            <a:defaultOptionExpr></a:defaultOptionExpr>
        </a:fieldCfg>
        <a:fieldCfg name="Owner">
            <a:description></a:description>
            <a:sourceRef>owner</a:sourceRef>
            <a:isSortable>false</a:isSortable>
            <a:isSearchable>false</a:isSearchable>
            <a:isFacet>true</a:isFacet>
            <a:facetType>CUSTOM_BUCKETS_CLOSED</a:facetType>
            <a:isExclusiveFacet>true</a:isExclusiveFacet>
            <a:facetLabelExpr>=&quot;Owner&quot;</a:facetLabelExpr>
            <a:facetOption>
                <a:labelExpr>=&quot;Me&quot;</a:labelExpr>
                <a:facetOperator>IN</a:facetOperator>
                <a:lowerLimitExpr></a:lowerLimitExpr>
                <a:upperLimitExpr></a:upperLimitExpr>
                <a:values>=loggedInUser()</a:values>
            </a:facetOption>
            <a:sortOrderIndex>2</a:sortOrderIndex>
            <a:facetOrderIndex>2</a:facetOrderIndex>
            <a:visibilityExpr></a:visibilityExpr>
            <a:defaultOptionExpr>=&quot;Me&quot;</a:defaultOptionExpr>
        </a:fieldCfg>
        <a:fieldCfg name="Category">
            <a:isSortable>false</a:isSortable>
            <a:isSearchable>false</a:isSearchable>
            <a:isFacet>true</a:isFacet>
            <a:facetType>EXPRESSION</a:facetType>
            <a:isExclusiveFacet>true</a:isExclusiveFacet>
            <a:facetExpr>#&quot;SYSTEM_SYSRULES_facet&quot;(
  name: &quot;Category&quot;,
  options: load(
    local!categories: #&quot;_a-0000dc7a-bcb3-8000-9ba2-011c48011c48_6248&quot;(
      activeFlag: true
    ).data,
    apply(#&quot;SYSTEM_SYSRULES_facetOption&quot;(
      id: _,
      name: _,
      filter: _
    ), merge(
      local!categories.id,
      local!categories.value,
      apply(#&quot;SYSTEM_SYSRULES_queryFilter&quot;(
        field: &quot;categoryId&quot;,
        operator: &quot;=&quot;,
        value: _
      ), local!categories.id)
    ))
  )
)</a:facetExpr>
            <a:sortOrderIndex>3</a:sortOrderIndex>
            <a:facetOrderIndex>3</a:facetOrderIndex>
            <a:visibilityExpr></a:visibilityExpr>
            <a:defaultOptionExpr></a:defaultOptionExpr>
        </a:fieldCfg>
        <a:fieldCfg name="Start Office">
            <a:isSortable>false</a:isSortable>
            <a:isSearchable>false</a:isSearchable>
            <a:isFacet>true</a:isFacet>
            <a:facetType>EXPRESSION</a:facetType>
            <a:isExclusiveFacet>true</a:isExclusiveFacet>
            <a:facetExpr>#&quot;SYSTEM_SYSRULES_facet&quot;(
  name: &quot;Start Office&quot;,
  options: load(
    local!startOffice:  #&quot;_a-0000dc7a-bcb3-8000-9ba2-011c48011c48_6566&quot;(activeFlag:1).data,
    apply(#&quot;SYSTEM_SYSRULES_facetOption&quot;(
      id: _,
      name: _,
      filter: _
    ), merge(
      local!startOffice.id,
      local!startOffice.code,
      apply(
        #&quot;SYSTEM_SYSRULES_queryFilter&quot;(
        field: &quot;startOfficeId&quot;,
        /*field: &quot;owner&quot;,*/
        operator: &quot;=&quot;,
        value: _
      ), local!startOffice.id)
    ))
  )
)</a:facetExpr>
            <a:sortOrderIndex>4</a:sortOrderIndex>
            <a:facetOrderIndex>4</a:facetOrderIndex>
            <a:visibilityExpr></a:visibilityExpr>
            <a:defaultOptionExpr></a:defaultOptionExpr>
        </a:fieldCfg>
        <a:detailViewCfg>
            <a:nameExpr>=&quot;Summary&quot;</a:nameExpr>
            <a:uiExpr>=#&quot;_a-0000dc7a-bcb3-8000-9ba2-011c48011c48_6435&quot;(
  folderId: rf!id
)</a:uiExpr>
            <a:visibilityExpr>=true()</a:visibilityExpr>
            <a:urlStub>summary</a:urlStub>
            <a:headerExpr></a:headerExpr>
            <a:relatedActionCfg>99fe9409-105f-4b4f-8af3-abc9f42839dc</a:relatedActionCfg>
        </a:detailViewCfg>
        <a:detailViewCfg>
            <a:nameExpr>=&quot;Details&quot;</a:nameExpr>
            <a:uiExpr>=#&quot;_a-0000dc93-c482-8000-9ba2-011c48011c48_10199&quot;(
  folderId: rf!id
)</a:uiExpr>
            <a:visibilityExpr>=true()</a:visibilityExpr>
            <a:urlStub>_aZUyFw</a:urlStub>
            <a:headerExpr></a:headerExpr>
            <a:relatedActionCfg>4fc3456d-d447-4d48-8fa6-b3d44bbbc072</a:relatedActionCfg>
        </a:detailViewCfg>
        <a:detailViewCfg>
            <a:nameExpr>=&quot;Documents&quot;</a:nameExpr>
            <a:uiExpr>=#&quot;_a-0000dc8d-7dbf-8000-9ba2-011c48011c48_9578&quot;(
  folderId: rf!id
)</a:uiExpr>
            <a:visibilityExpr>=true()</a:visibilityExpr>
            <a:urlStub>_kwR0bw</a:urlStub>
            <a:headerExpr></a:headerExpr>
            <a:relatedActionCfg>13424a24-4784-439b-8749-be0ef7ffa9ae</a:relatedActionCfg>
        </a:detailViewCfg>
        <a:detailViewCfg>
            <a:nameExpr>=&quot;Assignments&quot;</a:nameExpr>
            <a:uiExpr>=#&quot;_a-0000dc8d-7dbf-8000-9ba2-011c48011c48_10013&quot;(
  folderId: rf!id
)</a:uiExpr>
            <a:visibilityExpr>=true()</a:visibilityExpr>
            <a:urlStub>_k-fn6A</a:urlStub>
            <a:headerExpr></a:headerExpr>
            <a:relatedActionCfg>6087e3d2-1d8d-47b8-a2fb-341dd2606bba</a:relatedActionCfg>
            <a:relatedActionCfg>ac4658c6-58a3-4e45-b97e-3dd24204469c</a:relatedActionCfg>
        </a:detailViewCfg>
        <a:detailViewCfg>
            <a:nameExpr>=&quot;Notes&quot;</a:nameExpr>
            <a:uiExpr>=#&quot;_a-0000dc8d-7dbf-8000-9ba2-011c48011c48_9548&quot;(
  folderId: rf!id
)</a:uiExpr>
            <a:visibilityExpr>=true()</a:visibilityExpr>
            <a:urlStub>_Ev_-Mg</a:urlStub>
            <a:headerExpr></a:headerExpr>
            <a:relatedActionCfg>0aa8191b-3b48-4f92-a643-f746035085a4</a:relatedActionCfg>
        </a:detailViewCfg>
        <a:detailViewCfg>
            <a:nameExpr>=&quot;History&quot;</a:nameExpr>
            <a:uiExpr>=#&quot;_a-0000dcf6-bb7e-8000-9ba2-011c48011c48_18653&quot;(
  folderId: rf!id
)</a:uiExpr>
            <a:visibilityExpr>=true()</a:visibilityExpr>
            <a:urlStub>_jtUBGA</a:urlStub>
            <a:headerExpr></a:headerExpr>
        </a:detailViewCfg>
        <a:defaultSortInfo>
            <field>createdOn</field>
            <ascending>false</ascending>
        </a:defaultSortInfo>
        <a:relatedActionCfg>
            <a:target xmlns:xsi="http://www.w3.org/2001/XMLSchema-instance" xsi:type="a:ProcessModel" a:uuid="0002dc8d-4545-8000-f92f-7f0000014e7a"/>
            <a:contextExpr>={
  folderId: rf!id
}</a:contextExpr>
            <a:visibilityExpr>=rf!openFlag</a:visibilityExpr>
            <a:refId>4fc3456d-d447-4d48-8fa6-b3d44bbbc072</a:refId>
        </a:relatedActionCfg>
        <a:relatedActionCfg>
            <a:target xmlns:xsi="http://www.w3.org/2001/XMLSchema-instance" xsi:type="a:ProcessModel" a:uuid="0005dc92-9889-8000-f92f-7f0000014e7a"/>
            <a:contextExpr>={&#xD;
folderId: rf!id&#xD;
}</a:contextExpr>
            <a:visibilityExpr>=and(rf!openFlag, rf!stageId&lt;&gt;#&quot;_a-0000dc8d-7dbf-8000-9ba2-011c48011c48_10020&quot;[5])</a:visibilityExpr>
            <a:refId>ac4658c6-58a3-4e45-b97e-3dd24204469c</a:refId>
        </a:relatedActionCfg>
        <a:relatedActionCfg>
            <a:target xmlns:xsi="http://www.w3.org/2001/XMLSchema-instance" xsi:type="a:ProcessModel" a:uuid="0005dc91-4b65-8000-f92f-7f0000014e7a"/>
            <a:contextExpr>={
  folderId: rf!id
}</a:contextExpr>
            <a:visibilityExpr>=or(isusermemberofgroups(loggedInUser(), {#&quot;_a-0000dc8d-7dbf-8000-9ba2-011c48011c48_9802&quot;, #&quot;_a-0000dc93-c482-8000-9ba2-011c48011c48_10564&quot;}),
rf!openFlag
)</a:visibilityExpr>
            <a:refId>13424a24-4784-439b-8749-be0ef7ffa9ae</a:refId>
        </a:relatedActionCfg>
        <a:relatedActionCfg>
            <a:target xmlns:xsi="http://www.w3.org/2001/XMLSchema-instance" xsi:type="a:ProcessModel" a:uuid="0004dc8d-621a-8000-f92f-7f0000014e7a"/>
            <a:contextExpr>={
  folderId: rf!id
}</a:contextExpr>
            <a:visibilityExpr>=rf!openFlag</a:visibilityExpr>
            <a:refId>0aa8191b-3b48-4f92-a643-f746035085a4</a:refId>
        </a:relatedActionCfg>
        <a:relatedActionCfg>
            <a:target xmlns:xsi="http://www.w3.org/2001/XMLSchema-instance" xsi:type="a:ProcessModel" a:uuid="0005dc93-8899-8000-f92f-7f0000014e7a"/>
            <a:contextExpr>={
  folderId: rf!id
}</a:contextExpr>
            <a:visibilityExpr>=and(
  rf!stageId=#&quot;_a-0000dc8d-7dbf-8000-9ba2-011c48011c48_10020&quot;[1],
  not(#&quot;_a-0000d62a-67b3-8000-da6f-010000010000_951&quot;(
    #&quot;_a-0000dc8d-7dbf-8000-9ba2-011c48011c48_9999&quot;(
    folderId: rf!id,
    deletedFlag: false
  ).data) 
 )
)</a:visibilityExpr>
            <a:refId>6087e3d2-1d8d-47b8-a2fb-341dd2606bba</a:refId>
        </a:relatedActionCfg>
        <a:relatedActionCfg>
            <a:target xmlns:xsi="http://www.w3.org/2001/XMLSchema-instance" xsi:type="a:ProcessModel" a:uuid="0002dc9b-e26f-8000-f92f-7f0000014e7a"/>
            <a:contextExpr>={&#xD;
 folderId: rf!id&#xD;
}</a:contextExpr>
            <a:visibilityExpr>=true()</a:visibilityExpr>
            <a:refId>99fe9409-105f-4b4f-8af3-abc9f42839dc</a:refId>
        </a:relatedActionCfg>
        <a:relatedActionCfg>
            <a:target xmlns:xsi="http://www.w3.org/2001/XMLSchema-instance" xsi:type="a:ProcessModel" a:uuid="0005dcfc-1dea-8000-f92f-7f0000014e7a"/>
            <a:contextExpr>={&#xD;
 folderId: rf!id&#xD;
}</a:contextExpr>
            <a:visibilityExpr>=rf!stageId=#&quot;_a-0000dc8d-7dbf-8000-9ba2-011c48011c48_10020&quot;[3]</a:visibilityExpr>
            <a:refId>bca6979a-340f-4699-a073-b6151b353b5a</a:refId>
        </a:relatedActionCfg>
        <a:isSystem>false</a:isSystem>
        <a:dataSrcExpr></a:dataSrcExpr>
        <a:facetsListExpr></a:facetsListExpr>
        <a:titleExpr></a:titleExpr>
        <a:defaultFiltersExpr></a:defaultFiltersExpr>
        <a:layoutType>FEED</a:layoutType>
        <a:security>16383</a:security>
    </recordType>
    <roleMap>
        <role name="record_type_administrator">
            <users/>
            <groups>
                <groupUuid>_e-0000dc7a-bc14-8000-9aee-01075c01075c_35</groupUuid>
            </groups>
        </role>
        <role name="record_type_viewer">
            <users/>
            <groups>
                <groupUuid>_e-0000dc7a-bc14-8000-9aee-01075c01075c_36</groupUuid>
            </groups>
        </role>
    </roleMap>
</recordTypeHaul>
