<?xml version="1.0" encoding="UTF-8" standalone="yes"?>
<recordTypeHaul xmlns:a="http://www.appian.com/ae/types/2009">
    <recordType name="User" a:uuid="SYSTEM_RECORD_TYPE_USER">
        <a:pluralName>Users</a:pluralName>
        <a:description>Directory of users</a:description>
        <a:urlStub>U1TzGg</a:urlStub>
        <a:source xmlns:xsi="http://www.w3.org/2001/XMLSchema-instance" xsi:type="a:Datatype" a:uuid="{http://www.appian.com/ae/types/2009}UserProfile"/>
        <a:listViewTemplateExpr>#&quot;SYSTEM_SYSRULES_userRecordListViewItem&quot;()</a:listViewTemplateExpr>
        <a:detailViewCfg>
            <a:nameExpr>=&quot;Summary&quot;</a:nameExpr>
            <a:uiExpr>#&quot;SYSTEM_SYSRULES_userRecordSummaryDashboard&quot;()</a:uiExpr>
            <a:visibilityExpr>=true()</a:visibilityExpr>
            <a:urlStub>summary</a:urlStub>
            <a:headerExpr>#&quot;SYSTEM_SYSRULES_userRecordHeader&quot;()</a:headerExpr>
        </a:detailViewCfg>
        <a:detailViewCfg>
            <a:nameExpr>=&quot;Group Membership&quot;</a:nameExpr>
            <a:uiExpr>#&quot;cb9c8c96-167d-4aca-8916-95baf4793a8d&quot;(
  username: rf!username
)</a:uiExpr>
            <a:visibilityExpr>=true()</a:visibilityExpr>
            <a:urlStub>_LqAYzQ</a:urlStub>
            <a:headerExpr></a:headerExpr>
            <a:relatedActionCfg>080790cd-c11b-47fe-8263-5e639db12b0a</a:relatedActionCfg>
        </a:detailViewCfg>
        <a:detailViewCfg>
            <a:nameExpr>=&quot;History&quot;</a:nameExpr>
            <a:uiExpr>#&quot;_a-0000dcf6-bb7e-8000-9ba2-011c48011c48_18891&quot;(
  username: rf!username
)</a:uiExpr>
            <a:visibilityExpr>=true()</a:visibilityExpr>
            <a:urlStub>_ObDeRg</a:urlStub>
            <a:headerExpr></a:headerExpr>
        </a:detailViewCfg>
        <a:defaultSortInfo>
            <field>lastName</field>
            <ascending>true</ascending>
        </a:defaultSortInfo>
        <a:relatedActionCfg>
            <a:target xmlns:xsi="http://www.w3.org/2001/XMLSchema-instance" xsi:type="a:ProcessModel" a:uuid="0002dcfd-8fe5-8000-f92f-7f0000014e7a"/>
            <a:contextExpr>={username: rf!username}</a:contextExpr>
            <a:visibilityExpr>isuseractive(rf!username)</a:visibilityExpr>
            <a:refId>080790cd-c11b-47fe-8263-5e639db12b0a</a:refId>
        </a:relatedActionCfg>
        <a:isSystem>true</a:isSystem>
        <a:dataSrcExpr>fn!queryuserrecord_appian_internal(rsp!query)</a:dataSrcExpr>
        <a:facetsListExpr>#&quot;SYSTEM_SYSRULES_userRecordFacets&quot;()</a:facetsListExpr>
        <a:titleExpr></a:titleExpr>
        <a:defaultFiltersExpr></a:defaultFiltersExpr>
        <a:layoutType>FEED</a:layoutType>
        <a:security>32767</a:security>
    </recordType>
    <roleMap/>
</recordTypeHaul>
