<?xml version="1.0" encoding="UTF-8" standalone="yes"?>
<applicationHaul xmlns:a="http://www.appian.com/ae/types/2009">
    <application>
        <name>EFM Data Staging</name>
        <uuid>_a-0000dd72-ed8d-8000-9ba2-011c48011c48_24560</uuid>
        <description>Data Staging Package</description>
        <parentUuid>SYSTEM_APPLICATIONS_ROOT</parentUuid>
        <visibility>
            <advertise>false</advertise>
            <hierarchy>true</hierarchy>
            <indexable>true</indexable>
            <quota>false</quota>
            <searchable>true</searchable>
            <system>false</system>
            <unlogged>false</unlogged>
        </visibility>
        <urlIdentifier>IAaDnA</urlIdentifier>
        <published>false</published>
        <public>false</public>
        <associatedObjects>
            <globalIdMap>
                <item>
                    <type>datatype</type>
                    <uuids/>
                </item>
                <item>
                    <type>dataStore</type>
                    <uuids/>
                </item>
                <item>
                    <type>user</type>
                    <uuids/>
                </item>
                <item>
                    <type>groupType</type>
                    <uuids/>
                </item>
                <item>
                    <type>group</type>
                    <uuids/>
                </item>
                <item>
                    <type>content</type>
                    <uuids>
                        <uuid>_a-0000dd17-9077-8000-9ba2-011c48011c48_10844</uuid>
                        <uuid>_a-0000dd17-9077-8000-9ba2-011c48011c48_10949</uuid>
                        <uuid>_a-0000dd17-9077-8000-9ba2-011c48011c48_11413</uuid>
                        <uuid>_a-0000dd17-9077-8000-9ba2-011c48011c48_11418</uuid>
                        <uuid>_a-0000dd17-9077-8000-9ba2-011c48011c48_11499</uuid>
                        <uuid>_a-0000dd3a-bcbf-8000-9ba2-011c48011c48_14830</uuid>
                        <uuid>_a-0000dd3a-bcbf-8000-9ba2-011c48011c48_15624</uuid>
                        <uuid>_a-0000dd4b-0482-8000-9ba2-011c48011c48_19550</uuid>
                        <uuid>_a-0000dd4b-0482-8000-9ba2-011c48011c48_19582</uuid>
                        <uuid>_a-0000dd4b-0482-8000-9ba2-011c48011c48_19587</uuid>
                        <uuid>_a-0000dd4b-0482-8000-9ba2-011c48011c48_19592</uuid>
                        <uuid>_a-0000dd4b-0482-8000-9ba2-011c48011c48_19597</uuid>
                        <uuid>_a-0000dd4b-0482-8000-9ba2-011c48011c48_19602</uuid>
                        <uuid>_a-0000dd4b-0482-8000-9ba2-011c48011c48_19607</uuid>
                        <uuid>_a-0000dd4b-0482-8000-9ba2-011c48011c48_19612</uuid>
                        <uuid>_a-0000dd4b-0482-8000-9ba2-011c48011c48_19617</uuid>
                        <uuid>_a-0000dd4b-0482-8000-9ba2-011c48011c48_19622</uuid>
                        <uuid>_a-0000dd4b-0482-8000-9ba2-011c48011c48_19627</uuid>
                        <uuid>_a-0000dd4b-0482-8000-9ba2-011c48011c48_19632</uuid>
                        <uuid>_a-0000dd4b-0482-8000-9ba2-011c48011c48_19637</uuid>
                        <uuid>_a-0000dd4b-0482-8000-9ba2-011c48011c48_19642</uuid>
                        <uuid>_a-0000dd4b-0482-8000-9ba2-011c48011c48_19647</uuid>
                        <uuid>_a-0000dd4b-0482-8000-9ba2-011c48011c48_19653</uuid>
                        <uuid>_a-0000dd4b-0482-8000-9ba2-011c48011c48_19658</uuid>
                        <uuid>_a-0000dd4b-0482-8000-9ba2-011c48011c48_19663</uuid>
                        <uuid>_a-0000dd4b-0482-8000-9ba2-011c48011c48_19668</uuid>
                        <uuid>_a-0000dd4b-0482-8000-9ba2-011c48011c48_19673</uuid>
                        <uuid>_a-0000dd4b-0482-8000-9ba2-011c48011c48_19678</uuid>
                        <uuid>_a-0000dd4b-0482-8000-9ba2-011c48011c48_19683</uuid>
                        <uuid>_a-0000dd4b-0482-8000-9ba2-011c48011c48_19688</uuid>
                        <uuid>_a-0000dd4b-0482-8000-9ba2-011c48011c48_19693</uuid>
                        <uuid>_a-0000dd4b-0482-8000-9ba2-011c48011c48_19698</uuid>
                        <uuid>_a-0000dd4b-0482-8000-9ba2-011c48011c48_19703</uuid>
                        <uuid>_a-0000dd4b-0482-8000-9ba2-011c48011c48_19708</uuid>
                        <uuid>_a-0000dd4b-0482-8000-9ba2-011c48011c48_19713</uuid>
                        <uuid>_a-0000dd4b-0482-8000-9ba2-011c48011c48_19719</uuid>
                        <uuid>_a-0000dd4b-0482-8000-9ba2-011c48011c48_19724</uuid>
                        <uuid>_a-0000dd4b-0482-8000-9ba2-011c48011c48_19729</uuid>
                        <uuid>_a-0000dd4b-0482-8000-9ba2-011c48011c48_19734</uuid>
                        <uuid>_a-0000dd4b-0482-8000-9ba2-011c48011c48_19740</uuid>
                        <uuid>_a-0000dd4b-0482-8000-9ba2-011c48011c48_19745</uuid>
                        <uuid>_a-0000dd4b-0482-8000-9ba2-011c48011c48_19750</uuid>
                        <uuid>_a-0000dd4b-0482-8000-9ba2-011c48011c48_19755</uuid>
                        <uuid>_a-0000dd4b-0482-8000-9ba2-011c48011c48_19760</uuid>
                        <uuid>_a-0000dd4b-0482-8000-9ba2-011c48011c48_19765</uuid>
                        <uuid>_a-0000dd4b-0482-8000-9ba2-011c48011c48_19770</uuid>
                        <uuid>_a-0000dd4b-0482-8000-9ba2-011c48011c48_19776</uuid>
                        <uuid>_a-0000dd4b-0482-8000-9ba2-011c48011c48_19781</uuid>
                        <uuid>_a-0000dd4b-0482-8000-9ba2-011c48011c48_19787</uuid>
                        <uuid>_a-0000dd4b-0482-8000-9ba2-011c48011c48_19793</uuid>
                        <uuid>_a-0000dd4b-0482-8000-9ba2-011c48011c48_19798</uuid>
                        <uuid>_a-0000dd4b-0482-8000-9ba2-011c48011c48_19804</uuid>
                        <uuid>_a-0000dd4b-0482-8000-9ba2-011c48011c48_19809</uuid>
                        <uuid>_a-0000dd4b-0482-8000-9ba2-011c48011c48_19814</uuid>
                        <uuid>_a-0000dd4b-0482-8000-9ba2-011c48011c48_19820</uuid>
                        <uuid>_a-0000dd4b-0482-8000-9ba2-011c48011c48_19825</uuid>
                        <uuid>_a-0000dd4b-0482-8000-9ba2-011c48011c48_19831</uuid>
                        <uuid>_a-0000dd4b-0482-8000-9ba2-011c48011c48_19838</uuid>
                        <uuid>_a-0000dd4b-0482-8000-9ba2-011c48011c48_19845</uuid>
                        <uuid>_a-0000dd4b-0482-8000-9ba2-011c48011c48_19855</uuid>
                        <uuid>_a-0000dd4b-0482-8000-9ba2-011c48011c48_19865</uuid>
                        <uuid>_a-0000dd4b-0482-8000-9ba2-011c48011c48_19870</uuid>
                        <uuid>_a-0000dd4b-0482-8000-9ba2-011c48011c48_19875</uuid>
                        <uuid>_a-0000dd4b-0482-8000-9ba2-011c48011c48_19880</uuid>
                        <uuid>_a-0000dd4b-0482-8000-9ba2-011c48011c48_19886</uuid>
                        <uuid>_a-0000dd4b-0482-8000-9ba2-011c48011c48_19891</uuid>
                        <uuid>_a-0000dd4b-0482-8000-9ba2-011c48011c48_19896</uuid>
                        <uuid>_a-0000dd4b-0482-8000-9ba2-011c48011c48_19901</uuid>
                        <uuid>_a-0000dd17-9077-8000-9ba2-011c48011c48_10925</uuid>
                        <uuid>_a-0000dd17-9077-8000-9ba2-011c48011c48_11412</uuid>
                        <uuid>_a-0000dd17-9077-8000-9ba2-011c48011c48_11417</uuid>
                        <uuid>_a-0000dd17-9077-8000-9ba2-011c48011c48_11498</uuid>
                        <uuid>_a-0000dd3a-bcbf-8000-9ba2-011c48011c48_14829</uuid>
                        <uuid>_a-0000dd3a-bcbf-8000-9ba2-011c48011c48_15623</uuid>
                        <uuid>_a-0000dd4b-0482-8000-9ba2-011c48011c48_19549</uuid>
                        <uuid>_a-0000dd4b-0482-8000-9ba2-011c48011c48_19581</uuid>
                        <uuid>_a-0000dd4b-0482-8000-9ba2-011c48011c48_19586</uuid>
                        <uuid>_a-0000dd4b-0482-8000-9ba2-011c48011c48_19591</uuid>
                        <uuid>_a-0000dd4b-0482-8000-9ba2-011c48011c48_19596</uuid>
                        <uuid>_a-0000dd4b-0482-8000-9ba2-011c48011c48_19601</uuid>
                        <uuid>_a-0000dd4b-0482-8000-9ba2-011c48011c48_19606</uuid>
                        <uuid>_a-0000dd4b-0482-8000-9ba2-011c48011c48_19611</uuid>
                        <uuid>_a-0000dd4b-0482-8000-9ba2-011c48011c48_19616</uuid>
                        <uuid>_a-0000dd4b-0482-8000-9ba2-011c48011c48_19621</uuid>
                        <uuid>_a-0000dd4b-0482-8000-9ba2-011c48011c48_19626</uuid>
                        <uuid>_a-0000dd4b-0482-8000-9ba2-011c48011c48_19631</uuid>
                        <uuid>_a-0000dd4b-0482-8000-9ba2-011c48011c48_19636</uuid>
                        <uuid>_a-0000dd4b-0482-8000-9ba2-011c48011c48_19641</uuid>
                        <uuid>_a-0000dd4b-0482-8000-9ba2-011c48011c48_19646</uuid>
                        <uuid>_a-0000dd4b-0482-8000-9ba2-011c48011c48_19652</uuid>
                        <uuid>_a-0000dd4b-0482-8000-9ba2-011c48011c48_19657</uuid>
                        <uuid>_a-0000dd4b-0482-8000-9ba2-011c48011c48_19662</uuid>
                        <uuid>_a-0000dd4b-0482-8000-9ba2-011c48011c48_19667</uuid>
                        <uuid>_a-0000dd4b-0482-8000-9ba2-011c48011c48_19672</uuid>
                        <uuid>_a-0000dd4b-0482-8000-9ba2-011c48011c48_19677</uuid>
                        <uuid>_a-0000dd4b-0482-8000-9ba2-011c48011c48_19682</uuid>
                        <uuid>_a-0000dd4b-0482-8000-9ba2-011c48011c48_19687</uuid>
                        <uuid>_a-0000dd4b-0482-8000-9ba2-011c48011c48_19692</uuid>
                        <uuid>_a-0000dd4b-0482-8000-9ba2-011c48011c48_19697</uuid>
                        <uuid>_a-0000dd4b-0482-8000-9ba2-011c48011c48_19702</uuid>
                        <uuid>_a-0000dd4b-0482-8000-9ba2-011c48011c48_19707</uuid>
                        <uuid>_a-0000dd4b-0482-8000-9ba2-011c48011c48_19712</uuid>
                        <uuid>_a-0000dd4b-0482-8000-9ba2-011c48011c48_19718</uuid>
                        <uuid>_a-0000dd4b-0482-8000-9ba2-011c48011c48_19723</uuid>
                        <uuid>_a-0000dd4b-0482-8000-9ba2-011c48011c48_19728</uuid>
                        <uuid>_a-0000dd4b-0482-8000-9ba2-011c48011c48_19733</uuid>
                        <uuid>_a-0000dd4b-0482-8000-9ba2-011c48011c48_19739</uuid>
                        <uuid>_a-0000dd4b-0482-8000-9ba2-011c48011c48_19744</uuid>
                        <uuid>_a-0000dd4b-0482-8000-9ba2-011c48011c48_19749</uuid>
                        <uuid>_a-0000dd4b-0482-8000-9ba2-011c48011c48_19754</uuid>
                        <uuid>_a-0000dd4b-0482-8000-9ba2-011c48011c48_19759</uuid>
                        <uuid>_a-0000dd4b-0482-8000-9ba2-011c48011c48_19764</uuid>
                        <uuid>_a-0000dd4b-0482-8000-9ba2-011c48011c48_19769</uuid>
                        <uuid>_a-0000dd4b-0482-8000-9ba2-011c48011c48_19775</uuid>
                        <uuid>_a-0000dd4b-0482-8000-9ba2-011c48011c48_19780</uuid>
                        <uuid>_a-0000dd4b-0482-8000-9ba2-011c48011c48_19786</uuid>
                        <uuid>_a-0000dd4b-0482-8000-9ba2-011c48011c48_19792</uuid>
                        <uuid>_a-0000dd4b-0482-8000-9ba2-011c48011c48_19797</uuid>
                        <uuid>_a-0000dd4b-0482-8000-9ba2-011c48011c48_19803</uuid>
                        <uuid>_a-0000dd4b-0482-8000-9ba2-011c48011c48_19808</uuid>
                        <uuid>_a-0000dd4b-0482-8000-9ba2-011c48011c48_19813</uuid>
                        <uuid>_a-0000dd4b-0482-8000-9ba2-011c48011c48_19819</uuid>
                        <uuid>_a-0000dd4b-0482-8000-9ba2-011c48011c48_19824</uuid>
                        <uuid>_a-0000dd4b-0482-8000-9ba2-011c48011c48_19830</uuid>
                        <uuid>_a-0000dd4b-0482-8000-9ba2-011c48011c48_19837</uuid>
                        <uuid>_a-0000dd4b-0482-8000-9ba2-011c48011c48_19844</uuid>
                        <uuid>_a-0000dd4b-0482-8000-9ba2-011c48011c48_19854</uuid>
                        <uuid>_a-0000dd4b-0482-8000-9ba2-011c48011c48_19864</uuid>
                        <uuid>_a-0000dd4b-0482-8000-9ba2-011c48011c48_19869</uuid>
                        <uuid>_a-0000dd4b-0482-8000-9ba2-011c48011c48_19874</uuid>
                        <uuid>_a-0000dd4b-0482-8000-9ba2-011c48011c48_19879</uuid>
                        <uuid>_a-0000dd4b-0482-8000-9ba2-011c48011c48_19885</uuid>
                        <uuid>_a-0000dd4b-0482-8000-9ba2-011c48011c48_19890</uuid>
                        <uuid>_a-0000dd4b-0482-8000-9ba2-011c48011c48_19895</uuid>
                        <uuid>_a-0000dd4b-0482-8000-9ba2-011c48011c48_19900</uuid>
                    </uuids>
                </item>
                <item>
                    <type>forum</type>
                    <uuids/>
                </item>
                <item>
                    <type>processModelFolder</type>
                    <uuids/>
                </item>
                <item>
                    <type>processModel</type>
                    <uuids>
                        <uuid>0002dd38-902b-8000-f92f-7f0000014e7a</uuid>
                    </uuids>
                </item>
                <item>
                    <type>portlet</type>
                    <uuids/>
                </item>
                <item>
                    <type>page</type>
                    <uuids/>
                </item>
                <item>
                    <type>application</type>
                    <uuids/>
                </item>
                <item>
                    <type>tempoFeed</type>
                    <uuids/>
                </item>
                <item>
                    <type>recordType</type>
                    <uuids/>
                </item>
                <item>
                    <type>tempoReport</type>
                    <uuids/>
                </item>
                <item>
                    <type>taskReport</type>
                    <uuids/>
                </item>
                <item>
                    <type>webApi</type>
                    <uuids/>
                </item>
                <item>
                    <type>site</type>
                    <uuids/>
                </item>
                <item>
                    <type>adminSetting</type>
                    <uuids/>
                </item>
                <item>
                    <type>thirdPartyCredentials</type>
                    <uuids/>
                </item>
                <item>
                    <type>dataSource</type>
                    <uuids/>
                </item>
            </globalIdMap>
        </associatedObjects>
        <applicationNavigation/>
        <applicationActions/>
        <associatedApplications>
            <globalIdMap>
                <item>
                    <type>datatype</type>
                    <uuids/>
                </item>
                <item>
                    <type>dataStore</type>
                    <uuids/>
                </item>
                <item>
                    <type>user</type>
                    <uuids/>
                </item>
                <item>
                    <type>groupType</type>
                    <uuids/>
                </item>
                <item>
                    <type>group</type>
                    <uuids/>
                </item>
                <item>
                    <type>content</type>
                    <uuids/>
                </item>
                <item>
                    <type>forum</type>
                    <uuids/>
                </item>
                <item>
                    <type>processModelFolder</type>
                    <uuids/>
                </item>
                <item>
                    <type>processModel</type>
                    <uuids/>
                </item>
                <item>
                    <type>portlet</type>
                    <uuids/>
                </item>
                <item>
                    <type>page</type>
                    <uuids/>
                </item>
                <item>
                    <type>application</type>
                    <uuids/>
                </item>
                <item>
                    <type>tempoFeed</type>
                    <uuids/>
                </item>
                <item>
                    <type>recordType</type>
                    <uuids/>
                </item>
                <item>
                    <type>tempoReport</type>
                    <uuids/>
                </item>
                <item>
                    <type>taskReport</type>
                    <uuids/>
                </item>
                <item>
                    <type>webApi</type>
                    <uuids/>
                </item>
                <item>
                    <type>site</type>
                    <uuids/>
                </item>
                <item>
                    <type>adminSetting</type>
                    <uuids/>
                </item>
                <item>
                    <type>thirdPartyCredentials</type>
                    <uuids/>
                </item>
                <item>
                    <type>dataSource</type>
                    <uuids/>
                </item>
            </globalIdMap>
        </associatedApplications>
    </application>
    <roleMap>
        <contentRoleMap public="true">
            <role allowForAll="false" inherit="false" name="readers">
                <users/>
                <groups/>
            </role>
            <role allowForAll="false" inherit="false" name="authors">
                <users/>
                <groups/>
            </role>
            <role allowForAll="false" inherit="false" name="administrators">
                <users>
                    <userUuid>justin.watts</userUuid>
                </users>
                <groups/>
            </role>
            <role allowForAll="false" inherit="false" name="denyReaders">
                <users/>
                <groups/>
            </role>
            <role allowForAll="false" inherit="false" name="denyAuthors">
                <users/>
                <groups/>
            </role>
            <role allowForAll="false" inherit="false" name="denyAdministrators">
                <users/>
                <groups/>
            </role>
        </contentRoleMap>
    </roleMap>
</applicationHaul>
