<?xml version="1.0" encoding="UTF-8" standalone="yes"?>
<tempoReportHaul xmlns:a="http://www.appian.com/ae/types/2009">
    <tempoReport name="Help Resources" a:uuid="6002e2a7-4b06-480a-8426-61ce399a450e">
        <a:description>All Help resources contained in the Appian system</a:description>
        <a:uiExpr>=#&quot;_a-0000dd4b-0482-8000-9ba2-011c48011c48_20416&quot;()</a:uiExpr>
        <a:urlStub>IOwdYw</a:urlStub>
    </tempoReport>
    <roleMap>
        <role name="report_administrator">
            <users/>
            <groups>
                <groupUuid>_e-0000dd71-43cb-8000-9aee-01075c01075c_111</groupUuid>
            </groups>
        </role>
        <role name="report_viewer">
            <users/>
            <groups>
                <groupUuid>_e-0000dd72-ed8c-8000-9aee-01075c01075c_112</groupUuid>
            </groups>
        </role>
    </roleMap>
</tempoReportHaul>
