<?xml version="1.0" encoding="UTF-8" standalone="yes"?>
<applicationHaul xmlns:a="http://www.appian.com/ae/types/2009">
    <application>
        <name>Systems 1.0 - All Objects</name>
        <uuid>_a-0000dd4b-0482-8000-9ba2-011c48011c48_16571</uuid>
        <description>All objects for the Systems framework</description>
        <parentUuid>SYSTEM_APPLICATIONS_ROOT</parentUuid>
        <visibility>
            <advertise>false</advertise>
            <hierarchy>true</hierarchy>
            <indexable>true</indexable>
            <quota>false</quota>
            <searchable>true</searchable>
            <system>false</system>
            <unlogged>false</unlogged>
        </visibility>
        <urlIdentifier>y9vd2Q</urlIdentifier>
        <published>false</published>
        <public>false</public>
        <associatedObjects>
            <globalIdMap>
                <item>
                    <type>datatype</type>
                    <uuids>
                        <uuid>{urn:com:appian:types:SYS}SYS_System</uuid>
                        <uuid>{urn:com:appian:types:SYS}SYS_R_Data</uuid>
                        <uuid>{urn:com:appian:types:SYS}SYS_V_System_Record</uuid>
                        <uuid>{urn:com:appian:types:SYS}SYS_Hardware</uuid>
                        <uuid>{urn:com:appian:types:SYS}SYS_Integration</uuid>
                        <uuid>{urn:com:appian:types:SYS}SYS_Issue</uuid>
                        <uuid>{urn:com:appian:types:SYS}SYS_Release</uuid>
                        <uuid>{urn:com:appian:types:SYS}SYS_DailyUsage</uuid>
                        <uuid>{urn:com:appian:types:SYS}SYS_Poam</uuid>
                        <uuid>{urn:com:appian:types:SYS}SYS_V_Issue</uuid>
                        <uuid>{urn:com:appian:types:SYS}SYS_Outage</uuid>
                        <uuid>{urn:com:appian:types:SYS}SYS_V_Outage</uuid>
                        <uuid>{urn:com:appian:types:SYS}SYS_V_Hardware</uuid>
                        <uuid>{urn:com:appian:types:SYS}SYS_V_Integration</uuid>
                        <uuid>{urn:com:appian:types:SYS}SYS_V_Poam</uuid>
                        <uuid>{urn:com:appian:types:SYS}SYS_Audit</uuid>
                        <uuid>{urn:com:appian:types:SYS}SYS_V_Audit</uuid>
                        <uuid>{urn:com:appian:types:SYS}SYS_V_Release</uuid>
                        <uuid>{urn:com:appian:types:SYS}SYS_Outage_Document</uuid>
                        <uuid>{urn:com:appian:types:SYS}SYS_Outage_Comment</uuid>
                        <uuid>{urn:com:appian:types::SYS}SYS_OutageReport_SearchRequest</uuid>
                        <uuid>{urn:com:appian:types:SYS}SYS_V_Outage_By_Month</uuid>
                        <uuid>{urn:com:appian:types:SYS}SYS_Document</uuid>
                        <uuid>{urn:com:appian:types:SYS}SYS_Environment</uuid>
                    </uuids>
                </item>
                <item>
                    <type>dataStore</type>
                    <uuids>
                        <uuid>_a-0000dd4b-0482-8000-9ba2-011c48011c48_16826</uuid>
                        <uuid>_a-0000dd4b-0482-8000-9ba2-011c48011c48_16761</uuid>
                        <uuid>_a-0000dd4b-0482-8000-9ba2-011c48011c48_16942</uuid>
                    </uuids>
                </item>
                <item>
                    <type>user</type>
                    <uuids/>
                </item>
                <item>
                    <type>groupType</type>
                    <uuids/>
                </item>
                <item>
                    <type>group</type>
                    <uuids>
                        <uuid>_e-0000dd3b-5dde-8000-9aee-01075c01075c_104</uuid>
                        <uuid>_e-0000dd3b-5dde-8000-9aee-01075c01075c_102</uuid>
                        <uuid>_e-0000dd3b-5dde-8000-9aee-01075c01075c_103</uuid>
                    </uuids>
                </item>
                <item>
                    <type>content</type>
                    <uuids>
                        <uuid>_a-0000dd4b-0482-8000-9ba2-011c48011c48_16570</uuid>
                        <uuid>_a-0000dd4b-0482-8000-9ba2-011c48011c48_16580</uuid>
                        <uuid>_a-0000dd4b-0482-8000-9ba2-011c48011c48_16581</uuid>
                        <uuid>_a-0000dd4b-0482-8000-9ba2-011c48011c48_16582</uuid>
                        <uuid>_a-0000dd4b-0482-8000-9ba2-011c48011c48_16583</uuid>
                        <uuid>_a-0000dd4b-0482-8000-9ba2-011c48011c48_17007</uuid>
                        <uuid>_a-0000dd4b-0482-8000-9ba2-011c48011c48_17011</uuid>
                        <uuid>_a-0000dd4b-0482-8000-9ba2-011c48011c48_17076</uuid>
                        <uuid>_a-0000dd4b-0482-8000-9ba2-011c48011c48_17077</uuid>
                        <uuid>_a-0000dd4b-0482-8000-9ba2-011c48011c48_17090</uuid>
                        <uuid>_a-0000dd4b-0482-8000-9ba2-011c48011c48_17093</uuid>
                        <uuid>_a-0000dd4b-0482-8000-9ba2-011c48011c48_17188</uuid>
                        <uuid>_a-0000dd4b-0482-8000-9ba2-011c48011c48_17222</uuid>
                        <uuid>_a-0000dd4b-0482-8000-9ba2-011c48011c48_17223</uuid>
                        <uuid>_a-0000dd4b-0482-8000-9ba2-011c48011c48_17224</uuid>
                        <uuid>_a-0000dd4b-0482-8000-9ba2-011c48011c48_17252</uuid>
                        <uuid>_a-0000dd4b-0482-8000-9ba2-011c48011c48_17257</uuid>
                        <uuid>_a-0000dd4b-0482-8000-9ba2-011c48011c48_17258</uuid>
                        <uuid>_a-0000dd4b-0482-8000-9ba2-011c48011c48_17264</uuid>
                        <uuid>_a-0000dd4b-0482-8000-9ba2-011c48011c48_17270</uuid>
                        <uuid>_a-0000dd4b-0482-8000-9ba2-011c48011c48_17271</uuid>
                        <uuid>_a-0000dd4b-0482-8000-9ba2-011c48011c48_17273</uuid>
                        <uuid>_a-0000dd4b-0482-8000-9ba2-011c48011c48_17275</uuid>
                        <uuid>_a-0000dd4b-0482-8000-9ba2-011c48011c48_17276</uuid>
                        <uuid>_a-0000dd4b-0482-8000-9ba2-011c48011c48_17277</uuid>
                        <uuid>_a-0000dd4b-0482-8000-9ba2-011c48011c48_17299</uuid>
                        <uuid>_a-0000dd4b-0482-8000-9ba2-011c48011c48_17306</uuid>
                        <uuid>_a-0000dd4b-0482-8000-9ba2-011c48011c48_17345</uuid>
                        <uuid>_a-0000dd4b-0482-8000-9ba2-011c48011c48_17431</uuid>
                        <uuid>_a-0000dd4b-0482-8000-9ba2-011c48011c48_17457</uuid>
                        <uuid>_a-0000dd4b-0482-8000-9ba2-011c48011c48_17459</uuid>
                        <uuid>_a-0000dd4b-0482-8000-9ba2-011c48011c48_17478</uuid>
                        <uuid>_a-0000dd4b-0482-8000-9ba2-011c48011c48_17481</uuid>
                        <uuid>_a-0000dd4b-0482-8000-9ba2-011c48011c48_17513</uuid>
                        <uuid>_a-0000dd4b-0482-8000-9ba2-011c48011c48_17555</uuid>
                        <uuid>_a-0000dd4b-0482-8000-9ba2-011c48011c48_17755</uuid>
                        <uuid>_a-0000dd4b-0482-8000-9ba2-011c48011c48_17783</uuid>
                        <uuid>_a-0000dd4b-0482-8000-9ba2-011c48011c48_17791</uuid>
                        <uuid>_a-0000dd4b-0482-8000-9ba2-011c48011c48_17792</uuid>
                        <uuid>_a-0000dd4b-0482-8000-9ba2-011c48011c48_17806</uuid>
                        <uuid>_a-0000dd4b-0482-8000-9ba2-011c48011c48_17860</uuid>
                        <uuid>_a-0000dd4b-0482-8000-9ba2-011c48011c48_17861</uuid>
                        <uuid>_a-0000dd4b-0482-8000-9ba2-011c48011c48_17866</uuid>
                        <uuid>_a-0000dd4b-0482-8000-9ba2-011c48011c48_17897</uuid>
                        <uuid>_a-0000dd4b-0482-8000-9ba2-011c48011c48_18209</uuid>
                        <uuid>_a-0000dd4b-0482-8000-9ba2-011c48011c48_18753</uuid>
                        <uuid>_a-0000dd4b-0482-8000-9ba2-011c48011c48_18793</uuid>
                        <uuid>_a-0000dd4b-0482-8000-9ba2-011c48011c48_18843</uuid>
                        <uuid>_a-0000dd72-ed8d-8000-9ba2-011c48011c48_23719</uuid>
                        <uuid>_a-0000dd72-ed8d-8000-9ba2-011c48011c48_23721</uuid>
                        <uuid>_a-0000dd72-ed8d-8000-9ba2-011c48011c48_23765</uuid>
                        <uuid>_a-0000dd72-ed8d-8000-9ba2-011c48011c48_23850</uuid>
                        <uuid>_a-0000dd72-ed8d-8000-9ba2-011c48011c48_24014</uuid>
                        <uuid>_a-0000dd72-ed8d-8000-9ba2-011c48011c48_24163</uuid>
                        <uuid>_a-0000dd72-ed8d-8000-9ba2-011c48011c48_24179</uuid>
                        <uuid>_a-0000dd72-ed8d-8000-9ba2-011c48011c48_24186</uuid>
                        <uuid>_a-0000dd4b-0482-8000-9ba2-011c48011c48_16905</uuid>
                        <uuid>_a-0000dd4b-0482-8000-9ba2-011c48011c48_16906</uuid>
                        <uuid>_a-0000dd4b-0482-8000-9ba2-011c48011c48_16907</uuid>
                        <uuid>_a-0000dd4b-0482-8000-9ba2-011c48011c48_16924</uuid>
                        <uuid>_a-0000dd4b-0482-8000-9ba2-011c48011c48_16925</uuid>
                        <uuid>_a-0000dd4b-0482-8000-9ba2-011c48011c48_16926</uuid>
                        <uuid>_a-0000dd4b-0482-8000-9ba2-011c48011c48_16928</uuid>
                        <uuid>_a-0000dd4b-0482-8000-9ba2-011c48011c48_16936</uuid>
                        <uuid>_a-0000dd4b-0482-8000-9ba2-011c48011c48_16939</uuid>
                        <uuid>_a-0000dd4b-0482-8000-9ba2-011c48011c48_16940</uuid>
                        <uuid>_a-0000dd4b-0482-8000-9ba2-011c48011c48_16941</uuid>
                        <uuid>a9053ebd-af28-4059-a7d5-2df48b34749e</uuid>
                        <uuid>cb8e7614-5b0d-47a7-aad0-eea8ebde4e9c</uuid>
                        <uuid>df880a20-3cdc-4628-81b7-da4a49b68c25</uuid>
                        <uuid>71fed697-a2dc-48e6-9b0a-fc33523d37ea</uuid>
                        <uuid>ce4ba0b4-3d99-487c-8212-ad9e7017091f</uuid>
                        <uuid>_a-0000dd4b-0482-8000-9ba2-011c48011c48_16908</uuid>
                        <uuid>_a-0000dd4b-0482-8000-9ba2-011c48011c48_16909</uuid>
                        <uuid>_a-0000dd4b-0482-8000-9ba2-011c48011c48_16910</uuid>
                        <uuid>_a-0000dd4b-0482-8000-9ba2-011c48011c48_16911</uuid>
                        <uuid>_a-0000dd4b-0482-8000-9ba2-011c48011c48_16912</uuid>
                        <uuid>_a-0000dd4b-0482-8000-9ba2-011c48011c48_16913</uuid>
                        <uuid>_a-0000dd4b-0482-8000-9ba2-011c48011c48_16914</uuid>
                        <uuid>_a-0000dd4b-0482-8000-9ba2-011c48011c48_16915</uuid>
                        <uuid>_a-0000dd4b-0482-8000-9ba2-011c48011c48_16916</uuid>
                        <uuid>_a-0000dd4b-0482-8000-9ba2-011c48011c48_16927</uuid>
                        <uuid>46979fa8-cfac-43e7-bb91-166a9bcbb5ef</uuid>
                        <uuid>_a-0000dd4b-0482-8000-9ba2-011c48011c48_16929</uuid>
                        <uuid>_a-0000dd4b-0482-8000-9ba2-011c48011c48_16930</uuid>
                        <uuid>_a-0000dd4b-0482-8000-9ba2-011c48011c48_16931</uuid>
                        <uuid>_a-0000dd4b-0482-8000-9ba2-011c48011c48_16932</uuid>
                        <uuid>_a-0000dd4b-0482-8000-9ba2-011c48011c48_16937</uuid>
                        <uuid>_a-0000dd4b-0482-8000-9ba2-011c48011c48_16938</uuid>
                        <uuid>5d065d8f-d0d3-421a-a66d-3e9990b445b8</uuid>
                        <uuid>c87d1865-c7f8-42db-ae41-7889d9ca7467</uuid>
                        <uuid>_a-0000dd4b-0482-8000-9ba2-011c48011c48_16917</uuid>
                        <uuid>_a-0000dd4b-0482-8000-9ba2-011c48011c48_16918</uuid>
                        <uuid>_a-0000dd4b-0482-8000-9ba2-011c48011c48_16919</uuid>
                        <uuid>_a-0000dd4b-0482-8000-9ba2-011c48011c48_16920</uuid>
                        <uuid>_a-0000dd4b-0482-8000-9ba2-011c48011c48_16921</uuid>
                        <uuid>_a-0000dd72-ed8d-8000-9ba2-011c48011c48_24073</uuid>
                        <uuid>_a-0000dd72-ed8d-8000-9ba2-011c48011c48_24075</uuid>
                        <uuid>_a-0000dd72-ed8d-8000-9ba2-011c48011c48_24078</uuid>
                        <uuid>_a-0000dd72-ed8d-8000-9ba2-011c48011c48_24189</uuid>
                        <uuid>_a-0000dd4b-0482-8000-9ba2-011c48011c48_16922</uuid>
                        <uuid>_a-0000dd4b-0482-8000-9ba2-011c48011c48_16923</uuid>
                        <uuid>_a-0000dd72-ed8d-8000-9ba2-011c48011c48_25069</uuid>
                        <uuid>64efd1c7-73e0-4180-88d5-48dc4068993a</uuid>
                        <uuid>419ac660-e66c-45e6-9826-21d9c1d93f22</uuid>
                        <uuid>_a-0000dd4b-0482-8000-9ba2-011c48011c48_16933</uuid>
                        <uuid>_a-0000dd4b-0482-8000-9ba2-011c48011c48_16934</uuid>
                        <uuid>_a-0000dd4b-0482-8000-9ba2-011c48011c48_16935</uuid>
                        <uuid>_a-0000dd72-ed8d-8000-9ba2-011c48011c48_24067</uuid>
                        <uuid>_a-0000dd72-ed8d-8000-9ba2-011c48011c48_24187</uuid>
                        <uuid>_a-0000dd72-ed8d-8000-9ba2-011c48011c48_25424</uuid>
                        <uuid>_a-0000dd72-ed8d-8000-9ba2-011c48011c48_25661</uuid>
                        <uuid>ebdbba88-2a03-4554-98ca-d6079851d268</uuid>
                        <uuid>5b362e44-8e46-4f64-bcf9-4fd1ea8b522c</uuid>
                        <uuid>b005183e-4df1-4cf8-bad3-43f16cbf7b25</uuid>
                        <uuid>2b0782c0-1a17-4f22-82f5-fff182d3c449</uuid>
                        <uuid>f3a679ee-c26e-4b40-bab3-c308bf627da0</uuid>
                        <uuid>_a-0000dd72-ed8d-8000-9ba2-011c48011c48_26049</uuid>
                        <uuid>_a-0000dd72-ed8d-8000-9ba2-011c48011c48_26056</uuid>
                        <uuid>_a-0000dd72-ed8d-8000-9ba2-011c48011c48_26084</uuid>
                        <uuid>_a-0000dd72-ed8d-8000-9ba2-011c48011c48_26101</uuid>
                        <uuid>_a-0000dd72-ed8d-8000-9ba2-011c48011c48_26102</uuid>
                        <uuid>_a-0000dd72-ed8d-8000-9ba2-011c48011c48_26107</uuid>
                        <uuid>_a-0000dd72-ed8d-8000-9ba2-011c48011c48_26110</uuid>
                        <uuid>_a-0000dd72-ed8d-8000-9ba2-011c48011c48_26144</uuid>
                        <uuid>_a-0000dd72-ed8d-8000-9ba2-011c48011c48_26276</uuid>
                        <uuid>_a-0000dd72-ed8d-8000-9ba2-011c48011c48_26288</uuid>
                        <uuid>_a-0000dd72-ed8d-8000-9ba2-011c48011c48_26289</uuid>
                        <uuid>_a-0000dd72-ed8d-8000-9ba2-011c48011c48_26296</uuid>
                        <uuid>_a-0000dd8b-d239-8000-9ba2-011c48011c48_26507</uuid>
                        <uuid>_a-0000dd8b-d239-8000-9ba2-011c48011c48_26517</uuid>
                        <uuid>_a-0000dd8b-d239-8000-9ba2-011c48011c48_26554</uuid>
                        <uuid>_a-0000dd8b-d239-8000-9ba2-011c48011c48_26564</uuid>
                        <uuid>_a-0000dd8b-d239-8000-9ba2-011c48011c48_26565</uuid>
                        <uuid>_a-0000dd8b-d239-8000-9ba2-011c48011c48_26793</uuid>
                        <uuid>_a-0000dd8b-d239-8000-9ba2-011c48011c48_27012</uuid>
                        <uuid>_a-0000dd8b-d239-8000-9ba2-011c48011c48_27144</uuid>
                        <uuid>_a-0000dd8b-d239-8000-9ba2-011c48011c48_27244</uuid>
                        <uuid>_a-0000dd8b-d239-8000-9ba2-011c48011c48_27266</uuid>
                        <uuid>_a-0000dd8b-d239-8000-9ba2-011c48011c48_27349</uuid>
                        <uuid>_a-0000dd8b-d239-8000-9ba2-011c48011c48_27368</uuid>
                        <uuid>_a-0000dd8b-d239-8000-9ba2-011c48011c48_27455</uuid>
                        <uuid>_a-0000dd8b-d239-8000-9ba2-011c48011c48_27468</uuid>
                        <uuid>_a-0000dd8b-d239-8000-9ba2-011c48011c48_27586</uuid>
                        <uuid>_a-0000dd8b-d239-8000-9ba2-011c48011c48_28042</uuid>
                        <uuid>_a-0000dd8b-d239-8000-9ba2-011c48011c48_28044</uuid>
                        <uuid>_a-0000dd8b-d239-8000-9ba2-011c48011c48_28045</uuid>
                        <uuid>_a-0000dd8b-d239-8000-9ba2-011c48011c48_28073</uuid>
                        <uuid>_a-0000dd8b-d239-8000-9ba2-011c48011c48_28086</uuid>
                        <uuid>_a-0000dd8b-d239-8000-9ba2-011c48011c48_28089</uuid>
                        <uuid>_a-0000dd8b-d239-8000-9ba2-011c48011c48_28093</uuid>
                        <uuid>_a-0000dd8b-d239-8000-9ba2-011c48011c48_28116</uuid>
                        <uuid>_a-0000dd8b-d239-8000-9ba2-011c48011c48_28120</uuid>
                        <uuid>_a-0000dd8b-d239-8000-9ba2-011c48011c48_28126</uuid>
                        <uuid>_a-0000dd8b-d239-8000-9ba2-011c48011c48_28130</uuid>
                        <uuid>_a-0000dd8b-d239-8000-9ba2-011c48011c48_28150</uuid>
                        <uuid>_a-0000dd8b-d239-8000-9ba2-011c48011c48_28167</uuid>
                        <uuid>_a-0000dd8b-d239-8000-9ba2-011c48011c48_28202</uuid>
                        <uuid>_a-0000dd8b-d239-8000-9ba2-011c48011c48_28249</uuid>
                        <uuid>_a-0000dd8b-d239-8000-9ba2-011c48011c48_28257</uuid>
                        <uuid>_a-0000dd8b-d239-8000-9ba2-011c48011c48_28266</uuid>
                        <uuid>_a-0000dd8b-d239-8000-9ba2-011c48011c48_28480</uuid>
                        <uuid>_a-0000dd8b-d239-8000-9ba2-011c48011c48_28490</uuid>
                        <uuid>_a-0000dd8b-d239-8000-9ba2-011c48011c48_28495</uuid>
                        <uuid>_a-0000dd8b-d239-8000-9ba2-011c48011c48_28543</uuid>
                        <uuid>_a-0000dd8b-d239-8000-9ba2-011c48011c48_28553</uuid>
                        <uuid>_a-0000dd8b-d239-8000-9ba2-011c48011c48_28581</uuid>
                        <uuid>_a-0000dd8b-d239-8000-9ba2-011c48011c48_29221</uuid>
                        <uuid>_a-0000dd8b-d239-8000-9ba2-011c48011c48_29222</uuid>
                        <uuid>_a-0000dd8b-d239-8000-9ba2-011c48011c48_29245</uuid>
                        <uuid>_a-0000dd8b-d239-8000-9ba2-011c48011c48_29744</uuid>
                        <uuid>_a-0000dd8b-d239-8000-9ba2-011c48011c48_29911</uuid>
                        <uuid>_a-0000dd8b-d239-8000-9ba2-011c48011c48_29943</uuid>
                        <uuid>_a-0000dd8b-d239-8000-9ba2-011c48011c48_29944</uuid>
                        <uuid>_a-0000dd8b-d239-8000-9ba2-011c48011c48_29992</uuid>
                        <uuid>_a-0000dd8b-d239-8000-9ba2-011c48011c48_30548</uuid>
                        <uuid>9a11f30d-e777-4f5d-8371-c3db94346286</uuid>
                        <uuid>_a-0000ddb3-1b8d-8000-9ba2-011c48011c48_35567</uuid>
                    </uuids>
                </item>
                <item>
                    <type>forum</type>
                    <uuids/>
                </item>
                <item>
                    <type>processModelFolder</type>
                    <uuids>
                        <uuid>_g-0000dd3a-8e6c-8000-f92f-7f0000014e7a_55</uuid>
                        <uuid>_g-0000dd3a-8e6c-8000-f92f-7f0000014e7a_56</uuid>
                        <uuid>_g-0000dd3a-8e6c-8000-f92f-7f0000014e7a_57</uuid>
                        <uuid>_g-0000dd3a-8e6c-8000-f92f-7f0000014e7a_58</uuid>
                        <uuid>_g-0000dd3a-8e6c-8000-f92f-7f0000014e7a_59</uuid>
                        <uuid>_g-0000dd3a-8e6c-8000-f92f-7f0000014e7a_60</uuid>
                        <uuid>_g-0000dd72-96c1-8000-f92f-7f0000014e7a_69</uuid>
                        <uuid>_g-0000dd72-96c1-8000-f92f-7f0000014e7a_80</uuid>
                        <uuid>_g-0000dd72-96c1-8000-f92f-7f0000014e7a_88</uuid>
                    </uuids>
                </item>
                <item>
                    <type>processModel</type>
                    <uuids>
                        <uuid>0002dd57-262a-8000-f92f-7f0000014e7a</uuid>
                        <uuid>0002dd58-2e48-8000-f92f-7f0000014e7a</uuid>
                        <uuid>0007dd58-4843-8000-f92f-7f0000014e7a</uuid>
                        <uuid>0005dd58-4b3b-8000-f92f-7f0000014e7a</uuid>
                        <uuid>0003dd58-60b5-8000-f92f-7f0000014e7a</uuid>
                        <uuid>0002dd79-52dd-8000-f92f-7f0000014e7a</uuid>
                        <uuid>0002dd79-548d-8000-f92f-7f0000014e7a</uuid>
                        <uuid>0002dd79-5943-8000-f92f-7f0000014e7a</uuid>
                        <uuid>0002dd7a-78ae-8000-f92f-7f0000014e7a</uuid>
                        <uuid>0002dd7a-c88f-8000-f92f-7f0000014e7a</uuid>
                        <uuid>0002dd7b-c88d-8000-f92f-7f0000014e7a</uuid>
                        <uuid>0002dd7b-eda8-8000-f92f-7f0000014e7a</uuid>
                        <uuid>0002dd7b-ee62-8000-f92f-7f0000014e7a</uuid>
                        <uuid>0002dd7d-8016-8000-f92f-7f0000014e7a</uuid>
                        <uuid>0002dd82-7098-8000-f92f-7f0000014e7a</uuid>
                        <uuid>0002dd82-cb98-8000-f92f-7f0000014e7a</uuid>
                        <uuid>0002dd83-e15d-8000-f92f-7f0000014e7a</uuid>
                        <uuid>0002dd86-9e67-8000-f92f-7f0000014e7a</uuid>
                        <uuid>0002dd86-a839-8000-f92f-7f0000014e7a</uuid>
                        <uuid>0002dd86-b3ee-8000-f92f-7f0000014e7a</uuid>
                        <uuid>0002dd8b-c48a-8000-f92f-7f0000014e7a</uuid>
                        <uuid>0002dd8b-d1c4-8000-f92f-7f0000014e7a</uuid>
                        <uuid>0002dd8b-dd73-8000-f92f-7f0000014e7a</uuid>
                        <uuid>0002dd8b-de27-8000-f92f-7f0000014e7a</uuid>
                        <uuid>0002dd8d-025b-8000-f92f-7f0000014e7a</uuid>
                        <uuid>0008dd8d-29b1-8000-f92f-7f0000014e7a</uuid>
                        <uuid>0006dd8d-2ad0-8000-f92f-7f0000014e7a</uuid>
                        <uuid>0002dd94-e075-8000-f92f-7f0000014e7a</uuid>
                        <uuid>0002dd94-efe2-8000-f92f-7f0000014e7a</uuid>
                        <uuid>0002dd97-76bf-8000-f92f-7f0000014e7a</uuid>
                        <uuid>000ddd96-84af-8000-f92f-7f0000014e7a</uuid>
                        <uuid>0002dd97-d8dc-8000-f92f-7f0000014e7a</uuid>
                        <uuid>0002dd97-e0bc-8000-f92f-7f0000014e7a</uuid>
                        <uuid>0002dd97-e145-8000-f92f-7f0000014e7a</uuid>
                        <uuid>0002dd97-e186-8000-f92f-7f0000014e7a</uuid>
                        <uuid>0002dd97-e196-8000-f92f-7f0000014e7a</uuid>
                        <uuid>0002dd97-f06a-8000-f92f-7f0000014e7a</uuid>
                        <uuid>0002dd98-cc97-8000-f92f-7f0000014e7a</uuid>
                        <uuid>0002dd98-cd2e-8000-f92f-7f0000014e7a</uuid>
                        <uuid>0002dd98-dfc6-8000-f92f-7f0000014e7a</uuid>
                        <uuid>0004dd95-087b-8000-f92f-7f0000014e7a</uuid>
                        <uuid>0006dd9f-b195-8000-f92f-7f0000014e7a</uuid>
                        <uuid>000add9f-b3c1-8000-f92f-7f0000014e7a</uuid>
                        <uuid>0002dd9f-b889-8000-f92f-7f0000014e7a</uuid>
                        <uuid>0003dd96-881d-8000-f92f-7f0000014e7a</uuid>
                        <uuid>0003dd96-8970-8000-f92f-7f0000014e7a</uuid>
                    </uuids>
                </item>
                <item>
                    <type>portlet</type>
                    <uuids/>
                </item>
                <item>
                    <type>page</type>
                    <uuids/>
                </item>
                <item>
                    <type>application</type>
                    <uuids/>
                </item>
                <item>
                    <type>tempoFeed</type>
                    <uuids>
                        <uuid>e8cfff93-3541-4362-81cf-d7cce8daa95a</uuid>
                    </uuids>
                </item>
                <item>
                    <type>recordType</type>
                    <uuids>
                        <uuid>f6cc53e9-e301-4a3f-84f4-c1748a200a7c</uuid>
                    </uuids>
                </item>
                <item>
                    <type>tempoReport</type>
                    <uuids>
                        <uuid>080cf186-4153-4c16-a185-701238a6a8c4</uuid>
                        <uuid>d38f1127-a78c-4abc-9c02-173060c48166</uuid>
                        <uuid>fd3d4ccd-cd94-4e75-b1fc-c811d6c0c826</uuid>
                    </uuids>
                </item>
                <item>
                    <type>taskReport</type>
                    <uuids/>
                </item>
                <item>
                    <type>webApi</type>
                    <uuids/>
                </item>
                <item>
                    <type>site</type>
                    <uuids/>
                </item>
                <item>
                    <type>adminSetting</type>
                    <uuids/>
                </item>
                <item>
                    <type>thirdPartyCredentials</type>
                    <uuids/>
                </item>
                <item>
                    <type>dataSource</type>
                    <uuids/>
                </item>
            </globalIdMap>
        </associatedObjects>
        <applicationNavigation/>
        <applicationActions/>
        <associatedApplications>
            <globalIdMap>
                <item>
                    <type>datatype</type>
                    <uuids/>
                </item>
                <item>
                    <type>dataStore</type>
                    <uuids/>
                </item>
                <item>
                    <type>user</type>
                    <uuids/>
                </item>
                <item>
                    <type>groupType</type>
                    <uuids/>
                </item>
                <item>
                    <type>group</type>
                    <uuids/>
                </item>
                <item>
                    <type>content</type>
                    <uuids/>
                </item>
                <item>
                    <type>forum</type>
                    <uuids/>
                </item>
                <item>
                    <type>processModelFolder</type>
                    <uuids/>
                </item>
                <item>
                    <type>processModel</type>
                    <uuids/>
                </item>
                <item>
                    <type>portlet</type>
                    <uuids/>
                </item>
                <item>
                    <type>page</type>
                    <uuids/>
                </item>
                <item>
                    <type>application</type>
                    <uuids/>
                </item>
                <item>
                    <type>tempoFeed</type>
                    <uuids/>
                </item>
                <item>
                    <type>recordType</type>
                    <uuids/>
                </item>
                <item>
                    <type>tempoReport</type>
                    <uuids/>
                </item>
                <item>
                    <type>taskReport</type>
                    <uuids/>
                </item>
                <item>
                    <type>webApi</type>
                    <uuids/>
                </item>
                <item>
                    <type>site</type>
                    <uuids/>
                </item>
                <item>
                    <type>adminSetting</type>
                    <uuids/>
                </item>
                <item>
                    <type>thirdPartyCredentials</type>
                    <uuids/>
                </item>
                <item>
                    <type>dataSource</type>
                    <uuids/>
                </item>
            </globalIdMap>
        </associatedApplications>
    </application>
    <roleMap>
        <contentRoleMap public="true">
            <role allowForAll="false" inherit="false" name="readers">
                <users/>
                <groups>
                    <groupUuid>_e-0000dd3b-5dde-8000-9aee-01075c01075c_102</groupUuid>
                </groups>
            </role>
            <role allowForAll="false" inherit="false" name="authors">
                <users/>
                <groups/>
            </role>
            <role allowForAll="false" inherit="false" name="administrators">
                <users/>
                <groups>
                    <groupUuid>_e-0000dd3b-5dde-8000-9aee-01075c01075c_103</groupUuid>
                </groups>
            </role>
            <role allowForAll="false" inherit="false" name="denyReaders">
                <users/>
                <groups/>
            </role>
            <role allowForAll="false" inherit="false" name="denyAuthors">
                <users/>
                <groups/>
            </role>
            <role allowForAll="false" inherit="false" name="denyAdministrators">
                <users/>
                <groups/>
            </role>
        </contentRoleMap>
    </roleMap>
</applicationHaul>
