<?xml version="1.0" encoding="UTF-8" standalone="yes"?>
<processModelFolderHaul xmlns:a="http://www.appian.com/ae/types/2009">
    <processModelFolder>
        <name>Administration</name>
        <uuid>_g-0000dd72-96c1-8000-f92f-7f0000014e7a_88</uuid>
        <description></description>
        <parentFolderUuid>_g-0000dd3a-8e6c-8000-f92f-7f0000014e7a_55</parentFolderUuid>
    </processModelFolder>
    <roleMap>
        <role name="ADMIN_OWNER">
            <users>
                <userUuid>gaurav.srivastava</userUuid>
            </users>
            <groups/>
        </role>
        <role name="EDITOR">
            <users/>
            <groups/>
        </role>
        <role name="EXPLICIT_NONMEMBER">
            <users/>
            <groups/>
        </role>
        <role name="VIEWER">
            <users/>
            <groups/>
        </role>
        <role name="MANAGER">
            <users/>
            <groups/>
        </role>
        <role name="INITIATOR">
            <users/>
            <groups/>
        </role>
    </roleMap>
</processModelFolderHaul>
