<?xml version="1.0" encoding="UTF-8" standalone="yes"?>
<groupHaul xmlns:a="http://www.appian.com/ae/types/2009">
    <group>
        <name>HELP Appian Administrators</name>
        <securityMap>SECURITYMAP_TEAM</securityMap>
        <uuid>_e-0000dd71-43cb-8000-9aee-01075c01075c_111</uuid>
        <groupTypeUuid>SYSTEM_GROUP_TYPE_CUSTOM</groupTypeUuid>
        <parentUuid>_e-0000dd3b-5dde-8000-9aee-01075c01075c_107</parentUuid>
        <description></description>
        <delegatedCreation>false</delegatedCreation>
        <memberPolicy>MEMBERPOLICY_CLOSED</memberPolicy>
        <viewingPolicy>VIEWINGPOLICY_HIGH</viewingPolicy>
        <attributes/>
    </group>
    <members>
        <users/>
        <groups>
            <groupUuid>_e-0000dd29-17a1-8000-9aee-01075c01075c_99</groupUuid>
        </groups>
    </members>
    <admins>
        <users>
            <userUuid>rob.turverey</userUuid>
        </users>
        <groups/>
    </admins>
    <ruleSet/>
</groupHaul>
