<?xml version="1.0" encoding="UTF-8" standalone="yes"?>
<dataStoreHaul xmlns:a="http://www.appian.com/ae/types/2009">
    <dataStore>
        <uuid>_a-0000ddb3-1b8d-8000-9ba2-011c48011c48_36629</uuid>
        <name>AFE Record Tagging Transactional</name>
        <description>DS for Record Tagging Transactional Data</description>
        <dataSourceKey>java:/jdbc/Appian</dataSourceKey>
        <adaptingExplicitSqlNames>false</adaptingExplicitSqlNames>
        <autoUpdateSchema>false</autoUpdateSchema>
        <entities>
            <entity>
                <uuid>73eff5b1-8a3c-4da8-97aa-2570196720d1</uuid>
                <name>AFE_Tagged_Record_List</name>
                <type>{urn:com:appian:types:AFE}AFE_Tagged_Record_List</type>
            </entity>
            <entity>
                <uuid>25990946-5afb-4793-b83e-49f319004497</uuid>
                <name>AFE_RecordTagTree</name>
                <type>{urn:com:appian:types:AFE}AFE_RecordTagTree</type>
            </entity>
        </entities>
    </dataStore>
    <isPublished>true</isPublished>
    <roleMap>
        <role inherit="false" allowForAll="false" name="administrators">
            <users/>
            <groups>
                <groupUuid>_e-0000ddb3-1d20-8000-9aee-01075c01075c_131</groupUuid>
            </groups>
        </role>
        <role inherit="false" allowForAll="false" name="authors">
            <users/>
            <groups/>
        </role>
        <role inherit="false" allowForAll="false" name="denyAdministrators">
            <users/>
            <groups/>
        </role>
        <role inherit="false" allowForAll="false" name="denyAuthors">
            <users/>
            <groups/>
        </role>
        <role inherit="false" allowForAll="false" name="denyReaders">
            <users/>
            <groups/>
        </role>
        <role inherit="false" allowForAll="false" name="readers">
            <users/>
            <groups>
                <groupUuid>_e-0000ddb3-1d20-8000-9aee-01075c01075c_130</groupUuid>
            </groups>
        </role>
    </roleMap>
</dataStoreHaul>
