<?xml version="1.0" encoding="UTF-8" standalone="yes"?>
<dataStoreHaul xmlns:a="http://www.appian.com/ae/types/2009">
    <dataStore>
        <uuid>_a-0000ddb3-1b8d-8000-9ba2-011c48011c48_36102</uuid>
        <name>AFE Record Tagging Reference</name>
        <description>DS for Record Tagging Reference Data</description>
        <dataSourceKey>java:/jdbc/Appian</dataSourceKey>
        <adaptingExplicitSqlNames>false</adaptingExplicitSqlNames>
        <autoUpdateSchema>false</autoUpdateSchema>
        <entities>
            <entity>
                <uuid>f8b989b5-5139-4ff5-8a5c-5bdbedbd78e6</uuid>
                <name>AFE_R_Record_Tags</name>
                <type>{urn:com:appian:types:AFE}AFE_R_Record_Tags</type>
            </entity>
        </entities>
    </dataStore>
    <isPublished>true</isPublished>
    <roleMap>
        <role inherit="false" allowForAll="false" name="administrators">
            <users/>
            <groups>
                <groupUuid>_e-0000ddb3-1d20-8000-9aee-01075c01075c_131</groupUuid>
            </groups>
        </role>
        <role inherit="false" allowForAll="false" name="authors">
            <users/>
            <groups/>
        </role>
        <role inherit="false" allowForAll="false" name="denyAdministrators">
            <users/>
            <groups/>
        </role>
        <role inherit="false" allowForAll="false" name="denyAuthors">
            <users/>
            <groups/>
        </role>
        <role inherit="false" allowForAll="false" name="denyReaders">
            <users/>
            <groups/>
        </role>
        <role inherit="false" allowForAll="false" name="readers">
            <users/>
            <groups>
                <groupUuid>_e-0000ddb3-1d20-8000-9aee-01075c01075c_130</groupUuid>
            </groups>
        </role>
    </roleMap>
</dataStoreHaul>
