<?xml version="1.0" encoding="UTF-8" standalone="yes"?>
<contentHaul xmlns:a="http://www.appian.com/ae/types/2009">
    <rule>
        <name>CTS_QRYP_User_activeTasks</name>
        <uuid>0b8ba938-e859-4a19-a2bc-64fc61258805</uuid>
        <description> Query process analysis to return the current assignments (active tasks) per user. Returns datasubset</description>
        <parentUuid>_a-0000dc7a-bcb3-8000-9ba2-011c48011c48_6484</parentUuid>
        <visibility>
            <advertise>false</advertise>
            <hierarchy>true</hierarchy>
            <indexable>true</indexable>
            <quota>false</quota>
            <searchable>true</searchable>
            <system>false</system>
            <unlogged>false</unlogged>
        </visibility>
        <definition>a!queryProcessAnalytics(&#xD;
  report: #&quot;_a-0000dcf6-bb7e-8000-9ba2-011c48011c48_18994&quot;,&#xD;
  query: #&quot;SYSTEM_SYSRULES_query&quot;(&#xD;
    pagingInfo: if(isnull(ri!pagingInfo), #&quot;SYSTEM_SYSRULES_pagingInfo&quot;(startIndex: 1, batchSize: -1), ri!pagingInfo),&#xD;
    logicalExpression: #&quot;SYSTEM_SYSRULES_queryLogicalExpression&quot;(&#xD;
      operator: &quot;AND&quot;,&#xD;
      filters: {&#xD;
        if(isnull(ri!deadlineStart), {}, #&quot;SYSTEM_SYSRULES_queryFilter&quot;(field: &quot;c1&quot;, operator: &quot;&gt;=&quot;, value: ri!deadlineStart)),&#xD;
        if(isnull(ri!deadlineEnd), {}, #&quot;SYSTEM_SYSRULES_queryFilter&quot;(field: &quot;c1&quot;, operator: &quot;&lt;&quot;, value: ri!deadlineEnd))&#xD;
        }&#xD;
    )&#xD;
  ),&#xD;
  contextUsers: ri!user&#xD;
)&#xD;
&#xD;
/*   Report Column Definitions   */&#xD;
/*&#xD;
c0: displayName&#xD;
c1: deadline&#xD;
c2: startTime&#xD;
c3: overdue&#xD;
c4: priority (0 = low, 1 = normal, 2 = high)&#xD;
c5: status (0 = assigned, 1 = accepted)&#xD;
c6: folderId&#xD;
dp0: appianTaskId&#xD;
*/</definition>
        <namedTypedValue>
            <name>pagingInfo</name>
            <type>
                <name>PagingInfo</name>
                <namespace>http://www.appian.com/ae/types/2009</namespace>
            </type>
        </namedTypedValue>
        <namedTypedValue>
            <name>user</name>
            <type>
                <name>User</name>
                <namespace>http://www.appian.com/ae/types/2009</namespace>
            </type>
        </namedTypedValue>
        <namedTypedValue>
            <name>deadlineStart</name>
            <type>
                <name>dateTime</name>
                <namespace>http://www.w3.org/2001/XMLSchema</namespace>
            </type>
        </namedTypedValue>
        <namedTypedValue>
            <name>deadlineEnd</name>
            <type>
                <name>dateTime</name>
                <namespace>http://www.w3.org/2001/XMLSchema</namespace>
            </type>
        </namedTypedValue>
        <preferredEditor>legacy</preferredEditor>
        <offlineEnabled>false</offlineEnabled>
    </rule>
    <roleMap public="true">
        <role allowForAll="false" inherit="true" name="readers">
            <users/>
            <groups/>
        </role>
        <role allowForAll="false" inherit="true" name="authors">
            <users/>
            <groups/>
        </role>
        <role allowForAll="false" inherit="true" name="administrators">
            <users/>
            <groups/>
        </role>
        <role allowForAll="false" inherit="false" name="denyReaders">
            <users/>
            <groups/>
        </role>
        <role allowForAll="false" inherit="false" name="denyAuthors">
            <users/>
            <groups/>
        </role>
        <role allowForAll="false" inherit="false" name="denyAdministrators">
            <users/>
            <groups/>
        </role>
    </roleMap>
</contentHaul>
