<?xml version="1.0" encoding="UTF-8" standalone="yes"?>
<contentHaul xmlns:a="http://www.appian.com/ae/types/2009">
    <rule>
        <name>CTS_RULE_convertTemplateToAssignment</name>
        <uuid>1360e217-f757-400b-9333-f6a477ca0b8a</uuid>
        <description>Converts a template assignment set to a valid folder assignment object</description>
        <parentUuid>_a-0000dc7a-bcb3-8000-9ba2-011c48011c48_6553</parentUuid>
        <visibility>
            <advertise>false</advertise>
            <hierarchy>true</hierarchy>
            <indexable>true</indexable>
            <quota>false</quota>
            <searchable>true</searchable>
            <system>false</system>
            <unlogged>false</unlogged>
        </visibility>
        <definition>with(
  local!baseData:#&quot;_a-0000dcf6-bb7e-8000-9ba2-011c48011c48_19876&quot;(
    workflowId:ri!workflowId,
    pagingInfo:#&quot;SYSTEM_SYSRULES_pagingInfo&quot;(
      startIndex:1,
      batchSize:-1,
      sort:#&quot;SYSTEM_SYSRULES_sortInfo&quot;(
        field:&quot;sequenceNumber&quot;,
        ascending:true()
      )
    )
  ).data,
  apply(
    #&quot;_a-0000dcf6-bb7e-8000-9ba2-011c48011c48_19897&quot;(
      userContext:loggedInUser(),
      subject:_,
      instructions:_,
      sequenceNumber:_,
      statusId:_,
      priorityId:_,
      assignee:_,
      folderId:ri!folderId
    ),
    merge(
      index(local!baseData,&quot;subject&quot;,null),
      index(local!baseData,&quot;instructions&quot;,null),
      index(local!baseData,&quot;sequenceNumber&quot;,null),
      index(local!baseData,&quot;statusId&quot;,null),
      index(local!baseData,&quot;priorityId&quot;,null),
      index(local!baseData,&quot;assignee&quot;,null)      
    )
  )
)</definition>
        <namedTypedValue>
            <name>workflowId</name>
            <type>
                <name>int</name>
                <namespace>http://www.w3.org/2001/XMLSchema</namespace>
            </type>
        </namedTypedValue>
        <namedTypedValue>
            <name>folderId</name>
            <type>
                <name>int</name>
                <namespace>http://www.w3.org/2001/XMLSchema</namespace>
            </type>
        </namedTypedValue>
        <preferredEditor>legacy</preferredEditor>
        <offlineEnabled>false</offlineEnabled>
    </rule>
    <roleMap public="true">
        <role allowForAll="false" inherit="true" name="readers">
            <users/>
            <groups/>
        </role>
        <role allowForAll="false" inherit="true" name="authors">
            <users/>
            <groups/>
        </role>
        <role allowForAll="false" inherit="true" name="administrators">
            <users/>
            <groups/>
        </role>
        <role allowForAll="false" inherit="false" name="denyReaders">
            <users/>
            <groups/>
        </role>
        <role allowForAll="false" inherit="false" name="denyAuthors">
            <users/>
            <groups/>
        </role>
        <role allowForAll="false" inherit="false" name="denyAdministrators">
            <users/>
            <groups/>
        </role>
    </roleMap>
</contentHaul>
