<?xml version="1.0" encoding="UTF-8" standalone="yes"?>
<contentHaul xmlns:a="http://www.appian.com/ae/types/2009">
    <rule>
        <name>CTS_QRY_R_TaskMetric_taskType</name>
        <uuid>20f4409c-a72c-47a9-99bf-e09bc4261c7d</uuid>
        <description>Query entity to return the task metric task type reference data. Returns datasubset. If activeFlag is null, it will default to return only the activeFlag=true values</description>
        <parentUuid>_a-0000dc7a-bcb3-8000-9ba2-011c48011c48_6237</parentUuid>
        <visibility>
            <advertise>false</advertise>
            <hierarchy>true</hierarchy>
            <indexable>true</indexable>
            <quota>false</quota>
            <searchable>true</searchable>
            <system>false</system>
            <unlogged>false</unlogged>
        </visibility>
        <definition>=#&quot;SYSTEM_SYSRULES_queryEntity&quot;(
  entity: #&quot;_a-0000dcf6-bb7e-8000-9ba2-011c48011c48_18877&quot;,
  query: #&quot;SYSTEM_SYSRULES_query&quot;(
    logicalExpression: 
      #&quot;SYSTEM_SYSRULES_queryLogicalExpression&quot;(
        operator: &quot;AND&quot;,
        filters: {
          if(isnull(ri!id), {},
            #&quot;SYSTEM_SYSRULES_queryFilter&quot;(
              field: &quot;id&quot;,
              operator: &quot;=&quot;,
              value: ri!id
            )
          ),
          if(isnull(ri!activeFlag),
            #&quot;SYSTEM_SYSRULES_queryFilter&quot;(
              field: &quot;activeFlag&quot;,
              operator: &quot;=&quot;,
              value: true
            ),
            #&quot;SYSTEM_SYSRULES_queryFilter&quot;(
              field: &quot;activeFlag&quot;,
              operator: &quot;=&quot;,
              value: ri!activeFlag
            )
          ),
          if(isnull(ri!value),
          {},
            #&quot;SYSTEM_SYSRULES_queryFilter&quot;(
              field: &quot;value&quot;,
              operator: &quot;includes&quot;,
              value: ri!value
            )
          )
        }
      ),
      pagingInfo: if(isnull(ri!pagingInfo),
      #&quot;SYSTEM_SYSRULES_pagingInfo&quot;(
        startIndex: 1,
        batchSize: -1,
        sort: #&quot;SYSTEM_SYSRULES_sortInfo&quot;(
          field: &quot;id&quot;,
          ascending: true
        )
      ),
      ri!pagingInfo)
  )
)</definition>
        <namedTypedValue>
            <name>pagingInfo</name>
            <type>
                <name>PagingInfo</name>
                <namespace>http://www.appian.com/ae/types/2009</namespace>
            </type>
        </namedTypedValue>
        <namedTypedValue>
            <name>activeFlag</name>
            <type>
                <name>boolean</name>
                <namespace>http://www.w3.org/2001/XMLSchema</namespace>
            </type>
        </namedTypedValue>
        <namedTypedValue>
            <name>id</name>
            <type>
                <name>int</name>
                <namespace>http://www.w3.org/2001/XMLSchema</namespace>
            </type>
        </namedTypedValue>
        <namedTypedValue>
            <name>value</name>
            <type>
                <name>string</name>
                <namespace>http://www.w3.org/2001/XMLSchema</namespace>
            </type>
            <value/>
        </namedTypedValue>
        <preferredEditor>legacy</preferredEditor>
        <offlineEnabled>false</offlineEnabled>
    </rule>
    <roleMap public="true">
        <role allowForAll="false" inherit="true" name="readers">
            <users/>
            <groups/>
        </role>
        <role allowForAll="false" inherit="true" name="authors">
            <users/>
            <groups/>
        </role>
        <role allowForAll="false" inherit="true" name="administrators">
            <users/>
            <groups/>
        </role>
        <role allowForAll="false" inherit="false" name="denyReaders">
            <users/>
            <groups/>
        </role>
        <role allowForAll="false" inherit="false" name="denyAuthors">
            <users/>
            <groups/>
        </role>
        <role allowForAll="false" inherit="false" name="denyAdministrators">
            <users/>
            <groups/>
        </role>
    </roleMap>
</contentHaul>
