<?xml version="1.0" encoding="UTF-8" standalone="yes"?>
<contentHaul xmlns:a="http://www.appian.com/ae/types/2009">
    <rule>
        <name>CTS_CMPT_General_resetSearchLinks</name>
        <uuid>3033962c-19c2-459c-a95b-91dd3713f7e5</uuid>
        <description>Reset and search links. Returns a rich text display field</description>
        <parentUuid>_a-0000dc7a-bcb3-8000-9ba2-011c48011c48_6536</parentUuid>
        <visibility>
            <advertise>false</advertise>
            <hierarchy>true</hierarchy>
            <indexable>true</indexable>
            <quota>false</quota>
            <searchable>true</searchable>
            <system>false</system>
            <unlogged>false</unlogged>
        </visibility>
        <definition>#&quot;SYSTEM_SYSRULES_richTextDisplayField&quot;(&#xD;
  labelPosition: &quot;COLLAPSED&quot;,&#xD;
  align: &quot;RIGHT&quot;,&#xD;
  value: {#&quot;SYSTEM_SYSRULES_richTextItem&quot;(&#xD;
    text: char(10226) &amp;  &quot; Reset Fields&quot;,&#xD;
    style: &quot;STRONG&quot;,&#xD;
    link: #&quot;SYSTEM_SYSRULES_dynamicLink&quot;(&#xD;
      saveInto: ri!resetSaveInto&#xD;
    )&#xD;
  ), &quot;   |   &quot;,&#xD;
  #&quot;SYSTEM_SYSRULES_richTextItem&quot;(&#xD;
    text: &quot;Search&quot;,&#xD;
    style: &quot;STRONG&quot;,&#xD;
    link: #&quot;SYSTEM_SYSRULES_dynamicLink&quot;(&#xD;
      saveInto: ri!searchSaveInto&#xD;
    )&#xD;
  )&#xD;
  }&#xD;
)</definition>
        <namedTypedValue>
            <name>resetSaveInto</name>
            <type>
                <name>Variant</name>
                <namespace>http://www.appian.com/ae/types/2009</namespace>
            </type>
        </namedTypedValue>
        <namedTypedValue>
            <name>searchSaveInto</name>
            <type>
                <name>Variant</name>
                <namespace>http://www.appian.com/ae/types/2009</namespace>
            </type>
        </namedTypedValue>
        <preferredEditor>legacy</preferredEditor>
        <offlineEnabled>false</offlineEnabled>
    </rule>
    <roleMap public="true">
        <role allowForAll="false" inherit="true" name="readers">
            <users/>
            <groups/>
        </role>
        <role allowForAll="false" inherit="true" name="authors">
            <users/>
            <groups/>
        </role>
        <role allowForAll="false" inherit="true" name="administrators">
            <users/>
            <groups/>
        </role>
        <role allowForAll="false" inherit="false" name="denyReaders">
            <users/>
            <groups/>
        </role>
        <role allowForAll="false" inherit="false" name="denyAuthors">
            <users/>
            <groups/>
        </role>
        <role allowForAll="false" inherit="false" name="denyAdministrators">
            <users/>
            <groups/>
        </role>
    </roleMap>
</contentHaul>
