<?xml version="1.0" encoding="UTF-8" standalone="yes"?>
<contentHaul xmlns:a="http://www.appian.com/ae/types/2009">
    <rule>
        <name>CTS_SCT_Doc_audit</name>
        <uuid>4d5c71cb-b1c4-4552-9db0-f6f89185d2d1</uuid>
        <description>Document audit</description>
        <parentUuid>_a-0000dc7a-bcb3-8000-9ba2-011c48011c48_6437</parentUuid>
        <visibility>
            <advertise>false</advertise>
            <hierarchy>true</hierarchy>
            <indexable>true</indexable>
            <quota>false</quota>
            <searchable>true</searchable>
            <system>false</system>
            <unlogged>false</unlogged>
        </visibility>
        <definition>load(&#xD;
  local!actionTypes: #&quot;_a-0000dcf6-bb7e-8000-9ba2-011c48011c48_18644&quot;(activeFlag: true).data,&#xD;
  #&quot;SYSTEM_SYSRULES_sectionLayout&quot;(&#xD;
    firstColumnContents:{&#xD;
      load(local!pagingInfo: #&quot;SYSTEM_SYSRULES_pagingInfo&quot;(&#xD;
          startIndex: 1,&#xD;
          batchSize: #&quot;_a-0000dc8b-8f45-8000-9ba2-011c48011c48_9457&quot;,&#xD;
          sort: #&quot;SYSTEM_SYSRULES_sortInfo&quot;(&#xD;
            field: &quot;actionDatetime&quot;,&#xD;
            ascending: false&#xD;
          )&#xD;
        ),&#xD;
        with(local!datasubset: #&quot;3d2b70a5-3564-4122-a38e-fdf14e3c855e&quot;(&#xD;
          docId: ri!docId,&#xD;
          taskMetricId: ri!taskMetricId,&#xD;
          pagingInfo: if(isnull(ri!pagingInfo), local!pagingInfo, ri!pagingInfo)&#xD;
        ),&#xD;
        #&quot;SYSTEM_SYSRULES_gridField&quot;(&#xD;
          totalCount: local!datasubset.totalCount,&#xD;
          columns: {&#xD;
            #&quot;_a-0000dc8d-7dbf-8000-9ba2-011c48011c48_9645&quot;(&#xD;
              label: &quot;Who&quot;,&#xD;
              field: &quot;actionBy&quot;,&#xD;
              users: index(local!datasubset.data, &quot;actionBy&quot;, {})&#xD;
            ),&#xD;
            #&quot;SYSTEM_SYSRULES_gridTextColumn&quot;(&#xD;
              label: &quot;When&quot;,&#xD;
              field: &quot;actionDatetime&quot;,&#xD;
              data: apply(#&quot;_a-0000dc8d-7dbf-8000-9ba2-011c48011c48_9562&quot;(datetime: _), index(local!datasubset.data, &quot;actionDatetime&quot;, {}))&#xD;
            ),&#xD;
            #&quot;SYSTEM_SYSRULES_gridTextColumn&quot;(&#xD;
              label: &quot;What&quot;,&#xD;
              field: &quot;actionTypeId&quot;,&#xD;
              data: apply(displayvalue(_, local!actionTypes.id, local!actionTypes.value, &quot;&quot;), index(local!datasubset.data, &quot;actionTypeId&quot;, {}))&#xD;
            ),&#xD;
            #&quot;SYSTEM_SYSRULES_gridTextColumn&quot;(&#xD;
              label: &quot;Original&quot;,&#xD;
              field: &quot;oldValue&quot;,&#xD;
              data: index(local!datasubset.data, &quot;oldValue&quot;, {})&#xD;
            ),&#xD;
            #&quot;SYSTEM_SYSRULES_gridTextColumn&quot;(&#xD;
              label: &quot;Current&quot;,&#xD;
              field: &quot;newValue&quot;,&#xD;
              data: index(local!datasubset.data, &quot;newValue&quot;, {})&#xD;
            )&#xD;
          },&#xD;
          value: if(isnull(ri!pagingInfo), local!pagingInfo, ri!pagingInfo),&#xD;
          saveInto: if(isnull(ri!pagingInfo), local!pagingInfo, ri!pagingInfo)&#xD;
        )&#xD;
        )&#xD;
      )&#xD;
    }&#xD;
  )&#xD;
)</definition>
        <namedTypedValue>
            <name>taskMetricId</name>
            <type>
                <name>int</name>
                <namespace>http://www.w3.org/2001/XMLSchema</namespace>
            </type>
        </namedTypedValue>
        <namedTypedValue>
            <name>docId</name>
            <type>
                <name>int</name>
                <namespace>http://www.w3.org/2001/XMLSchema</namespace>
            </type>
        </namedTypedValue>
        <namedTypedValue>
            <name>pagingInfo</name>
            <type>
                <name>PagingInfo</name>
                <namespace>http://www.appian.com/ae/types/2009</namespace>
            </type>
        </namedTypedValue>
        <preferredEditor>interface</preferredEditor>
        <offlineEnabled>false</offlineEnabled>
    </rule>
    <roleMap public="true">
        <role allowForAll="false" inherit="true" name="readers">
            <users/>
            <groups/>
        </role>
        <role allowForAll="false" inherit="true" name="authors">
            <users/>
            <groups/>
        </role>
        <role allowForAll="false" inherit="true" name="administrators">
            <users>
                <userUuid>katie.hsu</userUuid>
            </users>
            <groups/>
        </role>
        <role allowForAll="false" inherit="false" name="denyReaders">
            <users/>
            <groups/>
        </role>
        <role allowForAll="false" inherit="false" name="denyAuthors">
            <users/>
            <groups/>
        </role>
        <role allowForAll="false" inherit="false" name="denyAdministrators">
            <users/>
            <groups/>
        </role>
    </roleMap>
</contentHaul>
