<?xml version="1.0" encoding="UTF-8" standalone="yes"?>
<contentHaul xmlns:a="http://www.appian.com/ae/types/2009">
    <rule>
        <name>CTS_SCT_Task_startGrid</name>
        <uuid>740ebebf-8f49-483d-aa9c-91b2073bedd1</uuid>
        <description>User/Group grid to display on start pages</description>
        <parentUuid>_a-0000dc7a-bcb3-8000-9ba2-011c48011c48_6437</parentUuid>
        <visibility>
            <advertise>false</advertise>
            <hierarchy>true</hierarchy>
            <indexable>true</indexable>
            <quota>false</quota>
            <searchable>true</searchable>
            <system>false</system>
            <unlogged>false</unlogged>
        </visibility>
        <definition>=load(
  local!thisMonday: today()-fn!weekday(today(), 3),
  #&quot;SYSTEM_SYSRULES_sectionLayout&quot;(
        firstColumnContents: {
            #&quot;SYSTEM_SYSRULES_richTextDisplayField&quot;(
              labelPosition: &quot;COLLAPSED&quot;,
              value: {
                if(isnull(ri!deadlineEnd), 
                  {&quot;All Tasks&quot;},
                  {#&quot;SYSTEM_SYSRULES_richTextItem&quot;(
                    text: &quot;All Tasks&quot;,
                    style: &quot;STRONG&quot;,
                    link: #&quot;SYSTEM_SYSRULES_dynamicLink&quot;(
                      value: null, 
                      saveInto: {
                      a!save(ri!deadlineStart, save!value),
                      a!save(ri!deadlineEnd, save!value),
                      a!save(ri!pagingInfo, #&quot;SYSTEM_SYSRULES_pagingInfo&quot;(
                        startIndex: 1,
                        batchSize: #&quot;_a-0000dc8b-8f45-8000-9ba2-011c48011c48_9457&quot;,
                        sort: #&quot;SYSTEM_SYSRULES_sortInfo&quot;(
                          field: if(#&quot;_a-0000d62a-67b3-8000-da6f-010000010000_950&quot;(ri!user), &quot;c3&quot;, &quot;c1&quot;),
                          ascending: true
                        )))
                      })
                  ),
                  &quot; / Task &quot; &amp; 
                    if(isnull(ri!deadlineStart), &quot;Deadline: Overdue&quot;,
                      if(ri!deadlineEnd=today()+1, &quot;Deadline: Today&quot;,
                        if(ri!deadlineEnd=local!thisMonday+7, &quot;Deadline: This Week&quot;, &quot;Deadline: Next Week&quot;)
                      )
                    )}
                )  
              }
            )
        ,
       if(isnull(ri!user), 
         #&quot;_a-0000dcf6-bb7e-8000-9ba2-011c48011c48_18947&quot;(group: ri!group,
           deadlineStart: ri!deadlineStart,
           deadlineEnd: ri!deadlineEnd,
           pagingInfo: ri!pagingInfo), 
         #&quot;_a-0000dcf6-bb7e-8000-9ba2-011c48011c48_19007&quot;(user: ri!user,
           deadlineStart: ri!deadlineStart,
           deadlineEnd: ri!deadlineEnd,
           pagingInfo: ri!pagingInfo))
        }
      )
)</definition>
        <namedTypedValue>
            <name>pagingInfo</name>
            <type>
                <name>PagingInfo</name>
                <namespace>http://www.appian.com/ae/types/2009</namespace>
            </type>
        </namedTypedValue>
        <namedTypedValue>
            <name>user</name>
            <type>
                <name>User</name>
                <namespace>http://www.appian.com/ae/types/2009</namespace>
            </type>
        </namedTypedValue>
        <namedTypedValue>
            <name>group</name>
            <type>
                <name>Group</name>
                <namespace>http://www.appian.com/ae/types/2009</namespace>
            </type>
        </namedTypedValue>
        <namedTypedValue>
            <name>deadlineStart</name>
            <type>
                <name>dateTime</name>
                <namespace>http://www.w3.org/2001/XMLSchema</namespace>
            </type>
        </namedTypedValue>
        <namedTypedValue>
            <name>deadlineEnd</name>
            <type>
                <name>dateTime</name>
                <namespace>http://www.w3.org/2001/XMLSchema</namespace>
            </type>
        </namedTypedValue>
        <preferredEditor>interface</preferredEditor>
        <offlineEnabled>false</offlineEnabled>
    </rule>
    <roleMap public="true">
        <role allowForAll="false" inherit="true" name="readers">
            <users/>
            <groups/>
        </role>
        <role allowForAll="false" inherit="true" name="authors">
            <users/>
            <groups/>
        </role>
        <role allowForAll="false" inherit="true" name="administrators">
            <users>
                <userUuid>katie.hsu</userUuid>
            </users>
            <groups/>
        </role>
        <role allowForAll="false" inherit="false" name="denyReaders">
            <users/>
            <groups/>
        </role>
        <role allowForAll="false" inherit="false" name="denyAuthors">
            <users/>
            <groups/>
        </role>
        <role allowForAll="false" inherit="false" name="denyAdministrators">
            <users/>
            <groups/>
        </role>
    </roleMap>
    <typedValue>
        <type>
            <name>RuleTestConfig?list</name>
            <namespace>http://www.appian.com/ae/types/2009</namespace>
        </type>
        <value>
            <el>
                <a:name/>
                <a:ruleInputTestConfigs>
                    <a:value xmlns:xsi="http://www.w3.org/2001/XMLSchema-instance" xsi:nil="true" xsi:type="a:PagingInfo"/>
                    <a:nameRef>pagingInfo</a:nameRef>
                    <a:id/>
                </a:ruleInputTestConfigs>
                <a:ruleInputTestConfigs>
                    <a:value xmlns:xsi="http://www.w3.org/2001/XMLSchema-instance" xsi:nil="true" xsi:type="a:User"/>
                    <a:nameRef>user</a:nameRef>
                    <a:id/>
                </a:ruleInputTestConfigs>
                <a:ruleInputTestConfigs>
                    <a:value xmlns:xsi="http://www.w3.org/2001/XMLSchema-instance" xsi:nil="true" xsi:type="a:Group"/>
                    <a:nameRef>group</a:nameRef>
                    <a:id/>
                </a:ruleInputTestConfigs>
                <a:ruleInputTestConfigs>
                    <a:value xmlns:xsd="http://www.w3.org/2001/XMLSchema" xmlns:xsi="http://www.w3.org/2001/XMLSchema-instance" xsi:nil="true" xsi:type="xsd:dateTime"/>
                    <a:nameRef>deadlineStart</a:nameRef>
                    <a:id/>
                </a:ruleInputTestConfigs>
                <a:ruleInputTestConfigs>
                    <a:value xmlns:xsd="http://www.w3.org/2001/XMLSchema" xmlns:xsi="http://www.w3.org/2001/XMLSchema-instance" xsi:nil="true" xsi:type="xsd:dateTime"/>
                    <a:nameRef>deadlineEnd</a:nameRef>
                    <a:id/>
                </a:ruleInputTestConfigs>
                <a:assertions xmlns:xsi="http://www.w3.org/2001/XMLSchema-instance" xsi:nil="true"/>
            </el>
        </value>
    </typedValue>
</contentHaul>
