<?xml version="1.0" encoding="UTF-8" standalone="yes"?>
<contentHaul xmlns:a="http://www.appian.com/ae/types/2009">
    <rule>
        <name>CTS_RULE_Doc_displayAuditValue</name>
        <uuid>86a4bad5-56ef-4cba-96fe-869629093ff9</uuid>
        <description>Replaces a single document field containing reference data integer values with text display values for auditing old/new values </description>
        <parentUuid>_a-0000dc7a-bcb3-8000-9ba2-011c48011c48_6553</parentUuid>
        <visibility>
            <advertise>false</advertise>
            <hierarchy>true</hierarchy>
            <indexable>true</indexable>
            <quota>false</quota>
            <searchable>true</searchable>
            <system>false</system>
            <unlogged>false</unlogged>
        </visibility>
        <definition>=with(
  actionIndex: wherecontains(ri!actionInt, ri!updatedActionIntArray)[1],
choose(
  wherecontains(ri!actionInt, tointeger(#&quot;_a-0000dcf6-bb7e-8000-9ba2-011c48011c48_18644&quot;(activeFlag: true).data.id))[1],
  /*1 = Create Document*/ 
    ri!textValueArray,
  /*2 = Modify Document Date*/ 
    ri!textValueArray,
  /*3 = Modify Document Subject*/ 
    ri!textValueArray,
  /*4 = Modify Document Type*/
    updatearray(ri!textValueArray, actionIndex, displayvalue(tointeger(ri!textValueArray[actionIndex]), #&quot;_a-0000dd17-9077-8000-9ba2-011c48011c48_11116&quot;, #&quot;_a-0000dd17-9077-8000-9ba2-011c48011c48_11103&quot;, &quot;&quot;)),
  /*5 = Modify Document Author*/ 
    ri!textValueArray,
  /*6 = Modify Document Comments*/ 
    ri!textValueArray,
  /*7 = Modify Document Title*/ 
    ri!textValueArray,
  /*8 = Modify Document Repository Only Indicator*/ 
    updatearray(ri!textValueArray, actionIndex, if(toboolean(ri!textValueArray[actionIndex]), &quot;True&quot;, &quot;False&quot;))
))</definition>
        <namedTypedValue>
            <name>textValueArray</name>
            <type>
                <name>Text?list</name>
                <namespace>http://www.appian.com/ae/types/2009</namespace>
            </type>
        </namedTypedValue>
        <namedTypedValue>
            <name>actionInt</name>
            <type>
                <name>int</name>
                <namespace>http://www.w3.org/2001/XMLSchema</namespace>
            </type>
        </namedTypedValue>
        <namedTypedValue>
            <name>updatedActionIntArray</name>
            <type>
                <name>Integer?list</name>
                <namespace>http://www.appian.com/ae/types/2009</namespace>
            </type>
        </namedTypedValue>
        <preferredEditor>legacy</preferredEditor>
        <offlineEnabled>false</offlineEnabled>
    </rule>
    <roleMap public="true">
        <role allowForAll="false" inherit="true" name="readers">
            <users/>
            <groups/>
        </role>
        <role allowForAll="false" inherit="true" name="authors">
            <users/>
            <groups/>
        </role>
        <role allowForAll="false" inherit="true" name="administrators">
            <users/>
            <groups/>
        </role>
        <role allowForAll="false" inherit="false" name="denyReaders">
            <users/>
            <groups/>
        </role>
        <role allowForAll="false" inherit="false" name="denyAuthors">
            <users/>
            <groups/>
        </role>
        <role allowForAll="false" inherit="false" name="denyAdministrators">
            <users/>
            <groups/>
        </role>
    </roleMap>
</contentHaul>
