<?xml version="1.0" encoding="UTF-8" standalone="yes"?>
<contentHaul xmlns:a="http://www.appian.com/ae/types/2009">
    <rule>
        <name>CTS_RULE_Assign_displayTaskReminderAlert</name>
        <uuid>904ddbda-8767-4d45-801d-fec4ef14d118</uuid>
        <description>Rule to generate the message for the task reminder alert</description>
        <parentUuid>_a-0000dc7a-bcb3-8000-9ba2-011c48011c48_6422</parentUuid>
        <visibility>
            <advertise>false</advertise>
            <hierarchy>true</hierarchy>
            <indexable>true</indexable>
            <quota>false</quota>
            <searchable>true</searchable>
            <system>false</system>
            <unlogged>false</unlogged>
        </visibility>
        <definition>&quot;This task is due on &quot; &amp; ri!assignment.dueOn</definition>
        <namedTypedValue>
            <name>folder</name>
            <type>
                <name>CTS_Folder</name>
                <namespace>urn:com:appian:types:CTS</namespace>
            </type>
        </namedTypedValue>
        <namedTypedValue>
            <name>assignment</name>
            <type>
                <name>CTS_Assign</name>
                <namespace>urn:com:appian:types:CTS</namespace>
            </type>
        </namedTypedValue>
        <preferredEditor>legacy</preferredEditor>
        <offlineEnabled>false</offlineEnabled>
    </rule>
    <roleMap public="true">
        <role allowForAll="false" inherit="true" name="readers">
            <users/>
            <groups/>
        </role>
        <role allowForAll="false" inherit="true" name="authors">
            <users/>
            <groups/>
        </role>
        <role allowForAll="false" inherit="true" name="administrators">
            <users/>
            <groups/>
        </role>
        <role allowForAll="false" inherit="false" name="denyReaders">
            <users/>
            <groups/>
        </role>
        <role allowForAll="false" inherit="false" name="denyAuthors">
            <users/>
            <groups/>
        </role>
        <role allowForAll="false" inherit="false" name="denyAdministrators">
            <users/>
            <groups/>
        </role>
    </roleMap>
</contentHaul>
