<?xml version="1.0" encoding="UTF-8" standalone="yes"?>
<contentHaul xmlns:a="http://www.appian.com/ae/types/2009">
    <rule>
        <name>CTS_RULE_Doc_getKnowledgeCenter</name>
        <uuid>9d0a3cd5-56b3-4278-a130-b7df68855660</uuid>
        <description>Returns the parent knowledge center to create the Appian folder for storing uploaded documents</description>
        <parentUuid>_a-0000dc7a-bcb3-8000-9ba2-011c48011c48_6553</parentUuid>
        <visibility>
            <advertise>false</advertise>
            <hierarchy>true</hierarchy>
            <indexable>true</indexable>
            <quota>false</quota>
            <searchable>true</searchable>
            <system>false</system>
            <unlogged>false</unlogged>
        </visibility>
        <definition>=choose(ri!year-2015,
#&quot;_a-0000dcee-c5ac-8000-9ba2-011c48011c48_15760&quot;,
#&quot;_a-0000dcee-c5ac-8000-9ba2-011c48011c48_15761&quot;,
#&quot;_a-0000dcee-c5ac-8000-9ba2-011c48011c48_15762&quot;
)</definition>
        <namedTypedValue>
            <name>year</name>
            <type>
                <name>int</name>
                <namespace>http://www.w3.org/2001/XMLSchema</namespace>
            </type>
        </namedTypedValue>
        <preferredEditor>legacy</preferredEditor>
        <offlineEnabled>false</offlineEnabled>
    </rule>
    <roleMap public="true">
        <role allowForAll="false" inherit="true" name="readers">
            <users/>
            <groups/>
        </role>
        <role allowForAll="false" inherit="true" name="authors">
            <users/>
            <groups/>
        </role>
        <role allowForAll="false" inherit="true" name="administrators">
            <users/>
            <groups/>
        </role>
        <role allowForAll="false" inherit="false" name="denyReaders">
            <users/>
            <groups/>
        </role>
        <role allowForAll="false" inherit="false" name="denyAuthors">
            <users/>
            <groups/>
        </role>
        <role allowForAll="false" inherit="false" name="denyAdministrators">
            <users/>
            <groups/>
        </role>
    </roleMap>
</contentHaul>
