<?xml version="1.0" encoding="UTF-8" standalone="yes"?>
<contentHaul xmlns:a="http://www.appian.com/ae/types/2009">
    <constant>
        <name>CTS_INT_R_TASK_TYPES</name>
        <uuid>_a-0000dcee-c5ac-8000-9ba2-011c48011c48_15747</uuid>
        <description>Task metric task type reference values:&#xD;
&#xD;
1 = Create Document&#xD;
2 = Update Document&#xD;
3 = Check Out Document&#xD;
4 = Check In Document/Discard Check Out&#xD;
5 = Create Folder&#xD;
6 = Manage Document Links&#xD;
7 = Update Folder&#xD;
8 = Manage Assignments&#xD;
9 = Route Folder&#xD;
10 = Manage Notes&#xD;
11 = Close Folder&#xD;
12 = Archive Folder&#xD;
13 = Complete Assignment&#xD;
14 = Create User&#xD;
15 = Manage User Permissions</description>
        <parentUuid>_a-0000dd17-9077-8000-9ba2-011c48011c48_11000</parentUuid>
        <visibility>
            <advertise>false</advertise>
            <hierarchy>true</hierarchy>
            <indexable>true</indexable>
            <quota>false</quota>
            <searchable>true</searchable>
            <system>false</system>
            <unlogged>false</unlogged>
        </visibility>
        <typedValue>
            <type>
                <name>Integer?list</name>
                <namespace>http://www.appian.com/ae/types/2009</namespace>
            </type>
            <value>
                <el>1</el>
                <el>2</el>
                <el>3</el>
                <el>4</el>
                <el>5</el>
                <el>6</el>
                <el>7</el>
                <el>8</el>
                <el>9</el>
                <el>10</el>
                <el>11</el>
                <el>12</el>
                <el>13</el>
                <el>14</el>
                <el>15</el>
            </value>
        </typedValue>
    </constant>
    <roleMap public="true">
        <role allowForAll="false" inherit="true" name="readers">
            <users/>
            <groups/>
        </role>
        <role allowForAll="false" inherit="true" name="authors">
            <users/>
            <groups/>
        </role>
        <role allowForAll="false" inherit="true" name="administrators">
            <users>
                <userUuid>katie.hsu</userUuid>
            </users>
            <groups/>
        </role>
        <role allowForAll="false" inherit="false" name="denyReaders">
            <users/>
            <groups/>
        </role>
        <role allowForAll="false" inherit="false" name="denyAuthors">
            <users/>
            <groups/>
        </role>
        <role allowForAll="false" inherit="false" name="denyAdministrators">
            <users/>
            <groups/>
        </role>
    </roleMap>
</contentHaul>
