<?xml version="1.0" encoding="UTF-8" standalone="yes"?>
<contentHaul xmlns:a="http://www.appian.com/ae/types/2009">
    <constant>
        <name>CTS_INT_R_FOLDER_REFERRED_OFFICE</name>
        <uuid>_a-0000dd17-9077-8000-9ba2-011c48011c48_10984</uuid>
        <description>Reference data for folder referred office:&#xD;
&#xD;
1 = Office of the Assistant Secretary&#xD;
2 = Office of Civil Rights and Civil Liberties&#xD;
3 = Office of the Director of Operations&#xD;
4 = Detention and Removal Operations Tasking&#xD;
5 = Detention and Removal Management&#xD;
6 = Office of the Chief of Staff&#xD;
7 = Office of the Chief Financial Officer&#xD;
8 = Office of the Chief Information Officer&#xD;
9 = Office of Detention and Removal Operations&#xD;
10 = Office of Equal Employment Opportunity&#xD;
11 = Office of the Executive Secretariat&#xD;
12 = Office of Freedom of Information Act&#xD;
13 = Federal Protective Service&#xD;
14 = Office of Human Resources&#xD;
15 = HQINV Information Disclosure Unit&#xD;
16 = Office of Intelligence&#xD;
17 = Office of Investigations&#xD;
18 = Office of National Incident Response Unit&#xD;
19 = Office of Acquisition&#xD;
20 = Office of Congressional Relations&#xD;
21 = Office of Public Affairs&#xD;
22 = Office of Policy and Planning&#xD;
23 = Office of Professional Responsibility&#xD;
24 = Office of Secure Communities&#xD;
25 = Office of State and Local Coordination&#xD;
26 = Office of Training Development&#xD;
27 = Office of Principal Legal Advisor&#xD;
28 = Office of Privacy&#xD;
29 = Office of Questions for the Record&#xD;
30 = Reporting Coordination Center&#xD;
31 = Student Exchange</description>
        <parentUuid>_a-0000dd17-9077-8000-9ba2-011c48011c48_11000</parentUuid>
        <visibility>
            <advertise>false</advertise>
            <hierarchy>true</hierarchy>
            <indexable>true</indexable>
            <quota>false</quota>
            <searchable>true</searchable>
            <system>false</system>
            <unlogged>false</unlogged>
        </visibility>
        <typedValue>
            <type>
                <name>Integer?list</name>
                <namespace>http://www.appian.com/ae/types/2009</namespace>
            </type>
            <value>
                <el>1</el>
                <el>2</el>
                <el>3</el>
                <el>4</el>
                <el>5</el>
                <el>6</el>
                <el>7</el>
                <el>8</el>
                <el>9</el>
                <el>10</el>
                <el>11</el>
                <el>12</el>
                <el>13</el>
                <el>14</el>
                <el>15</el>
                <el>16</el>
                <el>17</el>
                <el>18</el>
                <el>19</el>
                <el>20</el>
                <el>21</el>
                <el>22</el>
                <el>23</el>
                <el>24</el>
                <el>25</el>
                <el>26</el>
                <el>27</el>
                <el>28</el>
                <el>29</el>
                <el>30</el>
                <el>31</el>
            </value>
        </typedValue>
    </constant>
    <roleMap public="true">
        <role allowForAll="false" inherit="true" name="readers">
            <users/>
            <groups/>
        </role>
        <role allowForAll="false" inherit="true" name="authors">
            <users/>
            <groups/>
        </role>
        <role allowForAll="false" inherit="true" name="administrators">
            <users>
                <userUuid>katie.hsu</userUuid>
            </users>
            <groups/>
        </role>
        <role allowForAll="false" inherit="false" name="denyReaders">
            <users/>
            <groups/>
        </role>
        <role allowForAll="false" inherit="false" name="denyAuthors">
            <users/>
            <groups/>
        </role>
        <role allowForAll="false" inherit="false" name="denyAdministrators">
            <users/>
            <groups/>
        </role>
    </roleMap>
</contentHaul>
