<?xml version="1.0" encoding="UTF-8" standalone="yes"?>
<contentHaul xmlns:a="http://www.appian.com/ae/types/2009">
    <constant>
        <name>CTS_TEXT_R_FOLDER_FILE_SERIES</name>
        <uuid>_a-0000dd17-9077-8000-9ba2-011c48011c48_10958</uuid>
        <description>Reference data for folder file series:&#xD;
&#xD;
1 = Administrative Correspondence Files&#xD;
2 = Congressional Correspondence&#xD;
3 = Field Office Subject Files – Correspondence&#xD;
4 = Headquarters Subject Files&#xD;
5 = Non-Action Mail, General Public&#xD;
6 = Public Inquiries</description>
        <parentUuid>_a-0000dd17-9077-8000-9ba2-011c48011c48_10999</parentUuid>
        <visibility>
            <advertise>false</advertise>
            <hierarchy>true</hierarchy>
            <indexable>true</indexable>
            <quota>false</quota>
            <searchable>true</searchable>
            <system>false</system>
            <unlogged>false</unlogged>
        </visibility>
        <typedValue>
            <type>
                <name>Text?list</name>
                <namespace>http://www.appian.com/ae/types/2009</namespace>
            </type>
            <value>
                <el>Administrative Correspondence Files</el>
                <el>Congressional Correspondence</el>
                <el>Field Office Subject Files – Correspondence</el>
                <el>Headquarters Subject Files</el>
                <el>Non-Action Mail, General Public</el>
                <el>Public Inquiries</el>
            </value>
        </typedValue>
    </constant>
    <roleMap public="true">
        <role allowForAll="false" inherit="true" name="readers">
            <users/>
            <groups/>
        </role>
        <role allowForAll="false" inherit="true" name="authors">
            <users/>
            <groups/>
        </role>
        <role allowForAll="false" inherit="true" name="administrators">
            <users>
                <userUuid>katie.hsu</userUuid>
            </users>
            <groups/>
        </role>
        <role allowForAll="false" inherit="false" name="denyReaders">
            <users/>
            <groups/>
        </role>
        <role allowForAll="false" inherit="false" name="denyAuthors">
            <users/>
            <groups/>
        </role>
        <role allowForAll="false" inherit="false" name="denyAdministrators">
            <users/>
            <groups/>
        </role>
    </roleMap>
</contentHaul>
