<?xml version="1.0" encoding="UTF-8" standalone="yes"?>
<contentHaul xmlns:a="http://www.appian.com/ae/types/2009">
    <rule>
        <name>CTS_SCT_Assign_audit</name>
        <uuid>_a-0000dcf6-bb7e-8000-9ba2-011c48011c48_18691</uuid>
        <description>Assignment audit</description>
        <parentUuid>_a-0000dc7a-bcb3-8000-9ba2-011c48011c48_6437</parentUuid>
        <visibility>
            <advertise>false</advertise>
            <hierarchy>true</hierarchy>
            <indexable>true</indexable>
            <quota>false</quota>
            <searchable>true</searchable>
            <system>false</system>
            <unlogged>false</unlogged>
        </visibility>
        <definition>load(&#xD;
  local!actionTypes: #&quot;_a-0000dcf6-bb7e-8000-9ba2-011c48011c48_18689&quot;(activeFlag: true).data,&#xD;
  #&quot;SYSTEM_SYSRULES_sectionLayout&quot;(&#xD;
    label: &quot;Assignment Audit&quot;,&#xD;
    firstColumnContents:{&#xD;
      load(local!pagingInfo: #&quot;SYSTEM_SYSRULES_pagingInfo&quot;(&#xD;
          startIndex: 1,&#xD;
          batchSize: #&quot;_a-0000dc7a-bcb3-8000-9ba2-011c48011c48_6489&quot;,&#xD;
          sort: #&quot;SYSTEM_SYSRULES_sortInfo&quot;(&#xD;
            field: &quot;actionDatetime&quot;,&#xD;
            ascending: false&#xD;
          )&#xD;
        ),&#xD;
        with(local!datasubset: #&quot;_a-0000dcf6-bb7e-8000-9ba2-011c48011c48_18692&quot;(&#xD;
          assignmentId: ri!assignment.id,&#xD;
          pagingInfo: local!pagingInfo&#xD;
        ),&#xD;
        #&quot;SYSTEM_SYSRULES_gridField&quot;(&#xD;
          totalCount: local!datasubset.totalCount,&#xD;
          columns: {&#xD;
            #&quot;_a-0000dc8d-7dbf-8000-9ba2-011c48011c48_9645&quot;(&#xD;
              label: &quot;Who&quot;,&#xD;
              field: &quot;actionBy&quot;,&#xD;
              users: index(local!datasubset.data, &quot;actionBy&quot;, {})&#xD;
            ),&#xD;
            #&quot;SYSTEM_SYSRULES_gridTextColumn&quot;(&#xD;
              label: &quot;When&quot;,&#xD;
              field: &quot;actionDatetime&quot;,&#xD;
              data: apply(#&quot;_a-0000dc8d-7dbf-8000-9ba2-011c48011c48_9562&quot;(datetime: _), index(local!datasubset.data, &quot;actionDatetime&quot;, {}))&#xD;
            ),&#xD;
            #&quot;SYSTEM_SYSRULES_gridTextColumn&quot;(&#xD;
              label: &quot;What&quot;,&#xD;
              field: &quot;actionTypeId&quot;,&#xD;
              data: apply(displayvalue(_, local!actionTypes.id, local!actionTypes.value, &quot;&quot;), index(local!datasubset.data, &quot;actionTypeId&quot;, {}))&#xD;
            ),&#xD;
            #&quot;SYSTEM_SYSRULES_gridTextColumn&quot;(&#xD;
              label: &quot;Original&quot;,&#xD;
              field: &quot;oldValue&quot;,&#xD;
              data: apply(#&quot;3400128d-46e4-4824-832b-801207a088e1&quot;, index(local!datasubset.data, &quot;oldValue&quot;, {}))&#xD;
            ),&#xD;
            #&quot;SYSTEM_SYSRULES_gridTextColumn&quot;(&#xD;
              label: &quot;Current&quot;,&#xD;
              field: &quot;newValue&quot;,&#xD;
              data: apply(#&quot;3400128d-46e4-4824-832b-801207a088e1&quot;, index(local!datasubset.data, &quot;newValue&quot;, {}))&#xD;
            )&#xD;
          },&#xD;
          emptyGridMessage: &quot;This assignment has not been modified since the folder was routed&quot;,&#xD;
          value: local!pagingInfo,&#xD;
          saveInto: local!pagingInfo&#xD;
        )&#xD;
        )&#xD;
      )&#xD;
    }&#xD;
  )&#xD;
)</definition>
        <namedTypedValue>
            <name>assignment</name>
            <type>
                <name>CTS_Assign</name>
                <namespace>urn:com:appian:types:CTS</namespace>
            </type>
        </namedTypedValue>
        <namedTypedValue>
            <name>readOnly</name>
            <type>
                <name>boolean</name>
                <namespace>http://www.w3.org/2001/XMLSchema</namespace>
            </type>
        </namedTypedValue>
        <preferredEditor>interface</preferredEditor>
        <offlineEnabled>false</offlineEnabled>
    </rule>
    <roleMap public="true">
        <role allowForAll="false" inherit="true" name="readers">
            <users/>
            <groups/>
        </role>
        <role allowForAll="false" inherit="true" name="authors">
            <users/>
            <groups/>
        </role>
        <role allowForAll="false" inherit="true" name="administrators">
            <users>
                <userUuid>katie.hsu</userUuid>
            </users>
            <groups/>
        </role>
        <role allowForAll="false" inherit="false" name="denyReaders">
            <users/>
            <groups/>
        </role>
        <role allowForAll="false" inherit="false" name="denyAuthors">
            <users/>
            <groups/>
        </role>
        <role allowForAll="false" inherit="false" name="denyAdministrators">
            <users/>
            <groups/>
        </role>
    </roleMap>
</contentHaul>
