<?xml version="1.0" encoding="UTF-8" standalone="yes"?>
<contentHaul xmlns:a="http://www.appian.com/ae/types/2009">
    <rule>
        <name>CTS_SCT_Folder_assignment</name>
        <uuid>_a-0000dc8d-7dbf-8000-9ba2-011c48011c48_9919</uuid>
        <description>Assignment details for a folder
readonly and folderId are required
sequential, parallel, and newAssignment are required when the section is editable</description>
        <parentUuid>_a-0000dc7a-bcb3-8000-9ba2-011c48011c48_6437</parentUuid>
        <visibility>
            <advertise>false</advertise>
            <hierarchy>true</hierarchy>
            <indexable>true</indexable>
            <quota>false</quota>
            <searchable>true</searchable>
            <system>false</system>
            <unlogged>false</unlogged>
        </visibility>
        <definition>=load(&#xD;
  local!selectionIndex,&#xD;
  local!isFavorite:false,&#xD;
  local!selectFromMyFavorites:false,&#xD;
  local!selectedFavorite:null,&#xD;
  {&#xD;
  if(isnull(ri!selectedAssignment),&#xD;
      {&#xD;
      #&quot;6b293643-7ca5-4664-aa8d-8c0d89bc8a04&quot;(&#xD;
      folder: ri!folder,&#xD;
      readOnly: ri!readOnly,&#xD;
      assignments: ri!assignments,&#xD;
      selection: ri!selectedAssignment,&#xD;
      selectionIndex: local!selectionIndex,&#xD;
      deletedAssignments: ri!deletedAssignments,&#xD;
      isTemplate:false()&#xD;
    )&#xD;
  },&#xD;
   if(or(ri!readOnly, and(not(isnull(ri!selectedAssignment)), not(isnull(index(ri!selectedAssignment, &quot;id&quot;, -1))), index(ri!selectedAssignment, &quot;statusId&quot;, -1)&lt;&gt;#&quot;_a-0000dc8d-7dbf-8000-9ba2-011c48011c48_9996&quot;)),&#xD;
    {&#xD;
      #&quot;SYSTEM_SYSRULES_sectionLayout&quot;(&#xD;
        label: &quot;Assignments&quot;,&#xD;
        firstColumnContents: {&#xD;
          #&quot;SYSTEM_SYSRULES_richTextDisplayField&quot;(&#xD;
            labelPosition: &quot;COLLAPSED&quot;,&#xD;
            value: {&#xD;
              #&quot;SYSTEM_SYSRULES_richTextItem&quot;(&#xD;
                text: &quot;All Assignments&quot;,&#xD;
                style: &quot;STRONG&quot;,&#xD;
                link: #&quot;SYSTEM_SYSRULES_dynamicLink&quot;(&#xD;
                  value: null, &#xD;
                  saveInto: ri!selectedAssignment&#xD;
                )&#xD;
              ),&#xD;
              &quot; / Assignment ID: &quot; &amp; ri!selectedAssignment.id&#xD;
            }&#xD;
          )&#xD;
        }&#xD;
      ),&#xD;
      #&quot;_a-0000dc93-c482-8000-9ba2-011c48011c48_10076&quot;(&#xD;
      readOnly: true,&#xD;
      assignment: ri!selectedAssignment,&#xD;
      folder: ri!folder&#xD;
      )&#xD;
  },&#xD;
  {#&quot;_a-0000dc8d-7dbf-8000-9ba2-011c48011c48_9932&quot;(&#xD;
      readOnly: false, &#xD;
      assignment: ri!selectedAssignment,&#xD;
      folder: ri!folder,&#xD;
      isTemplate:false()&#xD;
    ),&#xD;
    #&quot;_a-0000dc8d-7dbf-8000-9ba2-011c48011c48_9989&quot;(&#xD;
       /*Do not save if any of the required fields are null */&#xD;
      saveInto: if(any(#&quot;_a-0000d62a-67b3-8000-da6f-010000010000_951&quot;(array: _), {&#xD;
        ri!selectedAssignment.assignee,&#xD;
        ri!selectedAssignment.priorityId,&#xD;
        ri!selectedAssignment.instructions,&#xD;
        ri!selectedAssignment.dueOn,&#xD;
        ri!selectedAssignment.subject&#xD;
        }),&#xD;
        null,&#xD;
        {&#xD;
          a!save(ri!selectedAssignment.statusId, #&quot;_a-0000dc8d-7dbf-8000-9ba2-011c48011c48_9996&quot;),&#xD;
          if(isnull(ri!selectedAssignment.id),&#xD;
            {a!save(ri!selectedAssignment.createdBy, loggedInUser()),&#xD;
            a!save(ri!selectedAssignment.createdOn, now())},&#xD;
            {a!save(ri!selectedAssignment.lastModifiedBy, loggedInUser()),&#xD;
            a!save(ri!selectedAssignment.lastModifiedOn, now())}),&#xD;
          a!save(ri!assignments, if(#&quot;_a-0000d62a-67b3-8000-da6f-010000010000_951&quot;(ri!assignments), ri!selectedAssignment, updatearray(ri!assignments, local!selectionIndex, ri!selectedAssignment))),&#xD;
          a!save(ri!selectedAssignment, null)&#xD;
        }&#xD;
      ),&#xD;
      cancelSaveInto: {a!save(ri!selectedAssignment, null)}&#xD;
    )&#xD;
    &#xD;
    }&#xD;
  )&#xD;
  )&#xD;
}&#xD;
)</definition>
        <namedTypedValue>
            <name>readOnly</name>
            <type>
                <name>boolean</name>
                <namespace>http://www.w3.org/2001/XMLSchema</namespace>
            </type>
        </namedTypedValue>
        <namedTypedValue>
            <name>assignments</name>
            <type>
                <name>CTS_Assign?list</name>
                <namespace>urn:com:appian:types:CTS</namespace>
            </type>
        </namedTypedValue>
        <namedTypedValue>
            <name>folder</name>
            <type>
                <name>CTS_Folder</name>
                <namespace>urn:com:appian:types:CTS</namespace>
            </type>
        </namedTypedValue>
        <namedTypedValue>
            <name>selectedAssignment</name>
            <type>
                <name>CTS_Assign</name>
                <namespace>urn:com:appian:types:CTS</namespace>
            </type>
        </namedTypedValue>
        <namedTypedValue>
            <name>deletedAssignments</name>
            <type>
                <name>CTS_Assign?list</name>
                <namespace>urn:com:appian:types:CTS</namespace>
            </type>
        </namedTypedValue>
        <preferredEditor>interface</preferredEditor>
        <offlineEnabled>false</offlineEnabled>
    </rule>
    <roleMap public="true">
        <role allowForAll="false" inherit="true" name="readers">
            <users/>
            <groups/>
        </role>
        <role allowForAll="false" inherit="true" name="authors">
            <users/>
            <groups/>
        </role>
        <role allowForAll="false" inherit="true" name="administrators">
            <users/>
            <groups/>
        </role>
        <role allowForAll="false" inherit="false" name="denyReaders">
            <users/>
            <groups/>
        </role>
        <role allowForAll="false" inherit="false" name="denyAuthors">
            <users/>
            <groups/>
        </role>
        <role allowForAll="false" inherit="false" name="denyAdministrators">
            <users/>
            <groups/>
        </role>
    </roleMap>
    <typedValue>
        <type>
            <name>RuleTestConfig?list</name>
            <namespace>http://www.appian.com/ae/types/2009</namespace>
        </type>
        <value>
            <el>
                <a:name/>
                <a:ruleInputTestConfigs>
                    <a:value xmlns:xsd="http://www.w3.org/2001/XMLSchema" xmlns:xsi="http://www.w3.org/2001/XMLSchema-instance" xsi:type="xsd:boolean">true</a:value>
                    <a:nameRef>readOnly</a:nameRef>
                    <a:id/>
                </a:ruleInputTestConfigs>
                <a:ruleInputTestConfigs>
                    <a:nameRef>assignments</a:nameRef>
                    <a:id/>
                </a:ruleInputTestConfigs>
                <a:ruleInputTestConfigs>
                    <a:value xmlns:n1="urn:com:appian:types:CTS" xmlns:xsi="http://www.w3.org/2001/XMLSchema-instance" xsi:nil="true" xsi:type="n1:CTS_Folder"/>
                    <a:nameRef>folder</a:nameRef>
                    <a:id/>
                </a:ruleInputTestConfigs>
                <a:ruleInputTestConfigs>
                    <a:value xmlns:n1="urn:com:appian:types:CTS" xmlns:xsi="http://www.w3.org/2001/XMLSchema-instance" xsi:nil="true" xsi:type="n1:CTS_Assign"/>
                    <a:nameRef>selectedAssignment</a:nameRef>
                    <a:id/>
                </a:ruleInputTestConfigs>
                <a:ruleInputTestConfigs>
                    <a:nameRef>deletedAssignments</a:nameRef>
                    <a:id/>
                </a:ruleInputTestConfigs>
                <a:assertions xmlns:xsi="http://www.w3.org/2001/XMLSchema-instance" xsi:nil="true"/>
            </el>
        </value>
    </typedValue>
</contentHaul>
