<?xml version="1.0" encoding="UTF-8" standalone="yes"?>
<contentHaul xmlns:a="http://www.appian.com/ae/types/2009">
    <rule>
        <name>CTS_RULE_General_getProfilePicture</name>
        <uuid>_a-0000dc8d-7dbf-8000-9ba2-011c48011c48_9653</uuid>
        <description>Returns document image of the profile picture for the given user</description>
        <parentUuid>_a-0000dc7a-bcb3-8000-9ba2-011c48011c48_6422</parentUuid>
        <visibility>
            <advertise>false</advertise>
            <hierarchy>true</hierarchy>
            <indexable>true</indexable>
            <quota>false</quota>
            <searchable>true</searchable>
            <system>false</system>
            <unlogged>false</unlogged>
        </visibility>
        <definition>=if(isnull(ri!user),
  cast(1894, null),
  if(isnull(getprofilepictureforuser(user: ri!user)),
    cast(1894, null),
    #&quot;SYSTEM_SYSRULES_documentImage&quot;(
      document: getprofilepictureforuser(user: ri!user),
      altText: #&quot;_a-0000d690-12fb-8000-0f1a-010000010000_1352&quot;(ri!user),
      caption: #&quot;_a-0000d690-12fb-8000-0f1a-010000010000_1352&quot;(ri!user)
    )
  )
)
</definition>
        <namedTypedValue>
            <name>user</name>
            <type>
                <name>User</name>
                <namespace>http://www.appian.com/ae/types/2009</namespace>
            </type>
        </namedTypedValue>
        <preferredEditor>legacy</preferredEditor>
        <offlineEnabled>false</offlineEnabled>
    </rule>
    <roleMap public="true">
        <role allowForAll="false" inherit="true" name="readers">
            <users/>
            <groups/>
        </role>
        <role allowForAll="false" inherit="true" name="authors">
            <users/>
            <groups/>
        </role>
        <role allowForAll="false" inherit="true" name="administrators">
            <users/>
            <groups/>
        </role>
        <role allowForAll="false" inherit="false" name="denyReaders">
            <users/>
            <groups/>
        </role>
        <role allowForAll="false" inherit="false" name="denyAuthors">
            <users/>
            <groups/>
        </role>
        <role allowForAll="false" inherit="false" name="denyAdministrators">
            <users/>
            <groups/>
        </role>
    </roleMap>
</contentHaul>
