<?xml version="1.0" encoding="UTF-8" standalone="yes"?>
<contentHaul xmlns:a="http://www.appian.com/ae/types/2009">
    <rule>
        <name>CTS_SCT_Folder_documents</name>
        <uuid>_a-0000dc8d-7dbf-8000-9ba2-011c48011c48_9581</uuid>
        <description>Section containing a folder's document information</description>
        <parentUuid>_a-0000dc7a-bcb3-8000-9ba2-011c48011c48_6437</parentUuid>
        <visibility>
            <advertise>false</advertise>
            <hierarchy>true</hierarchy>
            <indexable>true</indexable>
            <quota>false</quota>
            <searchable>true</searchable>
            <system>false</system>
            <unlogged>false</unlogged>
        </visibility>
        <definition>=load(local!pagingInfo: #&quot;SYSTEM_SYSRULES_pagingInfo&quot;(
  startIndex: 1,
  batchSize: if(ri!readOnly, #&quot;_a-0000dc8b-8f45-8000-9ba2-011c48011c48_9457&quot;, #&quot;_a-0000dc7a-bcb3-8000-9ba2-011c48011c48_6489&quot;),
  sort: #&quot;SYSTEM_SYSRULES_sortInfo&quot;(
    field: &quot;docId&quot;,
    ascending: false
  )
),
with(local!datasubset:  if(ri!readOnly, 
  #&quot;_a-0000dc8d-7dbf-8000-9ba2-011c48011c48_9745&quot;(
    pagingInfo: local!pagingInfo,
    folderId: ri!folder.id,
    ignoreLinkIds: ri!deletedLinkIds
  ), 
  todatasubset(ri!links, local!pagingInfo) ),
  
  
  #&quot;SYSTEM_SYSRULES_sectionLayout&quot;(
    label: &quot;Documents&quot;,
    isCollapsible: true,
    firstColumnContents: {
      #&quot;SYSTEM_SYSRULES_gridField&quot;(
          labelPosition: &quot;COLLAPSED&quot;,
          totalCount: local!datasubset.totalCount,
          columns: {
            with(local!links: apply(#&quot;_a-0000dc7a-bcb3-8000-9ba2-011c48011c48_6537&quot;(label:
            _, uri: _
            ), merge(
              index(local!datasubset.data, &quot;docId&quot;, {}),
              apply(urlforrecord(#&quot;_a-0000dc8b-8f45-8000-9ba2-011c48011c48_9143&quot;, _), index(local!datasubset.data, &quot;docId&quot;, {}))
            )),
              #&quot;SYSTEM_SYSRULES_gridTextColumn&quot;(
                label: &quot;Id&quot;,
                field: &quot;docId&quot;,
                data: index(local!links, &quot;label&quot;, {}),
                links: local!links
              )
            ),
            with(local!links: apply(#&quot;_a-0000dc8b-8f45-8000-9ba2-011c48011c48_9189&quot;(document: _, label: _),
              merge(
                index(local!datasubset.data, &quot;appianDocId&quot;, {}),
                index(local!datasubset.data, &quot;title&quot;, {})
              )
            ),
              #&quot;SYSTEM_SYSRULES_gridTextColumn&quot;(
                label: &quot;Title&quot;,
                field: &quot;title&quot;,
                data: index(local!links, &quot;label&quot;, {}),
                links: local!links
              )
            ),
            #&quot;SYSTEM_SYSRULES_gridTextColumn&quot;(
              label: &quot;Type&quot;,
              field: &quot;type&quot;,
              data: index(local!datasubset.data, &quot;type&quot;, {})
            ),
            #&quot;SYSTEM_SYSRULES_gridTextColumn&quot;(
              label: &quot;Subject&quot;,
              field: &quot;subject&quot;,
              data: index(local!datasubset.data, &quot;subject&quot;, {})
            ),
            /*rule!CTS_CMPT_General_userGridColumn(
              label: &quot;Link Created By&quot;,
              field: &quot;linkCreatedBy&quot;,
              users: index(local!datasubset.data, &quot;linkCreatedBy&quot;, {}) 
            ),*/
            #&quot;SYSTEM_SYSRULES_gridTextColumn&quot;(
              label: &quot;Last Modified On&quot;,
              field: &quot;lastModifiedOn&quot;,
              data: apply(#&quot;_a-0000dc8d-7dbf-8000-9ba2-011c48011c48_9562&quot;(datetime: _),
                index(local!datasubset.data, &quot;lastModifiedOn&quot;, {}) )
            ),
            #&quot;SYSTEM_SYSRULES_gridTextColumn&quot;(
              label: &quot;Link Created On&quot;,
              field: &quot;linkCreatedOn&quot;,
              data: apply(#&quot;_a-0000dc8d-7dbf-8000-9ba2-011c48011c48_9562&quot;(datetime: _),
                index(local!datasubset.data, &quot;linkCreatedOn&quot;, {}) )
            ),
            if(or(ri!readOnly, not(or(ri!folder.openFlag, isusermemberofgroup(loggedInUser(), #&quot;_a-0000dc8d-7dbf-8000-9ba2-011c48011c48_9802&quot;)))),
            {},
            #&quot;SYSTEM_SYSRULES_gridImageColumn&quot;(
              label: &quot; &quot;,
              field: &quot;notsortable&quot;,
              alignment: &quot;CENTER&quot;,
              size: &quot;ICON&quot;,
              data: apply( 
                #&quot;SYSTEM_SYSRULES_documentImage&quot;(
                  document: #&quot;_a-0000dc8d-7dbf-8000-9ba2-011c48011c48_9773&quot;, 
                  altText: &quot;Delete&quot;, 
                  caption: &quot;Delete&quot;,
                  link: _
                ), 
                apply(
                  #&quot;SYSTEM_SYSRULES_dynamicLink&quot;( 
                    value: _,
                    saveInto: a!save(
                      {
                        a!save(ri!deletedLinkIds, 
                          if(isnull(save!value),
                            ri!deletedLinkIds,
                            append(
                              ri!deletedLinkIds, 
                              /* save!value */
                              displayvalue(save!value, ri!links.docId, ri!links.linkId, {})
                            )
                          ) 
                        ),
                        a!save(
                          ri!deletedLinkedDocIds, 
                          if(isnull(save!value), 
                            ri!deletedLinkedDocIds, 
                            append(
                              ri!deletedLinkedDocIds, 
                              /*displayvalue(save!value, ri!links.linkId, ri!links.docId, {})*/
                              save!value
                            )
                          )
                        ),
                        a!save(
                          ri!links, 
                          /* Old Code */
                          /* remove(ri!links, where(ri!links.linkId = save!value)) */
                          /* New Code AS 7/25 */
                          remove(ri!links, where(ri!links.docId = save!value))
                        )
                      },
                      save!value)
                  ), 
                  /*index(local!datasubset.data, &quot;linkId&quot;, {} ) updated Alex Shen 7/25*/
                  index(local!datasubset.data, &quot;docId&quot;, {})
                )
              )
            )
            )
          },
          emptyGridMessage: &quot;There are no documents associated to this folder&quot;,
          value: local!pagingInfo,
          saveInto: local!pagingInfo
        )
    }
  )
) )</definition>
        <namedTypedValue>
            <name>readOnly</name>
            <type>
                <name>boolean</name>
                <namespace>http://www.w3.org/2001/XMLSchema</namespace>
            </type>
        </namedTypedValue>
        <namedTypedValue>
            <name>folder</name>
            <type>
                <name>CTS_Folder</name>
                <namespace>urn:com:appian:types:CTS</namespace>
            </type>
        </namedTypedValue>
        <namedTypedValue>
            <name>deletedLinkIds</name>
            <type>
                <name>Integer?list</name>
                <namespace>http://www.appian.com/ae/types/2009</namespace>
            </type>
        </namedTypedValue>
        <namedTypedValue>
            <name>links</name>
            <type>
                <name>CTS_V_Link_FolderDoc?list</name>
                <namespace>urn:com:appian:types:CTS</namespace>
            </type>
        </namedTypedValue>
        <namedTypedValue>
            <name>deletedLinkedDocIds</name>
            <type>
                <name>Integer?list</name>
                <namespace>http://www.appian.com/ae/types/2009</namespace>
            </type>
        </namedTypedValue>
        <preferredEditor>interface</preferredEditor>
        <offlineEnabled>false</offlineEnabled>
    </rule>
    <roleMap public="true">
        <role allowForAll="false" inherit="true" name="readers">
            <users/>
            <groups/>
        </role>
        <role allowForAll="false" inherit="true" name="authors">
            <users/>
            <groups/>
        </role>
        <role allowForAll="false" inherit="true" name="administrators">
            <users/>
            <groups/>
        </role>
        <role allowForAll="false" inherit="false" name="denyReaders">
            <users/>
            <groups/>
        </role>
        <role allowForAll="false" inherit="false" name="denyAuthors">
            <users/>
            <groups/>
        </role>
        <role allowForAll="false" inherit="false" name="denyAdministrators">
            <users/>
            <groups/>
        </role>
    </roleMap>
    <typedValue>
        <type>
            <name>RuleTestConfig?list</name>
            <namespace>http://www.appian.com/ae/types/2009</namespace>
        </type>
        <value>
            <el>
                <a:name/>
                <a:ruleInputTestConfigs>
                    <a:value xmlns:xsd="http://www.w3.org/2001/XMLSchema" xmlns:xsi="http://www.w3.org/2001/XMLSchema-instance" xsi:type="xsd:boolean">true</a:value>
                    <a:nameRef>readOnly</a:nameRef>
                    <a:id/>
                </a:ruleInputTestConfigs>
                <a:ruleInputTestConfigs>
                    <a:value xmlns:n1="urn:com:appian:types:CTS" xmlns:xsi="http://www.w3.org/2001/XMLSchema-instance" xsi:nil="true" xsi:type="n1:CTS_Folder"/>
                    <a:nameRef>folder</a:nameRef>
                    <a:id/>
                </a:ruleInputTestConfigs>
                <a:ruleInputTestConfigs>
                    <a:nameRef>deletedLinkIds</a:nameRef>
                    <a:id/>
                </a:ruleInputTestConfigs>
                <a:ruleInputTestConfigs>
                    <a:nameRef>links</a:nameRef>
                    <a:id/>
                </a:ruleInputTestConfigs>
                <a:ruleInputTestConfigs>
                    <a:nameRef>deletedLinkedDocIds</a:nameRef>
                    <a:id/>
                </a:ruleInputTestConfigs>
                <a:assertions xmlns:xsi="http://www.w3.org/2001/XMLSchema-instance" xsi:nil="true"/>
            </el>
        </value>
    </typedValue>
</contentHaul>
