<?xml version="1.0" encoding="UTF-8" standalone="yes"?>
<contentHaul xmlns:a="http://www.appian.com/ae/types/2009">
    <rule>
        <name>CTS_FRM_Folder_assignments</name>
        <uuid>_a-0000dc8d-7dbf-8000-9ba2-011c48011c48_9931</uuid>
        <description>Manage assignments form</description>
        <parentUuid>_a-0000dc7a-bcb3-8000-9ba2-011c48011c48_6625</parentUuid>
        <visibility>
            <advertise>false</advertise>
            <hierarchy>true</hierarchy>
            <indexable>true</indexable>
            <quota>false</quota>
            <searchable>true</searchable>
            <system>false</system>
            <unlogged>false</unlogged>
        </visibility>
        <definition>=load(
  local!areDatesValid,
  local!selectedAssignment,
  local!selectedScreen:if(ri!allowTemplateSelection,1,2),
  #&quot;SYSTEM_SYSRULES_formLayout&quot;(
  label: ri!formTitle,
  instructions: &quot;An assignment corresponds to a task in the folder routing process. Tasks can be assigned to users and/or groups. Tasks with the same sequence number will be spawned in parallel.&quot;,
  validations: {
    if(#&quot;_a-0000d62a-67b3-8000-da6f-010000010000_951&quot;(ri!assignments),{}, if(any(fn!isnull,ri!assignments.dueOn),&quot;Please update the deadline for each assignment.&quot;,null)),
    if(#&quot;_a-0000d62a-67b3-8000-da6f-010000010000_951&quot;(ri!assignments),{}, if(ri!folder.stageId = #&quot;_a-0000dcf6-bb7e-8000-9ba2-011c48011c48_19816&quot;, 
      if(max(wherecontains({#&quot;_a-0000dc8d-7dbf-8000-9ba2-011c48011c48_10017&quot;, #&quot;_a-0000dc8d-7dbf-8000-9ba2-011c48011c48_10033&quot;}, ri!assignments.statusId))=#&quot;_a-0000d806-c17f-8000-5892-010000010000_3484&quot;(ri!assignments), 
        &quot;&quot;, 
        if(ri!assignments[max(wherecontains({#&quot;_a-0000dc8d-7dbf-8000-9ba2-011c48011c48_10017&quot;, #&quot;_a-0000dc8d-7dbf-8000-9ba2-011c48011c48_10033&quot;}, ri!assignments.statusId))].sequenceNumber=ri!assignments[max(wherecontains({#&quot;_a-0000dc8d-7dbf-8000-9ba2-011c48011c48_10017&quot;, #&quot;_a-0000dc8d-7dbf-8000-9ba2-011c48011c48_10033&quot;}, ri!assignments.statusId))+1].sequenceNumber,
          &quot;Cannot add a parallel assignment to a Current or Completed assignment&quot;,
          &quot;&quot;)), &quot;&quot;))
  },
  firstColumnContents: {
    choose(local!selectedScreen,
      #&quot;c47f48f7-225e-4c67-bd7e-38f02711ade5&quot;(
        selectedAssignmentWorkflow: ri!assignments,
        selectedScreen:local!selectedScreen,
        folderId:ri!folder.id
      ),
      #&quot;_a-0000dc8d-7dbf-8000-9ba2-011c48011c48_9919&quot;(
        readOnly: false,
        assignments: ri!assignments,
        folder: ri!folder,
        selectedAssignment: local!selectedAssignment,
        deletedAssignments: ri!deletedAssignments
      )    
    )
  },
  buttons: if(isnull(local!selectedAssignment),
  #&quot;SYSTEM_SYSRULES_ButtonLayout&quot;(
    primaryButtons: {
      if(local!selectedScreen=1,
      #&quot;SYSTEM_SYSRULES_ButtonWidget&quot;(
        label: &quot;Start&quot;,
        style: &quot;PRIMARY&quot;,
        value: #&quot;_a-0000dd4b-0482-8000-9ba2-011c48011c48_16710&quot;,
        saveInto: {
          a!save(local!selectedScreen, 2)
        }
      ),
      #&quot;SYSTEM_SYSRULES_ButtonWidgetSubmit&quot;(
        label: #&quot;_a-0000dc7a-bcb3-8000-9ba2-011c48011c48_6628&quot;,
        style: &quot;PRIMARY&quot;,
        value: #&quot;_a-0000dd4b-0482-8000-9ba2-011c48011c48_16710&quot;,
        saveInto: {ri!buttonClicked
        },
        disabled: #&quot;_a-0000d62a-67b3-8000-da6f-010000010000_951&quot;(ri!assignments),
        confirmMessage:if(#&quot;_a-0000dd4b-0482-8000-9ba2-011c48011c48_16813&quot;(ri!assignments) = true(), 
          &quot;&quot;, 
          &quot;One or more sequential assignments have due dates that are out of order. Please confirm that all assignment data is correct.&quot;
        )
      ))
    },
    secondaryButtons: {
        #&quot;SYSTEM_SYSRULES_ButtonWidgetSubmit&quot;(
          label: #&quot;_a-0000dc7a-bcb3-8000-9ba2-011c48011c48_6629&quot;,
          style: &quot;NORMAL&quot;,
          value: #&quot;_a-0000dd4b-0482-8000-9ba2-011c48011c48_16711&quot;,
          saveInto: ri!buttonClicked,
          skipValidation: true
        )/*,
        if(and(ri!allowTemplateSelection,local!selectedScreen&gt;1),
          a!buttonWidget(
            label: cons!CTS_TEXT_BTN_CHANGE_TEMPLATE,
            style: &quot;NORMAL&quot;,
            value: cons!CTS_TEXT_BTN_CHANGE_TEMPLATE,
            saveInto: {
              ri!buttonClicked,
              a!save(ri!assignments,null),
              a!save(local!selectedScreen,1)
            },
            skipValidation: true
          ),
          {}
        )*/
    }
  ), {}
  )
)
)</definition>
        <namedTypedValue>
            <name>formTitle</name>
            <type>
                <name>string</name>
                <namespace>http://www.w3.org/2001/XMLSchema</namespace>
            </type>
            <value/>
        </namedTypedValue>
        <namedTypedValue>
            <name>buttonClicked</name>
            <type>
                <name>int</name>
                <namespace>http://www.w3.org/2001/XMLSchema</namespace>
            </type>
        </namedTypedValue>
        <namedTypedValue>
            <name>assignments</name>
            <type>
                <name>CTS_Assign?list</name>
                <namespace>urn:com:appian:types:CTS</namespace>
            </type>
        </namedTypedValue>
        <namedTypedValue>
            <name>folder</name>
            <type>
                <name>CTS_Folder</name>
                <namespace>urn:com:appian:types:CTS</namespace>
            </type>
        </namedTypedValue>
        <namedTypedValue>
            <name>deletedAssignments</name>
            <type>
                <name>CTS_Assign?list</name>
                <namespace>urn:com:appian:types:CTS</namespace>
            </type>
        </namedTypedValue>
        <namedTypedValue>
            <name>allowTemplateSelection</name>
            <type>
                <name>boolean</name>
                <namespace>http://www.w3.org/2001/XMLSchema</namespace>
            </type>
        </namedTypedValue>
        <preferredEditor>interface</preferredEditor>
        <offlineEnabled>false</offlineEnabled>
    </rule>
    <roleMap public="true">
        <role allowForAll="false" inherit="true" name="readers">
            <users/>
            <groups/>
        </role>
        <role allowForAll="false" inherit="true" name="authors">
            <users/>
            <groups/>
        </role>
        <role allowForAll="false" inherit="true" name="administrators">
            <users/>
            <groups/>
        </role>
        <role allowForAll="false" inherit="false" name="denyReaders">
            <users/>
            <groups/>
        </role>
        <role allowForAll="false" inherit="false" name="denyAuthors">
            <users/>
            <groups/>
        </role>
        <role allowForAll="false" inherit="false" name="denyAdministrators">
            <users/>
            <groups/>
        </role>
    </roleMap>
    <typedValue>
        <type>
            <name>RuleTestConfig?list</name>
            <namespace>http://www.appian.com/ae/types/2009</namespace>
        </type>
        <value>
            <el>
                <a:name/>
                <a:ruleInputTestConfigs>
                    <a:value xmlns:xsd="http://www.w3.org/2001/XMLSchema" xmlns:xsi="http://www.w3.org/2001/XMLSchema-instance" xsi:type="xsd:string"/>
                    <a:nameRef>formTitle</a:nameRef>
                    <a:id/>
                </a:ruleInputTestConfigs>
                <a:ruleInputTestConfigs>
                    <a:value xmlns:xsd="http://www.w3.org/2001/XMLSchema" xmlns:xsi="http://www.w3.org/2001/XMLSchema-instance" xsi:nil="true" xsi:type="xsd:int"/>
                    <a:nameRef>buttonClicked</a:nameRef>
                    <a:id/>
                </a:ruleInputTestConfigs>
                <a:ruleInputTestConfigs>
                    <a:nameRef>assignments</a:nameRef>
                    <a:id/>
                </a:ruleInputTestConfigs>
                <a:ruleInputTestConfigs>
                    <a:value xmlns:xsi="http://www.w3.org/2001/XMLSchema-instance" xsi:type="a:Expression">'type!{urn:com:appian:types:CTS}CTS_Folder'(dueOn:fn!datetime(2016, 3, 17, 0, 0, 0, 0))</a:value>
                    <a:nameRef>folder</a:nameRef>
                    <a:id/>
                </a:ruleInputTestConfigs>
                <a:ruleInputTestConfigs>
                    <a:nameRef>deletedAssignments</a:nameRef>
                    <a:id/>
                </a:ruleInputTestConfigs>
                <a:ruleInputTestConfigs>
                    <a:value xmlns:xsd="http://www.w3.org/2001/XMLSchema" xmlns:xsi="http://www.w3.org/2001/XMLSchema-instance" xsi:nil="true" xsi:type="xsd:boolean"/>
                    <a:nameRef>allowTemplateSelection</a:nameRef>
                    <a:id/>
                </a:ruleInputTestConfigs>
                <a:assertions xmlns:xsi="http://www.w3.org/2001/XMLSchema-instance" xsi:nil="true"/>
            </el>
        </value>
    </typedValue>
</contentHaul>
