<?xml version="1.0" encoding="UTF-8" standalone="yes"?>
<contentHaul xmlns:a="http://www.appian.com/ae/types/2009">
    <rule>
        <name>CTS_SCT_Task_deadlineGrid</name>
        <uuid>_a-0000dcf6-bb7e-8000-9ba2-011c48011c48_18990</uuid>
        <description>Mini grid of tasks by deadline</description>
        <parentUuid>_a-0000dc7a-bcb3-8000-9ba2-011c48011c48_6437</parentUuid>
        <visibility>
            <advertise>false</advertise>
            <hierarchy>true</hierarchy>
            <indexable>true</indexable>
            <quota>false</quota>
            <searchable>true</searchable>
            <system>false</system>
            <unlogged>false</unlogged>
        </visibility>
        <definition>=load(
  /*Week is Monday-Sunday*/
  local!thisMonday: gmt(today()-fn!weekday(today(), 3)),
#&quot;SYSTEM_SYSRULES_gridLayout&quot;(
  label: &quot;Deadline Approaching&quot;,
  headerCells: {
    #&quot;SYSTEM_SYSRULES_gridLayoutHeaderCell&quot;(label: &quot;Overdue&quot;),
    #&quot;SYSTEM_SYSRULES_gridLayoutHeaderCell&quot;(label: &quot;Today&quot;),
    #&quot;SYSTEM_SYSRULES_gridLayoutHeaderCell&quot;(label: &quot;This Week&quot;),
    #&quot;SYSTEM_SYSRULES_gridLayoutHeaderCell&quot;(label: &quot;Next Week&quot;),
  },
  rows: #&quot;SYSTEM_SYSRULES_gridRowLayout&quot;(
    contents: {
      #&quot;SYSTEM_SYSRULES_richTextDisplayField&quot;(
        label: &quot;Overdue&quot;,
        labelPosition: &quot;COLLAPSED&quot;,
        value: {#&quot;SYSTEM_SYSRULES_richTextItem&quot;(
          text: if(isnull(ri!user), #&quot;_a-0000dcf6-bb7e-8000-9ba2-011c48011c48_18945&quot;(group: ri!group, deadlineStart: null, deadlineEnd: now()).totalCount,
            #&quot;0b8ba938-e859-4a19-a2bc-64fc61258805&quot;(user: ri!user, deadlineStart: null, deadlineEnd: now()).totalCount
          ),
          style: &quot;STRONG&quot;,
          link: #&quot;SYSTEM_SYSRULES_dynamicLink&quot;(
            value: now(),
            saveInto: {ri!dateEnd,
              a!save(ri!dateStart, null)}
          )
        )}
      ),
      #&quot;SYSTEM_SYSRULES_richTextDisplayField&quot;(
        label: &quot;Today&quot;,
        labelPosition: &quot;COLLAPSED&quot;,
        value: {#&quot;SYSTEM_SYSRULES_richTextItem&quot;(
          text: if(isnull(ri!user), #&quot;_a-0000dcf6-bb7e-8000-9ba2-011c48011c48_18945&quot;(group: ri!group, deadlineStart: now(), deadlineEnd: gmt(today())+1).totalCount,
            #&quot;0b8ba938-e859-4a19-a2bc-64fc61258805&quot;(user: ri!user, deadlineStart: now(), deadlineEnd: gmt(today())+1).totalCount
          ),  
          link: #&quot;SYSTEM_SYSRULES_dynamicLink&quot;(
            value: today(),
            saveInto: {
              a!save(ri!dateStart, now()),
              a!save(ri!dateEnd, gmt(save!value)+1)}
          )
        )}
      ),
      #&quot;SYSTEM_SYSRULES_richTextDisplayField&quot;(
        label: &quot;This Week&quot;,
        labelPosition: &quot;COLLAPSED&quot;,
        value: {#&quot;SYSTEM_SYSRULES_richTextItem&quot;(
          text: if(isnull(ri!user), #&quot;_a-0000dcf6-bb7e-8000-9ba2-011c48011c48_18945&quot;(group: ri!group, deadlineStart: gmt(today())+1, deadlineEnd: local!thisMonday+7).totalCount,
            #&quot;0b8ba938-e859-4a19-a2bc-64fc61258805&quot;(user: ri!user, deadlineStart: gmt(today())+1, deadlineEnd: local!thisMonday+7).totalCount
          ),
          link: #&quot;SYSTEM_SYSRULES_dynamicLink&quot;(
            value: local!thisMonday,
            saveInto: {
              a!save(ri!dateStart, gmt(today())+1),
              a!save(ri!dateEnd, save!value+7)}
          )
        )}
      ),
      #&quot;SYSTEM_SYSRULES_richTextDisplayField&quot;(
        label: &quot;Next Week&quot;,
        labelPosition: &quot;COLLAPSED&quot;,
        value: {#&quot;SYSTEM_SYSRULES_richTextItem&quot;(
          text: if(isnull(ri!user), #&quot;_a-0000dcf6-bb7e-8000-9ba2-011c48011c48_18945&quot;(group: ri!group, deadlineStart: local!thisMonday+7, deadlineEnd: local!thisMonday+14).totalCount,
            #&quot;0b8ba938-e859-4a19-a2bc-64fc61258805&quot;(user: ri!user, deadlineStart: local!thisMonday+7, deadlineEnd: local!thisMonday+14).totalCount
          ),
          link: #&quot;SYSTEM_SYSRULES_dynamicLink&quot;(
            value: local!thisMonday+7,
            saveInto: {ri!dateStart,
              a!save(ri!dateEnd, save!value+7)}
          )
        )}
      )
    },
    id: 1
  )
))</definition>
        <namedTypedValue>
            <name>dateStart</name>
            <type>
                <name>dateTime</name>
                <namespace>http://www.w3.org/2001/XMLSchema</namespace>
            </type>
        </namedTypedValue>
        <namedTypedValue>
            <name>dateEnd</name>
            <type>
                <name>dateTime</name>
                <namespace>http://www.w3.org/2001/XMLSchema</namespace>
            </type>
        </namedTypedValue>
        <namedTypedValue>
            <name>user</name>
            <type>
                <name>User</name>
                <namespace>http://www.appian.com/ae/types/2009</namespace>
            </type>
        </namedTypedValue>
        <namedTypedValue>
            <name>group</name>
            <type>
                <name>Group</name>
                <namespace>http://www.appian.com/ae/types/2009</namespace>
            </type>
        </namedTypedValue>
        <preferredEditor>interface</preferredEditor>
        <offlineEnabled>false</offlineEnabled>
    </rule>
    <roleMap public="true">
        <role allowForAll="false" inherit="true" name="readers">
            <users/>
            <groups/>
        </role>
        <role allowForAll="false" inherit="true" name="authors">
            <users/>
            <groups/>
        </role>
        <role allowForAll="false" inherit="true" name="administrators">
            <users>
                <userUuid>katie.hsu</userUuid>
            </users>
            <groups/>
        </role>
        <role allowForAll="false" inherit="false" name="denyReaders">
            <users/>
            <groups/>
        </role>
        <role allowForAll="false" inherit="false" name="denyAuthors">
            <users/>
            <groups/>
        </role>
        <role allowForAll="false" inherit="false" name="denyAdministrators">
            <users/>
            <groups/>
        </role>
    </roleMap>
    <typedValue>
        <type>
            <name>RuleTestConfig?list</name>
            <namespace>http://www.appian.com/ae/types/2009</namespace>
        </type>
        <value>
            <el>
                <a:name/>
                <a:ruleInputTestConfigs>
                    <a:value xmlns:xsd="http://www.w3.org/2001/XMLSchema" xmlns:xsi="http://www.w3.org/2001/XMLSchema-instance" xsi:nil="true" xsi:type="xsd:dateTime"/>
                    <a:nameRef>dateStart</a:nameRef>
                    <a:id/>
                </a:ruleInputTestConfigs>
                <a:ruleInputTestConfigs>
                    <a:value xmlns:xsd="http://www.w3.org/2001/XMLSchema" xmlns:xsi="http://www.w3.org/2001/XMLSchema-instance" xsi:nil="true" xsi:type="xsd:dateTime"/>
                    <a:nameRef>dateEnd</a:nameRef>
                    <a:id/>
                </a:ruleInputTestConfigs>
                <a:ruleInputTestConfigs>
                    <a:value xmlns:xsi="http://www.w3.org/2001/XMLSchema-instance" xsi:nil="true" xsi:type="a:User"/>
                    <a:nameRef>user</a:nameRef>
                    <a:id/>
                </a:ruleInputTestConfigs>
                <a:ruleInputTestConfigs>
                    <a:value xmlns:xsi="http://www.w3.org/2001/XMLSchema-instance" xsi:nil="true" xsi:type="a:Group"/>
                    <a:nameRef>group</a:nameRef>
                    <a:id/>
                </a:ruleInputTestConfigs>
                <a:assertions xmlns:xsi="http://www.w3.org/2001/XMLSchema-instance" xsi:nil="true"/>
            </el>
        </value>
    </typedValue>
</contentHaul>
