<?xml version="1.0" encoding="UTF-8" standalone="yes"?>
<contentHaul xmlns:a="http://www.appian.com/ae/types/2009">
    <rule>
        <name>CTS_CMPT_displayUser</name>
        <uuid>_a-0000dc8b-8f45-8000-9ba2-011c48011c48_9198</uuid>
        <description>Will display a link field or image field when displaying user information</description>
        <parentUuid>_a-0000dc7a-bcb3-8000-9ba2-011c48011c48_6536</parentUuid>
        <visibility>
            <advertise>false</advertise>
            <hierarchy>true</hierarchy>
            <indexable>true</indexable>
            <quota>false</quota>
            <searchable>true</searchable>
            <system>false</system>
            <unlogged>false</unlogged>
        </visibility>
        <definition>/*load(local!userPicture: if(isnull(ri!user), null, getprofilepictureforuser(ri!user)),*/&#xD;
  /*if(isnull(local!userPicture),*/&#xD;
    #&quot;SYSTEM_SYSRULES_linkField&quot;(&#xD;
      label: ri!label,&#xD;
      labelPosition: ri!labelPosition,&#xD;
      readOnly: true,&#xD;
      links: #&quot;_a-0000dc8b-8f45-8000-9ba2-011c48011c48_9201&quot;(user: ri!user)&#xD;
    )&#xD;
    /*a!imageField(*/&#xD;
    /*  label: ri!label,*/&#xD;
    /*  labelPosition: ri!labelPosition,*/&#xD;
    /*  size: &quot;SMALL&quot;,*/&#xD;
    /*  images: a!documentImage(*/&#xD;
    /*    document: local!userPicture,*/&#xD;
    /*    altText: rule!APN_displayUser(ri!user),*/&#xD;
    /*    caption: rule!APN_displayUser(ri!user),*/&#xD;
    /*    link: rule!CTS_CMPT_userSafeLink(user: ri!user)*/&#xD;
    /*  )*/&#xD;
    /*)*/&#xD;
  /*)*/&#xD;
/*)*/</definition>
        <namedTypedValue>
            <name>user</name>
            <type>
                <name>User</name>
                <namespace>http://www.appian.com/ae/types/2009</namespace>
            </type>
        </namedTypedValue>
        <namedTypedValue>
            <name>label</name>
            <type>
                <name>string</name>
                <namespace>http://www.w3.org/2001/XMLSchema</namespace>
            </type>
            <value/>
        </namedTypedValue>
        <namedTypedValue>
            <name>labelPosition</name>
            <type>
                <name>string</name>
                <namespace>http://www.w3.org/2001/XMLSchema</namespace>
            </type>
            <value/>
        </namedTypedValue>
        <preferredEditor>legacy</preferredEditor>
        <offlineEnabled>false</offlineEnabled>
    </rule>
    <roleMap public="true">
        <role allowForAll="false" inherit="true" name="readers">
            <users/>
            <groups/>
        </role>
        <role allowForAll="false" inherit="true" name="authors">
            <users/>
            <groups/>
        </role>
        <role allowForAll="false" inherit="true" name="administrators">
            <users/>
            <groups/>
        </role>
        <role allowForAll="false" inherit="false" name="denyReaders">
            <users/>
            <groups/>
        </role>
        <role allowForAll="false" inherit="false" name="denyAuthors">
            <users/>
            <groups/>
        </role>
        <role allowForAll="false" inherit="false" name="denyAdministrators">
            <users/>
            <groups/>
        </role>
    </roleMap>
</contentHaul>
