<?xml version="1.0" encoding="UTF-8" standalone="yes"?>
<contentHaul xmlns:a="http://www.appian.com/ae/types/2009">
    <rule>
        <name>CTS_SCT_Folder_description</name>
        <uuid>_a-0000dc93-c482-8000-9ba2-011c48011c48_10505</uuid>
        <description>Folder description</description>
        <parentUuid>_a-0000dc7a-bcb3-8000-9ba2-011c48011c48_6437</parentUuid>
        <visibility>
            <advertise>false</advertise>
            <hierarchy>true</hierarchy>
            <indexable>true</indexable>
            <quota>false</quota>
            <searchable>true</searchable>
            <system>false</system>
            <unlogged>false</unlogged>
        </visibility>
        <definition>=load(&#xD;
&#xD;
{#&quot;SYSTEM_SYSRULES_sectionLayout&quot;(&#xD;
  label: &quot;Description&quot;,&#xD;
  firstColumnContents:{&#xD;
    #&quot;_a-0000dc93-c482-8000-9ba2-011c48011c48_10692&quot;(&#xD;
      label: &quot;Subject&quot;,&#xD;
      readOnly: ri!readOnly,&#xD;
      required: true,&#xD;
      value: ri!folder.subject,&#xD;
      saveInto: ri!folder.subject&#xD;
    ),&#xD;
    #&quot;_a-0000dc93-c482-8000-9ba2-011c48011c48_10895&quot;(&#xD;
      label: &quot;Description&quot;,&#xD;
      readOnly: ri!readOnly,&#xD;
      required: true,&#xD;
      value: ri!folder.description,&#xD;
      saveInto: ri!folder.description,&#xD;
      height: &quot;SHORT&quot;&#xD;
    )&#xD;
  }&#xD;
),&#xD;
#&quot;SYSTEM_SYSRULES_sectionLayout&quot;(&#xD;
  firstColumnContents: {&#xD;
   #&quot;_a-0000dc93-c482-8000-9ba2-011c48011c48_10903&quot;(&#xD;
      label: &quot;Received Date&quot;,&#xD;
      readOnly: ri!readOnly,&#xD;
      required: true,&#xD;
      value: ri!folder.receivedDate,&#xD;
      saveInto: ri!folder.receivedDate,&#xD;
      validations: if(ri!readOnly, &quot;&quot;, if(#&quot;_a-0000d62a-67b3-8000-da6f-010000010000_950&quot;(ri!folder.receivedDate), &quot;&quot;, if(ri!folder.receivedDate&gt;today(), &quot;Cannot select a future date&quot;, &quot;&quot;)))&#xD;
    ),&#xD;
    #&quot;_a-0000dc93-c482-8000-9ba2-011c48011c48_10924&quot;(&#xD;
      label: &quot;Due Date&quot;,&#xD;
      readOnly: ri!readOnly,&#xD;
      required: true,&#xD;
      instructions: &#xD;
        if(ri!readOnly, &#xD;
          if(ri!folder.openFlag, &#xD;
            with(local!currentDiffDays: toint(todate(ri!folder.dueOn)-today()), if(local!currentDiffDays&lt;0, abs(local!currentDiffDays) &amp; &quot; day(s) overdue&quot;, local!currentDiffDays &amp; &quot; day(s) remaining&quot;)), &#xD;
            with(local!overdueDiffDays: toint(todate(ri!folder.dueOn)-todate(ri!folder.closedOn)), if(local!overdueDiffDays&lt;0, &quot;Closed late by &quot; &amp; abs(local!overdueDiffDays) &amp; &quot; day(s) overdue&quot;, &quot;Closed early with &quot; &amp; local!overdueDiffDays &amp; &quot; day(s) remaining&quot;))),&#xD;
          &quot;&quot;),&#xD;
      value: ri!folder.dueOn,&#xD;
      saveInto: ri!folder.dueOn&#xD;
    )&#xD;
  },&#xD;
  secondColumnContents:{&#xD;
     #&quot;_a-0000dc93-c482-8000-9ba2-011c48011c48_10916&quot;(&#xD;
      label: &quot;Primary Owner&quot;,&#xD;
      value: ri!folder.owner,&#xD;
      saveInto: ri!folder.owner,    &#xD;
      required: true,&#xD;
      readOnly: ri!readOnly&#xD;
    ),&#xD;
&#xD;
    load(&#xD;
        local!labels: apply(#&quot;_a-0000dc93-c482-8000-9ba2-011c48011c48_10242&quot;(value1: _, value2: _), &#xD;
        merge(#&quot;_a-0000dd17-9077-8000-9ba2-011c48011c48_10992&quot;, #&quot;_a-0000dd17-9077-8000-9ba2-011c48011c48_10989&quot;)),&#xD;
&#xD;
        #&quot;0998b364-40cc-479d-b619-0fa180a6f39b&quot;(&#xD;
          label: &quot;Start Office&quot;,&#xD;
          readOnly: ri!readOnly,&#xD;
          required: true,&#xD;
          choiceLabels: local!labels,&#xD;
          choiceValues: #&quot;_a-0000dd17-9077-8000-9ba2-011c48011c48_10994&quot;,&#xD;
          value: ri!folder.startOfficeId,&#xD;
          saveInto: ri!folder.startOfficeId        &#xD;
        )&#xD;
      )&#xD;
  }&#xD;
)}&#xD;
)  </definition>
        <namedTypedValue>
            <name>folder</name>
            <type>
                <name>CTS_Folder</name>
                <namespace>urn:com:appian:types:CTS</namespace>
            </type>
        </namedTypedValue>
        <namedTypedValue>
            <name>readOnly</name>
            <type>
                <name>boolean</name>
                <namespace>http://www.w3.org/2001/XMLSchema</namespace>
            </type>
        </namedTypedValue>
        <preferredEditor>interface</preferredEditor>
        <offlineEnabled>false</offlineEnabled>
    </rule>
    <roleMap public="true">
        <role allowForAll="false" inherit="true" name="readers">
            <users/>
            <groups/>
        </role>
        <role allowForAll="false" inherit="true" name="authors">
            <users/>
            <groups/>
        </role>
        <role allowForAll="false" inherit="true" name="administrators">
            <users/>
            <groups/>
        </role>
        <role allowForAll="false" inherit="false" name="denyReaders">
            <users/>
            <groups/>
        </role>
        <role allowForAll="false" inherit="false" name="denyAuthors">
            <users/>
            <groups/>
        </role>
        <role allowForAll="false" inherit="false" name="denyAdministrators">
            <users/>
            <groups/>
        </role>
    </roleMap>
    <typedValue>
        <type>
            <name>RuleTestConfig?list</name>
            <namespace>http://www.appian.com/ae/types/2009</namespace>
        </type>
        <value>
            <el>
                <a:name/>
                <a:ruleInputTestConfigs>
                    <a:value xmlns:xsi="http://www.w3.org/2001/XMLSchema-instance" xsi:type="a:Expression">#&quot;_a-0000dc7a-bcb3-8000-9ba2-011c48011c48_6256&quot;(id: 4)</a:value>
                    <a:nameRef>folder</a:nameRef>
                    <a:id/>
                </a:ruleInputTestConfigs>
                <a:ruleInputTestConfigs>
                    <a:value xmlns:xsd="http://www.w3.org/2001/XMLSchema" xmlns:xsi="http://www.w3.org/2001/XMLSchema-instance" xsi:nil="true" xsi:type="xsd:boolean"/>
                    <a:nameRef>readOnly</a:nameRef>
                    <a:id/>
                </a:ruleInputTestConfigs>
                <a:assertions xmlns:xsi="http://www.w3.org/2001/XMLSchema-instance" xsi:nil="true"/>
            </el>
        </value>
    </typedValue>
</contentHaul>
