<?xml version="1.0" encoding="UTF-8" standalone="yes"?>
<contentHaul xmlns:a="http://www.appian.com/ae/types/2009">
    <constant>
        <name>CTS_INT_R_FOLDER_ORIGINATOR_TITLE</name>
        <uuid>_a-0000dd17-9077-8000-9ba2-011c48011c48_10976</uuid>
        <description>Reference data for folder originator title:&#xD;
&#xD;
1 = American Ambassador&#xD;
2 = Board/Commission/Council Member (Federal/State)&#xD;
3 = Chief of Police/Major Law Enforcement Officer&#xD;
4 = City Manager&#xD;
5 = Council Member of a Locality&#xD;
6 = Congressperson&#xD;
7 = District Attorney&#xD;
8 = Foreign Ambassador&#xD;
9 = Governor/Lt. Governor&#xD;
10 = Head of Federal Agency/Deputy&#xD;
11 = Inspector General Dept./Agency&#xD;
12 = Judge&#xD;
13 = Mayor&#xD;
14 = Member of Joint Chiefs of Staff&#xD;
15 = Member of State Legislature&#xD;
16 = President of U.S. (POTUS)&#xD;
17 = State Cabinet Official&#xD;
18 = Treasurer/Comptroller&#xD;
19 = U.S. Government Official&#xD;
20 = U.S. Senator&#xD;
21 = United Nations Official&#xD;
22 = Vice President of U.S. (VPOTUS)&#xD;
23 = White House Official/Staff Member</description>
        <parentUuid>_a-0000dd17-9077-8000-9ba2-011c48011c48_11000</parentUuid>
        <visibility>
            <advertise>false</advertise>
            <hierarchy>true</hierarchy>
            <indexable>true</indexable>
            <quota>false</quota>
            <searchable>true</searchable>
            <system>false</system>
            <unlogged>false</unlogged>
        </visibility>
        <typedValue>
            <type>
                <name>Integer?list</name>
                <namespace>http://www.appian.com/ae/types/2009</namespace>
            </type>
            <value>
                <el>1</el>
                <el>2</el>
                <el>3</el>
                <el>4</el>
                <el>5</el>
                <el>6</el>
                <el>7</el>
                <el>8</el>
                <el>9</el>
                <el>10</el>
                <el>11</el>
                <el>12</el>
                <el>13</el>
                <el>14</el>
                <el>15</el>
                <el>16</el>
                <el>17</el>
                <el>18</el>
                <el>19</el>
                <el>20</el>
                <el>21</el>
                <el>22</el>
                <el>23</el>
            </value>
        </typedValue>
    </constant>
    <roleMap public="true">
        <role allowForAll="false" inherit="true" name="readers">
            <users/>
            <groups/>
        </role>
        <role allowForAll="false" inherit="true" name="authors">
            <users/>
            <groups/>
        </role>
        <role allowForAll="false" inherit="true" name="administrators">
            <users>
                <userUuid>katie.hsu</userUuid>
            </users>
            <groups/>
        </role>
        <role allowForAll="false" inherit="false" name="denyReaders">
            <users/>
            <groups/>
        </role>
        <role allowForAll="false" inherit="false" name="denyAuthors">
            <users/>
            <groups/>
        </role>
        <role allowForAll="false" inherit="false" name="denyAdministrators">
            <users/>
            <groups/>
        </role>
    </roleMap>
</contentHaul>
