<?xml version="1.0" encoding="UTF-8" standalone="yes"?>
<contentHaul xmlns:a="http://www.appian.com/ae/types/2009">
    <rule>
        <name>CTS_SCT_TaskMetric_audit</name>
        <uuid>_a-0000dcf6-bb7e-8000-9ba2-011c48011c48_18866</uuid>
        <description>Task metric audit</description>
        <parentUuid>_a-0000dc7a-bcb3-8000-9ba2-011c48011c48_6437</parentUuid>
        <visibility>
            <advertise>false</advertise>
            <hierarchy>true</hierarchy>
            <indexable>true</indexable>
            <quota>false</quota>
            <searchable>true</searchable>
            <system>false</system>
            <unlogged>false</unlogged>
        </visibility>
        <definition>load(&#xD;
  local!taskTypes: #&quot;20f4409c-a72c-47a9-99bf-e09bc4261c7d&quot;(activeFlag: true).data,&#xD;
  local!selectedTaskMetricId,&#xD;
  local!nestedPagingInfo: #&quot;SYSTEM_SYSRULES_pagingInfo&quot;(&#xD;
          startIndex: 1,&#xD;
          batchSize: #&quot;_a-0000dc8b-8f45-8000-9ba2-011c48011c48_9457&quot;,&#xD;
          sort: #&quot;SYSTEM_SYSRULES_sortInfo&quot;(&#xD;
            field: &quot;actionDatetime&quot;,&#xD;
            ascending: false&#xD;
          )&#xD;
        ),&#xD;
  /* Insert bread crumbs */&#xD;
  {&#xD;
  #&quot;SYSTEM_SYSRULES_sectionLayout&quot;(&#xD;
    label: if(not(isnull(ri!docId)), &quot;Document Audit&quot;, if(not(isnull(ri!folderId)), &quot;Folder Audit&quot;, &quot;User Audit&quot;))&#xD;
  ),  &#xD;
  if(#&quot;_a-0000d62a-67b3-8000-da6f-010000010000_950&quot;(local!selectedTaskMetricId), {},&#xD;
    #&quot;SYSTEM_SYSRULES_sectionLayout&quot;(&#xD;
      firstColumnContents: {&#xD;
        #&quot;SYSTEM_SYSRULES_richTextDisplayField&quot;(&#xD;
          labelPosition: &quot;COLLAPSED&quot;,&#xD;
          value: {&#xD;
            #&quot;SYSTEM_SYSRULES_richTextItem&quot;(&#xD;
              text: &quot;All Audit Events&quot;,&#xD;
              style: &quot;STRONG&quot;,&#xD;
              link: #&quot;SYSTEM_SYSRULES_dynamicLink&quot;(&#xD;
                value: null, &#xD;
                saveInto: {local!selectedTaskMetricId,&#xD;
                a!save(local!nestedPagingInfo, #&quot;SYSTEM_SYSRULES_pagingInfo&quot;(&#xD;
                  startIndex: 1,&#xD;
                  batchSize: #&quot;_a-0000dc8b-8f45-8000-9ba2-011c48011c48_9457&quot;,&#xD;
                  sort: #&quot;SYSTEM_SYSRULES_sortInfo&quot;(&#xD;
                    field: &quot;actionDatetime&quot;,&#xD;
                    ascending: false&#xD;
                  )&#xD;
                ))&#xD;
                })&#xD;
            ),&#xD;
            &quot; / Event ID: &quot; &amp; local!selectedTaskMetricId&#xD;
          }&#xD;
        )&#xD;
      }&#xD;
    )&#xD;
  ),&#xD;
  if(#&quot;_a-0000d62a-67b3-8000-da6f-010000010000_950&quot;(local!selectedTaskMetricId),&#xD;
  #&quot;SYSTEM_SYSRULES_sectionLayout&quot;(&#xD;
    firstColumnContents:{&#xD;
      load(local!pagingInfo: #&quot;SYSTEM_SYSRULES_pagingInfo&quot;(&#xD;
          startIndex: 1,&#xD;
          batchSize: #&quot;_a-0000dc8b-8f45-8000-9ba2-011c48011c48_9457&quot;,&#xD;
          sort: #&quot;SYSTEM_SYSRULES_sortInfo&quot;(&#xD;
            field: &quot;endTime&quot;,&#xD;
            ascending: false&#xD;
          )&#xD;
        ),&#xD;
        with(local!datasubset: #&quot;_a-0000dcf6-bb7e-8000-9ba2-011c48011c48_18869&quot;(&#xD;
          docId: ri!docId,&#xD;
          folderId: ri!folderId,&#xD;
          username: ri!username,&#xD;
          pagingInfo: local!pagingInfo&#xD;
        ),&#xD;
        #&quot;SYSTEM_SYSRULES_gridField&quot;(&#xD;
          totalCount: local!datasubset.totalCount,&#xD;
          columns: {&#xD;
            #&quot;_a-0000dc8d-7dbf-8000-9ba2-011c48011c48_9645&quot;(&#xD;
              label: &quot;Who&quot;,&#xD;
              field: &quot;taskOwner&quot;,&#xD;
              users: index(local!datasubset.data, &quot;taskOwner&quot;, {})&#xD;
            ),&#xD;
            #&quot;SYSTEM_SYSRULES_gridTextColumn&quot;(&#xD;
              label: &quot;When&quot;,&#xD;
              field: &quot;endTime&quot;,&#xD;
              data: apply(#&quot;_a-0000dc8d-7dbf-8000-9ba2-011c48011c48_9562&quot;(datetime: _), index(local!datasubset.data, &quot;endTime&quot;, {}))&#xD;
            ),&#xD;
            #&quot;SYSTEM_SYSRULES_gridTextColumn&quot;(&#xD;
              label: &quot;What&quot;,&#xD;
              field: &quot;taskTypeId&quot;,&#xD;
              data: apply(displayvalue(_, local!taskTypes.id, local!taskTypes.value, &quot;&quot;), index(local!datasubset.data, &quot;taskTypeId&quot;, {}))&#xD;
            ),&#xD;
            #&quot;SYSTEM_SYSRULES_gridTextColumn&quot;(&#xD;
              label: &quot;&quot;,&#xD;
              field: &quot;id&quot;,&#xD;
              data: if(local!datasubset.totalCount&gt;0, repeat(#&quot;_a-0000d806-c17f-8000-5892-010000010000_3484&quot;(local!datasubset.data), &quot;View Details&quot;), {}),&#xD;
              links: apply(#&quot;SYSTEM_SYSRULES_dynamicLink&quot;(value:_, saveInto: local!selectedTaskMetricId),&#xD;
                index(local!datasubset.data, &quot;id&quot;, {}))&#xD;
            )&#xD;
          },&#xD;
          value: local!pagingInfo,&#xD;
          saveInto: local!pagingInfo&#xD;
        )&#xD;
        )&#xD;
      )&#xD;
    }&#xD;
  ),&#xD;
  if(not(isnull(ri!docId)), &#xD;
    /* Doc Audit Section */&#xD;
    #&quot;4d5c71cb-b1c4-4552-9db0-f6f89185d2d1&quot;(&#xD;
      taskMetricId: local!selectedTaskMetricId,&#xD;
      pagingInfo: local!nestedPagingInfo&#xD;
    ),&#xD;
    if(not(isnull(ri!folderId)),&#xD;
      /* Folder Audit Section */&#xD;
      #&quot;_a-0000dcf6-bb7e-8000-9ba2-011c48011c48_18658&quot;(&#xD;
        taskMetricId: local!selectedTaskMetricId,&#xD;
        pagingInfo: local!nestedPagingInfo&#xD;
      ),&#xD;
      /* User Audit Section */&#xD;
      {}&#xD;
    )&#xD;
  )&#xD;
  )&#xD;
  }&#xD;
)</definition>
        <namedTypedValue>
            <name>docId</name>
            <type>
                <name>int</name>
                <namespace>http://www.w3.org/2001/XMLSchema</namespace>
            </type>
        </namedTypedValue>
        <namedTypedValue>
            <name>folderId</name>
            <type>
                <name>int</name>
                <namespace>http://www.w3.org/2001/XMLSchema</namespace>
            </type>
        </namedTypedValue>
        <namedTypedValue>
            <name>username</name>
            <type>
                <name>string</name>
                <namespace>http://www.w3.org/2001/XMLSchema</namespace>
            </type>
            <value/>
        </namedTypedValue>
        <preferredEditor>interface</preferredEditor>
        <offlineEnabled>false</offlineEnabled>
    </rule>
    <roleMap public="true">
        <role allowForAll="false" inherit="true" name="readers">
            <users/>
            <groups/>
        </role>
        <role allowForAll="false" inherit="true" name="authors">
            <users/>
            <groups/>
        </role>
        <role allowForAll="false" inherit="true" name="administrators">
            <users>
                <userUuid>katie.hsu</userUuid>
            </users>
            <groups/>
        </role>
        <role allowForAll="false" inherit="false" name="denyReaders">
            <users/>
            <groups/>
        </role>
        <role allowForAll="false" inherit="false" name="denyAuthors">
            <users/>
            <groups/>
        </role>
        <role allowForAll="false" inherit="false" name="denyAdministrators">
            <users/>
            <groups/>
        </role>
    </roleMap>
    <typedValue>
        <type>
            <name>RuleTestConfig?list</name>
            <namespace>http://www.appian.com/ae/types/2009</namespace>
        </type>
        <value>
            <el>
                <a:name/>
                <a:ruleInputTestConfigs>
                    <a:value xmlns:xsd="http://www.w3.org/2001/XMLSchema" xmlns:xsi="http://www.w3.org/2001/XMLSchema-instance" xsi:nil="true" xsi:type="xsd:int"/>
                    <a:nameRef>docId</a:nameRef>
                    <a:id/>
                </a:ruleInputTestConfigs>
                <a:ruleInputTestConfigs>
                    <a:value xmlns:xsd="http://www.w3.org/2001/XMLSchema" xmlns:xsi="http://www.w3.org/2001/XMLSchema-instance" xsi:nil="true" xsi:type="xsd:int"/>
                    <a:nameRef>folderId</a:nameRef>
                    <a:id/>
                </a:ruleInputTestConfigs>
                <a:ruleInputTestConfigs>
                    <a:value xmlns:xsd="http://www.w3.org/2001/XMLSchema" xmlns:xsi="http://www.w3.org/2001/XMLSchema-instance" xsi:type="xsd:string"/>
                    <a:nameRef>username</a:nameRef>
                    <a:id/>
                </a:ruleInputTestConfigs>
                <a:assertions xmlns:xsi="http://www.w3.org/2001/XMLSchema-instance" xsi:nil="true"/>
            </el>
        </value>
    </typedValue>
</contentHaul>
