<?xml version="1.0" encoding="UTF-8" standalone="yes"?>
<contentHaul xmlns:a="http://www.appian.com/ae/types/2009">
    <rule>
        <name>CTS_GDRW_Folder_notes</name>
        <uuid>_a-0000dc8b-8f45-8000-9ba2-011c48011c48_9531</uuid>
        <description>Folder notes gridrow for editing</description>
        <parentUuid>_a-0000dc7a-bcb3-8000-9ba2-011c48011c48_6487</parentUuid>
        <visibility>
            <advertise>false</advertise>
            <hierarchy>true</hierarchy>
            <indexable>true</indexable>
            <quota>false</quota>
            <searchable>true</searchable>
            <system>false</system>
            <unlogged>false</unlogged>
        </visibility>
        <definition>=#&quot;SYSTEM_SYSRULES_gridRowLayout&quot;(contents:&#xD;
  {&#xD;
  #&quot;SYSTEM_SYSRULES_paragraphField&quot;(&#xD;
    label: &quot;note &quot; &amp; ri!index,&#xD;
    required: true,&#xD;
    readOnly: if(isnull(ri!notes[ri!index].id), false, ri!readOnly),&#xD;
    value: ri!notes[ri!index].note,&#xD;
    validations: if(&#xD;
      len(ri!notes[ri!index].note) &gt; 4000,&#xD;
      &quot;Note cannot exceed 4000 characters&quot;,&#xD;
      null&#xD;
    ),&#xD;
    saveInto: {ri!notes[ri!index].note,&#xD;
      if(isnull(ri!notes[ri!index].id),&#xD;
      {},&#xD;
      {a!save(ri!notes[ri!index].lastModifiedBy, loggedInUser()),&#xD;
      a!save(ri!notes[ri!index].lastModifiedOn, now())}&#xD;
      ),&#xD;
    }&#xD;
  ),&#xD;
  #&quot;SYSTEM_SYSRULES_linkField&quot;(&#xD;
    label: &quot;Created By&quot; &amp; ri!index,&#xD;
    links: #&quot;_a-0000dc8b-8f45-8000-9ba2-011c48011c48_9201&quot;(&#xD;
      user: ri!notes[ri!index].createdBy&#xD;
    )&#xD;
  ),&#xD;
  #&quot;SYSTEM_SYSRULES_dateField&quot;(&#xD;
    label: &quot;Created On&quot; &amp; ri!index,&#xD;
    value: ri!notes[ri!index].createdOn,&#xD;
    readOnly: 1&#xD;
  ),&#xD;
  #&quot;SYSTEM_SYSRULES_linkField&quot;(&#xD;
    label: &quot;Updated By&quot; &amp; ri!index,&#xD;
    links: #&quot;_a-0000dc8b-8f45-8000-9ba2-011c48011c48_9201&quot;(&#xD;
      user: ri!notes[ri!index].lastModifiedBy&#xD;
    )&#xD;
  ),&#xD;
  #&quot;SYSTEM_SYSRULES_dateField&quot;(&#xD;
    label: &quot;Updated On&quot; &amp; ri!index,&#xD;
    value: ri!notes[ri!index].lastModifiedOn,&#xD;
    readOnly: 1&#xD;
  ),&#xD;
  if(and(not(isnull(ri!notes[ri!index].id)), ri!readOnly),&#xD;
    #&quot;SYSTEM_SYSRULES_textField&quot;(&#xD;
      readOnly: true&#xD;
    ),&#xD;
    #&quot;SYSTEM_SYSRULES_imageField&quot;(&#xD;
    label: &quot;Delete &quot; &amp; ri!index,&#xD;
    images: #&quot;SYSTEM_SYSRULES_documentImage&quot;(document: #&quot;_a-0000dc8d-7dbf-8000-9ba2-011c48011c48_9773&quot;, altText: &quot;Delete&quot;, caption: &quot;Delete&quot;,&#xD;
    link: #&quot;SYSTEM_SYSRULES_dynamicLink&quot;(&#xD;
      saveInto: {&#xD;
        if(isnull(ri!notes[ri!index].id),&#xD;
          {},&#xD;
          {a!save(ri!notes[ri!index].deletedBy, loggedInUser()),&#xD;
          a!save(ri!notes[ri!index].deletedOn, now()),&#xD;
          a!save(ri!deleted_notes, if(#&quot;_a-0000d62a-67b3-8000-da6f-010000010000_951&quot;(ri!deleted_notes), ri!notes[ri!index], append(ri!notes[ri!index], ri!deleted_notes))),&#xD;
          }&#xD;
        ),&#xD;
        a!save(ri!notes, remove(ri!notes, ri!index))&#xD;
      }&#xD;
    )&#xD;
    ),&#xD;
    size: &quot;ICON&quot;&#xD;
  )&#xD;
  )&#xD;
  &#xD;
},&#xD;
id: ri!index&#xD;
)</definition>
        <namedTypedValue>
            <name>index</name>
            <type>
                <name>int</name>
                <namespace>http://www.w3.org/2001/XMLSchema</namespace>
            </type>
        </namedTypedValue>
        <namedTypedValue>
            <name>notes</name>
            <type>
                <name>CTS_Folder_Note?list</name>
                <namespace>urn:com:appian:types:CTS</namespace>
            </type>
        </namedTypedValue>
        <namedTypedValue>
            <name>deleted_notes</name>
            <type>
                <name>CTS_Folder_Note?list</name>
                <namespace>urn:com:appian:types:CTS</namespace>
            </type>
        </namedTypedValue>
        <namedTypedValue>
            <name>readOnly</name>
            <type>
                <name>boolean</name>
                <namespace>http://www.w3.org/2001/XMLSchema</namespace>
            </type>
        </namedTypedValue>
        <preferredEditor>interface</preferredEditor>
        <offlineEnabled>false</offlineEnabled>
    </rule>
    <roleMap public="true">
        <role allowForAll="false" inherit="true" name="readers">
            <users/>
            <groups/>
        </role>
        <role allowForAll="false" inherit="true" name="authors">
            <users/>
            <groups/>
        </role>
        <role allowForAll="false" inherit="true" name="administrators">
            <users/>
            <groups/>
        </role>
        <role allowForAll="false" inherit="false" name="denyReaders">
            <users/>
            <groups/>
        </role>
        <role allowForAll="false" inherit="false" name="denyAuthors">
            <users/>
            <groups/>
        </role>
        <role allowForAll="false" inherit="false" name="denyAdministrators">
            <users/>
            <groups/>
        </role>
    </roleMap>
</contentHaul>
