<?xml version="1.0" encoding="UTF-8" standalone="yes"?>
<contentHaul xmlns:a="http://www.appian.com/ae/types/2009">
    <constant>
        <name>CTS_TEXT_DOC_AUDIT_FIELDS</name>
        <uuid>_a-0000dcf4-aae4-8000-9ba2-011c48011c48_18400</uuid>
        <description>Fields from the CTS_DOC CDT to be audited when a document is updated (order should correspond to reference data in DB):&#xD;
&#xD;
id&#xD;
date&#xD;
subject&#xD;
typeId&#xD;
author&#xD;
comments&#xD;
title&#xD;
templateFlag</description>
        <parentUuid>_a-0000dd17-9077-8000-9ba2-011c48011c48_10999</parentUuid>
        <visibility>
            <advertise>false</advertise>
            <hierarchy>true</hierarchy>
            <indexable>true</indexable>
            <quota>false</quota>
            <searchable>true</searchable>
            <system>false</system>
            <unlogged>false</unlogged>
        </visibility>
        <typedValue>
            <type>
                <name>Text?list</name>
                <namespace>http://www.appian.com/ae/types/2009</namespace>
            </type>
            <value>
                <el>id</el>
                <el>date</el>
                <el>subject</el>
                <el>typeId</el>
                <el>author</el>
                <el>comments</el>
                <el>title</el>
                <el>templateFlag</el>
            </value>
        </typedValue>
    </constant>
    <roleMap public="true">
        <role allowForAll="false" inherit="true" name="readers">
            <users/>
            <groups/>
        </role>
        <role allowForAll="false" inherit="true" name="authors">
            <users/>
            <groups/>
        </role>
        <role allowForAll="false" inherit="true" name="administrators">
            <users>
                <userUuid>katie.hsu</userUuid>
            </users>
            <groups/>
        </role>
        <role allowForAll="false" inherit="false" name="denyReaders">
            <users/>
            <groups/>
        </role>
        <role allowForAll="false" inherit="false" name="denyAuthors">
            <users/>
            <groups/>
        </role>
        <role allowForAll="false" inherit="false" name="denyAdministrators">
            <users/>
            <groups/>
        </role>
    </roleMap>
</contentHaul>
