<?xml version="1.0" encoding="UTF-8" standalone="yes"?>
<contentHaul xmlns:a="http://www.appian.com/ae/types/2009">
    <rule>
        <name>CTS_SCT_Doc_details</name>
        <uuid>_a-0000dc8b-8f45-8000-9ba2-011c48011c48_9161</uuid>
        <description>Document profile details</description>
        <parentUuid>_a-0000dc7a-bcb3-8000-9ba2-011c48011c48_6437</parentUuid>
        <visibility>
            <advertise>false</advertise>
            <hierarchy>true</hierarchy>
            <indexable>true</indexable>
            <quota>false</quota>
            <searchable>true</searchable>
            <system>false</system>
            <unlogged>false</unlogged>
        </visibility>
        <definition>=load(
  local!tags: cast(typeof({'type!{urn:com:appian:types:CTS}CTS_Doc_Tag'()}), #&quot;_a-0000dc8b-8f45-8000-9ba2-011c48011c48_9163&quot;(id: null).data),
  local!existingDocument: ri!document.appianDocId,
  {
  if(and(not(ri!readOnly),not(ri!hideUploadFieldFlag)),
    {
      #&quot;SYSTEM_SYSRULES_checkboxField&quot;(
        label:&quot;Prior to upload, please agree to the following assertion:&quot;,
        choiceLabels:{&quot;I confirm that this is not a classified document. Classified documents should not be uploaded to the OESIMS system.&quot;},
        choiceValues:{true},
        value:if(ri!acceptedClassified,ri!acceptedClassified,null),
        saveInto:{
          a!save(ri!acceptedClassified,if(isnull(save!value),false,true))
        }
      ) 
    },{}
  ),
  if(or(ri!readOnly, ri!hideUploadFieldFlag),
    {},
    {
      if(ri!acceptedClassified,
        #&quot;SYSTEM_SYSRULES_fileUploadField&quot;(
          label: &quot;Upload Document&quot;,
          labelPosition: #&quot;_a-0000dc7a-bcb3-8000-9ba2-011c48011c48_6439&quot;(readOnly: ri!readOnly),
          instructions: &quot;Classified documents should not be uploaded to the OESIMS system.&quot;,
          target: if(isnull(local!existingDocument), #&quot;_a-0000dc8b-8f45-8000-9ba2-011c48011c48_9231&quot;, local!existingDocument),
          documentDescription: ri!document.subject,
          required: true,
          value: ri!uploadedDocument,
          saveInto: ri!uploadedDocument
        ),{}
      )
    }
  ),
   if(ri!acceptedClassified,
    #&quot;SYSTEM_SYSRULES_sectionLayout&quot;(
      label: &quot;Document Profile&quot;,
      firstColumnContents: {
        if(or(isnull(ri!document.id), ri!readOnly),
          {},
          #&quot;SYSTEM_SYSRULES_linkField&quot;(
            label: &quot;Unique Identifier&quot;,
            labelPosition: #&quot;_a-0000dc7a-bcb3-8000-9ba2-011c48011c48_6439&quot;(readOnly: ri!readOnly),
            links: #&quot;_a-0000dc7a-bcb3-8000-9ba2-011c48011c48_6537&quot;(
              uri: urlforrecord(#&quot;_a-0000dc8b-8f45-8000-9ba2-011c48011c48_9143&quot;, ri!document.id),
              label: ri!document.id
            )
          )
        ),
        if(ri!readOnly,
            #&quot;SYSTEM_SYSRULES_linkField&quot;(
            label: &quot;Title&quot;,
            labelPosition: #&quot;_a-0000dc7a-bcb3-8000-9ba2-011c48011c48_6439&quot;(readOnly: ri!readOnly),
            links: #&quot;_a-0000dc8b-8f45-8000-9ba2-011c48011c48_9189&quot;(
              document: ri!document.appianDocId,
              label: ri!document.title
            )
          ),
          #&quot;SYSTEM_SYSRULES_textField&quot;(
            label: &quot;Title&quot;,
            labelPosition: #&quot;_a-0000dc7a-bcb3-8000-9ba2-011c48011c48_6439&quot;(readOnly: ri!readOnly),
            required: true,
            readOnly: ri!readOnly,
            value: ri!document.title,
            saveInto: ri!document.title
          )
        ),
        
        #&quot;_a-0000dc93-c482-8000-9ba2-011c48011c48_10895&quot;(
          label: &quot;Subject&quot;,
          readOnly: ri!readOnly,
          required: true,
          height: &quot;SHORT&quot;,
          maxCharLength: 255,
          value: ri!document.subject,
          saveInto: ri!document.subject
        ),
        #&quot;0998b364-40cc-479d-b619-0fa180a6f39b&quot;(
          label: &quot;Type&quot;,
          choiceLabels: #&quot;_a-0000dd17-9077-8000-9ba2-011c48011c48_11103&quot;,
          choiceValues: #&quot;_a-0000dd17-9077-8000-9ba2-011c48011c48_11116&quot;,
          readOnly: ri!readOnly,
          required: true,
          value: ri!document.typeId,
          saveInto: ri!document.typeId
        ),
        #&quot;_a-0000dc93-c482-8000-9ba2-011c48011c48_10692&quot;(
          label: &quot;Author&quot;,
          readOnly: ri!readOnly,
          required: true,
          value: ri!document.author,
          saveInto: ri!document.author
        ),
        #&quot;_a-0000dc93-c482-8000-9ba2-011c48011c48_10903&quot;(
          label: &quot;Date&quot;,
          readOnly: ri!readOnly,
          required: true,
          value: ri!document.date,
          saveInto: ri!document.date,
          validations: if(ri!readOnly, &quot;&quot;, if(#&quot;_a-0000d62a-67b3-8000-da6f-010000010000_950&quot;(ri!document.date), &quot;&quot;, if(ri!document.date&gt;today(), &quot;Cannot select a future date&quot;, &quot;&quot;)))
        )
        
        
      },
      secondColumnContents: {
        #&quot;SYSTEM_SYSRULES_pickerFieldCustom&quot;(
          label: &quot;Tags&quot;,
          labelPosition: #&quot;_a-0000dc7a-bcb3-8000-9ba2-011c48011c48_6439&quot;(readOnly: ri!readOnly),
          helpTooltip: &quot;Type additional identifiying information&quot;,
          suggestFunction: #&quot;_a-0000dc8b-8f45-8000-9ba2-011c48011c48_9166&quot;(
            typedText: _, labels: local!tags.tag
          ), 
          selectedLabels: index(ri!document.tags, &quot;tag&quot;, {}),
          readOnly: ri!readOnly,
          value: index(ri!document.tags, &quot;tag&quot;, {}),
          saveInto: a!save(ri!document.tags, 
            #&quot;_a-0000dc8b-8f45-8000-9ba2-011c48011c48_9179&quot;(
              array: apply(displayvalue(_, local!tags.tag, local!tags, _),
                merge( save!value, apply('type!{urn:com:appian:types:CTS}CTS_Doc_Tag'(tag: _), save!value))
              )
            )
          )
        ),
        #&quot;SYSTEM_SYSRULES_textField&quot;(
          label: &quot;Version&quot;,
          labelPosition: #&quot;_a-0000dc7a-bcb3-8000-9ba2-011c48011c48_6439&quot;(readOnly: ri!readOnly),
          readOnly: true,
          value: if(isnull(ri!document.appianDocId), 1, document(ri!document.appianDocId, &quot;totalNumberOfVersions&quot;))
        ),
        #&quot;_a-0000dc93-c482-8000-9ba2-011c48011c48_10895&quot;(
          label: &quot;Comments&quot;,
          readOnly: ri!readOnly,
          height: &quot;TALL&quot;,
          value: ri!document.comments,
          saveInto: ri!document.comments
        ),
        
        
        
      }
    ),{}
  )
}
)</definition>
        <namedTypedValue>
            <name>document</name>
            <type>
                <name>CTS_Doc</name>
                <namespace>urn:com:appian:types:CTS</namespace>
            </type>
        </namedTypedValue>
        <namedTypedValue>
            <name>readOnly</name>
            <type>
                <name>boolean</name>
                <namespace>http://www.w3.org/2001/XMLSchema</namespace>
            </type>
        </namedTypedValue>
        <namedTypedValue>
            <name>uploadedDocument</name>
            <type>
                <name>CollaborationDocument</name>
                <namespace>http://www.appian.com/ae/types/2009</namespace>
            </type>
        </namedTypedValue>
        <namedTypedValue>
            <name>hideUploadFieldFlag</name>
            <type>
                <name>boolean</name>
                <namespace>http://www.w3.org/2001/XMLSchema</namespace>
            </type>
        </namedTypedValue>
        <namedTypedValue>
            <name>acceptedClassified</name>
            <type>
                <name>boolean</name>
                <namespace>http://www.w3.org/2001/XMLSchema</namespace>
            </type>
        </namedTypedValue>
        <preferredEditor>interface</preferredEditor>
        <offlineEnabled>false</offlineEnabled>
    </rule>
    <roleMap public="true">
        <role allowForAll="false" inherit="true" name="readers">
            <users/>
            <groups/>
        </role>
        <role allowForAll="false" inherit="true" name="authors">
            <users/>
            <groups/>
        </role>
        <role allowForAll="false" inherit="true" name="administrators">
            <users/>
            <groups/>
        </role>
        <role allowForAll="false" inherit="false" name="denyReaders">
            <users/>
            <groups/>
        </role>
        <role allowForAll="false" inherit="false" name="denyAuthors">
            <users/>
            <groups/>
        </role>
        <role allowForAll="false" inherit="false" name="denyAdministrators">
            <users/>
            <groups/>
        </role>
    </roleMap>
    <typedValue>
        <type>
            <name>RuleTestConfig?list</name>
            <namespace>http://www.appian.com/ae/types/2009</namespace>
        </type>
        <value>
            <el>
                <a:name/>
                <a:ruleInputTestConfigs>
                    <a:value xmlns:xsi="http://www.w3.org/2001/XMLSchema-instance" xsi:type="a:Expression">'type!{urn:com:appian:types:CTS}CTS_Doc'()</a:value>
                    <a:nameRef>document</a:nameRef>
                    <a:id/>
                </a:ruleInputTestConfigs>
                <a:ruleInputTestConfigs>
                    <a:value xmlns:xsd="http://www.w3.org/2001/XMLSchema" xmlns:xsi="http://www.w3.org/2001/XMLSchema-instance" xsi:nil="true" xsi:type="xsd:boolean"/>
                    <a:nameRef>readOnly</a:nameRef>
                    <a:id/>
                </a:ruleInputTestConfigs>
                <a:ruleInputTestConfigs>
                    <a:value xmlns:xsi="http://www.w3.org/2001/XMLSchema-instance" xsi:nil="true" xsi:type="a:CollaborationDocument"/>
                    <a:nameRef>uploadedDocument</a:nameRef>
                    <a:id/>
                </a:ruleInputTestConfigs>
                <a:ruleInputTestConfigs>
                    <a:value xmlns:xsd="http://www.w3.org/2001/XMLSchema" xmlns:xsi="http://www.w3.org/2001/XMLSchema-instance" xsi:nil="true" xsi:type="xsd:boolean"/>
                    <a:nameRef>hideUploadFieldFlag</a:nameRef>
                    <a:id/>
                </a:ruleInputTestConfigs>
                <a:ruleInputTestConfigs>
                    <a:value xmlns:xsd="http://www.w3.org/2001/XMLSchema" xmlns:xsi="http://www.w3.org/2001/XMLSchema-instance" xsi:nil="true" xsi:type="xsd:boolean"/>
                    <a:nameRef>acceptedClassified</a:nameRef>
                    <a:id/>
                </a:ruleInputTestConfigs>
                <a:assertions xmlns:xsi="http://www.w3.org/2001/XMLSchema-instance" xsi:nil="true"/>
            </el>
        </value>
    </typedValue>
</contentHaul>
