<?xml version="1.0" encoding="UTF-8" standalone="yes"?>
<contentHaul xmlns:a="http://www.appian.com/ae/types/2009">
    <rule>
        <name>CTS_QRY_Saved_Workflow_Assignment</name>
        <uuid>_a-0000dcf6-bb7e-8000-9ba2-011c48011c48_19876</uuid>
        <description>Query entity to return a saved workflow assignment. Returns datasubset.</description>
        <parentUuid>_a-0000dc7a-bcb3-8000-9ba2-011c48011c48_6236</parentUuid>
        <visibility>
            <advertise>false</advertise>
            <hierarchy>true</hierarchy>
            <indexable>true</indexable>
            <quota>false</quota>
            <searchable>true</searchable>
            <system>false</system>
            <unlogged>false</unlogged>
        </visibility>
        <definition>=#&quot;SYSTEM_SYSRULES_queryEntity&quot;(&#xD;
  entity: #&quot;_a-0000dcf6-bb7e-8000-9ba2-011c48011c48_19871&quot;,&#xD;
  query: #&quot;SYSTEM_SYSRULES_query&quot;(&#xD;
    selection: if(#&quot;_a-0000d62a-67b3-8000-da6f-010000010000_951&quot;(ri!columns),&#xD;
      null, &#xD;
      #&quot;SYSTEM_SYSRULES_querySelection&quot;(columns:apply(#&quot;SYSTEM_SYSRULES_queryColumn&quot;(&#xD;
        field: _&#xD;
      ), ri!columns) )&#xD;
    ),&#xD;
    logicalExpression: &#xD;
      #&quot;SYSTEM_SYSRULES_queryLogicalExpression&quot;(&#xD;
        operator: &quot;AND&quot;,&#xD;
        filters: {&#xD;
          if(isnull(ri!id), &#xD;
          #&quot;SYSTEM_SYSRULES_queryFilter&quot;(&#xD;
              field: &quot;id&quot;,&#xD;
              operator: &quot;not null&quot;&#xD;
            ),&#xD;
            #&quot;SYSTEM_SYSRULES_queryFilter&quot;(&#xD;
              field: &quot;id&quot;,&#xD;
              operator: &quot;=&quot;,&#xD;
              value: ri!id&#xD;
            )&#xD;
          ),&#xD;
          if(isnull(ri!workflowId),&#xD;
            {},&#xD;
            #&quot;SYSTEM_SYSRULES_queryFilter&quot;(&#xD;
              field: &quot;workflowId&quot;,&#xD;
              operator: &quot;=&quot;,&#xD;
              value: ri!workflowId&#xD;
            )&#xD;
          )          &#xD;
        }&#xD;
      ),&#xD;
      pagingInfo: if(isnull(ri!pagingInfo),&#xD;
      #&quot;SYSTEM_SYSRULES_pagingInfo&quot;(&#xD;
        startIndex: 1,&#xD;
        batchSize: -1,&#xD;
        sort: #&quot;SYSTEM_SYSRULES_sortInfo&quot;(&#xD;
          field: &quot;id&quot;,&#xD;
          ascending: true&#xD;
        )&#xD;
      ),&#xD;
      ri!pagingInfo)&#xD;
  )&#xD;
)</definition>
        <namedTypedValue>
            <name>pagingInfo</name>
            <type>
                <name>PagingInfo</name>
                <namespace>http://www.appian.com/ae/types/2009</namespace>
            </type>
        </namedTypedValue>
        <namedTypedValue>
            <name>id</name>
            <type>
                <name>int</name>
                <namespace>http://www.w3.org/2001/XMLSchema</namespace>
            </type>
        </namedTypedValue>
        <namedTypedValue>
            <name>columns</name>
            <type>
                <name>Text?list</name>
                <namespace>http://www.appian.com/ae/types/2009</namespace>
            </type>
        </namedTypedValue>
        <namedTypedValue>
            <name>workflowId</name>
            <type>
                <name>int</name>
                <namespace>http://www.w3.org/2001/XMLSchema</namespace>
            </type>
        </namedTypedValue>
        <preferredEditor>legacy</preferredEditor>
        <offlineEnabled>false</offlineEnabled>
    </rule>
    <roleMap public="true">
        <role allowForAll="false" inherit="true" name="readers">
            <users/>
            <groups/>
        </role>
        <role allowForAll="false" inherit="true" name="authors">
            <users/>
            <groups/>
        </role>
        <role allowForAll="false" inherit="true" name="administrators">
            <users/>
            <groups/>
        </role>
        <role allowForAll="false" inherit="false" name="denyReaders">
            <users/>
            <groups/>
        </role>
        <role allowForAll="false" inherit="false" name="denyAuthors">
            <users/>
            <groups/>
        </role>
        <role allowForAll="false" inherit="false" name="denyAdministrators">
            <users/>
            <groups/>
        </role>
    </roleMap>
</contentHaul>
