<?xml version="1.0" encoding="UTF-8" standalone="yes"?>
<contentHaul xmlns:a="http://www.appian.com/ae/types/2009">
    <rule>
        <name>CTS_RULE_Folder_displayAuditValue</name>
        <uuid>_a-0000dd17-9077-8000-9ba2-011c48011c48_10942</uuid>
        <description>Replaces a single folder field containing reference data integer values with text display values for auditing old/new values </description>
        <parentUuid>_a-0000dc7a-bcb3-8000-9ba2-011c48011c48_6553</parentUuid>
        <visibility>
            <advertise>false</advertise>
            <hierarchy>true</hierarchy>
            <indexable>true</indexable>
            <quota>false</quota>
            <searchable>true</searchable>
            <system>false</system>
            <unlogged>false</unlogged>
        </visibility>
        <definition>=with(
  actionIndex: wherecontains(ri!actionInt, ri!updatedActionIntArray)[1],
choose(
  wherecontains(ri!actionInt, tointeger(#&quot;_a-0000dcf6-bb7e-8000-9ba2-011c48011c48_18671&quot;(activeFlag: true).data.id))[1],
  /*1 = Create Folder*/ 
    ri!textValueArray,
  /*2 = Modify Folder Addressee*/ 
    ri!textValueArray,
  /*3 = Modify Folder Category*/ 
    updatearray(ri!textValueArray, actionIndex, displayvalue(tointeger(ri!textValueArray[actionIndex]), #&quot;_a-0000dc93-c482-8000-9ba2-011c48011c48_10224&quot;, #&quot;_a-0000dd17-9077-8000-9ba2-011c48011c48_10953&quot;, &quot;&quot;)),
  /*4 = Modify Folder Due Date*/
    ri!textValueArray,
  /*5 = Modify Folder File Series*/ 
    updatearray(ri!textValueArray, actionIndex, displayvalue(tointeger(ri!textValueArray[actionIndex]), #&quot;_a-0000dd17-9077-8000-9ba2-011c48011c48_10955&quot;, #&quot;_a-0000dd17-9077-8000-9ba2-011c48011c48_10958&quot;, &quot;&quot;)),
  /*6 = Modify Folder Instructions*/ 
    ri!textValueArray,
  /*7 = Modify Folder Originator*/ 
    ri!textValueArray,
  /*8 = Modify Folder Originator Title*/ 
    updatearray(ri!textValueArray, actionIndex, displayvalue(tointeger(ri!textValueArray[actionIndex]), #&quot;_a-0000dd17-9077-8000-9ba2-011c48011c48_10976&quot;, #&quot;_a-0000dd17-9077-8000-9ba2-011c48011c48_10962&quot;, &quot;&quot;)),
  /*9 = Modify Folder Received Date*/ 
    ri!textValueArray,
  /*10 = Modify Folder Referred Office*/ 
    updatearray(ri!textValueArray, actionIndex, displayvalue(tointeger(ri!textValueArray[actionIndex]), #&quot;_a-0000dd17-9077-8000-9ba2-011c48011c48_10984&quot;, apply(#&quot;_a-0000dc93-c482-8000-9ba2-011c48011c48_10242&quot;(value1: _, value2: _),merge(#&quot;_a-0000dd17-9077-8000-9ba2-011c48011c48_10981&quot;, #&quot;_a-0000dd17-9077-8000-9ba2-011c48011c48_10979&quot;)), &quot;&quot;)),
  /*11 = Modify Folder Start Office*/ 
    updatearray(ri!textValueArray, actionIndex, displayvalue(tointeger(ri!textValueArray[actionIndex]), #&quot;_a-0000dd17-9077-8000-9ba2-011c48011c48_10994&quot;, apply(#&quot;_a-0000dc93-c482-8000-9ba2-011c48011c48_10242&quot;(value1: _, value2: _),merge(#&quot;_a-0000dd17-9077-8000-9ba2-011c48011c48_10992&quot;, #&quot;_a-0000dd17-9077-8000-9ba2-011c48011c48_10989&quot;)), &quot;&quot;)),
  /*12 = Modify Folder Subject*/ 
    ri!textValueArray,
  /*13 = Modify Folder Type*/ 
    updatearray(ri!textValueArray, actionIndex, displayvalue(tointeger(ri!textValueArray[actionIndex]), #&quot;_a-0000dd17-9077-8000-9ba2-011c48011c48_11014&quot;, #&quot;_a-0000dd17-9077-8000-9ba2-011c48011c48_11001&quot;, &quot;&quot;)),
  /*14 = Modify Folder Sub-Type*/ 
    updatearray(ri!textValueArray, actionIndex, displayvalue(tointeger(ri!textValueArray[actionIndex]), #&quot;_a-0000dd17-9077-8000-9ba2-011c48011c48_11019&quot;, #&quot;_a-0000dd17-9077-8000-9ba2-011c48011c48_11017&quot;, &quot;&quot;)),
  /*15 = Modify Folder Secondary Type*/ 
    updatearray(ri!textValueArray, actionIndex, displayvalue(tointeger(ri!textValueArray[actionIndex]), #&quot;_a-0000dd17-9077-8000-9ba2-011c48011c48_11032&quot;, #&quot;_a-0000dd17-9077-8000-9ba2-011c48011c48_11022&quot;, &quot;&quot;)),
  /*16 = Modify Folder Owner*/ 
    ri!textValueArray,
  /*17 = Modify Folder Description*/ 
    ri!textValueArray,
  /*18 = Modify Folder Signator*/ 
    ri!textValueArray,
  /*19 = Modify Folder Signed Date*/ 
    ri!textValueArray,
  /*20 = Modify Folder Signature Office*/ 
    updatearray(ri!textValueArray, actionIndex, displayvalue(tointeger(ri!textValueArray[actionIndex]), #&quot;_a-0000dd17-9077-8000-9ba2-011c48011c48_11082&quot;, apply(#&quot;_a-0000dc93-c482-8000-9ba2-011c48011c48_10242&quot;(value1: _, value2: _),merge(#&quot;_a-0000dd17-9077-8000-9ba2-011c48011c48_11056&quot;, #&quot;_a-0000dd17-9077-8000-9ba2-011c48011c48_11040&quot;)), &quot;&quot;)),
  /*21 = Modify Folder Signature Type*/ 
    updatearray(ri!textValueArray, actionIndex, displayvalue(tointeger(ri!textValueArray[actionIndex]), #&quot;_a-0000dd17-9077-8000-9ba2-011c48011c48_11094&quot;, #&quot;_a-0000dd17-9077-8000-9ba2-011c48011c48_11087&quot;, &quot;&quot;))
))</definition>
        <namedTypedValue>
            <name>textValueArray</name>
            <type>
                <name>Text?list</name>
                <namespace>http://www.appian.com/ae/types/2009</namespace>
            </type>
        </namedTypedValue>
        <namedTypedValue>
            <name>actionInt</name>
            <type>
                <name>int</name>
                <namespace>http://www.w3.org/2001/XMLSchema</namespace>
            </type>
        </namedTypedValue>
        <namedTypedValue>
            <name>updatedActionIntArray</name>
            <type>
                <name>Integer?list</name>
                <namespace>http://www.appian.com/ae/types/2009</namespace>
            </type>
        </namedTypedValue>
        <preferredEditor>legacy</preferredEditor>
        <offlineEnabled>false</offlineEnabled>
    </rule>
    <roleMap public="true">
        <role allowForAll="false" inherit="true" name="readers">
            <users/>
            <groups/>
        </role>
        <role allowForAll="false" inherit="true" name="authors">
            <users/>
            <groups/>
        </role>
        <role allowForAll="false" inherit="true" name="administrators">
            <users/>
            <groups/>
        </role>
        <role allowForAll="false" inherit="false" name="denyReaders">
            <users/>
            <groups/>
        </role>
        <role allowForAll="false" inherit="false" name="denyAuthors">
            <users/>
            <groups/>
        </role>
        <role allowForAll="false" inherit="false" name="denyAdministrators">
            <users/>
            <groups/>
        </role>
    </roleMap>
</contentHaul>
