<?xml version="1.0" encoding="UTF-8" standalone="yes"?>
<contentHaul xmlns:a="http://www.appian.com/ae/types/2009">
    <rule>
        <name>CTS_GDRW_Folder_assignment</name>
        <uuid>_a-0000dc8d-7dbf-8000-9ba2-011c48011c48_9933</uuid>
        <description>Assignment grid row</description>
        <parentUuid>_a-0000dc7a-bcb3-8000-9ba2-011c48011c48_6487</parentUuid>
        <visibility>
            <advertise>false</advertise>
            <hierarchy>true</hierarchy>
            <indexable>true</indexable>
            <quota>false</quota>
            <searchable>true</searchable>
            <system>false</system>
            <unlogged>false</unlogged>
        </visibility>
        <definition>=with(local!disableChangesFlag: ri!assignments[ri!index].statusId&lt;&gt;#&quot;_a-0000dc8d-7dbf-8000-9ba2-011c48011c48_9996&quot;,
  #&quot;SYSTEM_SYSRULES_gridRowLayout&quot;(
    contents: {
      
      
      #&quot;SYSTEM_SYSRULES_richTextDisplayField&quot;(
        label: &quot;Order &quot; &amp; ri!index,
        readOnly: true,
        value: 
        #&quot;SYSTEM_SYSRULES_richTextItem&quot;(
          text: if(ri!index=1, 1, 
            if(ri!assignments[ri!index].sequenceNumber=ri!assignments[ri!index-1].sequenceNumber, null,
              ri!assignments[ri!index].sequenceNumber
            )
          ),
          style: &quot;STRONG&quot;
        )
      ),
      #&quot;SYSTEM_SYSRULES_textField&quot;(
        label: &quot;Assignees&quot; &amp; ri!index,
        readOnly: true,
        value: #&quot;_a-0000dc8b-8f45-8000-9ba2-011c48011c48_9420&quot;(
          text: ri!assignments[ri!index].assignee)
      ),
      #&quot;SYSTEM_SYSRULES_imageField&quot;(
        label: &quot;Priority &quot; &amp; ri!index,
        images: #&quot;_a-0000dc8d-7dbf-8000-9ba2-011c48011c48_10042&quot;(
          priorityId:ri!assignments[ri!index].priorityId,
          priorities: ri!priorities
        ),
        size: &quot;ICON&quot;
      ),
      #&quot;SYSTEM_SYSRULES_textField&quot;(
        label: &quot;Task Subject&quot; &amp; ri!index,
        readOnly: true,
        value: ri!assignments[ri!index].subject
      ),
      
      if(ri!isTemplate, {}, 
        {
          #&quot;SYSTEM_SYSRULES_dateTimeField&quot;(
            label: &quot;Due Date&quot; &amp; ri!index,
            readOnly: true,
            value: ri!assignments[ri!index].dueOn
          ),
          #&quot;SYSTEM_SYSRULES_imageField&quot;(
            label: &quot;Status&quot; &amp; ri!index,
            images: #&quot;_a-0000dc8d-7dbf-8000-9ba2-011c48011c48_10047&quot;(
              statusId: ri!assignments[ri!index].statusId,
              statuses: ri!statuses
            ),
            size: &quot;ICON&quot;
          )
        }
      ),
      if(ri!readOnly,
      {},
      {if(or(ri!index=1,local!disableChangesFlag),
        #&quot;SYSTEM_SYSRULES_textField&quot;(
          readOnly: true),
        load(local!timing,
          #&quot;SYSTEM_SYSRULES_dropdownField&quot;(
            label: &quot;Timing&quot;,
            placeholderLabel: #&quot;_a-0000dc7a-bcb3-8000-9ba2-011c48011c48_6622&quot;,
            choiceValues: #&quot;_a-0000dc93-c482-8000-9ba2-011c48011c48_12228&quot;,
            choiceLabels: #&quot;_a-0000dc93-c482-8000-9ba2-011c48011c48_12228&quot;,
            value: if(ri!index=1, null, 
              if(ri!assignments[ri!index].sequenceNumber=ri!assignments[ri!index-1].sequenceNumber,
                #&quot;_a-0000dc93-c482-8000-9ba2-011c48011c48_12228&quot;[1],
                #&quot;_a-0000dc93-c482-8000-9ba2-011c48011c48_12228&quot;[2]
              )
            ),
            saveInto: {
              local!timing,
              with(local!indicesToUpdate: enumerate(count(ri!assignments)-ri!index+1)+ri!index,
                {
                  a!save(ri!assignments[wherecontains(tointeger(reject(fn!isnull, ri!assignments[local!indicesToUpdate].id)), ri!assignments.id)].lastModifiedOn, now()),
                  a!save(ri!assignments[wherecontains(tointeger(reject(fn!isnull, ri!assignments[local!indicesToUpdate].id)), ri!assignments.id)].lastModifiedBy, loggedInUser()),
                  apply(#&quot;e44146f6-ad8c-4bf3-ae5c-0194b52b14fc&quot;(assign: ri!assignments, index: _, value: _),
                    merge(local!indicesToUpdate,
                      if(local!timing=#&quot;_a-0000dc93-c482-8000-9ba2-011c48011c48_12228&quot;[1],
                      /* Update this sequence number value and all subsequent numbers */
                        ri!assignments[local!indicesToUpdate].sequenceNumber-1,
                        /* Handle 'after previous' condition */
                        ri!assignments[local!indicesToUpdate].sequenceNumber+1
                      )
                    )
                  )
                }
              )
            }
          )
        )
      ),
      with(local!disableMove: or(
        local!disableChangesFlag,
        ri!assignments[ri!index].sequenceNumber = 1,
        index(ri!assignments.sequenceNumber, ri!index-1, 0)=ri!assignments[ri!index].sequenceNumber,
        index(ri!assignments.statusId, ri!index-1, 0) &lt;&gt; #&quot;_a-0000dc8d-7dbf-8000-9ba2-011c48011c48_9996&quot;
      ),
        #&quot;SYSTEM_SYSRULES_imageField&quot;(
          label: &quot;MoveUp&quot; &amp; ri!index,
          images: #&quot;SYSTEM_SYSRULES_documentImage&quot;(
            document: #&quot;SYSTEM_SYSRULES_iconIndicator&quot;(
              if(local!disableMove,
                &quot;MOVE_UP_DISABLED&quot;,
                &quot;MOVE_UP&quot;
              )
            ),
            altText: &quot;Move Up&quot;,
            caption: &quot;Move Up&quot;,
            link: if( local!disableMove,
              {},
              #&quot;SYSTEM_SYSRULES_dynamicLink&quot;(
                value: ri!assignments[ri!index].sequenceNumber - 1,
                saveInto: {
                  with(
                    local!currentSeqIndices: wherecontains(ri!assignments[ri!index].sequenceNumber, ri!assignments.sequenceNumber),
                    local!newSeqIndices:  wherecontains(ri!assignments[ri!index].sequenceNumber-1, ri!assignments.sequenceNumber),
                    
                    {
                      /* Save sequence indices*/
                      a!save( ri!assignments[local!currentSeqIndices].sequenceNumber, save!value),
                      a!save( ri!assignments[local!newSeqIndices].sequenceNumber, save!value+1),
                      /* Rearrange order */
                      a!save( ri!assignments, updatearray(ri!assignments, {local!newSeqIndices, local!currentSeqIndices},
                        ri!assignments[{local!currentSeqIndices, local!newSeqIndices}]
                      ) ),
                      a!save(ri!assignments[wherecontains(tointeger(reject(fn!isnull, ri!assignments[local!currentSeqIndices].id)), ri!assignments.id)].lastModifiedOn, now()),
                      a!save(ri!assignments[wherecontains(tointeger(reject(fn!isnull, ri!assignments[local!newSeqIndices].id)), ri!assignments.id)].lastModifiedOn, now()),
                      a!save(ri!assignments[wherecontains(tointeger(reject(fn!isnull, ri!assignments[local!currentSeqIndices].id)), ri!assignments.id)].lastModifiedBy, loggedInUser()),
                      a!save(ri!assignments[wherecontains(tointeger(reject(fn!isnull, ri!assignments[local!newSeqIndices].id)), ri!assignments.id)].lastModifiedBy, loggedInUser())
                      }
                  )
                }
              )
            )
          ),
          size: &quot;ICON&quot;
        )
      ),
      
      with(local!disableMove: or(
        local!disableChangesFlag,
        ri!assignments[ri!index].sequenceNumber = max(ri!assignments.sequenceNumber),
        index(ri!assignments.sequenceNumber, ri!index-1, 0)=ri!assignments[ri!index].sequenceNumber
      ),
        #&quot;SYSTEM_SYSRULES_imageField&quot;(
          label: &quot;Move Down&quot; &amp; ri!index,
          images: #&quot;SYSTEM_SYSRULES_documentImage&quot;(
            document: #&quot;SYSTEM_SYSRULES_iconIndicator&quot;(
              if(local!disableMove,
                &quot;MOVE_DOWN_DISABLED&quot;,
                &quot;MOVE_DOWN&quot;
              )
            ),
            altText: &quot;Move Down&quot;,
            caption: &quot;Move Down&quot;,
            link: if( local!disableMove,
              {},
              #&quot;SYSTEM_SYSRULES_dynamicLink&quot;(
                value: ri!assignments[ri!index].sequenceNumber + 1,
                saveInto: {
                  with(
                    local!currentSeqIndices: wherecontains(ri!assignments[ri!index].sequenceNumber, ri!assignments.sequenceNumber),
                    local!newSeqIndices:  wherecontains(ri!assignments[ri!index].sequenceNumber+1, ri!assignments.sequenceNumber),
                    
                    {
                       /*Save sequence indices*/
                      a!save( ri!assignments[local!currentSeqIndices].sequenceNumber, save!value),
                      a!save( ri!assignments[local!newSeqIndices].sequenceNumber, save!value-1),
                       /*Rearrange order */
                      a!save( ri!assignments, updatearray(ri!assignments, {local!currentSeqIndices, local!newSeqIndices},
                        ri!assignments[{local!newSeqIndices, local!currentSeqIndices}]
                      ) ),
                      a!save(ri!assignments[wherecontains(tointeger(reject(fn!isnull, ri!assignments[local!currentSeqIndices].id)), ri!assignments.id)].lastModifiedOn, now()),
                      a!save(ri!assignments[wherecontains(tointeger(reject(fn!isnull, ri!assignments[local!newSeqIndices].id)), ri!assignments.id)].lastModifiedOn, now()),
                      a!save(ri!assignments[wherecontains(tointeger(reject(fn!isnull, ri!assignments[local!currentSeqIndices].id)), ri!assignments.id)].lastModifiedBy, loggedInUser()),
                      a!save(ri!assignments[wherecontains(tointeger(reject(fn!isnull, ri!assignments[local!newSeqIndices].id)), ri!assignments.id)].lastModifiedBy, loggedInUser())
                      }
                  )
                }
              )
            )
          ),
          size: &quot;ICON&quot;
        )
      )}
      ),
      #&quot;SYSTEM_SYSRULES_imageField&quot;(
        label: &quot;Edit &quot; &amp; ri!index,
        size: &quot;ICON&quot;,
        images: if(or(local!disableChangesFlag, ri!readOnly),
          #&quot;SYSTEM_SYSRULES_documentImage&quot;(
            document: #&quot;_a-0000dc93-c482-8000-9ba2-011c48011c48_10150&quot;,
            altText: &quot;View&quot;,
            caption: &quot;View&quot;,
            link:  #&quot;SYSTEM_SYSRULES_dynamicLink&quot;(
              label: &quot;Selection&quot;,
              value: ri!assignments[ri!index],
              saveInto: {ri!selection,
                a!save(ri!selectionIndex, ri!index)
              }
            )
          ),
          #&quot;SYSTEM_SYSRULES_documentImage&quot;(
            document: #&quot;_a-0000dc93-c482-8000-9ba2-011c48011c48_12355&quot;,
            altText: &quot;Edit&quot;,
            caption: &quot;Edit&quot;,
            link:  #&quot;SYSTEM_SYSRULES_dynamicLink&quot;(
              label: &quot;Selection&quot;,
              value: ri!assignments[ri!index],
              saveInto: {ri!selection,
                a!save(ri!selectionIndex, ri!index)
              }
            )
          )
        )
      ),
      if(ri!readOnly,
        {},
        #&quot;SYSTEM_SYSRULES_imageField&quot;(
          label: &quot;delete &quot; &amp; ri!index,
          images: #&quot;SYSTEM_SYSRULES_documentImage&quot;(
            document: #&quot;SYSTEM_SYSRULES_iconIndicator&quot;(
                if(local!disableChangesFlag,
                  &quot;REMOVE_DISABLED&quot;,
                  &quot;REMOVE&quot;
                )
            ),
            altText: &quot;Delete Row&quot;,
            caption: &quot;Delete Row&quot;,
            link:  if(local!disableChangesFlag,
              {},
              #&quot;SYSTEM_SYSRULES_dynamicLink&quot;(
                value: ri!assignments[ri!index].sequenceNumber,
                saveInto: {
                  /* Update Sequences */
                  load(local!indicesToUpdate,
                    {a!save(local!indicesToUpdate, if(or(ri!index=count(ri!assignments), count(ri!assignments)=1),
                      {}, enumerate(count(ri!assignments)-ri!index)+ri!index+1)), 
                    if(or(ri!index=count(ri!assignments), #&quot;_a-0000d62a-67b3-8000-da6f-010000010000_951&quot;(local!indicesToUpdate)),
                      {},
                      if(contains(remove(ri!assignments, ri!index).sequenceNumber, ri!assignments[ri!index].sequenceNumber), 
                        {},
                        apply(
                          #&quot;e44146f6-ad8c-4bf3-ae5c-0194b52b14fc&quot;(assign: ri!assignments, index: _, value: _),
                          merge(local!indicesToUpdate, ri!assignments[local!indicesToUpdate].sequenceNumber-1)
                        )
                      )
                    )}
                  ),
                  /* Save delete details */
                  /* Remove row */
                  if(ri!isTemplate, {},
                    {
                      a!save( ri!assignments[ri!index].deletedOn, now()),
                      a!save( ri!assignments[ri!index].deletedBy, loggedInUser())
                    }
                  ),
                  a!save( ri!deletedAssignments, append(ri!deletedAssignments, ri!assignments[ri!index])),
                  a!save( ri!assignments, remove(  ri!assignments, ri!index  ) ),
                  
                  
                }
              )
            )
          ),
          size: &quot;ICON&quot;
        )
      )
      
    },
    id: ri!index
  )
)</definition>
        <namedTypedValue>
            <name>index</name>
            <type>
                <name>int</name>
                <namespace>http://www.w3.org/2001/XMLSchema</namespace>
            </type>
        </namedTypedValue>
        <namedTypedValue>
            <name>assignments</name>
            <type>
                <name>CTS_Assign?list</name>
                <namespace>urn:com:appian:types:CTS</namespace>
            </type>
        </namedTypedValue>
        <namedTypedValue>
            <name>priorities</name>
            <type>
                <name>CTS_R_Assign_Priority?list</name>
                <namespace>urn:com:appian:types:CTS</namespace>
            </type>
        </namedTypedValue>
        <namedTypedValue>
            <name>statuses</name>
            <type>
                <name>CTS_R_Assign_Status?list</name>
                <namespace>urn:com:appian:types:CTS</namespace>
            </type>
        </namedTypedValue>
        <namedTypedValue>
            <name>selection</name>
            <type>
                <name>CTS_Assign</name>
                <namespace>urn:com:appian:types:CTS</namespace>
            </type>
        </namedTypedValue>
        <namedTypedValue>
            <name>selectionIndex</name>
            <type>
                <name>int</name>
                <namespace>http://www.w3.org/2001/XMLSchema</namespace>
            </type>
        </namedTypedValue>
        <namedTypedValue>
            <name>readOnly</name>
            <type>
                <name>boolean</name>
                <namespace>http://www.w3.org/2001/XMLSchema</namespace>
            </type>
        </namedTypedValue>
        <namedTypedValue>
            <name>deletedAssignments</name>
            <type>
                <name>CTS_Assign?list</name>
                <namespace>urn:com:appian:types:CTS</namespace>
            </type>
        </namedTypedValue>
        <namedTypedValue>
            <name>isTemplate</name>
            <type>
                <name>boolean</name>
                <namespace>http://www.w3.org/2001/XMLSchema</namespace>
            </type>
        </namedTypedValue>
        <preferredEditor>interface</preferredEditor>
        <offlineEnabled>false</offlineEnabled>
    </rule>
    <roleMap public="true">
        <role allowForAll="false" inherit="true" name="readers">
            <users/>
            <groups/>
        </role>
        <role allowForAll="false" inherit="true" name="authors">
            <users/>
            <groups/>
        </role>
        <role allowForAll="false" inherit="true" name="administrators">
            <users/>
            <groups/>
        </role>
        <role allowForAll="false" inherit="false" name="denyReaders">
            <users/>
            <groups/>
        </role>
        <role allowForAll="false" inherit="false" name="denyAuthors">
            <users/>
            <groups/>
        </role>
        <role allowForAll="false" inherit="false" name="denyAdministrators">
            <users/>
            <groups/>
        </role>
    </roleMap>
</contentHaul>
