<?xml version="1.0" encoding="UTF-8" standalone="yes"?>
<contentHaul xmlns:a="http://www.appian.com/ae/types/2009">
    <rule>
        <name>CTS_SCT_Doc_search</name>
        <uuid>_a-0000dc8d-7dbf-8000-9ba2-011c48011c48_9607</uuid>
        <description>Search for documents</description>
        <parentUuid>_a-0000dc7a-bcb3-8000-9ba2-011c48011c48_6437</parentUuid>
        <visibility>
            <advertise>false</advertise>
            <hierarchy>true</hierarchy>
            <indexable>true</indexable>
            <quota>false</quota>
            <searchable>true</searchable>
            <system>false</system>
            <unlogged>false</unlogged>
        </visibility>
        <definition>=load(
  local!tags: cast(typeof({'type!{urn:com:appian:types:CTS}CTS_Doc_Tag'()}), #&quot;_a-0000dc8b-8f45-8000-9ba2-011c48011c48_9163&quot;(id: null).data),
  local!showTags,
  local!docId,
  local!title,
  local!author,
  local!created_from,
  local!created_to,
  local!createdBy,
  local!doc_from,
  local!doc_to,
  local!subject,
  local!typeId,
  local!lastModified_from,
  local!lastModified_to,
  local!lastModifiedBy,
  local!templateFlag,
  local!selectedTags,
  local!docId_search,
  local!title_search,
  local!author_search,
  local!created_from_search,
  local!created_to_search,
  local!createdBy_search,
  local!doc_from_search,
  local!doc_to_search,
  local!subject_search,
  local!typeId_search,
  local!lastModified_from_search,
  local!lastModified_to_search,
  local!lastModifiedBy_search,
  local!templateFlag_search,
  local!selectedTags_search,
  local!gridSelection: #&quot;SYSTEM_SYSRULES_gridSelection&quot;(
    selected: index( ri!selections, &quot;docId&quot;, {}),
    pagingInfo: #&quot;SYSTEM_SYSRULES_pagingInfo&quot;(
      startIndex: 1,
      batchSize: #&quot;_a-0000dc8b-8f45-8000-9ba2-011c48011c48_9457&quot;,
      sort: #&quot;SYSTEM_SYSRULES_sortInfo&quot;(
        field: &quot;docId&quot;,
        ascending: true
      )
    )
  ),
  local!choiceLabels: {&quot;Author&quot;, &quot;Checked Out To&quot;, &quot;Created By&quot;, &quot;Created On&quot;, &quot;Date&quot;, &quot;Last Modified On&quot;, &quot;Last Modified By&quot;, &quot;Subject&quot;, &quot;Title&quot;, &quot;Type&quot;},
  local!showColumn: local!choiceLabels[{8,9,10}],
  
  {
    #&quot;SYSTEM_SYSRULES_sectionLayout&quot;(
    label: &quot;Filters&quot;,
    isCollapsible: true,
    isInitiallyCollapsed: true,
    firstColumnContents: {
      /*Basic Filters*/
      #&quot;_a-0000dc93-c482-8000-9ba2-011c48011c48_10692&quot;(
        label: &quot;Title&quot;,
        readOnly: false,
        required: false,
        value: local!title_search,
        saveInto: local!title_search
      ),
      #&quot;_a-0000dc93-c482-8000-9ba2-011c48011c48_10692&quot;(
        label: &quot;Subject&quot;,
        readOnly: false,
        required: false,
        value: local!subject_search,
        saveInto: local!subject_search
      ),
      #&quot;SYSTEM_SYSRULES_textField&quot;(
        label: &quot;Author&quot;,
        readOnly: false,
        required: false,
        value: local!author_search,
        saveInto: local!author_search
      ),
      
      /*Advanced Filters*/
      if(isnull(local!showTags), {}, if(local!showTags, 
        {#&quot;SYSTEM_SYSRULES_pickerFieldCustom&quot;(
          label: &quot;Tags&quot;,
          labelPosition: #&quot;_a-0000dc7a-bcb3-8000-9ba2-011c48011c48_6439&quot;(readOnly: false),
          suggestFunction: #&quot;_a-0000dc8b-8f45-8000-9ba2-011c48011c48_9166&quot;(
            typedText: _, labels: local!tags.tag
          ), 
          selectedLabels: index(local!selectedTags_search, &quot;tag&quot;, {}),
          readOnly: false,
          value: index(local!selectedTags_search, &quot;tag&quot;, {}),
          saveInto: a!save(local!selectedTags_search, 
            #&quot;_a-0000dc8b-8f45-8000-9ba2-011c48011c48_9179&quot;(
              array: apply(displayvalue(_, local!tags.tag, local!tags, _),
                merge( save!value, apply('type!{urn:com:appian:types:CTS}CTS_Doc_Tag'(tag: _), save!value))
              )
            )
          )
        )},
        {
          #&quot;SYSTEM_SYSRULES_integerField&quot;(
            label: &quot;Document ID&quot;,
            labelPosition: #&quot;_a-0000dc7a-bcb3-8000-9ba2-011c48011c48_6439&quot;(readOnly: false),
            value: local!docId_search,
            saveInto: local!docId_search
          ),
          #&quot;SYSTEM_SYSRULES_dropdownField&quot;(
            label: &quot;Type&quot;,
            choiceValues: #&quot;_a-0000dd17-9077-8000-9ba2-011c48011c48_11116&quot;,
            choiceLabels: #&quot;_a-0000dd17-9077-8000-9ba2-011c48011c48_11103&quot;,
            placeholderLabel: #&quot;_a-0000dc7a-bcb3-8000-9ba2-011c48011c48_6622&quot;,
            value: local!typeId_search,
            saveInto: local!typeId_search
          ),
          #&quot;_a-0000dc8b-8f45-8000-9ba2-011c48011c48_9474&quot;(
            label: &quot;Document Date&quot;,
            from: local!doc_from_search,
            to: local!doc_to_search,
            fromValidations: if(#&quot;_a-0000d62a-67b3-8000-da6f-010000010000_950&quot;(local!doc_from_search), &quot;&quot;, if(#&quot;_a-0000d62a-67b3-8000-da6f-010000010000_950&quot;(local!doc_to_search), &quot;&quot;, if(local!doc_from_search&lt;=local!doc_to_search, &quot;&quot;, &quot;From date must be before To date&quot;))),
            toValidations: if(#&quot;_a-0000d62a-67b3-8000-da6f-010000010000_950&quot;(local!doc_to_search), &quot;&quot;, if(#&quot;_a-0000d62a-67b3-8000-da6f-010000010000_950&quot;(local!doc_from_search), &quot;&quot;, if(local!doc_from_search&lt;=local!doc_to_search, &quot;&quot;, &quot;To date must be after From date&quot;)))
          )
        }
      ))
    },
    secondColumnContents: {
      /*Basic Filters*/
      #&quot;SYSTEM_SYSRULES_pickerFieldUsers&quot;(
        label: &quot;Created By&quot;,
        labelPosition: #&quot;_a-0000dc7a-bcb3-8000-9ba2-011c48011c48_6439&quot;(readOnly: false),
        groupFilter: #&quot;_a-0000dc8b-8f45-8000-9ba2-011c48011c48_9370&quot;,
        value: local!createdBy_search,
        saveInto: local!createdBy_search
      ),
      #&quot;SYSTEM_SYSRULES_pickerFieldUsers&quot;(
        label: &quot;Last Modified By&quot;,
        labelPosition: #&quot;_a-0000dc7a-bcb3-8000-9ba2-011c48011c48_6439&quot;(readOnly: false),
        groupFilter: #&quot;_a-0000dc8b-8f45-8000-9ba2-011c48011c48_9370&quot;,
        value: local!lastModifiedBy_search,
        saveInto: local!lastModifiedBy_search
      ),
      #&quot;_a-0000dc93-c482-8000-9ba2-011c48011c48_10909&quot;(
        label: &quot;Advanced Search Options&quot;,
        readOnly: false,
        required: false,
        choiceValues: {true, false},
        choiceLabels: {&quot;Tags&quot;, &quot;Additional Fields&quot;},
        value: local!showTags,
        saveInto: local!showTags
      ),
      /*Advanced Filters*/
      if(isnull(local!showTags), {}, if(local!showTags, {},
        {
          #&quot;_a-0000dc8b-8f45-8000-9ba2-011c48011c48_9474&quot;(
            label: &quot;Created On&quot;,
            from: local!created_from_search,
            to: local!created_to_search,
            fromValidations: if(#&quot;_a-0000d62a-67b3-8000-da6f-010000010000_950&quot;(local!created_from_search), &quot;&quot;, if(#&quot;_a-0000d62a-67b3-8000-da6f-010000010000_950&quot;(local!created_to_search), &quot;&quot;, if(local!created_from_search&lt;=local!created_to_search, &quot;&quot;, &quot;From date must be before To date&quot;))),
            toValidations: if(#&quot;_a-0000d62a-67b3-8000-da6f-010000010000_950&quot;(local!created_to_search), &quot;&quot;, if(#&quot;_a-0000d62a-67b3-8000-da6f-010000010000_950&quot;(local!created_from_search), &quot;&quot;, if(local!created_from_search&lt;=local!created_to_search, &quot;&quot;, &quot;To date must be after From date&quot;)))
          ),
          #&quot;_a-0000dc8b-8f45-8000-9ba2-011c48011c48_9474&quot;(
            label: &quot;Last Modified On&quot;,
            from: local!lastModified_from_search,
            to: local!lastModified_to_search,
            fromValidations: if(#&quot;_a-0000d62a-67b3-8000-da6f-010000010000_950&quot;(local!lastModified_from_search), &quot;&quot;, if(#&quot;_a-0000d62a-67b3-8000-da6f-010000010000_950&quot;(local!lastModified_to_search), &quot;&quot;, if(local!lastModified_from_search&lt;=local!lastModified_to_search, &quot;&quot;, &quot;From date must be before To date&quot;))),
            toValidations: if(#&quot;_a-0000d62a-67b3-8000-da6f-010000010000_950&quot;(local!lastModified_to_search), &quot;&quot;, if(#&quot;_a-0000d62a-67b3-8000-da6f-010000010000_950&quot;(local!lastModified_from_search), &quot;&quot;, if(local!lastModified_from_search&lt;=local!lastModified_to_search, &quot;&quot;, &quot;To date must be after From date&quot;)))
          ),
          #&quot;_a-0000dc93-c482-8000-9ba2-011c48011c48_10909&quot;(
            label: &quot;Template Status&quot;,
            labelPosition: &quot;COLLAPSED&quot;,
            readOnly: false,
            choiceLabels: {&quot;Verified Template Response&quot;},
            choiceValues: {true},
            value: local!templateFlag_search,
            saveInto: local!templateFlag_search
          )
        }
      )
      ),
      
      #&quot;3033962c-19c2-459c-a95b-91dd3713f7e5&quot;(
        resetSaveInto: {
              a!save({local!showTags,
                local!docId,
                local!title,
                local!author,
                local!created_from,
                local!created_to,
                local!createdBy,
                local!doc_from,
                local!doc_to,
                local!subject,
                local!typeId,
                local!lastModified_from,
                local!lastModified_to,
                local!lastModifiedBy,
                local!templateFlag,
                local!selectedTags,
                local!docId_search,
                local!title_search,
                local!author_search,
                local!created_from_search,
                local!created_to_search,
                local!createdBy_search,
                local!doc_from_search,
                local!doc_to_search,
                local!subject_search,
                local!typeId_search,
                local!lastModified_from_search,
                local!lastModified_to_search,
                local!lastModifiedBy_search,
                local!templateFlag_search,
                local!selectedTags_search
                }, null)},
        searchSaveInto: {
              a!save(local!title, local!title_search),
              a!save(local!author, local!author_search),
              a!save(local!subject, local!subject_search),
              a!save(local!createdBy, local!createdBy_search),
              a!save(local!lastModifiedBy, local!lastModifiedBy_search),
              a!save(local!gridSelection, #&quot;SYSTEM_SYSRULES_gridSelection&quot;(
                selected: index( ri!selections, &quot;docId&quot;, {}),
                pagingInfo: #&quot;SYSTEM_SYSRULES_pagingInfo&quot;(
                  startIndex: 1,
                  batchSize: #&quot;_a-0000dc8b-8f45-8000-9ba2-011c48011c48_9457&quot;,
                  sort: #&quot;SYSTEM_SYSRULES_sortInfo&quot;(
                    field: &quot;docId&quot;,
                    ascending: true
                  )
                )
              )),
              if(or(isnull(local!showTags), not(local!showTags)),
                {a!save(local!docId, local!docId_search),
                  a!save(local!created_from, local!created_from_search),
                  a!save(local!created_to, if(isnull(local!created_to_search),local!created_to_search,local!created_to_search+1)),
                  a!save(local!doc_from, local!doc_from_search),
                  a!save(local!doc_to, local!doc_to_search),
                  a!save(local!typeId, local!typeId_search),
                  a!save(local!lastModified_from, local!lastModified_from_search),
                  a!save(local!lastModified_to, if(isnull(local!lastModified_to_search),local!lastModified_to_search,local!lastModified_to_search+1)),
                  a!save(local!templateFlag, local!templateFlag_search)},
                {a!save(local!selectedTags, local!selectedTags_search)}
              )}
      )
    }
  ),
  load(
    with(local!datasubset: 
      if(or(isnull(local!showTags), not(local!showTags)),
        #&quot;_a-0000dc8d-7dbf-8000-9ba2-011c48011c48_9622&quot;(
          pagingInfo: local!gridSelection.pagingInfo,
          docId: local!docId,
          title: local!title,
          author: local!author,
          createdOn_from: local!created_from,
          createdOn_to: local!created_to,
          doc_from: local!doc_from,
          doc_to: local!doc_to,
          subject: local!subject,
          typeId: local!typeId,
          createdBy: local!createdBy,
          modifiedOn_to: local!lastModified_to,
          modifiedOn_from: local!lastModified_from,
          modifiedBy: local!lastModifiedBy,
          templateFlag: local!templateFlag,
          notInIds: ri!hideDocIds),
        if(#&quot;_a-0000d62a-67b3-8000-da6f-010000010000_951&quot;(local!selectedTags),
          #&quot;_a-0000dc8d-7dbf-8000-9ba2-011c48011c48_9622&quot;(
          pagingInfo: local!gridSelection.pagingInfo,
          docId: local!docId,
          title: local!title,
          author: local!author,
          createdOn_from: local!created_from,
          createdOn_to: local!created_to,
          doc_from: local!doc_from,
          doc_to: local!doc_to,
          subject: local!subject,
          typeId: local!typeId,
          createdBy: local!createdBy,
          modifiedOn_to: local!lastModified_to,
          modifiedOn_from: local!lastModified_from,
          modifiedBy: local!lastModifiedBy,
          templateFlag: local!templateFlag,
          notInIds: ri!hideDocIds),
        if(#&quot;_a-0000d62a-67b3-8000-da6f-010000010000_951&quot;(ri!hideDocIds),
            #&quot;a1b08ffa-9233-480f-b1b9-438bc3ecdf68&quot;(
              pagingInfo: local!gridSelection.pagingInfo,
              tagIds: local!selectedTags.id,
              title: local!title,
              subject: local!subject,
              author: local!author,
              createdBy: local!createdBy,
              modifiedBy: local!lastModifiedBy
            ),
            #&quot;6010b3a4-2c54-4400-b505-3f8c7b1c0aa7&quot;(
              pagingInfo: local!gridSelection.pagingInfo,
              tagIds: local!selectedTags.id,
              title: local!title,
              subject: local!subject,
              author: local!author,
              createdBy: local!createdBy,
              modifiedBy: local!lastModifiedBy,
              hideDocIds: ri!hideDocIds
            )
          )
        )
      ),
      #&quot;SYSTEM_SYSRULES_sectionLayout&quot;(
        label: &quot;Documents&quot;,
        firstColumnContents: {
          #&quot;SYSTEM_SYSRULES_gridField&quot;(
            labelPosition: &quot;COLLAPSED&quot;,
            totalCount: local!datasubset.totalCount,
            columns: {
              with(local!links: apply(#&quot;_a-0000dc7a-bcb3-8000-9ba2-011c48011c48_6537&quot;(label:
                _, uri: _
                ), merge(
                  index(local!datasubset.data, &quot;docId&quot;, {}),
                  apply(urlforrecord(#&quot;_a-0000dc8b-8f45-8000-9ba2-011c48011c48_9143&quot;, _), index(local!datasubset.data, &quot;docId&quot;, {}))
                )),
                  #&quot;SYSTEM_SYSRULES_gridTextColumn&quot;(
                    label: &quot;Id&quot;,
                    field: &quot;docId&quot;,
                    data: index(local!links, &quot;label&quot;, {}),
                    links: local!links
                  )
                ),
                with(local!links: apply(#&quot;_a-0000dc8b-8f45-8000-9ba2-011c48011c48_9189&quot;(document: _, label: _),
                  merge(
                    index(local!datasubset.data, &quot;appianDocId&quot;, {}),
                    index(local!datasubset.data, &quot;title&quot;, {})
                  )
                ),
                  if(contains(local!showColumn, &quot;Title&quot;),
                  #&quot;SYSTEM_SYSRULES_gridTextColumn&quot;(
                    label: &quot;Title&quot;,
                    field: &quot;title&quot;,
                    data: index(local!links, &quot;label&quot;, {}),
                    links: local!links
                  ), {} )
                ),
                if(contains(local!showColumn, &quot;Type&quot;),
                #&quot;SYSTEM_SYSRULES_gridTextColumn&quot;(
                  label: &quot;Type&quot;,
                  field: &quot;type&quot;,
                  data: index(local!datasubset.data, &quot;type&quot;, {})
                ), {}),
                
                if(contains(local!showColumn, &quot;Subject&quot;),
                #&quot;SYSTEM_SYSRULES_gridTextColumn&quot;(
                  label: &quot;Subject&quot;,
                  field: &quot;subject&quot;,
                  data: index(local!datasubset.data, &quot;subject&quot;, {})
                ), {}),
                
                if(contains(local!showColumn, &quot;Author&quot;),
                #&quot;SYSTEM_SYSRULES_gridTextColumn&quot;(
                  label: &quot;Author&quot;,
                  field: &quot;author&quot;,
                  data: index(local!datasubset.data, &quot;author&quot;, {})
                ), {}),
                
                if(contains(local!showColumn, &quot;Date&quot;),
                #&quot;SYSTEM_SYSRULES_gridTextColumn&quot;(
                  label: &quot;Date&quot;,
                  field: &quot;date&quot;,
                  data: todate(index(local!datasubset.data, &quot;date&quot;, {}))
                ), {}),
                
                if(contains(local!showColumn, &quot;Checked Out To&quot;),
                  #&quot;SYSTEM_SYSRULES_gridTextColumn&quot;(
                  label: &quot;Checked Out To&quot;,
                  field: &quot;checkedOutTo&quot;,
                  data: apply(#&quot;_a-0000dc8b-8f45-8000-9ba2-011c48011c48_9420&quot;(text: _), index(local!datasubset.data, &quot;checkedOutTo&quot;, {}))
                ), {}),
                
                if(contains(local!showColumn, &quot;Created By&quot;),
                  #&quot;_a-0000dc8d-7dbf-8000-9ba2-011c48011c48_9645&quot;(
                    users: index(local!datasubset.data, &quot;createdBy&quot;, {}),
                    label: &quot;Created By&quot;,
                    field: &quot;createdBy&quot;
                  ),
                {}),
                
                if(contains(local!showColumn, &quot;Created On&quot;),
                #&quot;SYSTEM_SYSRULES_gridTextColumn&quot;(
                  label: &quot;Created On&quot;,
                  field: &quot;createdOn&quot;,
                  data: apply(#&quot;_a-0000dc8d-7dbf-8000-9ba2-011c48011c48_9562&quot;(datetime: _),
                    index(local!datasubset.data, &quot;createdOn&quot;, {}) )
                ), {}),
              
                if(contains(local!showColumn, &quot;Last Modified By&quot;),
                  #&quot;_a-0000dc8d-7dbf-8000-9ba2-011c48011c48_9645&quot;(
                    users: index(local!datasubset.data, &quot;lastModifiedBy&quot;, {}),
                    label: &quot;Last Modified By&quot;,
                    field: &quot;lastModifiedBy&quot;
                  ),
                {}),
                
                if(contains(local!showColumn, &quot;Last Modified On&quot;),
                #&quot;SYSTEM_SYSRULES_gridTextColumn&quot;(
                  label: &quot;Last Modified On&quot;,
                  field: &quot;lastModifiedOn&quot;,
                  data: apply(#&quot;_a-0000dc8d-7dbf-8000-9ba2-011c48011c48_9562&quot;(datetime: _),
                    index(local!datasubset.data, &quot;lastModifiedOn&quot;, {}) )
                ), {})
  
            },
            identifiers: index(local!datasubset.data, &quot;docId&quot;, {}),
            selection: not(ri!readOnly),
            value: local!gridSelection,
            saveInto: {local!gridSelection,
              a!save(ri!selections, index( local!datasubset.data, wherecontains(tointeger(save!value.selected), tointeger(local!datasubset.data.docId)), null) )
            }
          ),
          load(
          local!showColumns: false,
            {#&quot;SYSTEM_SYSRULES_richTextDisplayField&quot;(
              labelPosition: &quot;COLLAPSED&quot;,
              value: #&quot;SYSTEM_SYSRULES_richTextItem&quot;(
                text: if(local!showColumns, &quot;- Hide &quot;, &quot;+ Show &quot;) &amp; &quot;Columns&quot;,
                style: &quot;EMPHASIS&quot;,
                link: #&quot;SYSTEM_SYSRULES_dynamicLink&quot;(
                  value: not(local!showColumns),
                  saveInto: local!showColumns
                )
              )
            ),
            if(local!showColumns,
              {#&quot;SYSTEM_SYSRULES_checkboxField&quot;(
                labelPosition: &quot;COLLAPSED&quot;,
                choiceLabels: local!choiceLabels,
                choiceValues: local!choiceLabels,
                value: local!showColumn,
                saveInto: local!showColumn
              ),
              #&quot;SYSTEM_SYSRULES_richTextDisplayField&quot;(
                labelPosition: &quot;COLLAPSED&quot;,
                value: {#&quot;SYSTEM_SYSRULES_richTextItem&quot;(
                  text: char(9745) &amp; &quot; Select All&quot;,
                  link: #&quot;SYSTEM_SYSRULES_dynamicLink&quot;(
                    value: local!choiceLabels,
                    saveInto: local!showColumn
                  )
                ), &quot;   |  &quot;,
                #&quot;SYSTEM_SYSRULES_richTextItem&quot;(
                  text: char(9744) &amp; &quot; Deselect All&quot;,
                  link: #&quot;SYSTEM_SYSRULES_dynamicLink&quot;(
                    value: tostring({}),
                    saveInto: local!showColumn
                  )
                )
                }
              )
            }, {})}
          )
        }
      )
    )
  )
  }
)</definition>
        <namedTypedValue>
            <name>readOnly</name>
            <type>
                <name>boolean</name>
                <namespace>http://www.w3.org/2001/XMLSchema</namespace>
            </type>
        </namedTypedValue>
        <namedTypedValue>
            <name>selections</name>
            <type>
                <name>CTS_V_Doc?list</name>
                <namespace>urn:com:appian:types:CTS</namespace>
            </type>
        </namedTypedValue>
        <namedTypedValue>
            <name>hideDocIds</name>
            <type>
                <name>Integer?list</name>
                <namespace>http://www.appian.com/ae/types/2009</namespace>
            </type>
        </namedTypedValue>
        <preferredEditor>interface</preferredEditor>
        <offlineEnabled>false</offlineEnabled>
    </rule>
    <roleMap public="true">
        <role allowForAll="false" inherit="true" name="readers">
            <users/>
            <groups/>
        </role>
        <role allowForAll="false" inherit="true" name="authors">
            <users/>
            <groups/>
        </role>
        <role allowForAll="false" inherit="true" name="administrators">
            <users/>
            <groups/>
        </role>
        <role allowForAll="false" inherit="false" name="denyReaders">
            <users/>
            <groups/>
        </role>
        <role allowForAll="false" inherit="false" name="denyAuthors">
            <users/>
            <groups/>
        </role>
        <role allowForAll="false" inherit="false" name="denyAdministrators">
            <users/>
            <groups/>
        </role>
    </roleMap>
</contentHaul>
