<?xml version="1.0" encoding="UTF-8" standalone="yes"?>
<contentHaul xmlns:a="http://www.appian.com/ae/types/2009">
    <rule>
        <name>CTS_SCT_Folder_audit</name>
        <uuid>_a-0000dcf6-bb7e-8000-9ba2-011c48011c48_18658</uuid>
        <description>Folder audit</description>
        <parentUuid>_a-0000dc7a-bcb3-8000-9ba2-011c48011c48_6437</parentUuid>
        <visibility>
            <advertise>false</advertise>
            <hierarchy>true</hierarchy>
            <indexable>true</indexable>
            <quota>false</quota>
            <searchable>true</searchable>
            <system>false</system>
            <unlogged>false</unlogged>
        </visibility>
        <definition>load(&#xD;
  local!folderActionTypes: #&quot;_a-0000dcf6-bb7e-8000-9ba2-011c48011c48_18671&quot;(activeFlag: true).data,&#xD;
  local!assignmentActionTypes: #&quot;_a-0000dcf6-bb7e-8000-9ba2-011c48011c48_18689&quot;(activeFlag: true).data,&#xD;
  &#xD;
  #&quot;SYSTEM_SYSRULES_sectionLayout&quot;(&#xD;
    firstColumnContents:{&#xD;
      &#xD;
      load(local!pagingInfo: #&quot;SYSTEM_SYSRULES_pagingInfo&quot;(&#xD;
          startIndex: 1,&#xD;
          batchSize: #&quot;_a-0000dc8b-8f45-8000-9ba2-011c48011c48_9457&quot;,&#xD;
          sort: #&quot;SYSTEM_SYSRULES_sortInfo&quot;(&#xD;
            field: &quot;actionDatetime&quot;,&#xD;
            ascending: false&#xD;
          )&#xD;
        ),&#xD;
        with(&#xD;
          local!isManageAssignment: tointeger(index(#&quot;_a-0000dcf6-bb7e-8000-9ba2-011c48011c48_18869&quot;(id: ri!taskMetricId, columns:{&quot;taskTypeId&quot;}).data, &quot;taskTypeId&quot;, null)[1])=8,&#xD;
          local!datasubset: #&quot;_a-0000dd3a-bcbf-8000-9ba2-011c48011c48_14567&quot;(&#xD;
          folderId: ri!folderId,&#xD;
          taskMetricId: ri!taskMetricId,&#xD;
          pagingInfo: if(isnull(ri!pagingInfo), local!pagingInfo, ri!pagingInfo)&#xD;
        ),&#xD;
        #&quot;SYSTEM_SYSRULES_gridField&quot;(&#xD;
          totalCount: local!datasubset.totalCount,&#xD;
          columns: {&#xD;
            #&quot;_a-0000dc8d-7dbf-8000-9ba2-011c48011c48_9645&quot;(&#xD;
              label: &quot;Who&quot;,&#xD;
              field: &quot;actionBy&quot;,&#xD;
              users: index(local!datasubset.data, &quot;actionBy&quot;, {})&#xD;
            ),&#xD;
            #&quot;SYSTEM_SYSRULES_gridTextColumn&quot;(&#xD;
              label: &quot;When&quot;,&#xD;
              field: &quot;actionDatetime&quot;,&#xD;
              data: apply(#&quot;_a-0000dc8d-7dbf-8000-9ba2-011c48011c48_9562&quot;(datetime: _), index(local!datasubset.data, &quot;actionDatetime&quot;, {}))&#xD;
            ),&#xD;
            #&quot;SYSTEM_SYSRULES_gridTextColumn&quot;(&#xD;
              label: &quot;What&quot;,&#xD;
              field: &quot;actionTypeId&quot;,&#xD;
              data: if(local!isManageAssignment,&#xD;
                apply(displayvalue(_, local!assignmentActionTypes.id, local!assignmentActionTypes.value, &quot;&quot;), index(local!datasubset.data, &quot;actionTypeId&quot;, {})),&#xD;
                apply(displayvalue(_, local!folderActionTypes.id, local!folderActionTypes.value, &quot;&quot;), index(local!datasubset.data, &quot;actionTypeId&quot;, {})))&#xD;
            ),&#xD;
            if(local!isManageAssignment,&#xD;
              #&quot;SYSTEM_SYSRULES_gridTextColumn&quot;(&#xD;
                label: &quot;Assignment ID&quot;,&#xD;
                field: &quot;assignmentId&quot;,&#xD;
                data: index(local!datasubset.data, &quot;assignmentId&quot;, {})&#xD;
              ),&#xD;
              {}&#xD;
            ),&#xD;
            #&quot;SYSTEM_SYSRULES_gridTextColumn&quot;(&#xD;
              label: &quot;Original&quot;,&#xD;
              field: &quot;oldValue&quot;,&#xD;
              data: index(local!datasubset.data, &quot;oldValue&quot;, {})&#xD;
            ),&#xD;
            #&quot;SYSTEM_SYSRULES_gridTextColumn&quot;(&#xD;
              label: &quot;Current&quot;,&#xD;
              field: &quot;newValue&quot;,&#xD;
              data: index(local!datasubset.data, &quot;newValue&quot;, {})&#xD;
            )&#xD;
          },&#xD;
          value: if(isnull(ri!pagingInfo), local!pagingInfo, ri!pagingInfo),&#xD;
          saveInto: if(isnull(ri!pagingInfo), local!pagingInfo, ri!pagingInfo)&#xD;
        )&#xD;
        )&#xD;
      )&#xD;
    }&#xD;
  )&#xD;
)</definition>
        <namedTypedValue>
            <name>folderId</name>
            <type>
                <name>int</name>
                <namespace>http://www.w3.org/2001/XMLSchema</namespace>
            </type>
        </namedTypedValue>
        <namedTypedValue>
            <name>taskMetricId</name>
            <type>
                <name>int</name>
                <namespace>http://www.w3.org/2001/XMLSchema</namespace>
            </type>
        </namedTypedValue>
        <namedTypedValue>
            <name>pagingInfo</name>
            <type>
                <name>PagingInfo</name>
                <namespace>http://www.appian.com/ae/types/2009</namespace>
            </type>
        </namedTypedValue>
        <preferredEditor>interface</preferredEditor>
        <offlineEnabled>false</offlineEnabled>
    </rule>
    <roleMap public="true">
        <role allowForAll="false" inherit="true" name="readers">
            <users/>
            <groups/>
        </role>
        <role allowForAll="false" inherit="true" name="authors">
            <users/>
            <groups/>
        </role>
        <role allowForAll="false" inherit="true" name="administrators">
            <users>
                <userUuid>katie.hsu</userUuid>
            </users>
            <groups/>
        </role>
        <role allowForAll="false" inherit="false" name="denyReaders">
            <users/>
            <groups/>
        </role>
        <role allowForAll="false" inherit="false" name="denyAuthors">
            <users/>
            <groups/>
        </role>
        <role allowForAll="false" inherit="false" name="denyAdministrators">
            <users/>
            <groups/>
        </role>
    </roleMap>
</contentHaul>
