<?xml version="1.0" encoding="UTF-8" standalone="yes"?>
<contentHaul xmlns:a="http://www.appian.com/ae/types/2009">
    <rule>
        <name>CTS_CMPT_General_displayTaskStatus</name>
        <uuid>_a-0000dc8d-7dbf-8000-9ba2-011c48011c48_9573</uuid>
        <description>Returns the document image given a task status id</description>
        <parentUuid>_a-0000dc7a-bcb3-8000-9ba2-011c48011c48_6536</parentUuid>
        <visibility>
            <advertise>false</advertise>
            <hierarchy>true</hierarchy>
            <indexable>true</indexable>
            <quota>false</quota>
            <searchable>true</searchable>
            <system>false</system>
            <unlogged>false</unlogged>
        </visibility>
        <definition>=if(ri!taskStatusId=0,
  #&quot;SYSTEM_SYSRULES_documentImage&quot;(
    document: #&quot;_a-0000dc8d-7dbf-8000-9ba2-011c48011c48_9572&quot;[7],
    altText: #&quot;_a-0000dc7a-bcb3-8000-9ba2-011c48011c48_6654&quot;[7],
    caption: #&quot;_a-0000dc7a-bcb3-8000-9ba2-011c48011c48_6654&quot;[7]
  ),
  #&quot;SYSTEM_SYSRULES_documentImage&quot;(
    document: #&quot;_a-0000dc8d-7dbf-8000-9ba2-011c48011c48_9572&quot;[ri!taskStatusId],
    altText: #&quot;_a-0000dc7a-bcb3-8000-9ba2-011c48011c48_6654&quot;[ri!taskStatusId],
    caption: #&quot;_a-0000dc7a-bcb3-8000-9ba2-011c48011c48_6654&quot;[ri!taskStatusId]
  )

)</definition>
        <namedTypedValue>
            <name>taskStatusId</name>
            <type>
                <name>int</name>
                <namespace>http://www.w3.org/2001/XMLSchema</namespace>
            </type>
        </namedTypedValue>
        <preferredEditor>legacy</preferredEditor>
        <offlineEnabled>false</offlineEnabled>
    </rule>
    <roleMap public="true">
        <role allowForAll="false" inherit="true" name="readers">
            <users/>
            <groups/>
        </role>
        <role allowForAll="false" inherit="true" name="authors">
            <users/>
            <groups/>
        </role>
        <role allowForAll="false" inherit="true" name="administrators">
            <users/>
            <groups/>
        </role>
        <role allowForAll="false" inherit="false" name="denyReaders">
            <users/>
            <groups/>
        </role>
        <role allowForAll="false" inherit="false" name="denyAuthors">
            <users/>
            <groups/>
        </role>
        <role allowForAll="false" inherit="false" name="denyAdministrators">
            <users/>
            <groups/>
        </role>
    </roleMap>
</contentHaul>
