<?xml version="1.0" encoding="UTF-8" standalone="yes"?>
<contentHaul xmlns:a="http://www.appian.com/ae/types/2009">
    <rule>
        <name>CTS_CMPT_General_userGroupPicker</name>
        <uuid>_a-0000dc8d-7dbf-8000-9ba2-011c48011c48_9920</uuid>
        <description>User group picker with browser column</description>
        <parentUuid>_a-0000dc7a-bcb3-8000-9ba2-011c48011c48_6536</parentUuid>
        <visibility>
            <advertise>false</advertise>
            <hierarchy>true</hierarchy>
            <indexable>true</indexable>
            <quota>false</quota>
            <searchable>true</searchable>
            <system>false</system>
            <unlogged>false</unlogged>
        </visibility>
        <definition>load(&#xD;
 local!readOnly: if(isnull(ri!readOnly), false, ri!readOnly),&#xD;
 local!browserFlag: false,&#xD;
 local!path,&#xD;
 local!selectionInBrowser,&#xD;
 local!value,&#xD;
 {&#xD;
  #&quot;SYSTEM_SYSRULES_pickerFieldUsersAndGroups&quot;(&#xD;
    label: ri!label,&#xD;
    labelPosition: if(isnull(ri!label), &quot;COLLAPSED&quot;, &quot;ABOVE&quot;),&#xD;
    readOnly: local!readOnly,&#xD;
    groupFilter: #&quot;_a-0000dc8b-8f45-8000-9ba2-011c48011c48_9370&quot;,&#xD;
    value: #&quot;_a-0000dc8b-8f45-8000-9ba2-011c48011c48_9152&quot;(text: ri!saveInto),&#xD;
    saveInto: a!save(ri!saveInto, joinarray(save!value, #&quot;_a-0000dc8b-8f45-8000-9ba2-011c48011c48_9150&quot;) ),&#xD;
    required: not(local!readOnly)&#xD;
  ),&#xD;
  if(and(not(local!readOnly), local!browserFlag),&#xD;
    #&quot;SYSTEM_SYSRULES_userAndGroupBrowserFieldColumns&quot;(&#xD;
      labelPosition: &quot;COLLAPSED&quot;,&#xD;
      rootGroup: #&quot;_a-0000dc8b-8f45-8000-9ba2-011c48011c48_9370&quot;,&#xD;
      pathValue:  local!path,&#xD;
      pathSaveInto:  local!path,&#xD;
      selectionValue:  local!selectionInBrowser,&#xD;
      selectionSaveInto:  local!selectionInBrowser,&#xD;
      height: &quot;SHORT&quot;&#xD;
    ),&#xD;
    {}&#xD;
  ),&#xD;
  if(local!readOnly, {},&#xD;
  #&quot;SYSTEM_SYSRULES_richTextDisplayField&quot;(&#xD;
    labelPosition: &quot;COLLAPSED&quot;,&#xD;
    value: {&#xD;
      if(local!browserFlag,&#xD;
        {#&quot;SYSTEM_SYSRULES_richTextItem&quot;(&#xD;
          text: &quot;+ Add Selection&quot;,&#xD;
          link: #&quot;SYSTEM_SYSRULES_dynamicLink&quot;(&#xD;
            value: local!selectionInBrowser,&#xD;
            saveInto: if(isnull(local!selectionInBrowser), &#xD;
            {}, a!save(&#xD;
              ri!saveInto, joinarray({ri!saveInto, local!selectionInBrowser}, #&quot;_a-0000dc8b-8f45-8000-9ba2-011c48011c48_9150&quot;)&#xD;
            ) )&#xD;
          )&#xD;
        ), &quot;   |   &quot;},&#xD;
        {}&#xD;
      ),&#xD;
      #&quot;SYSTEM_SYSRULES_richTextItem&quot;(&#xD;
        text: if(local!browserFlag, char(9650) &amp; &quot; Hide Browser&quot;, char(9660) &amp; &quot; Show Browser&quot;),&#xD;
        link: #&quot;SYSTEM_SYSRULES_dynamicLink&quot;(&#xD;
          label: &quot;Toggle Browser&quot;,&#xD;
          value: not(local!browserFlag),&#xD;
          saveInto: {local!browserFlag, &#xD;
          a!save({local!path, local!selectionInBrowser}, null)&#xD;
          }&#xD;
        )&#xD;
      )&#xD;
    }&#xD;
  ))&#xD;
}&#xD;
)</definition>
        <namedTypedValue>
            <name>saveInto</name>
            <type>
                <name>Variant</name>
                <namespace>http://www.appian.com/ae/types/2009</namespace>
            </type>
        </namedTypedValue>
        <namedTypedValue>
            <name>label</name>
            <type>
                <name>string</name>
                <namespace>http://www.w3.org/2001/XMLSchema</namespace>
            </type>
            <value/>
        </namedTypedValue>
        <namedTypedValue>
            <name>readOnly</name>
            <type>
                <name>boolean</name>
                <namespace>http://www.w3.org/2001/XMLSchema</namespace>
            </type>
        </namedTypedValue>
        <preferredEditor>interface</preferredEditor>
        <offlineEnabled>false</offlineEnabled>
    </rule>
    <roleMap public="true">
        <role allowForAll="false" inherit="true" name="readers">
            <users/>
            <groups/>
        </role>
        <role allowForAll="false" inherit="true" name="authors">
            <users/>
            <groups/>
        </role>
        <role allowForAll="false" inherit="true" name="administrators">
            <users/>
            <groups/>
        </role>
        <role allowForAll="false" inherit="false" name="denyReaders">
            <users/>
            <groups/>
        </role>
        <role allowForAll="false" inherit="false" name="denyAuthors">
            <users/>
            <groups/>
        </role>
        <role allowForAll="false" inherit="false" name="denyAdministrators">
            <users/>
            <groups/>
        </role>
    </roleMap>
    <typedValue>
        <type>
            <name>RuleTestConfig?list</name>
            <namespace>http://www.appian.com/ae/types/2009</namespace>
        </type>
        <value>
            <el>
                <a:name/>
                <a:ruleInputTestConfigs>
                    <a:value xmlns:xsd="http://www.w3.org/2001/XMLSchema" xmlns:xsi="http://www.w3.org/2001/XMLSchema-instance" xsi:type="xsd:string"/>
                    <a:nameRef>saveInto</a:nameRef>
                    <a:id/>
                </a:ruleInputTestConfigs>
                <a:ruleInputTestConfigs>
                    <a:value xmlns:xsd="http://www.w3.org/2001/XMLSchema" xmlns:xsi="http://www.w3.org/2001/XMLSchema-instance" xsi:type="xsd:string"/>
                    <a:nameRef>label</a:nameRef>
                    <a:id/>
                </a:ruleInputTestConfigs>
                <a:ruleInputTestConfigs>
                    <a:value xmlns:xsd="http://www.w3.org/2001/XMLSchema" xmlns:xsi="http://www.w3.org/2001/XMLSchema-instance" xsi:nil="true" xsi:type="xsd:boolean"/>
                    <a:nameRef>readOnly</a:nameRef>
                    <a:id/>
                </a:ruleInputTestConfigs>
                <a:assertions xmlns:xsi="http://www.w3.org/2001/XMLSchema-instance" xsi:nil="true"/>
            </el>
        </value>
    </typedValue>
</contentHaul>
