<?xml version="1.0" encoding="UTF-8" standalone="yes"?>
<contentHaul xmlns:a="http://www.appian.com/ae/types/2009">
    <constant>
        <name>CTS_TEXT_R_FOLDER_REFERRED_OFFICE_VALUE</name>
        <uuid>_a-0000dd17-9077-8000-9ba2-011c48011c48_10979</uuid>
        <description>Reference data for folder referred office value:&#xD;
&#xD;
1 = Office of the Assistant Secretary&#xD;
2 = Office of Civil Rights and Civil Liberties&#xD;
3 = Office of the Director of Operations&#xD;
4 = Detention and Removal Operations Tasking&#xD;
5 = Detention and Removal Management&#xD;
6 = Office of the Chief of Staff&#xD;
7 = Office of the Chief Financial Officer&#xD;
8 = Office of the Chief Information Officer&#xD;
9 = Office of Detention and Removal Operations&#xD;
10 = Office of Equal Employment Opportunity&#xD;
11 = Office of the Executive Secretariat&#xD;
12 = Office of Freedom of Information Act&#xD;
13 = Federal Protective Service&#xD;
14 = Office of Human Resources&#xD;
15 = HQINV Information Disclosure Unit&#xD;
16 = Office of Intelligence&#xD;
17 = Office of Investigations&#xD;
18 = Office of National Incident Response Unit&#xD;
19 = Office of Acquisition&#xD;
20 = Office of Congressional Relations&#xD;
21 = Office of Public Affairs&#xD;
22 = Office of Policy and Planning&#xD;
23 = Office of Professional Responsibility&#xD;
24 = Office of Secure Communities&#xD;
25 = Office of State and Local Coordination&#xD;
26 = Office of Training Development&#xD;
27 = Office of Principal Legal Advisor&#xD;
28 = Office of Privacy&#xD;
29 = Office of Questions for the Record&#xD;
30 = Reporting Coordination Center&#xD;
31 = Student Exchange</description>
        <parentUuid>_a-0000dd17-9077-8000-9ba2-011c48011c48_10999</parentUuid>
        <visibility>
            <advertise>false</advertise>
            <hierarchy>true</hierarchy>
            <indexable>true</indexable>
            <quota>false</quota>
            <searchable>true</searchable>
            <system>false</system>
            <unlogged>false</unlogged>
        </visibility>
        <typedValue>
            <type>
                <name>Text?list</name>
                <namespace>http://www.appian.com/ae/types/2009</namespace>
            </type>
            <value>
                <el>Office of the Assistant Secretary</el>
                <el>Office of Civil Rights and Civil Liberties</el>
                <el>Office of the Director of Operations</el>
                <el>Detention and Removal Operations Tasking</el>
                <el>Detention and Removal Management</el>
                <el>Office of the Chief of Staff</el>
                <el>Office of the Chief Financial Officer</el>
                <el>Office of the Chief Information Officer</el>
                <el>Office of Detention and Removal Operations</el>
                <el>Office of Equal Employment Opportunity</el>
                <el>Office of the Executive Secretariat</el>
                <el>Office of Freedom of Information Act</el>
                <el>Federal Protective Service</el>
                <el>Office of Human Resources</el>
                <el>HQINV Information Disclosure Unit</el>
                <el>Office of Intelligence</el>
                <el>Office of Investigations</el>
                <el>Office of National Incident Response Unit</el>
                <el>Office of Acquisition</el>
                <el>Office of Congressional Relations</el>
                <el>Office of Public Affairs</el>
                <el>Office of Policy and Planning</el>
                <el>Office of Professional Responsibility</el>
                <el>Office of Secure Communities</el>
                <el>Office of State and Local Coordination</el>
                <el>Office of Training Development</el>
                <el>Office of Principal Legal Advisor</el>
                <el>Office of Privacy</el>
                <el>Office of Questions for the Record</el>
                <el>Reporting Coordination Center</el>
                <el>Student Exchange</el>
            </value>
        </typedValue>
    </constant>
    <roleMap public="true">
        <role allowForAll="false" inherit="true" name="readers">
            <users/>
            <groups/>
        </role>
        <role allowForAll="false" inherit="true" name="authors">
            <users/>
            <groups/>
        </role>
        <role allowForAll="false" inherit="true" name="administrators">
            <users>
                <userUuid>katie.hsu</userUuid>
            </users>
            <groups/>
        </role>
        <role allowForAll="false" inherit="false" name="denyReaders">
            <users/>
            <groups/>
        </role>
        <role allowForAll="false" inherit="false" name="denyAuthors">
            <users/>
            <groups/>
        </role>
        <role allowForAll="false" inherit="false" name="denyAdministrators">
            <users/>
            <groups/>
        </role>
    </roleMap>
</contentHaul>
