<?xml version="1.0" encoding="UTF-8" standalone="yes"?>
<contentHaul xmlns:a="http://www.appian.com/ae/types/2009">
    <rule>
        <name>CTS_CMPT_General_userGridColumn</name>
        <uuid>_a-0000dc8d-7dbf-8000-9ba2-011c48011c48_9645</uuid>
        <description>Grid column to display a user's information</description>
        <parentUuid>_a-0000dc7a-bcb3-8000-9ba2-011c48011c48_6536</parentUuid>
        <visibility>
            <advertise>false</advertise>
            <hierarchy>true</hierarchy>
            <indexable>true</indexable>
            <quota>false</quota>
            <searchable>true</searchable>
            <system>false</system>
            <unlogged>false</unlogged>
        </visibility>
        <definition>/*a!gridImageColumn(*/&#xD;
/*  label: ri!label,*/&#xD;
/*  field: ri!field,*/&#xD;
/*  size: &quot;THUMBNAIL&quot;,*/&#xD;
/*  data: apply(rule!CTS_RULE_General_getProfilePicture(user: _), ri!users)*/&#xD;
/*)*/&#xD;
&#xD;
&#xD;
    /*a!gridTextColumn(*/&#xD;
    /*  label: ri!label,*/&#xD;
    /*  field: ri!field,*/&#xD;
    /*  data: apply(fn!concat, apply(rule!APN_displayUser(user: _), ri!users), &quot; &quot;, char(8599)),*/&#xD;
    /*  links: apply(rule!CTS_CMPT_userSafeLink(user: _), ri!users)*/&#xD;
    /*)*/&#xD;
    &#xD;
    #&quot;SYSTEM_SYSRULES_gridTextColumn&quot;(&#xD;
      label: ri!label,&#xD;
      field: ri!field,&#xD;
      data: if(&#xD;
        apply(&#xD;
          isnull(_),&#xD;
          ri!users&#xD;
        ),&#xD;
        &quot;&quot;,&#xD;
        apply(&#xD;
          fn!concat, &#xD;
          apply(&#xD;
            #&quot;_a-0000d690-12fb-8000-0f1a-010000010000_1352&quot;(&#xD;
              user: _&#xD;
            ), &#xD;
          ri!users), &#xD;
          &quot; &quot;, char(8599))&#xD;
      ),&#xD;
      links: apply(#&quot;_a-0000dc8b-8f45-8000-9ba2-011c48011c48_9201&quot;(user: _), ri!users)&#xD;
    )&#xD;
    &#xD;
      &#xD;
      </definition>
        <namedTypedValue>
            <name>users</name>
            <type>
                <name>User?list</name>
                <namespace>http://www.appian.com/ae/types/2009</namespace>
            </type>
        </namedTypedValue>
        <namedTypedValue>
            <name>label</name>
            <type>
                <name>string</name>
                <namespace>http://www.w3.org/2001/XMLSchema</namespace>
            </type>
            <value/>
        </namedTypedValue>
        <namedTypedValue>
            <name>field</name>
            <type>
                <name>string</name>
                <namespace>http://www.w3.org/2001/XMLSchema</namespace>
            </type>
            <value/>
        </namedTypedValue>
        <preferredEditor>interface</preferredEditor>
        <offlineEnabled>false</offlineEnabled>
    </rule>
    <roleMap public="true">
        <role allowForAll="false" inherit="true" name="readers">
            <users/>
            <groups/>
        </role>
        <role allowForAll="false" inherit="true" name="authors">
            <users/>
            <groups/>
        </role>
        <role allowForAll="false" inherit="true" name="administrators">
            <users/>
            <groups/>
        </role>
        <role allowForAll="false" inherit="false" name="denyReaders">
            <users/>
            <groups/>
        </role>
        <role allowForAll="false" inherit="false" name="denyAuthors">
            <users/>
            <groups/>
        </role>
        <role allowForAll="false" inherit="false" name="denyAdministrators">
            <users/>
            <groups/>
        </role>
    </roleMap>
    <typedValue>
        <type>
            <name>RuleTestConfig?list</name>
            <namespace>http://www.appian.com/ae/types/2009</namespace>
        </type>
        <value>
            <el>
                <a:name/>
                <a:ruleInputTestConfigs>
                    <a:value xmlns:xsi="http://www.w3.org/2001/XMLSchema-instance" xsi:nil="true" xsi:type="a:User?list"/>
                    <a:nameRef>users</a:nameRef>
                    <a:id/>
                </a:ruleInputTestConfigs>
                <a:ruleInputTestConfigs>
                    <a:value xmlns:xsd="http://www.w3.org/2001/XMLSchema" xmlns:xsi="http://www.w3.org/2001/XMLSchema-instance" xsi:type="xsd:string"/>
                    <a:nameRef>label</a:nameRef>
                    <a:id/>
                </a:ruleInputTestConfigs>
                <a:ruleInputTestConfigs>
                    <a:value xmlns:xsd="http://www.w3.org/2001/XMLSchema" xmlns:xsi="http://www.w3.org/2001/XMLSchema-instance" xsi:type="xsd:string"/>
                    <a:nameRef>field</a:nameRef>
                    <a:id/>
                </a:ruleInputTestConfigs>
                <a:assertions xmlns:xsi="http://www.w3.org/2001/XMLSchema-instance" xsi:nil="true"/>
            </el>
        </value>
    </typedValue>
</contentHaul>
