<?xml version="1.0" encoding="UTF-8" standalone="yes"?>
<contentHaul xmlns:a="http://www.appian.com/ae/types/2009">
    <rule>
        <name>CTS_FRM_Folder_documentLinks</name>
        <uuid>_a-0000dc8d-7dbf-8000-9ba2-011c48011c48_9778</uuid>
        <description>Manage document links</description>
        <parentUuid>_a-0000dc7a-bcb3-8000-9ba2-011c48011c48_6625</parentUuid>
        <visibility>
            <advertise>false</advertise>
            <hierarchy>true</hierarchy>
            <indexable>true</indexable>
            <quota>false</quota>
            <searchable>true</searchable>
            <system>false</system>
            <unlogged>false</unlogged>
        </visibility>
        <definition>=load(
  local!addLinkFlag: false,
  local!selections,
  #&quot;SYSTEM_SYSRULES_formLayout&quot;(
    label: ri!formTitle,
    firstColumnContents: {
      #&quot;_a-0000dc8d-7dbf-8000-9ba2-011c48011c48_9581&quot;(
        readOnly: false,
        folder: ri!folder,
        deletedLinkIds: ri!deletedLinkIds,
        deletedLinkedDocIds: ri!deletedLinkedDocIds,
        links: ri!links
      ),
      if(local!addLinkFlag,
        {#&quot;_a-0000dc8d-7dbf-8000-9ba2-011c48011c48_9607&quot;(
          readOnly: false,
          selections: local!selections,
          hideDocIds: index(ri!links, &quot;docId&quot;, null)
        ),
        #&quot;_a-0000dc8d-7dbf-8000-9ba2-011c48011c48_9989&quot;(
          saveInto: {a!save(local!addLinkFlag, false),
                a!save(ri!links, if(#&quot;_a-0000d62a-67b3-8000-da6f-010000010000_951&quot;(local!selections), ri!links, append(ri!links, 
                apply('type!{urn:com:appian:types:CTS}CTS_V_Link_FolderDoc'(
                  docId: _,
                  folderId: ri!folder.id,
                  linkCreatedBy: loggedInUser(),
                  linkCreatedOn: now(),
                  date: _,
                  subject: _,
                  typeId: _,
                  type: _,
                  author: _,
                  checkedOutTo: _,
                  title: _,
                  appianDocId: _
                ),
                  merge(
                    local!selections.docId,
                    local!selections.date,
                    local!selections.subject,
                    local!selections.typeId,
                    local!selections.type,
                    local!selections.author,
                    local!selections.checkedOutTo,
                    local!selections.title,
                    local!selections.appianDocId
                    )
                )))),
                a!save(local!selections, {})
              },
              cancelSaveInto: {a!save(local!addLinkFlag, false),
                a!save(local!selections, {})
              }
        )
        },
        #&quot;SYSTEM_SYSRULES_richTextDisplayField&quot;(
          labelPosition: &quot;COLLAPSED&quot;,
          value: {#&quot;SYSTEM_SYSRULES_richTextItem&quot;(
            text: &quot;+ Link to Existing Document&quot;,
            style: &quot;STRONG&quot;,
            link: #&quot;SYSTEM_SYSRULES_dynamicLink&quot;(
              value: true,
              saveInto: local!addLinkFlag
            )
          ), &quot;   |   &quot;,
          #&quot;SYSTEM_SYSRULES_richTextItem&quot;(
            text: &quot;+ &quot; &amp; #&quot;_a-0000dc93-c482-8000-9ba2-011c48011c48_10112&quot;,
            style: &quot;STRONG&quot;,
            link: #&quot;SYSTEM_SYSRULES_submitLink&quot;(
              value: #&quot;_a-0000dd4b-0482-8000-9ba2-011c48011c48_16709&quot;,
              skipValidation: true,
              saveInto: ri!buttonClicked
            )
          )
          }
        )
        )
    },
    
    buttons: if(local!addLinkFlag,
      null, 
      #&quot;SYSTEM_SYSRULES_ButtonLayout&quot;(
        primaryButtons: {
          #&quot;SYSTEM_SYSRULES_ButtonWidgetSubmit&quot;(
            label: #&quot;_a-0000dc7a-bcb3-8000-9ba2-011c48011c48_6628&quot;,
            style: &quot;PRIMARY&quot;,
            value: #&quot;_a-0000dd4b-0482-8000-9ba2-011c48011c48_16710&quot;,
            saveInto: {ri!buttonClicked
            }
            /* Placeholder until form is finished*/
            ,
            skipValidation: false
          )
        },
        secondaryButtons: {
            #&quot;SYSTEM_SYSRULES_ButtonWidgetSubmit&quot;(
              label: #&quot;_a-0000dc7a-bcb3-8000-9ba2-011c48011c48_6629&quot;,
              style: &quot;NORMAL&quot;,
              confirmMessage: &quot;Are you sure you want to cancel? All changes will be losts except any created documents will not be deleted or unlinked from the folder.&quot;,
              value: #&quot;_a-0000dd4b-0482-8000-9ba2-011c48011c48_16711&quot;,
              saveInto: ri!buttonClicked,
              skipValidation: true
            )
        }
      )
    )/*,
    validations: if(rule!APN_isEmpty(ri!links), &quot;Folders must have at least one document associated&quot;, &quot;&quot;)*/
  )
)</definition>
        <namedTypedValue>
            <name>formTitle</name>
            <type>
                <name>string</name>
                <namespace>http://www.w3.org/2001/XMLSchema</namespace>
            </type>
            <value/>
        </namedTypedValue>
        <namedTypedValue>
            <name>buttonClicked</name>
            <type>
                <name>int</name>
                <namespace>http://www.w3.org/2001/XMLSchema</namespace>
            </type>
        </namedTypedValue>
        <namedTypedValue>
            <name>folder</name>
            <type>
                <name>CTS_Folder</name>
                <namespace>urn:com:appian:types:CTS</namespace>
            </type>
        </namedTypedValue>
        <namedTypedValue>
            <name>deletedLinkIds</name>
            <type>
                <name>Integer?list</name>
                <namespace>http://www.appian.com/ae/types/2009</namespace>
            </type>
        </namedTypedValue>
        <namedTypedValue>
            <name>links</name>
            <type>
                <name>CTS_V_Link_FolderDoc?list</name>
                <namespace>urn:com:appian:types:CTS</namespace>
            </type>
        </namedTypedValue>
        <namedTypedValue>
            <name>deletedLinkedDocIds</name>
            <type>
                <name>Integer?list</name>
                <namespace>http://www.appian.com/ae/types/2009</namespace>
            </type>
        </namedTypedValue>
        <preferredEditor>interface</preferredEditor>
        <offlineEnabled>false</offlineEnabled>
    </rule>
    <roleMap public="true">
        <role allowForAll="false" inherit="true" name="readers">
            <users/>
            <groups/>
        </role>
        <role allowForAll="false" inherit="true" name="authors">
            <users/>
            <groups/>
        </role>
        <role allowForAll="false" inherit="true" name="administrators">
            <users/>
            <groups/>
        </role>
        <role allowForAll="false" inherit="false" name="denyReaders">
            <users/>
            <groups/>
        </role>
        <role allowForAll="false" inherit="false" name="denyAuthors">
            <users/>
            <groups/>
        </role>
        <role allowForAll="false" inherit="false" name="denyAdministrators">
            <users/>
            <groups/>
        </role>
    </roleMap>
    <typedValue>
        <type>
            <name>RuleTestConfig?list</name>
            <namespace>http://www.appian.com/ae/types/2009</namespace>
        </type>
        <value>
            <el>
                <a:name/>
                <a:ruleInputTestConfigs>
                    <a:value xmlns:xsd="http://www.w3.org/2001/XMLSchema" xmlns:xsi="http://www.w3.org/2001/XMLSchema-instance" xsi:type="xsd:string"/>
                    <a:nameRef>formTitle</a:nameRef>
                    <a:id/>
                </a:ruleInputTestConfigs>
                <a:ruleInputTestConfigs>
                    <a:value xmlns:xsd="http://www.w3.org/2001/XMLSchema" xmlns:xsi="http://www.w3.org/2001/XMLSchema-instance" xsi:nil="true" xsi:type="xsd:int"/>
                    <a:nameRef>buttonClicked</a:nameRef>
                    <a:id/>
                </a:ruleInputTestConfigs>
                <a:ruleInputTestConfigs>
                    <a:value xmlns:n1="urn:com:appian:types:CTS" xmlns:xsi="http://www.w3.org/2001/XMLSchema-instance" xsi:nil="true" xsi:type="n1:CTS_Folder"/>
                    <a:nameRef>folder</a:nameRef>
                    <a:id/>
                </a:ruleInputTestConfigs>
                <a:ruleInputTestConfigs>
                    <a:nameRef>deletedLinkIds</a:nameRef>
                    <a:id/>
                </a:ruleInputTestConfigs>
                <a:ruleInputTestConfigs>
                    <a:nameRef>links</a:nameRef>
                    <a:id/>
                </a:ruleInputTestConfigs>
                <a:ruleInputTestConfigs>
                    <a:nameRef>deletedLinkedDocIds</a:nameRef>
                    <a:id/>
                </a:ruleInputTestConfigs>
                <a:assertions xmlns:xsi="http://www.w3.org/2001/XMLSchema-instance" xsi:nil="true"/>
            </el>
        </value>
    </typedValue>
</contentHaul>
