<?xml version="1.0" encoding="UTF-8" standalone="yes"?>
<contentHaul xmlns:a="http://www.appian.com/ae/types/2009">
    <rule>
        <name>CTS_SCT_Folder_signature</name>
        <uuid>_a-0000dc93-c482-8000-9ba2-011c48011c48_10412</uuid>
        <description>Signature section</description>
        <parentUuid>_a-0000dc7a-bcb3-8000-9ba2-011c48011c48_6437</parentUuid>
        <visibility>
            <advertise>false</advertise>
            <hierarchy>true</hierarchy>
            <indexable>true</indexable>
            <quota>false</quota>
            <searchable>true</searchable>
            <system>false</system>
            <unlogged>false</unlogged>
        </visibility>
        <definition>load(&#xD;
&#xD;
#&quot;SYSTEM_SYSRULES_sectionLayout&quot;(&#xD;
  label: &quot;Signature&quot;,&#xD;
  firstColumnContents:{&#xD;
    #&quot;0998b364-40cc-479d-b619-0fa180a6f39b&quot;(&#xD;
      label: &quot;Signature Type&quot;,&#xD;
      readOnly: ri!readOnly,&#xD;
      choiceLabels: #&quot;_a-0000dd17-9077-8000-9ba2-011c48011c48_11087&quot;,&#xD;
      choiceValues: #&quot;_a-0000dd17-9077-8000-9ba2-011c48011c48_11094&quot;,&#xD;
      value: ri!folder.signatureTypeId,&#xD;
      saveInto: ri!folder.signatureTypeId&#xD;
    ),&#xD;
    #&quot;_a-0000dc93-c482-8000-9ba2-011c48011c48_10916&quot;(&#xD;
      label: &quot;Signator Name&quot;,&#xD;
      readOnly: ri!readOnly,&#xD;
      required: false,&#xD;
      value: ri!folder.signator,&#xD;
      saveInto: ri!folder.signator&#xD;
    )&#xD;
  },&#xD;
  secondColumnContents:{&#xD;
    load(&#xD;
      local!labels: apply(#&quot;_a-0000dc93-c482-8000-9ba2-011c48011c48_10242&quot;(value1: _, value2: _),&#xD;
      merge(#&quot;_a-0000dd17-9077-8000-9ba2-011c48011c48_11056&quot;, #&quot;_a-0000dd17-9077-8000-9ba2-011c48011c48_11040&quot;)&#xD;
      ),&#xD;
    #&quot;0998b364-40cc-479d-b619-0fa180a6f39b&quot;(&#xD;
      label: &quot;Signature Office&quot;,&#xD;
      readOnly: ri!readOnly,&#xD;
      choiceLabels: local!labels,&#xD;
      choiceValues: #&quot;_a-0000dd17-9077-8000-9ba2-011c48011c48_11082&quot;,&#xD;
      value: ri!folder.signatureOfficeId,&#xD;
      saveInto: ri!folder.signatureOfficeId&#xD;
    )),&#xD;
    #&quot;_a-0000dc93-c482-8000-9ba2-011c48011c48_10903&quot;(&#xD;
      label: &quot;Signed On&quot;,&#xD;
      readOnly: ri!readOnly,&#xD;
      value: ri!folder.signedOn,&#xD;
      saveInto: ri!folder.signedOn&#xD;
    )&#xD;
  }&#xD;
)&#xD;
)</definition>
        <namedTypedValue>
            <name>folder</name>
            <type>
                <name>CTS_Folder</name>
                <namespace>urn:com:appian:types:CTS</namespace>
            </type>
        </namedTypedValue>
        <namedTypedValue>
            <name>readOnly</name>
            <type>
                <name>boolean</name>
                <namespace>http://www.w3.org/2001/XMLSchema</namespace>
            </type>
        </namedTypedValue>
        <preferredEditor>interface</preferredEditor>
        <offlineEnabled>false</offlineEnabled>
    </rule>
    <roleMap public="true">
        <role allowForAll="false" inherit="true" name="readers">
            <users/>
            <groups/>
        </role>
        <role allowForAll="false" inherit="true" name="authors">
            <users/>
            <groups/>
        </role>
        <role allowForAll="false" inherit="true" name="administrators">
            <users/>
            <groups/>
        </role>
        <role allowForAll="false" inherit="false" name="denyReaders">
            <users/>
            <groups/>
        </role>
        <role allowForAll="false" inherit="false" name="denyAuthors">
            <users/>
            <groups/>
        </role>
        <role allowForAll="false" inherit="false" name="denyAdministrators">
            <users/>
            <groups/>
        </role>
    </roleMap>
</contentHaul>
