<?xml version="1.0" encoding="UTF-8" standalone="yes"?>
<contentHaul xmlns:a="http://www.appian.com/ae/types/2009">
    <rule>
        <name>CTS_SCT_Folder_assignmentDetails</name>
        <uuid>_a-0000dc93-c482-8000-9ba2-011c48011c48_10076</uuid>
        <description>Assignment details</description>
        <parentUuid>_a-0000dc7a-bcb3-8000-9ba2-011c48011c48_6437</parentUuid>
        <visibility>
            <advertise>false</advertise>
            <hierarchy>true</hierarchy>
            <indexable>true</indexable>
            <quota>false</quota>
            <searchable>true</searchable>
            <system>false</system>
            <unlogged>false</unlogged>
        </visibility>
        <definition>=load(local!priorities: #&quot;_a-0000dc7a-bcb3-8000-9ba2-011c48011c48_6383&quot;(activeFlag: true).data,
local!statuses: #&quot;_a-0000dc7a-bcb3-8000-9ba2-011c48011c48_6393&quot;(activeFlag: true).data,
  {
  /*a!milestoneField(
    labelPosition: &quot;COLLAPSED&quot;,
    steps: apply(concat(_, char(10), _, char(10), _),
      merge(local!statuses.value, 
      apply(rule!CTS_RULE_General_formatDateTime(datetime: _), {ri!assignment.createdOn, ri!assignment.startOn,
        ri!assignment.completedOn
      }),
      {rule!APN_displayUser(ri!assignment.createdBy), 
      if(isnull(ri!assignment.startOn), &quot;&quot;, joinarray(rule!APN_displayGroupOrUsername(rule!CTS_RULE_Utility_getUsersAndGroupsFromText(text: ri!assignment.assignee)),&quot;, &quot;) ),
      rule!APN_displayUser(ri!assignment.completedBy)}
      )
    ),
    active: wherecontains(ri!assignment.statusId, toint(local!statuses.id))
  ),*/
  #&quot;SYSTEM_SYSRULES_sectionLayout&quot;(
    label: &quot;Assignment Details&quot;,
    isCollapsible: true,
    firstColumnContents: {
      
      #&quot;SYSTEM_SYSRULES_richTextDisplayField&quot;(
        label: &quot;Assignment ID&quot;,
        labelPosition: #&quot;_a-0000dc7a-bcb3-8000-9ba2-011c48011c48_6439&quot;(readOnly: true),
        value: with(
          local!link: #&quot;_a-0000dc7a-bcb3-8000-9ba2-011c48011c48_6537&quot;(
          label: &quot;(See Folder &quot; &amp; ri!folder.id &amp; &quot;)&quot;,
          uri: urlforrecord(#&quot;_a-0000dc8d-7dbf-8000-9ba2-011c48011c48_9668&quot;, ri!folder.id)
        ),
        {#&quot;SYSTEM_SYSRULES_richTextItem&quot;(
          text: ri!assignment.id
        ), &quot;  &quot;,
        #&quot;SYSTEM_SYSRULES_richTextItem&quot;(
          text: index(local!link, &quot;label&quot;),
          link: local!link
        )
        }
        )
      ),
      if(isnull(ri!assignment.sequenceNumber),
        {},
        #&quot;SYSTEM_SYSRULES_textField&quot;(
          label: &quot;Order Number&quot;,
          labelPosition: #&quot;_a-0000dc7a-bcb3-8000-9ba2-011c48011c48_6439&quot;(readOnly: true),
          readOnly: true,
          value: ri!assignment.sequenceNumber
        )
      ),
      #&quot;SYSTEM_SYSRULES_textField&quot;(
        label: &quot;Assignees&quot;,
        labelPosition: #&quot;_a-0000dc7a-bcb3-8000-9ba2-011c48011c48_6439&quot;(readOnly: true),
        readOnly: true,
        value: #&quot;_a-0000dc8b-8f45-8000-9ba2-011c48011c48_9420&quot;(
          text: ri!assignment.assignee
        )
      ),
      
      #&quot;SYSTEM_SYSRULES_dateTimeField&quot;(
        label: &quot;Deadline&quot;,
        labelPosition: #&quot;_a-0000dc7a-bcb3-8000-9ba2-011c48011c48_6439&quot;(readOnly: true),
        readOnly: true,
        instructions: toint(todate(ri!assignment.dueOn)-today()) &amp; &quot; day(s) remaining&quot;,
        value: ri!assignment.dueOn
      ),
      
      #&quot;SYSTEM_SYSRULES_imageField&quot;(
        label: &quot;Priority&quot;,
        labelPosition: #&quot;_a-0000dc7a-bcb3-8000-9ba2-011c48011c48_6439&quot;(readOnly: true),
        images: #&quot;_a-0000dc8d-7dbf-8000-9ba2-011c48011c48_10042&quot;(
          priorityId: ri!assignment.priorityId,
          priorities: local!priorities
        ),
        size: &quot;ICON&quot;
      )
      
    },
    secondColumnContents: {
      
      
      #&quot;SYSTEM_SYSRULES_dateTimeField&quot;(
        label: &quot;Created On&quot;,
        labelPosition: #&quot;_a-0000dc7a-bcb3-8000-9ba2-011c48011c48_6439&quot;(readOnly: true),
        readOnly: true,
        value: ri!assignment.createdOn
      ),
      #&quot;_a-0000dc8b-8f45-8000-9ba2-011c48011c48_9198&quot;(
        user: ri!assignment.createdBy,
        label: &quot;Created By&quot;,
        labelPosition: #&quot;_a-0000dc7a-bcb3-8000-9ba2-011c48011c48_6439&quot;(readOnly: true)
      ),
      if(isnull(ri!assignment.lastModifiedOn),
        {},
        {#&quot;SYSTEM_SYSRULES_dateTimeField&quot;(
        label: &quot;Last Modified On&quot;,
        labelPosition: #&quot;_a-0000dc7a-bcb3-8000-9ba2-011c48011c48_6439&quot;(readOnly: true),
        readOnly: true,
        value: ri!assignment.lastModifiedOn
      ),
      #&quot;_a-0000dc8b-8f45-8000-9ba2-011c48011c48_9198&quot;(
        user: ri!assignment.lastModifiedBy,
        label: &quot;Last Modified By&quot;,
        labelPosition: #&quot;_a-0000dc7a-bcb3-8000-9ba2-011c48011c48_6439&quot;(readOnly: true)
      ),
      }
      ),
      if(isnull(ri!assignment.startOn),
        {},
        #&quot;SYSTEM_SYSRULES_dateTimeField&quot;(
        label: &quot;Tasked On&quot;,
        labelPosition: #&quot;_a-0000dc7a-bcb3-8000-9ba2-011c48011c48_6439&quot;(readOnly: true),
        readOnly: true,
        value: ri!assignment.startOn
      )
      ),
      if(isnull(ri!assignment.completedOn),
        {},
        {#&quot;SYSTEM_SYSRULES_dateTimeField&quot;(
        label: &quot;Completed On&quot;,
        labelPosition: #&quot;_a-0000dc7a-bcb3-8000-9ba2-011c48011c48_6439&quot;(readOnly: true),
        readOnly: true,
        value: ri!assignment.completedOn
      ),
      #&quot;_a-0000dc8b-8f45-8000-9ba2-011c48011c48_9198&quot;(
        user: ri!assignment.completedBy,
        label: &quot;Completed By&quot;,
        labelPosition: #&quot;_a-0000dc7a-bcb3-8000-9ba2-011c48011c48_6439&quot;(readOnly: true)
      ),
      }
      )
    }
  ),
  #&quot;SYSTEM_SYSRULES_sectionLayout&quot;(
    label: &quot;Instructions&quot;,
    firstColumnContents: {
      #&quot;_a-0000dc93-c482-8000-9ba2-011c48011c48_10692&quot;(
        label: &quot;Role&quot;,
        required: true,
        readOnly: true,
        value: ri!assignment.subject
      ),
      #&quot;_a-0000dc93-c482-8000-9ba2-011c48011c48_10895&quot;(
        label: &quot;Instructions&quot;,
        required: true,
        readOnly: true,
        value: ri!assignment.instructions
      ),
    }
  )/*,
  if(ri!folder.stageId&lt;&gt;cons!CTS_INT_R_FOLDER_STAGES[1],
    rule!CTS_SCT_Assign_audit(
      assignment: ri!assignment,
      readOnly: true
    ),
    {}
  )*/
}
)</definition>
        <namedTypedValue>
            <name>readOnly</name>
            <type>
                <name>boolean</name>
                <namespace>http://www.w3.org/2001/XMLSchema</namespace>
            </type>
        </namedTypedValue>
        <namedTypedValue>
            <name>assignment</name>
            <type>
                <name>CTS_Assign</name>
                <namespace>urn:com:appian:types:CTS</namespace>
            </type>
        </namedTypedValue>
        <namedTypedValue>
            <name>folder</name>
            <type>
                <name>CTS_Folder</name>
                <namespace>urn:com:appian:types:CTS</namespace>
            </type>
        </namedTypedValue>
        <preferredEditor>interface</preferredEditor>
        <offlineEnabled>false</offlineEnabled>
    </rule>
    <roleMap public="true">
        <role allowForAll="false" inherit="true" name="readers">
            <users/>
            <groups/>
        </role>
        <role allowForAll="false" inherit="true" name="authors">
            <users/>
            <groups/>
        </role>
        <role allowForAll="false" inherit="true" name="administrators">
            <users/>
            <groups/>
        </role>
        <role allowForAll="false" inherit="false" name="denyReaders">
            <users/>
            <groups/>
        </role>
        <role allowForAll="false" inherit="false" name="denyAuthors">
            <users/>
            <groups/>
        </role>
        <role allowForAll="false" inherit="false" name="denyAdministrators">
            <users/>
            <groups/>
        </role>
    </roleMap>
    <typedValue>
        <type>
            <name>RuleTestConfig?list</name>
            <namespace>http://www.appian.com/ae/types/2009</namespace>
        </type>
        <value>
            <el>
                <a:name/>
                <a:ruleInputTestConfigs>
                    <a:value xmlns:xsd="http://www.w3.org/2001/XMLSchema" xmlns:xsi="http://www.w3.org/2001/XMLSchema-instance" xsi:type="xsd:boolean">true</a:value>
                    <a:nameRef>readOnly</a:nameRef>
                    <a:id/>
                </a:ruleInputTestConfigs>
                <a:ruleInputTestConfigs>
                    <a:value xmlns:xsi="http://www.w3.org/2001/XMLSchema-instance" xsi:type="a:Expression">#&quot;_a-0000dc8d-7dbf-8000-9ba2-011c48011c48_9999&quot;(id: 10).data</a:value>
                    <a:nameRef>assignment</a:nameRef>
                    <a:id/>
                </a:ruleInputTestConfigs>
                <a:ruleInputTestConfigs>
                    <a:value xmlns:n1="urn:com:appian:types:CTS" xmlns:xsi="http://www.w3.org/2001/XMLSchema-instance" xsi:nil="true" xsi:type="n1:CTS_Folder"/>
                    <a:nameRef>folder</a:nameRef>
                    <a:id/>
                </a:ruleInputTestConfigs>
                <a:assertions xmlns:xsi="http://www.w3.org/2001/XMLSchema-instance" xsi:nil="true"/>
            </el>
        </value>
    </typedValue>
</contentHaul>
