<?xml version="1.0" encoding="UTF-8" standalone="yes"?>
<contentHaul xmlns:a="http://www.appian.com/ae/types/2009">
    <rule>
        <name>CTS_QRY_V_Folder_assignments</name>
        <uuid>_a-0000dc93-c482-8000-9ba2-011c48011c48_10727</uuid>
        <description>Query entity to return the folder assignments. Returns datasubset.</description>
        <parentUuid>_a-0000dc7a-bcb3-8000-9ba2-011c48011c48_6311</parentUuid>
        <visibility>
            <advertise>false</advertise>
            <hierarchy>true</hierarchy>
            <indexable>true</indexable>
            <quota>false</quota>
            <searchable>true</searchable>
            <system>false</system>
            <unlogged>false</unlogged>
        </visibility>
        <definition>=#&quot;SYSTEM_SYSRULES_queryEntity&quot;(
  entity: #&quot;_a-0000dc93-c482-8000-9ba2-011c48011c48_10728&quot;,
  query: #&quot;SYSTEM_SYSRULES_query&quot;(
    selection: if(#&quot;_a-0000d62a-67b3-8000-da6f-010000010000_951&quot;(ri!columns),
      null, 
      #&quot;SYSTEM_SYSRULES_querySelection&quot;(columns:apply(#&quot;SYSTEM_SYSRULES_queryColumn&quot;(
        field: _
      ), ri!columns) )
    ),
    logicalExpression: 
      #&quot;SYSTEM_SYSRULES_queryLogicalExpression&quot;(
        operator: &quot;AND&quot;,
        filters: {
          if(isnull(ri!id), {},
            #&quot;SYSTEM_SYSRULES_queryFilter&quot;(
              field: &quot;id&quot;,
              operator: &quot;=&quot;,
              value: ri!id
            )
          ),
          if(isnull(ri!owner),
            {},
            #&quot;SYSTEM_SYSRULES_queryFilter&quot;(
              field: &quot;owner&quot;,
              operator: &quot;=&quot;,
              value: ri!owner
            )
          ),
          if(isnull(ri!openFlag),
            {},
            #&quot;SYSTEM_SYSRULES_queryFilter&quot;(
              field: &quot;openFlag&quot;,
              operator: &quot;=&quot;,
              value: ri!openFlag
            )
          ),
          if(all(fn!isnull, {ri!due_to, ri!due_from}),
          {},
            #&quot;SYSTEM_SYSRULES_queryFilter&quot;(
              field: &quot;dueOn&quot;,
              operator: if(
                isnull(ri!due_from), &quot;&lt;=&quot;,
                if(isnull(ri!due_to), &quot;&gt;=&quot;, &quot;between&quot;) ),
              value: if(
                isnull(ri!due_from), ri!due_to,
                if(isnull(ri!due_to), ri!due_from, {ri!due_from, ri!due_to}) )
            )
          ),
        }
      ),
      pagingInfo: if(isnull(ri!pagingInfo),
      #&quot;SYSTEM_SYSRULES_pagingInfo&quot;(
        startIndex: 1,
        batchSize: -1
      ),
      ri!pagingInfo)
  )
)</definition>
        <namedTypedValue>
            <name>pagingInfo</name>
            <type>
                <name>PagingInfo</name>
                <namespace>http://www.appian.com/ae/types/2009</namespace>
            </type>
        </namedTypedValue>
        <namedTypedValue>
            <name>id</name>
            <type>
                <name>int</name>
                <namespace>http://www.w3.org/2001/XMLSchema</namespace>
            </type>
        </namedTypedValue>
        <namedTypedValue>
            <name>columns</name>
            <type>
                <name>Text?list</name>
                <namespace>http://www.appian.com/ae/types/2009</namespace>
            </type>
        </namedTypedValue>
        <namedTypedValue>
            <name>owner</name>
            <type>
                <name>string</name>
                <namespace>http://www.w3.org/2001/XMLSchema</namespace>
            </type>
            <value/>
        </namedTypedValue>
        <namedTypedValue>
            <name>openFlag</name>
            <type>
                <name>boolean</name>
                <namespace>http://www.w3.org/2001/XMLSchema</namespace>
            </type>
        </namedTypedValue>
        <namedTypedValue>
            <name>due_to</name>
            <type>
                <name>dateTime</name>
                <namespace>http://www.w3.org/2001/XMLSchema</namespace>
            </type>
        </namedTypedValue>
        <namedTypedValue>
            <name>due_from</name>
            <type>
                <name>dateTime</name>
                <namespace>http://www.w3.org/2001/XMLSchema</namespace>
            </type>
        </namedTypedValue>
        <preferredEditor>legacy</preferredEditor>
        <offlineEnabled>false</offlineEnabled>
    </rule>
    <roleMap public="true">
        <role allowForAll="false" inherit="true" name="readers">
            <users/>
            <groups/>
        </role>
        <role allowForAll="false" inherit="true" name="authors">
            <users/>
            <groups/>
        </role>
        <role allowForAll="false" inherit="true" name="administrators">
            <users/>
            <groups/>
        </role>
        <role allowForAll="false" inherit="false" name="denyReaders">
            <users/>
            <groups/>
        </role>
        <role allowForAll="false" inherit="false" name="denyAuthors">
            <users/>
            <groups/>
        </role>
        <role allowForAll="false" inherit="false" name="denyAdministrators">
            <users/>
            <groups/>
        </role>
    </roleMap>
    <typedValue>
        <type>
            <name>RuleTestConfig?list</name>
            <namespace>http://www.appian.com/ae/types/2009</namespace>
        </type>
        <value>
            <el>
                <a:name>Test Active Flag and Paging Info</a:name>
                <a:ruleInputTestConfigs>
                    <a:value xmlns:xsi="http://www.w3.org/2001/XMLSchema-instance" xsi:type="a:Expression">#&quot;SYSTEM_SYSRULES_pagingInfo&quot;(
  startIndex: 1,
  batchSize: 1
)</a:value>
                    <a:nameRef>pagingInfo</a:nameRef>
                    <a:id>1</a:id>
                </a:ruleInputTestConfigs>
                <a:ruleInputTestConfigs>
                    <a:value xmlns:xsd="http://www.w3.org/2001/XMLSchema" xmlns:xsi="http://www.w3.org/2001/XMLSchema-instance" xsi:nil="true" xsi:type="xsd:int"/>
                    <a:nameRef>id</a:nameRef>
                    <a:id>2</a:id>
                </a:ruleInputTestConfigs>
                <a:ruleInputTestConfigs>
                    <a:value xmlns:xsi="http://www.w3.org/2001/XMLSchema-instance" xsi:nil="true"/>
                    <a:nameRef>columns</a:nameRef>
                    <a:id>3</a:id>
                </a:ruleInputTestConfigs>
                <a:ruleInputTestConfigs>
                    <a:value xmlns:xsi="http://www.w3.org/2001/XMLSchema-instance" xsi:nil="true"/>
                    <a:nameRef>owner</a:nameRef>
                    <a:id>4</a:id>
                </a:ruleInputTestConfigs>
                <a:ruleInputTestConfigs>
                    <a:value xmlns:xsi="http://www.w3.org/2001/XMLSchema-instance" xsi:nil="true"/>
                    <a:nameRef>openFlag</a:nameRef>
                    <a:id>5</a:id>
                </a:ruleInputTestConfigs>
                <a:ruleInputTestConfigs>
                    <a:value xmlns:xsi="http://www.w3.org/2001/XMLSchema-instance" xsi:nil="true"/>
                    <a:nameRef>due_to</a:nameRef>
                    <a:id>6</a:id>
                </a:ruleInputTestConfigs>
                <a:ruleInputTestConfigs>
                    <a:value xmlns:xsi="http://www.w3.org/2001/XMLSchema-instance" xsi:nil="true"/>
                    <a:nameRef>due_from</a:nameRef>
                    <a:id>7</a:id>
                </a:ruleInputTestConfigs>
                <a:assertions xmlns:xsi="http://www.w3.org/2001/XMLSchema-instance" xsi:nil="true"/>
            </el>
            <el>
                <a:name>Query Column</a:name>
                <a:ruleInputTestConfigs>
                    <a:value xmlns:xsi="http://www.w3.org/2001/XMLSchema-instance" xsi:nil="true" xsi:type="a:PagingInfo"/>
                    <a:nameRef>pagingInfo</a:nameRef>
                    <a:id>1</a:id>
                </a:ruleInputTestConfigs>
                <a:ruleInputTestConfigs>
                    <a:value xmlns:xsd="http://www.w3.org/2001/XMLSchema" xmlns:xsi="http://www.w3.org/2001/XMLSchema-instance" xsi:type="xsd:int">1</a:value>
                    <a:nameRef>id</a:nameRef>
                    <a:id>2</a:id>
                </a:ruleInputTestConfigs>
                <a:ruleInputTestConfigs>
                    <a:value xmlns:xsi="http://www.w3.org/2001/XMLSchema-instance" xsi:type="a:Expression">={&quot;id&quot;}</a:value>
                    <a:nameRef>columns</a:nameRef>
                    <a:id>3</a:id>
                </a:ruleInputTestConfigs>
                <a:ruleInputTestConfigs>
                    <a:value xmlns:xsi="http://www.w3.org/2001/XMLSchema-instance" xsi:nil="true"/>
                    <a:nameRef>owner</a:nameRef>
                    <a:id>4</a:id>
                </a:ruleInputTestConfigs>
                <a:ruleInputTestConfigs>
                    <a:value xmlns:xsi="http://www.w3.org/2001/XMLSchema-instance" xsi:nil="true"/>
                    <a:nameRef>openFlag</a:nameRef>
                    <a:id>5</a:id>
                </a:ruleInputTestConfigs>
                <a:ruleInputTestConfigs>
                    <a:value xmlns:xsi="http://www.w3.org/2001/XMLSchema-instance" xsi:nil="true"/>
                    <a:nameRef>due_to</a:nameRef>
                    <a:id>6</a:id>
                </a:ruleInputTestConfigs>
                <a:ruleInputTestConfigs>
                    <a:value xmlns:xsi="http://www.w3.org/2001/XMLSchema-instance" xsi:nil="true"/>
                    <a:nameRef>due_from</a:nameRef>
                    <a:id>7</a:id>
                </a:ruleInputTestConfigs>
                <a:assertions xmlns:xsi="http://www.w3.org/2001/XMLSchema-instance" xsi:nil="true"/>
            </el>
        </value>
    </typedValue>
</contentHaul>
