<?xml version="1.0" encoding="UTF-8" standalone="yes"?>
<contentHaul xmlns:a="http://www.appian.com/ae/types/2009">
    <rule>
        <name>CTS_RULE_Utility_getUsersAndGroupsFromText</name>
        <uuid>_a-0000dc8b-8f45-8000-9ba2-011c48011c48_9152</uuid>
        <description>Given text, it will return the corresponding users and groups.
returnType is optional and it can be USER, GROUP, or BOTH</description>
        <parentUuid>_a-0000dc7a-bcb3-8000-9ba2-011c48011c48_6252</parentUuid>
        <visibility>
            <advertise>false</advertise>
            <hierarchy>true</hierarchy>
            <indexable>true</indexable>
            <quota>false</quota>
            <searchable>true</searchable>
            <system>false</system>
            <unlogged>false</unlogged>
        </visibility>
        <definition>=with(local!array: split(stripwith(ri!text, &quot; &quot;), #&quot;_a-0000dc8b-8f45-8000-9ba2-011c48011c48_9150&quot;),
  if(isnull(ri!text), {},
  {
    if(ri!returnType=&quot;USER&quot;,
      {},
      togroup(  extract( ri!text, &quot;[Group:&quot;, &quot;]&quot;) )
    ),
    if(ri!returnType=&quot;GROUP&quot;,
      {},
      touser(index(local!array, 
      where(apply(isusernametaken( _), local!array)), {}))
    )
  }
  /* I tried casting, but I kept getting errors in the picker field*/
  /*for an invalid group */
  /*cast(127, local!array)[1]*/
  )
)</definition>
        <namedTypedValue>
            <name>text</name>
            <type>
                <name>string</name>
                <namespace>http://www.w3.org/2001/XMLSchema</namespace>
            </type>
            <value/>
        </namedTypedValue>
        <namedTypedValue>
            <name>returnType</name>
            <type>
                <name>string</name>
                <namespace>http://www.w3.org/2001/XMLSchema</namespace>
            </type>
            <value/>
        </namedTypedValue>
        <preferredEditor>legacy</preferredEditor>
        <offlineEnabled>false</offlineEnabled>
    </rule>
    <roleMap public="true">
        <role allowForAll="false" inherit="true" name="readers">
            <users/>
            <groups/>
        </role>
        <role allowForAll="false" inherit="true" name="authors">
            <users/>
            <groups/>
        </role>
        <role allowForAll="false" inherit="true" name="administrators">
            <users/>
            <groups/>
        </role>
        <role allowForAll="false" inherit="false" name="denyReaders">
            <users/>
            <groups/>
        </role>
        <role allowForAll="false" inherit="false" name="denyAuthors">
            <users/>
            <groups/>
        </role>
        <role allowForAll="false" inherit="false" name="denyAdministrators">
            <users/>
            <groups/>
        </role>
    </roleMap>
</contentHaul>
