<?xml version="1.0" encoding="UTF-8" standalone="yes"?>
<contentHaul xmlns:a="http://www.appian.com/ae/types/2009">
    <queryRule>
        <name>CTS_QRYR_Doc</name>
        <uuid>a1b08ffa-9233-480f-b1b9-438bc3ecdf68</uuid>
        <description>Query documents by tags and basic filters</description>
        <folderUuid>_a-0000dc93-c482-8000-9ba2-011c48011c48_10140</folderUuid>
        <dataStoreEntityCompositeUuid>75512fa7-2cd5-49cc-abde-fe50622f46c6@_a-0000dd17-9077-8000-9ba2-011c48011c48_10096</dataStoreEntityCompositeUuid>
        <params>
            <param>
                <description></description>
                <name>tagIds</name>
                <type>{http://www.appian.com/ae/types/2009}Integer?list</type>
            </param>
            <param>
                <description></description>
                <name>title</name>
                <type>{http://www.w3.org/2001/XMLSchema}string</type>
            </param>
            <param>
                <description></description>
                <name>subject</name>
                <type>{http://www.w3.org/2001/XMLSchema}string</type>
            </param>
            <param>
                <description></description>
                <name>author</name>
                <type>{http://www.w3.org/2001/XMLSchema}string</type>
            </param>
            <param>
                <description></description>
                <name>createdBy</name>
                <type>{http://www.w3.org/2001/XMLSchema}string</type>
            </param>
            <param>
                <description></description>
                <name>lastModifiedBy</name>
                <type>{http://www.w3.org/2001/XMLSchema}string</type>
            </param>
        </params>
        <filters>
            <filter>
                <field>
                    <name>tags</name>
                    <type>{http://www.appian.com/ae/types/2009}List</type>
                </field>
                <field>
                    <name>id</name>
                    <type>{http://www.w3.org/2001/XMLSchema}int</type>
                </field>
                <op>in</op>
                <value>tagIds</value>
                <valueType>PARAMETER</valueType>
            </filter>
            <filter>
                <field>
                    <name>title</name>
                    <type>{http://www.w3.org/2001/XMLSchema}string</type>
                </field>
                <op>includes</op>
                <value>title</value>
                <valueType>PARAMETER</valueType>
            </filter>
            <filter>
                <field>
                    <name>subject</name>
                    <type>{http://www.w3.org/2001/XMLSchema}string</type>
                </field>
                <op>includes</op>
                <value>subject</value>
                <valueType>PARAMETER</valueType>
            </filter>
            <filter>
                <field>
                    <name>author</name>
                    <type>{http://www.w3.org/2001/XMLSchema}string</type>
                </field>
                <op>includes</op>
                <value>author</value>
                <valueType>PARAMETER</valueType>
            </filter>
            <filter>
                <field>
                    <name>createdBy</name>
                    <type>{http://www.w3.org/2001/XMLSchema}string</type>
                </field>
                <op>includes</op>
                <value>createdBy</value>
                <valueType>PARAMETER</valueType>
            </filter>
            <filter>
                <field>
                    <name>lastModifiedBy</name>
                    <type>{http://www.w3.org/2001/XMLSchema}string</type>
                </field>
                <op>includes</op>
                <value>lastModifiedBy</value>
                <valueType>PARAMETER</valueType>
            </filter>
        </filters>
        <orderings/>
    </queryRule>
    <roleMap public="false">
        <role allowForAll="false" inherit="true" name="readers">
            <users/>
            <groups/>
        </role>
        <role allowForAll="false" inherit="true" name="authors">
            <users/>
            <groups/>
        </role>
        <role allowForAll="false" inherit="true" name="administrators">
            <users>
                <userUuid>katie.hsu</userUuid>
            </users>
            <groups/>
        </role>
        <role allowForAll="false" inherit="false" name="denyReaders">
            <users/>
            <groups/>
        </role>
        <role allowForAll="false" inherit="false" name="denyAuthors">
            <users/>
            <groups/>
        </role>
        <role allowForAll="false" inherit="false" name="denyAdministrators">
            <users/>
            <groups/>
        </role>
    </roleMap>
</contentHaul>
