<?xml version="1.0" encoding="UTF-8" standalone="yes"?>
<contentHaul xmlns:a="http://www.appian.com/ae/types/2009">
    <rule>
        <name>SYS_GDRW_Outage_files</name>
        <uuid>419ac660-e66c-45e6-9826-21d9c1d93f22</uuid>
        <description>Grid row rule for Outage Files</description>
        <parentUuid>_a-0000dd4b-0482-8000-9ba2-011c48011c48_16927</parentUuid>
        <visibility>
            <advertise>false</advertise>
            <hierarchy>true</hierarchy>
            <indexable>true</indexable>
            <quota>false</quota>
            <searchable>true</searchable>
            <system>false</system>
            <unlogged>false</unlogged>
        </visibility>
        <definition>with(&#xD;
  local!unwrittenFile: #&quot;2168a5de-fb70-4d66-8b97-b547e3ac6e57&quot;(ri!outage_document_cdt[ri!index].fileId),&#xD;
  local!unstableFile: #&quot;2168a5de-fb70-4d66-8b97-b547e3ac6e57&quot;(ri!outage_document_cdt[ri!index].name), /* still has temporary document id */&#xD;
  local!disableMoveUp: ri!index=1,&#xD;
  local!disableMoveDown: ri!index=count(ri!outage_document_cdt),&#xD;
  local!disableDelete: and(ri!createFlag, not(local!unwrittenFile)),&#xD;
  #&quot;SYSTEM_SYSRULES_gridRowLayout&quot;(&#xD;
    id: ri!index,&#xD;
    contents: {&#xD;
      if(local!unstableFile,&#xD;
        #&quot;SYSTEM_SYSRULES_fileUploadField&quot;(&#xD;
          target: ri!targetFolder,&#xD;
          value: ri!outage_document_cdt[ri!index].appianDocumentId,&#xD;
          saveInto: {&#xD;
            ri!outage_document_cdt[ri!index].appianDocumentId&#xD;
          }&#xD;
        ),&#xD;
        #&quot;SYSTEM_SYSRULES_linkField&quot;(&#xD;
          links: #&quot;455dd2e0-db08-4a39-b20e-6f0550299572&quot;(&#xD;
            document: ri!outage_document_cdt[ri!index].appianDocumentId,&#xD;
            label: ri!outage_document_cdt[ri!index].name&#xD;
          )&#xD;
        )&#xD;
      ),&#xD;
      #&quot;_a-0000dd0d-462c-8000-9ba2-011c48011c48_3687&quot;(&#xD;
        value: ri!outage_document_cdt[ri!index].summary,&#xD;
        saveInto: ri!outage_document_cdt[ri!index].summary,&#xD;
        readOnly: local!disableDelete&#xD;
      ),&#xD;
      #&quot;_a-0000dd0d-462c-8000-9ba2-011c48011c48_3690&quot;(&#xD;
        value: #&quot;64f07310-4544-413c-96ea-2bd500ad735e&quot;(ri!outage_document_cdt[ri!index].createdBy),&#xD;
        readOnly: true&#xD;
      ),&#xD;
      #&quot;_a-0000dd0d-462c-8000-9ba2-011c48011c48_3690&quot;(&#xD;
        value: ri!outage_document_cdt[ri!index].createdDatetime,&#xD;
        readOnly: true&#xD;
      ),&#xD;
      #&quot;SYSTEM_SYSRULES_imageField&quot;(&#xD;
        label: &quot;delete&quot; &amp; ri!index,&#xD;
        images: #&quot;SYSTEM_SYSRULES_documentImage&quot;(&#xD;
          document: #&quot;SYSTEM_SYSRULES_iconIndicator&quot;(&#xD;
            icon: if(local!disableDelete, &quot;REMOVE_DISABLED&quot;, &quot;REMOVE&quot;)&#xD;
          ),&#xD;
          altText: &quot;Delete&quot;,&#xD;
          caption: &quot;Delete&quot;,&#xD;
          link: if(local!disableDelete,&#xD;
            {},&#xD;
            #&quot;SYSTEM_SYSRULES_dynamicLink&quot;(&#xD;
              value: ri!index,&#xD;
              saveInto: {&#xD;
                a!save(&#xD;
                  ri!outage_document_cdt,&#xD;
                  remove(ri!outage_document_cdt, ri!index)&#xD;
                )&#xD;
              }&#xD;
            )&#xD;
          )&#xD;
        ),&#xD;
        size: &quot;ICON&quot;&#xD;
      )&#xD;
    }&#xD;
  )&#xD;
)</definition>
        <namedTypedValue>
            <name>index</name>
            <type>
                <name>int</name>
                <namespace>http://www.w3.org/2001/XMLSchema</namespace>
            </type>
        </namedTypedValue>
        <namedTypedValue>
            <name>outage_document_cdt</name>
            <type>
                <name>SYS_Outage_Document?list</name>
                <namespace>urn:com:appian:types:SYS</namespace>
            </type>
        </namedTypedValue>
        <namedTypedValue>
            <name>targetFolder</name>
            <type>
                <name>CollaborationFolder</name>
                <namespace>http://www.appian.com/ae/types/2009</namespace>
            </type>
        </namedTypedValue>
        <namedTypedValue>
            <name>createFlag</name>
            <type>
                <name>boolean</name>
                <namespace>http://www.w3.org/2001/XMLSchema</namespace>
            </type>
        </namedTypedValue>
        <preferredEditor>interface</preferredEditor>
        <offlineEnabled>false</offlineEnabled>
    </rule>
    <roleMap public="true">
        <role allowForAll="false" inherit="true" name="readers">
            <users/>
            <groups/>
        </role>
        <role allowForAll="false" inherit="true" name="authors">
            <users/>
            <groups/>
        </role>
        <role allowForAll="false" inherit="true" name="administrators">
            <users>
                <userUuid>todd.lotterer</userUuid>
            </users>
            <groups/>
        </role>
        <role allowForAll="false" inherit="false" name="denyReaders">
            <users/>
            <groups/>
        </role>
        <role allowForAll="false" inherit="false" name="denyAuthors">
            <users/>
            <groups/>
        </role>
        <role allowForAll="false" inherit="false" name="denyAdministrators">
            <users/>
            <groups/>
        </role>
    </roleMap>
</contentHaul>
