<?xml version="1.0" encoding="UTF-8" standalone="yes"?>
<contentHaul xmlns:a="http://www.appian.com/ae/types/2009">
    <rule>
        <name>SYS_GRID_fileUploadGrid</name>
        <uuid>46979fa8-cfac-43e7-bb91-166a9bcbb5ef</uuid>
        <description>Grid section used to upload multiple files at once</description>
        <parentUuid>_a-0000dd4b-0482-8000-9ba2-011c48011c48_16926</parentUuid>
        <visibility>
            <advertise>false</advertise>
            <hierarchy>true</hierarchy>
            <indexable>true</indexable>
            <quota>false</quota>
            <searchable>true</searchable>
            <system>false</system>
            <unlogged>false</unlogged>
        </visibility>
        <definition>#&quot;SYSTEM_SYSRULES_sectionLayout&quot;(
  label: &quot;Attachments&quot;,
  firstColumnContents: {
    #&quot;SYSTEM_SYSRULES_gridLayout&quot;(
      emptygridmessage: &quot;No files.&quot;,
      headerCells: {
        #&quot;SYSTEM_SYSRULES_gridLayoutHeaderCell&quot;(label: &quot;Name&quot;),
        #&quot;SYSTEM_SYSRULES_gridLayoutHeaderCell&quot;(label: &quot;Description&quot;),          
        #&quot;SYSTEM_SYSRULES_gridLayoutHeaderCell&quot;(label: &quot;File&quot;),
        #&quot;SYSTEM_SYSRULES_gridLayoutHeaderCell&quot;(label: &quot;Uploaded&quot;, align: &quot;LEFT&quot;),
        #&quot;SYSTEM_SYSRULES_gridLayoutHeaderCell&quot;(label: &quot;&quot;) /* This is the header for the delete column. */
      },
      /* columnConfigs is used to determine the width of the columns.
          Weights should work by totalling the values of all assigned weights 
          and distributing by percentage across distributed fields.
          Weight 7 = ~40% */
      columnConfigs: {
        #&quot;SYSTEM_SYSRULES_gridLayoutColumnConfig&quot;(width: &quot;DISTRIBUTE&quot;, weight: 4),
        #&quot;SYSTEM_SYSRULES_gridLayoutColumnConfig&quot;(width: &quot;DISTRIBUTE&quot;, weight: 7),           
        #&quot;SYSTEM_SYSRULES_gridLayoutColumnConfig&quot;(width: &quot;DISTRIBUTE&quot;, weight: 4),
        #&quot;SYSTEM_SYSRULES_gridLayoutColumnConfig&quot;(width: &quot;DISTRIBUTE&quot;, weight: 2),          
        #&quot;SYSTEM_SYSRULES_gridLayoutColumnConfig&quot;(width: &quot;ICON&quot;)
      },
      rows: #&quot;SYSTEM_SYSRULES_applyComponents&quot;( /* this calls the rule to generate the rows */
        function: #&quot;64efd1c7-73e0-4180-88d5-48dc4068993a&quot;(
          attachments_cdt: ri!attachments_cdt,
          index: _,
          attachmentsToken: ri!attachmentsToken,
          folderId: ri!folderId,
          abandon: ri!abandon /* a catch for files that they add then remove with the row-remove link */
        ),
        array: if(or(isnull(ri!attachments_cdt), count(ri!attachments_cdt) &lt; 1), {}, 1+enumerate(count(ri!attachments_cdt))),
        arrayVariable: ri!attachmentsToken
      ),
      selectable: false,
      selectiondisabled: false,
      addRowLink: #&quot;SYSTEM_SYSRULES_dynamicLink&quot;(
        label: &quot;Add File&quot;,
        value: {id: 1}, /* id: 1 is a keypair that's added to the fileblob when they click &quot;add file.&quot; It has no other meaning; there is no ID in the CDT or anything, it's just being used as a marker of which rows are new */
        saveInto: {
          a!save(ri!attachments_cdt, 
          append(ri!attachments_cdt, save!value)),
          a!save(ri!attachmentsToken, append(ri!attachmentsToken, save!value))
        }
      )
    )
  },
  isCollapsible: true
)
</definition>
        <namedTypedValue>
            <name>attachments_cdt</name>
            <type>
                <name>Variant</name>
                <namespace>http://www.appian.com/ae/types/2009</namespace>
            </type>
        </namedTypedValue>
        <namedTypedValue>
            <name>attachmentsToken</name>
            <type>
                <name>Variant</name>
                <namespace>http://www.appian.com/ae/types/2009</namespace>
            </type>
        </namedTypedValue>
        <namedTypedValue>
            <name>abandon</name>
            <type>
                <name>Variant</name>
                <namespace>http://www.appian.com/ae/types/2009</namespace>
            </type>
        </namedTypedValue>
        <namedTypedValue>
            <name>folderId</name>
            <type>
                <name>int</name>
                <namespace>http://www.w3.org/2001/XMLSchema</namespace>
            </type>
        </namedTypedValue>
        <preferredEditor>interface</preferredEditor>
        <offlineEnabled>false</offlineEnabled>
    </rule>
    <roleMap public="true">
        <role allowForAll="false" inherit="true" name="readers">
            <users/>
            <groups/>
        </role>
        <role allowForAll="false" inherit="true" name="authors">
            <users/>
            <groups/>
        </role>
        <role allowForAll="false" inherit="true" name="administrators">
            <users>
                <userUuid>todd.lotterer</userUuid>
            </users>
            <groups/>
        </role>
        <role allowForAll="false" inherit="false" name="denyReaders">
            <users/>
            <groups/>
        </role>
        <role allowForAll="false" inherit="false" name="denyAuthors">
            <users/>
            <groups/>
        </role>
        <role allowForAll="false" inherit="false" name="denyAdministrators">
            <users/>
            <groups/>
        </role>
    </roleMap>
    <typedValue>
        <type>
            <name>RuleTestConfig?list</name>
            <namespace>http://www.appian.com/ae/types/2009</namespace>
        </type>
        <value>
            <el>
                <a:name/>
                <a:ruleInputTestConfigs>
                    <a:value xmlns:xsd="http://www.w3.org/2001/XMLSchema" xmlns:xsi="http://www.w3.org/2001/XMLSchema-instance" xsi:type="xsd:string"/>
                    <a:nameRef>attachments_cdt</a:nameRef>
                    <a:id/>
                </a:ruleInputTestConfigs>
                <a:ruleInputTestConfigs>
                    <a:value xmlns:xsd="http://www.w3.org/2001/XMLSchema" xmlns:xsi="http://www.w3.org/2001/XMLSchema-instance" xsi:type="xsd:string"/>
                    <a:nameRef>attachmentsToken</a:nameRef>
                    <a:id/>
                </a:ruleInputTestConfigs>
                <a:ruleInputTestConfigs>
                    <a:value xmlns:xsd="http://www.w3.org/2001/XMLSchema" xmlns:xsi="http://www.w3.org/2001/XMLSchema-instance" xsi:type="xsd:string"/>
                    <a:nameRef>abandon</a:nameRef>
                    <a:id/>
                </a:ruleInputTestConfigs>
                <a:ruleInputTestConfigs>
                    <a:value xmlns:xsd="http://www.w3.org/2001/XMLSchema" xmlns:xsi="http://www.w3.org/2001/XMLSchema-instance" xsi:nil="true" xsi:type="xsd:int"/>
                    <a:nameRef>folderId</a:nameRef>
                    <a:id/>
                </a:ruleInputTestConfigs>
                <a:assertions xmlns:xsi="http://www.w3.org/2001/XMLSchema-instance" xsi:nil="true"/>
            </el>
        </value>
    </typedValue>
</contentHaul>
