<?xml version="1.0" encoding="UTF-8" standalone="yes"?>
<contentHaul xmlns:a="http://www.appian.com/ae/types/2009">
    <rule>
        <name>SYS_QRY_getDocumentsByOutageId</name>
        <uuid>5b362e44-8e46-4f64-bcf9-4fd1ea8b522c</uuid>
        <description>Gets a SYS_Workflow_Comment given the systemId</description>
        <parentUuid>_a-0000dd4b-0482-8000-9ba2-011c48011c48_16934</parentUuid>
        <visibility>
            <advertise>false</advertise>
            <hierarchy>true</hierarchy>
            <indexable>true</indexable>
            <quota>false</quota>
            <searchable>true</searchable>
            <system>false</system>
            <unlogged>false</unlogged>
        </visibility>
        <definition>#&quot;SYSTEM_SYSRULES_queryEntity&quot;(&#xD;
  entity: #&quot;_a-0000dd72-ed8d-8000-9ba2-011c48011c48_25424&quot;,&#xD;
  query: #&quot;SYSTEM_SYSRULES_query&quot;(&#xD;
    filter: #&quot;SYSTEM_SYSRULES_queryFilter&quot;(&#xD;
      field: &quot;outageId&quot;,&#xD;
      operator: &quot;=&quot;,&#xD;
      value: ri!outageId&#xD;
    ),&#xD;
    pagingInfo: #&quot;SYSTEM_SYSRULES_pagingInfo&quot;(1, -1)&#xD;
  )&#xD;
).data</definition>
        <namedTypedValue>
            <name>outageId</name>
            <type>
                <name>int</name>
                <namespace>http://www.w3.org/2001/XMLSchema</namespace>
            </type>
        </namedTypedValue>
        <preferredEditor>legacy</preferredEditor>
        <offlineEnabled>false</offlineEnabled>
    </rule>
    <roleMap public="true">
        <role allowForAll="false" inherit="true" name="readers">
            <users/>
            <groups/>
        </role>
        <role allowForAll="false" inherit="true" name="authors">
            <users/>
            <groups/>
        </role>
        <role allowForAll="false" inherit="true" name="administrators">
            <users/>
            <groups/>
        </role>
        <role allowForAll="false" inherit="false" name="denyReaders">
            <users/>
            <groups/>
        </role>
        <role allowForAll="false" inherit="false" name="denyAuthors">
            <users/>
            <groups/>
        </role>
        <role allowForAll="false" inherit="false" name="denyAdministrators">
            <users/>
            <groups/>
        </role>
    </roleMap>
</contentHaul>
