<?xml version="1.0" encoding="UTF-8" standalone="yes"?>
<contentHaul xmlns:a="http://www.appian.com/ae/types/2009">
    <rule>
        <name>SYS_SCT_Outage_files</name>
        <uuid>5d065d8f-d0d3-421a-a66d-3e9990b445b8</uuid>
        <description>Section that will store the files grid of an outage.</description>
        <parentUuid>_a-0000dd4b-0482-8000-9ba2-011c48011c48_16939</parentUuid>
        <visibility>
            <advertise>false</advertise>
            <hierarchy>true</hierarchy>
            <indexable>true</indexable>
            <quota>false</quota>
            <searchable>true</searchable>
            <system>false</system>
            <unlogged>false</unlogged>
        </visibility>
        <definition>load(&#xD;
  local!selectedDocId,&#xD;
  {&#xD;
    #&quot;SYSTEM_SYSRULES_sectionLayout&quot;(&#xD;
      label: &quot;Files&quot;,&#xD;
      firstColumnContents: {&#xD;
        if(&#xD;
          ri!hideTabLinksFlag,&#xD;
          {},&#xD;
          #&quot;ec1839c6-de8f-4834-8397-681ea3dbeed5&quot;(&#xD;
            labels: {&#xD;
              &quot;View Existing&quot;,&#xD;
              &quot;Add/Edit&quot;&#xD;
            },&#xD;
            tabToShow: ri!tabToShow&#xD;
          )&#xD;
        ),&#xD;
        choose(&#xD;
          ri!tabToShow,&#xD;
          {&#xD;
            #&quot;SYSTEM_SYSRULES_gridField&quot;(&#xD;
              totalCount: ri!dataSubset.totalCount,&#xD;
              columns: {&#xD;
                #&quot;SYSTEM_SYSRULES_gridTextColumn&quot;(&#xD;
                  label: &quot;Name&quot;,&#xD;
                  field: &quot;name&quot;,&#xD;
                  data: apply(&#xD;
                    #&quot;df880a20-3cdc-4628-81b7-da4a49b68c25&quot;,&#xD;
                    index(&#xD;
                      ri!dataSubset.data,&#xD;
                      &quot;name&quot;,&#xD;
                      {}&#xD;
                    )&#xD;
                  ),&#xD;
                  links: {&#xD;
                    apply(&#xD;
                      #&quot;SYSTEM_SYSRULES_documentDownloadLink&quot;(&#xD;
                        document: _,&#xD;
                        label: _&#xD;
                      ),&#xD;
                      merge(&#xD;
                        index(&#xD;
                          ri!dataSubset.data,&#xD;
                          &quot;appianDocumentId&quot;,&#xD;
                          {}&#xD;
                        ),&#xD;
                        index(&#xD;
                          ri!dataSubset.data,&#xD;
                          &quot;name&quot;,&#xD;
                          {}&#xD;
                        )&#xD;
                      )&#xD;
                    )&#xD;
                  }&#xD;
                ),&#xD;
                #&quot;SYSTEM_SYSRULES_gridTextColumn&quot;(&#xD;
                  label: &quot;Summary&quot;,&#xD;
                  field: &quot;summary&quot;,&#xD;
                  data: index(&#xD;
                    ri!dataSubset.data,&#xD;
                    &quot;summary&quot;,&#xD;
                    {}&#xD;
                  )&#xD;
                ),&#xD;
                #&quot;SYSTEM_SYSRULES_gridTextColumn&quot;(&#xD;
                  label: &quot;Uploaded By&quot;,&#xD;
                  field: &quot;createdBy&quot;,&#xD;
                  data: apply(&#xD;
                    #&quot;64f07310-4544-413c-96ea-2bd500ad735e&quot;(user: _),&#xD;
                    index(ri!dataSubset.data, &quot;createdBy&quot;, {})&#xD;
                  )&#xD;
                ),&#xD;
                #&quot;SYSTEM_SYSRULES_gridTextColumn&quot;(&#xD;
                  label: &quot;Uploaded On&quot;,&#xD;
                  field: &quot;createdDatetime&quot;,&#xD;
                  data: index(&#xD;
                    ri!dataSubset.data,&#xD;
                    &quot;createdDatetime&quot;,&#xD;
                    {}&#xD;
                  )&#xD;
                )&#xD;
              },&#xD;
              value: ri!pagingInfo,&#xD;
              saveInto: #&quot;4c0833a9-0127-4d25-9d6d-cb881c688e7d&quot;(&#xD;
                gridSelectionOrPagingInfo: ri!pagingInfo,&#xD;
                additionalSaveInto: a!save(&#xD;
                  ri!dataSubset,&#xD;
                  todatasubset(&#xD;
                    ri!outage_document_cdt,&#xD;
                    ri!pagingInfo&#xD;
                  )&#xD;
                )&#xD;
              )&#xD;
            )&#xD;
            &#xD;
          },&#xD;
          {&#xD;
            #&quot;SYSTEM_SYSRULES_gridLayout&quot;(&#xD;
              headerCells: #&quot;SYSTEM_SYSRULES_applyComponents&quot;(&#xD;
                function: #&quot;SYSTEM_SYSRULES_gridLayoutHeaderCell&quot;(&#xD;
                  label: _&#xD;
                ),&#xD;
                array: {&#xD;
                  &quot;Name&quot;,&#xD;
                  &quot;Summary&quot;,&#xD;
                  &quot;Uploaded By&quot;,&#xD;
                  &quot;Uploaded On&quot;,&#xD;
                  if(&#xD;
                    ri!readOnly,&#xD;
                    {},&#xD;
                    {&#xD;
                      null&#xD;
                    }&#xD;
                  )&#xD;
                }&#xD;
              ),&#xD;
              columnConfigs: #&quot;SYSTEM_SYSRULES_applyComponents&quot;(&#xD;
                function: #&quot;SYSTEM_SYSRULES_gridLayoutColumnConfig&quot;(&#xD;
                  weight: _&#xD;
                ),&#xD;
                array: {&#xD;
                  6,&#xD;
                  6,&#xD;
                  4,&#xD;
                  4,&#xD;
                  2&#xD;
                }&#xD;
              ),&#xD;
              rows: #&quot;SYSTEM_SYSRULES_applyComponents&quot;(&#xD;
                function: #&quot;419ac660-e66c-45e6-9826-21d9c1d93f22&quot;(&#xD;
                  index: _,&#xD;
                  outage_document_cdt: ri!outage_document_cdt,&#xD;
                  targetFolder: ri!outage_cdt.appianFolderId&#xD;
                ),&#xD;
                array: if(&#xD;
                  #&quot;2168a5de-fb70-4d66-8b97-b547e3ac6e57&quot;(&#xD;
                    ri!outage_document_cdt&#xD;
                  ),&#xD;
                  {},&#xD;
                  enumerate(&#xD;
                    length(&#xD;
                      ri!outage_document_cdt&#xD;
                    )&#xD;
                  ) + 1&#xD;
                )&#xD;
              ),&#xD;
              addRowLink: #&quot;SYSTEM_SYSRULES_dynamicLink&quot;(&#xD;
                label: &quot;Add File&quot;,&#xD;
                value: 'type!{urn:com:appian:types:SYS}SYS_Outage_Document'(&#xD;
                  outageId: ri!outage_cdt.outageId,&#xD;
                  createdBy: loggedInUser(),&#xD;
                  createdDatetime: now()&#xD;
                ),&#xD;
                saveInto: a!save(&#xD;
                  ri!outage_document_cdt,&#xD;
                  append(&#xD;
                    ri!outage_document_cdt,&#xD;
                    save!value&#xD;
                  )&#xD;
                )&#xD;
              )&#xD;
            )&#xD;
          }&#xD;
        )&#xD;
      }&#xD;
    )&#xD;
  }&#xD;
)</definition>
        <namedTypedValue>
            <name>tabToShow</name>
            <type>
                <name>int</name>
                <namespace>http://www.w3.org/2001/XMLSchema</namespace>
            </type>
        </namedTypedValue>
        <namedTypedValue>
            <name>pagingInfo</name>
            <type>
                <name>PagingInfo</name>
                <namespace>http://www.appian.com/ae/types/2009</namespace>
            </type>
        </namedTypedValue>
        <namedTypedValue>
            <name>hideTabLinksFlag</name>
            <type>
                <name>boolean</name>
                <namespace>http://www.w3.org/2001/XMLSchema</namespace>
            </type>
        </namedTypedValue>
        <namedTypedValue>
            <name>readOnly</name>
            <type>
                <name>boolean</name>
                <namespace>http://www.w3.org/2001/XMLSchema</namespace>
            </type>
        </namedTypedValue>
        <namedTypedValue>
            <name>outage_document_cdt</name>
            <type>
                <name>SYS_Outage_Document?list</name>
                <namespace>urn:com:appian:types:SYS</namespace>
            </type>
        </namedTypedValue>
        <namedTypedValue>
            <name>dataSubset</name>
            <type>
                <name>DataSubset</name>
                <namespace>http://www.appian.com/ae/types/2009</namespace>
            </type>
        </namedTypedValue>
        <namedTypedValue>
            <name>outage_cdt</name>
            <type>
                <name>SYS_Outage</name>
                <namespace>urn:com:appian:types:SYS</namespace>
            </type>
        </namedTypedValue>
        <namedTypedValue>
            <name>createFlag</name>
            <type>
                <name>boolean</name>
                <namespace>http://www.w3.org/2001/XMLSchema</namespace>
            </type>
        </namedTypedValue>
        <preferredEditor>interface</preferredEditor>
        <offlineEnabled>false</offlineEnabled>
    </rule>
    <roleMap public="true">
        <role allowForAll="false" inherit="true" name="readers">
            <users/>
            <groups/>
        </role>
        <role allowForAll="false" inherit="true" name="authors">
            <users/>
            <groups/>
        </role>
        <role allowForAll="false" inherit="true" name="administrators">
            <users>
                <userUuid>todd.lotterer</userUuid>
            </users>
            <groups/>
        </role>
        <role allowForAll="false" inherit="false" name="denyReaders">
            <users/>
            <groups/>
        </role>
        <role allowForAll="false" inherit="false" name="denyAuthors">
            <users/>
            <groups/>
        </role>
        <role allowForAll="false" inherit="false" name="denyAdministrators">
            <users/>
            <groups/>
        </role>
    </roleMap>
</contentHaul>
