<?xml version="1.0" encoding="UTF-8" standalone="yes"?>
<contentHaul xmlns:a="http://www.appian.com/ae/types/2009">
    <rule>
        <name>SYS_GDRW_fileUploadGridRow</name>
        <uuid>64efd1c7-73e0-4180-88d5-48dc4068993a</uuid>
        <description>Layout of one row of the file upload grid</description>
        <parentUuid>_a-0000dd4b-0482-8000-9ba2-011c48011c48_16927</parentUuid>
        <visibility>
            <advertise>false</advertise>
            <hierarchy>true</hierarchy>
            <indexable>true</indexable>
            <quota>false</quota>
            <searchable>true</searchable>
            <system>false</system>
            <unlogged>false</unlogged>
        </visibility>
        <definition>=#&quot;SYSTEM_SYSRULES_gridRowLayout&quot;(
  id: ri!index,
  contents: {
    #&quot;SYSTEM_SYSRULES_textField&quot;(
      /* Labels are not visible in grid cells but are necessary to meet accessibility requirements `*/
      label: &quot;fileName &quot; &amp; ri!index,
      value: ri!attachments_cdt[ri!index].fileName,
      saveInto: ri!attachments_cdt[ri!index].fileName,
      validations: if(
        tointeger(len(ri!attachments_cdt[ri!index].fileName)) &gt; 255,
        &quot;Maximum of 255 characters. Current count: &quot;&amp;len(ri!attachments_cdt[ri!index].fileName)&amp;&quot;/255&quot;,
        null
      ),
      required: true,
      readOnly: if(isnull(ri!attachments_cdt[ri!index].id),true,false) /* if it's a new row, let them edit. Only new rows will have a value in id. */
    ),
    #&quot;SYSTEM_SYSRULES_textField&quot;(
      label: &quot;fileDesc &quot; &amp; ri!index,
      value: ri!attachments_cdt[ri!index].fileDesc,
      saveInto: ri!attachments_cdt[ri!index].fileDesc,
      validations: if(
        tointeger(len(ri!attachments_cdt[ri!index].fileDesc)) &gt; 500,
        &quot;Maximum of 500 characters. Current count: &quot;&amp;len(ri!attachments_cdt[ri!index].fileDesc)&amp;&quot;/500&quot;,
        null
      ),      
      required: true,
      readOnly: if(isnull(ri!attachments_cdt[ri!index].id),true,false) /* if it's a new row, let them edit. Only new rows will have a value in id. */
    ), 

  if(not(isnull(ri!attachments_cdt[ri!index].id)), /* if the row is new, give them a fileUpload component, else give them a link to download file */
  { /* start true */
    #&quot;SYSTEM_SYSRULES_fileUploadField&quot;(
      label: &quot;fileUpload&quot; &amp; ri!index,
      documentName: ri!attachments_cdt[ri!index].fileName, /* sets the document name to fileName */
      documentDescription: ri!attachments_cdt[ri!index].fileDesc, /* sets the document description to fileDesc */
      target: tofolder(ri!folderId), 
      value: ri!attachments_cdt[ri!index].fileId,
      saveInto: ri!attachments_cdt[ri!index].fileId,
      required: true
    ),
  }, /* end true */
  { /* start false */
#&quot;SYSTEM_SYSRULES_linkField&quot;( 
  links: #&quot;SYSTEM_SYSRULES_documentDownloadLink&quot;(
    label: ri!attachments_cdt[ri!index].fileName &amp;&quot;.&quot;&amp; document(ri!attachments_cdt[ri!index].fileId,&quot;extension&quot;),
    document: ri!attachments_cdt[ri!index].fileId
    )
),
  }), /* end false */
  
/* 
  !!!!!DO NOT REMOVE THE FOLLOWING DATE FIELD!!!!! 
  At least one field in this rule needs to be of type 
  integer, float, or date to avoid a bug with applycomponents 
*/  
  #&quot;SYSTEM_SYSRULES_dateField&quot;( 
  label: &quot;Uploaded&quot;, /* gets date from document property. If new row, puts today. */
  value: if(isnull(ri!attachments_cdt[ri!index].id), document(ri!attachments_cdt[ri!index].fileId,&quot;dateCreated&quot;),today()),
  readOnly: true
),
    #&quot;SYSTEM_SYSRULES_imageField&quot;(
      label: &quot;Delete &quot; &amp; ri!index,
      images: {
        #&quot;SYSTEM_SYSRULES_documentImage&quot;(
          document: #&quot;SYSTEM_SYSRULES_iconIndicator&quot;(icon: &quot;REMOVE&quot;),
          altText: &quot;Remove&quot;,
          caption: &quot;Remove&quot;,
          link: #&quot;SYSTEM_SYSRULES_dynamicLink&quot;(
        label: char(10005),
        value: ri!index,
        saveInto: { /* when they click the X to remove a row */ 
          if(not(isnull(ri!attachments_cdt[ri!index].id)), /* if it's a new row  */
            if(not(isnull(ri!attachments_cdt[ri!index].fileId)), /* and there's a file in the row */
               a!save(ri!abandon, append(ri!abandon,ri!attachments_cdt[ri!index].fileId)), /* add the fileId to the abandon list */
               {} /* if a new row, but there's no file in it, do nothing */
            ),
            {} /* if not a new row, do nothing */
          ),
          a!save(ri!attachments_cdt, remove(ri!attachments_cdt, save!value)), 
          /*` When modifying the size of the array used in a!applyComponents, */
          /* make the same change in the &quot;token&quot; array variable               */
          a!save(ri!attachmentsToken, remove(ri!attachmentsToken, save!value))
        },
      align: &quot;CENTER&quot;
      )
        )
      },
      size: &quot;ICON&quot;
    )
    
    

  }
)
</definition>
        <namedTypedValue>
            <name>attachments_cdt</name>
            <type>
                <name>Variant</name>
                <namespace>http://www.appian.com/ae/types/2009</namespace>
            </type>
        </namedTypedValue>
        <namedTypedValue>
            <name>index</name>
            <type>
                <name>int</name>
                <namespace>http://www.w3.org/2001/XMLSchema</namespace>
            </type>
        </namedTypedValue>
        <namedTypedValue>
            <name>attachmentsToken</name>
            <type>
                <name>Variant</name>
                <namespace>http://www.appian.com/ae/types/2009</namespace>
            </type>
        </namedTypedValue>
        <namedTypedValue>
            <name>abandon</name>
            <type>
                <name>Variant</name>
                <namespace>http://www.appian.com/ae/types/2009</namespace>
            </type>
        </namedTypedValue>
        <namedTypedValue>
            <name>folderId</name>
            <type>
                <name>int</name>
                <namespace>http://www.w3.org/2001/XMLSchema</namespace>
            </type>
        </namedTypedValue>
        <preferredEditor>interface</preferredEditor>
        <offlineEnabled>false</offlineEnabled>
    </rule>
    <roleMap public="true">
        <role allowForAll="false" inherit="true" name="readers">
            <users/>
            <groups/>
        </role>
        <role allowForAll="false" inherit="true" name="authors">
            <users/>
            <groups/>
        </role>
        <role allowForAll="false" inherit="true" name="administrators">
            <users>
                <userUuid>todd.lotterer</userUuid>
            </users>
            <groups/>
        </role>
        <role allowForAll="false" inherit="false" name="denyReaders">
            <users/>
            <groups/>
        </role>
        <role allowForAll="false" inherit="false" name="denyAuthors">
            <users/>
            <groups/>
        </role>
        <role allowForAll="false" inherit="false" name="denyAdministrators">
            <users/>
            <groups/>
        </role>
    </roleMap>
    <typedValue>
        <type>
            <name>RuleTestConfig?list</name>
            <namespace>http://www.appian.com/ae/types/2009</namespace>
        </type>
        <value>
            <el>
                <a:name/>
                <a:ruleInputTestConfigs>
                    <a:value xmlns:xsd="http://www.w3.org/2001/XMLSchema" xmlns:xsi="http://www.w3.org/2001/XMLSchema-instance" xsi:type="xsd:string"/>
                    <a:nameRef>attachments_cdt</a:nameRef>
                    <a:id/>
                </a:ruleInputTestConfigs>
                <a:ruleInputTestConfigs>
                    <a:value xmlns:xsd="http://www.w3.org/2001/XMLSchema" xmlns:xsi="http://www.w3.org/2001/XMLSchema-instance" xsi:nil="true" xsi:type="xsd:int"/>
                    <a:nameRef>index</a:nameRef>
                    <a:id/>
                </a:ruleInputTestConfigs>
                <a:ruleInputTestConfigs>
                    <a:value xmlns:xsd="http://www.w3.org/2001/XMLSchema" xmlns:xsi="http://www.w3.org/2001/XMLSchema-instance" xsi:type="xsd:string"/>
                    <a:nameRef>attachmentsToken</a:nameRef>
                    <a:id/>
                </a:ruleInputTestConfigs>
                <a:ruleInputTestConfigs>
                    <a:value xmlns:xsd="http://www.w3.org/2001/XMLSchema" xmlns:xsi="http://www.w3.org/2001/XMLSchema-instance" xsi:type="xsd:string"/>
                    <a:nameRef>abandon</a:nameRef>
                    <a:id/>
                </a:ruleInputTestConfigs>
                <a:ruleInputTestConfigs>
                    <a:value xmlns:xsd="http://www.w3.org/2001/XMLSchema" xmlns:xsi="http://www.w3.org/2001/XMLSchema-instance" xsi:nil="true" xsi:type="xsd:int"/>
                    <a:nameRef>folderId</a:nameRef>
                    <a:id/>
                </a:ruleInputTestConfigs>
                <a:assertions xmlns:xsi="http://www.w3.org/2001/XMLSchema-instance" xsi:nil="true"/>
            </el>
        </value>
    </typedValue>
</contentHaul>
