<?xml version="1.0" encoding="UTF-8" standalone="yes"?>
<contentHaul xmlns:a="http://www.appian.com/ae/types/2009">
    <rule>
        <name>SYS_RULE_Release_validations</name>
        <uuid>_a-0000dd8b-d239-8000-9ba2-011c48011c48_29944</uuid>
        <description>Validations for editing releases</description>
        <parentUuid>_a-0000dd4b-0482-8000-9ba2-011c48011c48_16905</parentUuid>
        <visibility>
            <advertise>false</advertise>
            <hierarchy>true</hierarchy>
            <indexable>true</indexable>
            <quota>false</quota>
            <searchable>true</searchable>
            <system>false</system>
            <unlogged>false</unlogged>
        </visibility>
        <definition>with(
  local!empty: #&quot;2168a5de-fb70-4d66-8b97-b547e3ac6e57&quot;(ri!release),
  if(local!empty,
    null,
    with(
      local!nullFields: if(
        any(fn!isnull,
          {
            ri!release.name, 
            ri!release.date, 
            ri!release.typeId, 
            ri!release.pocUserId, 
            ri!release.version
          }
        ),
        &quot;Values are required for every field except Description&quot;,
        null
      ),
      local!repeatedDates: if(
        length(union(ri!release.date, ri!release.date))&lt;&gt;length(ri!release.date),
        &quot;Release dates must be unique&quot;,
        null
      ),
      local!incompatibleDates: if(ri!pastFlag,
        if(not(#&quot;2168a5de-fb70-4d66-8b97-b547e3ac6e57&quot;(where(ri!release.date&gt;=today()))),
          &quot;Dates of past releases must be before today&quot;,
          null
        ),
        if(not(
          #&quot;2168a5de-fb70-4d66-8b97-b547e3ac6e57&quot;(where(remove(ri!release, where(apply(fn!isnull, ri!release.date))).date&lt;today()))
          ),
          &quot;Dates of upcoming releases cannot be in the past&quot;,
          null
        )
      ),
      reject(fn!isnull, {local!nullFields, local!repeatedDates, local!incompatibleDates})
    )
  )
)</definition>
        <namedTypedValue>
            <name>release</name>
            <type>
                <name>SYS_Release?list</name>
                <namespace>urn:com:appian:types:SYS</namespace>
            </type>
        </namedTypedValue>
        <namedTypedValue>
            <name>pastFlag</name>
            <type>
                <name>boolean</name>
                <namespace>http://www.w3.org/2001/XMLSchema</namespace>
            </type>
        </namedTypedValue>
        <preferredEditor>legacy</preferredEditor>
        <offlineEnabled>false</offlineEnabled>
    </rule>
    <roleMap public="true">
        <role allowForAll="false" inherit="true" name="readers">
            <users/>
            <groups/>
        </role>
        <role allowForAll="false" inherit="true" name="authors">
            <users/>
            <groups/>
        </role>
        <role allowForAll="false" inherit="true" name="administrators">
            <users/>
            <groups/>
        </role>
        <role allowForAll="false" inherit="false" name="denyReaders">
            <users/>
            <groups/>
        </role>
        <role allowForAll="false" inherit="false" name="denyAuthors">
            <users/>
            <groups/>
        </role>
        <role allowForAll="false" inherit="false" name="denyAdministrators">
            <users/>
            <groups/>
        </role>
    </roleMap>
</contentHaul>
