<?xml version="1.0" encoding="UTF-8" standalone="yes"?>
<contentHaul xmlns:a="http://www.appian.com/ae/types/2009">
    <rule>
        <name>SYS_SCT_System_technicalDetails_hardware</name>
        <uuid>_a-0000dd72-ed8d-8000-9ba2-011c48011c48_26102</uuid>
        <description>UI Section to display hardware section of technical details</description>
        <parentUuid>_a-0000dd4b-0482-8000-9ba2-011c48011c48_16939</parentUuid>
        <visibility>
            <advertise>false</advertise>
            <hierarchy>true</hierarchy>
            <indexable>true</indexable>
            <quota>false</quota>
            <searchable>true</searchable>
            <system>false</system>
            <unlogged>false</unlogged>
        </visibility>
        <definition>#&quot;SYSTEM_SYSRULES_sectionLayout&quot;(
  label: &quot;Hardware&quot;,
  firstColumnContents: {
    
    /*Hide tabbing in read only mode*/
    if(ri!readOnly, {},
    #&quot;ec1839c6-de8f-4834-8397-681ea3dbeed5&quot;(
      labels: {
        &quot;View Existing&quot;,
        &quot;Add/Edit&quot;
      },
      tabToShow: ri!tabToShow
    )),
    choose(ri!tabToShow, 
      {#&quot;SYSTEM_SYSRULES_gridField&quot;(
              totalCount: ri!hardwareDataSubset.totalCount,
              columns: {
                #&quot;SYSTEM_SYSRULES_gridTextColumn&quot;(
                  label: &quot;Server Name&quot;,
                  field: &quot;serverName&quot;,
                  data: index(
                    ri!hardwareDataSubset.data,
                    &quot;serverName&quot;,
                    {}
                  )
                ),
                #&quot;SYSTEM_SYSRULES_gridTextColumn&quot;(
                  label: &quot;Type&quot;,
                  field: &quot;typeLabel&quot;,
                  data: index(
                    ri!hardwareDataSubset.data,
                    &quot;typeLabel&quot;,
                    {}
                  )
                ),
                #&quot;SYSTEM_SYSRULES_gridTextColumn&quot;(
                  label: &quot;OS&quot;,
                  field: &quot;os&quot;,
                  data: index(
                    ri!hardwareDataSubset.data,
                    &quot;os&quot;,
                    {}
                  )
                ),
                #&quot;SYSTEM_SYSRULES_gridTextColumn&quot;(
                  label: &quot;CPU&quot;,
                  field: &quot;cpu&quot;,
                  data: index(
                    ri!hardwareDataSubset.data,
                    &quot;cpu&quot;,
                    {}
                  )
                ),
                #&quot;SYSTEM_SYSRULES_gridTextColumn&quot;(
                  label: &quot;Memory&quot;,
                  field: &quot;memory&quot;,
                  data: index(
                    ri!hardwareDataSubset.data,
                    &quot;memory&quot;,
                    {}
                  )
                ),
                #&quot;SYSTEM_SYSRULES_gridTextColumn&quot;(
                  label: &quot;Disk Space&quot;,
                  field: &quot;diskSpace&quot;,
                  data: index(
                    ri!hardwareDataSubset.data,
                    &quot;diskSpace&quot;,
                    {}
                  )
                )
              },
              value: ri!hardwarePagingInfo,
              saveInto: #&quot;4c0833a9-0127-4d25-9d6d-cb881c688e7d&quot;(
                gridSelectionOrPagingInfo: ri!hardwarePagingInfo,
                additionalSaveInto: a!save(
                  ri!hardwareDataSubset,
                  #&quot;_a-0000dd4b-0482-8000-9ba2-011c48011c48_17258&quot;(
                    columns: ri!hardwareColumns,
                    pagingInfo: ri!hardwarePagingInfo,
                    systemId: ri!systemId
                  )
                )
              )
            )},
      {#&quot;SYSTEM_SYSRULES_gridLayout&quot;(
        headerCells: #&quot;SYSTEM_SYSRULES_applyComponents&quot;(
          function: #&quot;SYSTEM_SYSRULES_gridLayoutHeaderCell&quot;(
            label: _
          ),
          array: {
            &quot;Server Name&quot;,
            &quot;Type&quot;,
            &quot;OS&quot;,
            &quot;CPU&quot;,
            &quot;Memory&quot;,
            &quot;DiskSpace&quot;,
            if(ri!readOnly,
              {},
              {
                null
              }
            )
          }
        ),
        columnConfigs: #&quot;SYSTEM_SYSRULES_applyComponents&quot;(
          function: #&quot;SYSTEM_SYSRULES_gridLayoutColumnConfig&quot;(
            weight: _
          ),
          array: {
            5,
            4,
            3,
            4,
            3,
            3
          }
        ),
        rows: #&quot;SYSTEM_SYSRULES_applyComponents&quot;(
         function: #&quot;_a-0000dd72-ed8d-8000-9ba2-011c48011c48_26144&quot;(
           index: _,
           hardware_cdt: ri!hardware_cdt
         ),
         array: if(
           #&quot;2168a5de-fb70-4d66-8b97-b547e3ac6e57&quot;(
             ri!hardware_cdt
           ),
           {},
           enumerate(
             length(
               ri!hardware_cdt
             )
           ) + 1
         )
        ),
        addRowLink: #&quot;SYSTEM_SYSRULES_dynamicLink&quot;(
           label: &quot;Add Hardware&quot;,
           value: 'type!{urn:com:appian:types:SYS}SYS_Hardware'(
             systemId: ri!systemId
            ),
           saveInto: a!save(
             ri!hardware_cdt,
             append(
               ri!hardware_cdt,
               save!value
             )
           )
         )
    )}
    )
  },
  validations: if(#&quot;2168a5de-fb70-4d66-8b97-b547e3ac6e57&quot;(ri!hardware_cdt), {}, #&quot;_a-0000dd8b-d239-8000-9ba2-011c48011c48_26793&quot;(hardware: ri!hardware_cdt)),
  isCollapsible: true
)</definition>
        <namedTypedValue>
            <name>systemId</name>
            <type>
                <name>int</name>
                <namespace>http://www.w3.org/2001/XMLSchema</namespace>
            </type>
        </namedTypedValue>
        <namedTypedValue>
            <name>readOnly</name>
            <type>
                <name>boolean</name>
                <namespace>http://www.w3.org/2001/XMLSchema</namespace>
            </type>
        </namedTypedValue>
        <namedTypedValue>
            <name>hardware_cdt</name>
            <type>
                <name>SYS_Hardware?list</name>
                <namespace>urn:com:appian:types:SYS</namespace>
            </type>
        </namedTypedValue>
        <namedTypedValue>
            <name>tabToShow</name>
            <type>
                <name>int</name>
                <namespace>http://www.w3.org/2001/XMLSchema</namespace>
            </type>
        </namedTypedValue>
        <namedTypedValue>
            <name>hardwarePagingInfo</name>
            <type>
                <name>PagingInfo</name>
                <namespace>http://www.appian.com/ae/types/2009</namespace>
            </type>
        </namedTypedValue>
        <namedTypedValue>
            <name>hardwareColumns</name>
            <type>
                <name>Text?list</name>
                <namespace>http://www.appian.com/ae/types/2009</namespace>
            </type>
        </namedTypedValue>
        <namedTypedValue>
            <name>hardwareDataSubset</name>
            <type>
                <name>DataSubset</name>
                <namespace>http://www.appian.com/ae/types/2009</namespace>
            </type>
        </namedTypedValue>
        <preferredEditor>interface</preferredEditor>
        <offlineEnabled>false</offlineEnabled>
    </rule>
    <roleMap public="true">
        <role allowForAll="false" inherit="true" name="readers">
            <users/>
            <groups/>
        </role>
        <role allowForAll="false" inherit="true" name="authors">
            <users/>
            <groups/>
        </role>
        <role allowForAll="false" inherit="true" name="administrators">
            <users/>
            <groups/>
        </role>
        <role allowForAll="false" inherit="false" name="denyReaders">
            <users/>
            <groups/>
        </role>
        <role allowForAll="false" inherit="false" name="denyAuthors">
            <users/>
            <groups/>
        </role>
        <role allowForAll="false" inherit="false" name="denyAdministrators">
            <users/>
            <groups/>
        </role>
    </roleMap>
</contentHaul>
