<?xml version="1.0" encoding="UTF-8" standalone="yes"?>
<contentHaul xmlns:a="http://www.appian.com/ae/types/2009">
    <rule>
        <name>SYS_DASH_System_administration</name>
        <uuid>_a-0000dd4b-0482-8000-9ba2-011c48011c48_17299</uuid>
        <description>System record administration view</description>
        <parentUuid>_a-0000dd4b-0482-8000-9ba2-011c48011c48_16937</parentUuid>
        <visibility>
            <advertise>false</advertise>
            <hierarchy>true</hierarchy>
            <indexable>true</indexable>
            <quota>false</quota>
            <searchable>true</searchable>
            <system>false</system>
            <unlogged>false</unlogged>
        </visibility>
        <definition>#&quot;SYSTEM_SYSRULES_dashboardLayout&quot;(
  firstColumnContents: {
    #&quot;_a-0000dd8b-d239-8000-9ba2-011c48011c48_28089&quot;(
      systemId : rf!systemId,
      coopLastTestDate: rf!coopLastTestDate,
      poamSystemImpactLevelLabel: rf!poamSystemImpactLevelLabel,
      coopNextTestDate: rf!coopNextTestDate,
      readOnly: true
    )
  }
)</definition>
        <preferredEditor>interface</preferredEditor>
        <offlineEnabled>false</offlineEnabled>
    </rule>
    <roleMap public="true">
        <role allowForAll="false" inherit="true" name="readers">
            <users/>
            <groups/>
        </role>
        <role allowForAll="false" inherit="true" name="authors">
            <users/>
            <groups/>
        </role>
        <role allowForAll="false" inherit="true" name="administrators">
            <users/>
            <groups/>
        </role>
        <role allowForAll="false" inherit="false" name="denyReaders">
            <users/>
            <groups/>
        </role>
        <role allowForAll="false" inherit="false" name="denyAuthors">
            <users/>
            <groups/>
        </role>
        <role allowForAll="false" inherit="false" name="denyAdministrators">
            <users/>
            <groups/>
        </role>
    </roleMap>
</contentHaul>
