<?xml version="1.0" encoding="UTF-8" standalone="yes"?>
<contentHaul xmlns:a="http://www.appian.com/ae/types/2009">
    <rule>
        <name>SYS_SCT_System_environments</name>
        <uuid>_a-0000dd8b-d239-8000-9ba2-011c48011c48_28249</uuid>
        <description></description>
        <parentUuid>_a-0000dd4b-0482-8000-9ba2-011c48011c48_16939</parentUuid>
        <visibility>
            <advertise>false</advertise>
            <hierarchy>true</hierarchy>
            <indexable>true</indexable>
            <quota>false</quota>
            <searchable>true</searchable>
            <system>false</system>
            <unlogged>false</unlogged>
        </visibility>
        <definition>load(&#xD;
  local!releases: #&quot;_a-0000dd8b-d239-8000-9ba2-011c48011c48_28266&quot;(&#xD;
    columns: {&quot;releaseId&quot;, &quot;version&quot;},&#xD;
    pagingInfo: #&quot;SYSTEM_SYSRULES_pagingInfo&quot;(&#xD;
      startIndex: 1,&#xD;
      batchSize: -1,&#xD;
      sort: #&quot;SYSTEM_SYSRULES_sortInfo&quot;(&#xD;
        field: &quot;version&quot;,&#xD;
        ascending: true&#xD;
      )&#xD;
    ),&#xD;
    systemId: ri!systemId&#xD;
  ).data,&#xD;
  with(&#xD;
    local!noEnvironments: length({ri!environments}) = 0,&#xD;
    #&quot;SYSTEM_SYSRULES_sectionLayout&quot;(&#xD;
      label: &quot;Environments&quot;,&#xD;
      firstColumnContents: {&#xD;
        #&quot;SYSTEM_SYSRULES_gridLayout&quot;(&#xD;
          headerCells: #&quot;SYSTEM_SYSRULES_applyComponents&quot;(&#xD;
            function: #&quot;SYSTEM_SYSRULES_gridLayoutHeaderCell&quot;(label: _, align: &quot;CENTER&quot;),&#xD;
            array: {&quot;Name&quot;, &quot;Description&quot;, &quot;Release&quot;, &quot;Is Prod?&quot;, if(ri!readOnly, {}, {&quot;Move Up&quot;, &quot;Move Down&quot;, &quot;Delete&quot;})}&#xD;
          ),&#xD;
          columnConfigs: #&quot;SYSTEM_SYSRULES_applyComponents&quot;(&#xD;
            function: #&quot;SYSTEM_SYSRULES_gridLayoutColumnConfig&quot;(weight: _),&#xD;
            array: {8, 10, 8, 2, 2, 2, 2}&#xD;
          ),&#xD;
          rows: #&quot;SYSTEM_SYSRULES_applyComponents&quot;(&#xD;
            function: #&quot;_a-0000dd8b-d239-8000-9ba2-011c48011c48_28150&quot;(&#xD;
              environments: ri!environments,&#xD;
              index: _,&#xD;
              readOnly: ri!readOnly,&#xD;
              releases: local!releases&#xD;
            ),&#xD;
            array: if(local!noEnvironments,&#xD;
              {},&#xD;
              enumerate(length(ri!environments)) + 1&#xD;
            )&#xD;
          ),&#xD;
          addRowLink: if(ri!readOnly,&#xD;
            null,&#xD;
            #&quot;SYSTEM_SYSRULES_dynamicLink&quot;(&#xD;
              label: &quot;New Environment&quot;,&#xD;
              saveInto: a!save(&#xD;
                ri!environments,&#xD;
                append(&#xD;
                  ri!environments,&#xD;
                  'type!{urn:com:appian:types:SYS}SYS_Environment'(&#xD;
                    systemId: ri!systemId,&#xD;
                    deployOrder: if(local!noEnvironments,&#xD;
                      1,&#xD;
                      max(ri!environments.deployOrder) + 1&#xD;
                    )&#xD;
                  )&#xD;
                )&#xD;
              )&#xD;
            )&#xD;
          ),&#xD;
          emptyGridMessage: &quot;No environments&quot;&#xD;
        )&#xD;
      },&#xD;
      validations: {&#xD;
        if(local!noEnvironments,&#xD;
          #&quot;SYSTEM_SYSRULES_validationMessage&quot;(&#xD;
            message: &quot;There must be at least one environment.&quot;,&#xD;
            validateAfter: &quot;SUBMIT&quot;&#xD;
          ),&#xD;
          {}&#xD;
        ),&#xD;
        if(sum(index(ri!environments, &quot;isProd&quot;, 0)) &lt;&gt; 1,&#xD;
          #&quot;SYSTEM_SYSRULES_validationMessage&quot;(&#xD;
            message: &quot;There must be one envrionment marked as Production&quot;,&#xD;
            validateAfter: &quot;SUBMIT&quot;&#xD;
          ),&#xD;
          {}&#xD;
        )&#xD;
      }&#xD;
    )&#xD;
  )&#xD;
)</definition>
        <namedTypedValue>
            <name>environments</name>
            <type>
                <name>SYS_Environment?list</name>
                <namespace>urn:com:appian:types:SYS</namespace>
            </type>
        </namedTypedValue>
        <namedTypedValue>
            <name>systemId</name>
            <type>
                <name>int</name>
                <namespace>http://www.w3.org/2001/XMLSchema</namespace>
            </type>
        </namedTypedValue>
        <namedTypedValue>
            <name>readOnly</name>
            <type>
                <name>boolean</name>
                <namespace>http://www.w3.org/2001/XMLSchema</namespace>
            </type>
        </namedTypedValue>
        <preferredEditor>interface</preferredEditor>
        <offlineEnabled>false</offlineEnabled>
    </rule>
    <roleMap public="true">
        <role allowForAll="false" inherit="true" name="readers">
            <users/>
            <groups/>
        </role>
        <role allowForAll="false" inherit="true" name="authors">
            <users/>
            <groups/>
        </role>
        <role allowForAll="false" inherit="true" name="administrators">
            <users/>
            <groups/>
        </role>
        <role allowForAll="false" inherit="false" name="denyReaders">
            <users/>
            <groups/>
        </role>
        <role allowForAll="false" inherit="false" name="denyAuthors">
            <users/>
            <groups/>
        </role>
        <role allowForAll="false" inherit="false" name="denyAdministrators">
            <users/>
            <groups/>
        </role>
    </roleMap>
    <typedValue>
        <type>
            <name>RuleTestConfig?list</name>
            <namespace>http://www.appian.com/ae/types/2009</namespace>
        </type>
        <value>
            <el>
                <a:name/>
                <a:ruleInputTestConfigs>
                    <a:nameRef>environments</a:nameRef>
                    <a:id/>
                </a:ruleInputTestConfigs>
                <a:ruleInputTestConfigs>
                    <a:value xmlns:xsd="http://www.w3.org/2001/XMLSchema" xmlns:xsi="http://www.w3.org/2001/XMLSchema-instance" xsi:nil="true" xsi:type="xsd:int"/>
                    <a:nameRef>systemId</a:nameRef>
                    <a:id/>
                </a:ruleInputTestConfigs>
                <a:ruleInputTestConfigs>
                    <a:value xmlns:xsd="http://www.w3.org/2001/XMLSchema" xmlns:xsi="http://www.w3.org/2001/XMLSchema-instance" xsi:type="xsd:boolean">false</a:value>
                    <a:nameRef>readOnly</a:nameRef>
                    <a:id/>
                </a:ruleInputTestConfigs>
                <a:assertions xmlns:xsi="http://www.w3.org/2001/XMLSchema-instance" xsi:nil="true"/>
            </el>
        </value>
    </typedValue>
</contentHaul>
