<?xml version="1.0" encoding="UTF-8" standalone="yes"?>
<contentHaul xmlns:a="http://www.appian.com/ae/types/2009">
    <rule>
        <name>SYS_REPORT_Outage_outage</name>
        <uuid>_a-0000dd4b-0482-8000-9ba2-011c48011c48_17860</uuid>
        <description>Interface to show all outages reported for all systems</description>
        <parentUuid>_a-0000dd4b-0482-8000-9ba2-011c48011c48_16941</parentUuid>
        <visibility>
            <advertise>false</advertise>
            <hierarchy>true</hierarchy>
            <indexable>true</indexable>
            <quota>false</quota>
            <searchable>true</searchable>
            <system>false</system>
            <unlogged>false</unlogged>
        </visibility>
        <definition>load(
  local!pagingInfo: #&quot;SYSTEM_SYSRULES_pagingInfo&quot;(
    startIndex: 1,
    batchSize: #&quot;_a-0000dd4b-0482-8000-9ba2-011c48011c48_17275&quot;,
    sort: #&quot;SYSTEM_SYSRULES_sortInfo&quot;(
      field: &quot;startDateTime&quot;
    )
  ),
  local!sectionLabel: &quot;Outages by Type&quot;,
  local!outageColumns: {
    &quot;outageId&quot;,
    &quot;systemId&quot;,
    &quot;systemName&quot;,
    &quot;startDateTime&quot;,
    &quot;endDateTime&quot;,
    &quot;typeLabel&quot;,
    &quot;reasonId&quot;,
    &quot;reasonLabel&quot;
  },
  local!blank_searchRequest: 'type!{urn:com:appian:types::SYS}SYS_OutageReport_SearchRequest'(),
  local!temp_searchRequest,
  local!searchRequest,
  local!dataSubset: #&quot;_a-0000dd4b-0482-8000-9ba2-011c48011c48_17861&quot;(
    columns: local!outageColumns,
    pagingInfo: local!pagingInfo
  ),
  #&quot;SYSTEM_SYSRULES_dashboardLayout&quot;(
    firstColumnContents: {
      #&quot;_a-0000dd72-ed8d-8000-9ba2-011c48011c48_26056&quot;(
        temp_SearchRequest: local!temp_searchRequest,
        searchRequest: local!searchRequest,
        dataSubset: local!datasubset,
        pagingInfo: local!pagingInfo,
        columns: local!outageColumns,
        blank_searchRequest: local!blank_searchRequest
      ),
      #&quot;_a-0000dd72-ed8d-8000-9ba2-011c48011c48_26101&quot;(
        pagingInfo: local!pagingInfo,
        dataSubset: local!dataSubset,
        searchRequest: local!searchRequest,
        columns: local!outageColumns
      )
    },
    secondColumnContents: {}
  )
)</definition>
        <preferredEditor>interface</preferredEditor>
        <offlineEnabled>false</offlineEnabled>
    </rule>
    <roleMap public="true">
        <role allowForAll="false" inherit="true" name="readers">
            <users/>
            <groups/>
        </role>
        <role allowForAll="false" inherit="true" name="authors">
            <users/>
            <groups/>
        </role>
        <role allowForAll="false" inherit="true" name="administrators">
            <users>
                <userUuid>sean.petykowski</userUuid>
            </users>
            <groups/>
        </role>
        <role allowForAll="false" inherit="false" name="denyReaders">
            <users/>
            <groups/>
        </role>
        <role allowForAll="false" inherit="false" name="denyAuthors">
            <users/>
            <groups/>
        </role>
        <role allowForAll="false" inherit="false" name="denyAdministrators">
            <users/>
            <groups/>
        </role>
    </roleMap>
</contentHaul>
