<?xml version="1.0" encoding="UTF-8" standalone="yes"?>
<contentHaul xmlns:a="http://www.appian.com/ae/types/2009">
    <rule>
        <name>SYS_GRID_System_integration</name>
        <uuid>_a-0000dd4b-0482-8000-9ba2-011c48011c48_17431</uuid>
        <description>Grid to display integrations. pagingInfo is automatically saved into</description>
        <parentUuid>_a-0000dd4b-0482-8000-9ba2-011c48011c48_16926</parentUuid>
        <visibility>
            <advertise>false</advertise>
            <hierarchy>true</hierarchy>
            <indexable>true</indexable>
            <quota>false</quota>
            <searchable>true</searchable>
            <system>false</system>
            <unlogged>false</unlogged>
        </visibility>
        <definition>{
  #&quot;SYSTEM_SYSRULES_gridField&quot;(
    columns: {
      #&quot;SYSTEM_SYSRULES_gridTextColumn&quot;(
        label: &quot;Name&quot;,
        field: ri!systemNameField,
        data: index(
          ri!dataSubset.data,
          ri!systemNameField,
          {}
        )
      ),
      #&quot;SYSTEM_SYSRULES_gridTextColumn&quot;(
        label: &quot;Description&quot;,
        field: &quot;description&quot;,
        data: 
          index(
            ri!dataSubset.data,
            &quot;description&quot;,
            {}
          )
        ),
      #&quot;SYSTEM_SYSRULES_gridTextColumn&quot;(
        label: &quot;Importance&quot;,
        field: &quot;importanceLabel&quot;,
        data: index(
          ri!dataSubset.data,
          &quot;importanceLabel&quot;,
          {}
        )
      ),
      #&quot;SYSTEM_SYSRULES_gridTextColumn&quot;(
        label: &quot;Type&quot;,
        field: &quot;typeLabel&quot;,
        data: index(
          ri!dataSubset.data,
          &quot;typeLabel&quot;,
          {}
        )
      ),
      #&quot;SYSTEM_SYSRULES_gridTextColumn&quot;(
        label: &quot;Read&quot;,
        field: &quot;readFromDestination&quot;,
        data: apply(
          #&quot;_a-0000dd0d-462c-8000-9ba2-011c48011c48_5334&quot;(
            bool: _
          ),
          index(
            ri!dataSubset.data,
            &quot;readFromDestination&quot;,
            {}
          )
        )
      ),
      #&quot;SYSTEM_SYSRULES_gridTextColumn&quot;(
        label: &quot;Write&quot;,
        field: &quot;writeToDestination&quot;,
        data: apply(
          #&quot;_a-0000dd0d-462c-8000-9ba2-011c48011c48_5334&quot;(
            bool: _
          ),
          index(
            ri!dataSubset.data,
            &quot;writeToDestination&quot;,
            {}
          )
        )
      ),
      with(
        local!documentLinks: #&quot;SYSTEM_SYSRULES_applyComponents&quot;(
          function: #&quot;455dd2e0-db08-4a39-b20e-6f0550299572&quot;(
            document: _,
            label: _
          ),
          array: merge(
            index(
              ri!dataSubset.data,
              &quot;icdAppianDocId&quot;,
              {}
            ),
            apply(
              #&quot;fd7f0153-200f-406a-9488-d6b510151591&quot;(
                documentId: _,
                property: &quot;name&quot;
              ),
              index(
                ri!dataSubset.data,
                &quot;icdAppianDocId&quot;,
                {}
              )
            )
          )
        ),
        #&quot;SYSTEM_SYSRULES_gridTextColumn&quot;(
          label: &quot;ICD&quot;,
          field: #&quot;_a-0000dd0d-462c-8000-9ba2-011c48011c48_3897&quot;,
          data: index(local!documentLinks, &quot;label&quot;, {}),
          links: local!documentLinks
        )
      )
    },
    totalCount: ri!dataSubset.totalCount,
    value: ri!pagingInfo,
    saveInto: #&quot;4c0833a9-0127-4d25-9d6d-cb881c688e7d&quot;(
      gridSelectionOrPagingInfo: ri!pagingInfo,
      additionalSaveInto: ri!additionalSaveInto
    )
  )
}</definition>
        <namedTypedValue>
            <name>dataSubset</name>
            <type>
                <name>DataSubset</name>
                <namespace>http://www.appian.com/ae/types/2009</namespace>
            </type>
        </namedTypedValue>
        <namedTypedValue>
            <name>pagingInfo</name>
            <type>
                <name>PagingInfo</name>
                <namespace>http://www.appian.com/ae/types/2009</namespace>
            </type>
        </namedTypedValue>
        <namedTypedValue>
            <name>additionalSaveInto</name>
            <type>
                <name>Save?list</name>
                <namespace>http://www.appian.com/ae/types/2009</namespace>
            </type>
        </namedTypedValue>
        <namedTypedValue>
            <name>systemNameField</name>
            <type>
                <name>string</name>
                <namespace>http://www.w3.org/2001/XMLSchema</namespace>
            </type>
            <value/>
        </namedTypedValue>
        <namedTypedValue>
            <name>systemIdField</name>
            <type>
                <name>int</name>
                <namespace>http://www.w3.org/2001/XMLSchema</namespace>
            </type>
        </namedTypedValue>
        <namedTypedValue>
            <name>readOnly</name>
            <type>
                <name>boolean</name>
                <namespace>http://www.w3.org/2001/XMLSchema</namespace>
            </type>
        </namedTypedValue>
        <preferredEditor>interface</preferredEditor>
        <offlineEnabled>false</offlineEnabled>
    </rule>
    <roleMap public="true">
        <role allowForAll="false" inherit="true" name="readers">
            <users/>
            <groups/>
        </role>
        <role allowForAll="false" inherit="true" name="authors">
            <users/>
            <groups/>
        </role>
        <role allowForAll="false" inherit="true" name="administrators">
            <users/>
            <groups/>
        </role>
        <role allowForAll="false" inherit="false" name="denyReaders">
            <users/>
            <groups/>
        </role>
        <role allowForAll="false" inherit="false" name="denyAuthors">
            <users/>
            <groups/>
        </role>
        <role allowForAll="false" inherit="false" name="denyAdministrators">
            <users/>
            <groups/>
        </role>
    </roleMap>
    <typedValue>
        <type>
            <name>RuleTestConfig?list</name>
            <namespace>http://www.appian.com/ae/types/2009</namespace>
        </type>
        <value>
            <el>
                <a:name/>
                <a:ruleInputTestConfigs>
                    <a:value xmlns:xsi="http://www.w3.org/2001/XMLSchema-instance" xsi:nil="true" xsi:type="a:DataSubset"/>
                    <a:nameRef>dataSubset</a:nameRef>
                    <a:id/>
                </a:ruleInputTestConfigs>
                <a:ruleInputTestConfigs>
                    <a:value xmlns:xsi="http://www.w3.org/2001/XMLSchema-instance" xsi:nil="true" xsi:type="a:PagingInfo"/>
                    <a:nameRef>pagingInfo</a:nameRef>
                    <a:id/>
                </a:ruleInputTestConfigs>
                <a:ruleInputTestConfigs>
                    <a:nameRef>additionalSaveInto</a:nameRef>
                    <a:id/>
                </a:ruleInputTestConfigs>
                <a:ruleInputTestConfigs>
                    <a:value xmlns:xsd="http://www.w3.org/2001/XMLSchema" xmlns:xsi="http://www.w3.org/2001/XMLSchema-instance" xsi:type="xsd:string"/>
                    <a:nameRef>systemNameField</a:nameRef>
                    <a:id/>
                </a:ruleInputTestConfigs>
                <a:ruleInputTestConfigs>
                    <a:value xmlns:xsd="http://www.w3.org/2001/XMLSchema" xmlns:xsi="http://www.w3.org/2001/XMLSchema-instance" xsi:nil="true" xsi:type="xsd:int"/>
                    <a:nameRef>systemIdField</a:nameRef>
                    <a:id/>
                </a:ruleInputTestConfigs>
                <a:ruleInputTestConfigs>
                    <a:value xmlns:xsd="http://www.w3.org/2001/XMLSchema" xmlns:xsi="http://www.w3.org/2001/XMLSchema-instance" xsi:nil="true" xsi:type="xsd:boolean"/>
                    <a:nameRef>readOnly</a:nameRef>
                    <a:id/>
                </a:ruleInputTestConfigs>
                <a:assertions xmlns:xsi="http://www.w3.org/2001/XMLSchema-instance" xsi:nil="true"/>
            </el>
        </value>
    </typedValue>
</contentHaul>
