<?xml version="1.0" encoding="UTF-8" standalone="yes"?>
<contentHaul xmlns:a="http://www.appian.com/ae/types/2009">
    <rule>
        <name>SYS_REPORT_Outage_outageDuration</name>
        <uuid>_a-0000dd4b-0482-8000-9ba2-011c48011c48_17897</uuid>
        <description>Displays time based categories of all reported outages.</description>
        <parentUuid>_a-0000dd4b-0482-8000-9ba2-011c48011c48_16941</parentUuid>
        <visibility>
            <advertise>false</advertise>
            <hierarchy>true</hierarchy>
            <indexable>true</indexable>
            <quota>false</quota>
            <searchable>true</searchable>
            <system>false</system>
            <unlogged>false</unlogged>
        </visibility>
        <definition>load(
  local!qaPagingInfo: #&quot;SYSTEM_SYSRULES_pagingInfo&quot;(
    startIndex: 1,
    batchSize: -1
  ),
  local!gridPagingInfo: #&quot;SYSTEM_SYSRULES_pagingInfo&quot;(
    startIndex: 1,
    batchSize: #&quot;_a-0000dd4b-0482-8000-9ba2-011c48011c48_17277&quot;,
    sort: #&quot;SYSTEM_SYSRULES_sortInfo&quot;(
      field: &quot;startDateTime&quot;
    )
  ),
  local!blank_searchRequest: 'type!{urn:com:appian:types::SYS}SYS_OutageReport_SearchRequest'(durationReportFlag: true),
  local!temp_searchRequest: local!blank_searchRequest,
  local!searchRequest: local!blank_searchRequest,
  local!qaDatasubset: #&quot;_a-0000dd8b-d239-8000-9ba2-011c48011c48_27368&quot;(
    pagingInfo: local!qaPagingInfo
  ),
  local!gridDatasubset: #&quot;_a-0000dd72-ed8d-8000-9ba2-011c48011c48_26049&quot;(searchRequest: local!searchRequest, pagingInfo: local!gridPagingInfo),
  local!outageColumns: {
    &quot;outageId&quot;,
    &quot;systemId&quot;,
    &quot;systemName&quot;,
    &quot;startDateTime&quot;,
    &quot;endDateTime&quot;,
    &quot;typeLabel&quot;,
    &quot;reasonId&quot;,
    &quot;reasonLabel&quot;
  },
  local!durationCategoryIds: #&quot;_a-0000dd4b-0482-8000-9ba2-011c48011c48_17090&quot;(
    isActive: true, 
    type: #&quot;_a-0000dd8b-d239-8000-9ba2-011c48011c48_27349&quot;, 
    pagingInfo: #&quot;SYSTEM_SYSRULES_pagingInfo&quot;(startIndex: 1, batchSize: -1)
  ).data.id,
  local!chartColors: #&quot;_a-0000dd8b-d239-8000-9ba2-011c48011c48_27638&quot;[1+enumerate(length(local!durationCategoryIds))],
  #&quot;SYSTEM_SYSRULES_dashboardLayout&quot;(
    firstColumnContents: {
      #&quot;_a-0000dd8b-d239-8000-9ba2-011c48011c48_27455&quot;(
        temp_searchRequest: local!temp_searchRequest,
        searchRequest: local!searchRequest,
        qaDatasubset: local!qaDatasubset,
        pagingInfo: local!qaPagingInfo,
        blank_searchRequest: local!blank_searchRequest,
        searchAdditionalSaveInto: {
          a!save(local!gridPagingInfo.startIndex, 1),
          a!save(
            local!gridDatasubset, 
            #&quot;_a-0000dd72-ed8d-8000-9ba2-011c48011c48_26049&quot;(searchRequest: local!searchRequest, pagingInfo: local!gridPagingInfo)
            )
        },
        resetAdditionalSaveInto:
        {
          a!save(local!gridPagingInfo.startIndex, 1),
          a!save(local!gridDatasubset,
          #&quot;_a-0000dd72-ed8d-8000-9ba2-011c48011c48_26049&quot;(searchRequest: local!searchRequest, pagingInfo: local!gridPagingInfo)
          )
        }
      ),
      #&quot;SYSTEM_SYSRULES_sectionLayout&quot;(
        firstColumnContents: {
          #&quot;SYSTEM_SYSRULES_pieChartField&quot;(
            label: &quot;&quot;,
            showTooltips: true,
            series: #&quot;SYSTEM_SYSRULES_applyComponents&quot;(
              #&quot;SYSTEM_SYSRULES_chartSeries&quot;(label: _, data: _, links: _, color: _),
              merge(
                index(local!qaDatasubset.data, &quot;durationCategoryLabel&quot;, {}),
                index(local!qaDatasubset.data, &quot;outageId&quot;, {}),
                #&quot;SYSTEM_SYSRULES_applyComponents&quot;(
                  #&quot;SYSTEM_SYSRULES_dynamicLink&quot;(
                    value: _, 
                    saveInto: {
                      a!save(local!searchRequest.durationCategoryId, save!value),
                      a!save(local!gridPagingInfo.startIndex, 1),
                      a!save(local!gridDatasubset, #&quot;_a-0000dd72-ed8d-8000-9ba2-011c48011c48_26049&quot;(searchRequest: local!searchRequest, pagingInfo: local!gridPagingInfo))
                    }
                    ),
                  index(local!qaDatasubset.data, &quot;durationCategoryId&quot;, {})
                ),
                #&quot;_a-0000dd8b-d239-8000-9ba2-011c48011c48_27639&quot;(
                  choiceValues: local!durationCategoryIds,
                  colorValues: local!chartColors,
                  values: index(local!qaDatasubset.data, &quot;durationCategoryId&quot;, {})
                )
              )
            )
          )
        },
        secondColumnContents: {
          #&quot;_a-0000dd8b-d239-8000-9ba2-011c48011c48_27586&quot;(
            pagingInfo: local!gridPagingInfo,
            dataSubset: local!gridDatasubset,
            searchRequest: local!searchRequest
          )
        }
      )
    }
  )
)</definition>
        <preferredEditor>interface</preferredEditor>
        <offlineEnabled>false</offlineEnabled>
    </rule>
    <roleMap public="true">
        <role allowForAll="false" inherit="true" name="readers">
            <users/>
            <groups/>
        </role>
        <role allowForAll="false" inherit="true" name="authors">
            <users/>
            <groups/>
        </role>
        <role allowForAll="false" inherit="true" name="administrators">
            <users/>
            <groups/>
        </role>
        <role allowForAll="false" inherit="false" name="denyReaders">
            <users/>
            <groups/>
        </role>
        <role allowForAll="false" inherit="false" name="denyAuthors">
            <users/>
            <groups/>
        </role>
        <role allowForAll="false" inherit="false" name="denyAdministrators">
            <users/>
            <groups/>
        </role>
    </roleMap>
</contentHaul>
