<?xml version="1.0" encoding="UTF-8" standalone="yes"?>
<contentHaul xmlns:a="http://www.appian.com/ae/types/2009">
    <rule>
        <name>SYS_SCT_System_technicalDetails_integrationdependents</name>
        <uuid>_a-0000dd72-ed8d-8000-9ba2-011c48011c48_26110</uuid>
        <description>UI to display the integration dependents of the technical details section</description>
        <parentUuid>_a-0000dd4b-0482-8000-9ba2-011c48011c48_16939</parentUuid>
        <visibility>
            <advertise>false</advertise>
            <hierarchy>true</hierarchy>
            <indexable>true</indexable>
            <quota>false</quota>
            <searchable>true</searchable>
            <system>false</system>
            <unlogged>false</unlogged>
        </visibility>
        <definition>#&quot;SYSTEM_SYSRULES_sectionLayout&quot;(&#xD;
  label: &quot;Integration Dependents&quot;,&#xD;
  firstColumnContents: {&#xD;
   if(ri!readOnly, {},&#xD;
    #&quot;ec1839c6-de8f-4834-8397-681ea3dbeed5&quot;(&#xD;
      labels: {&#xD;
        &quot;View Existing&quot;,&#xD;
        &quot;Add/Edit&quot;&#xD;
      },&#xD;
      tabToShow: ri!tabToShow&#xD;
    )),&#xD;
   choose(ri!tabToShow, &#xD;
   #&quot;_a-0000dd4b-0482-8000-9ba2-011c48011c48_17431&quot;(&#xD;
     dataSubset: ri!dependentIntegrationDataSubset,&#xD;
     pagingInfo: ri!dependentIntegrationPagingInfo,&#xD;
     additionalSaveInto: a!save(&#xD;
       ri!dependentIntegrationDataSubset,&#xD;
       #&quot;_a-0000dd4b-0482-8000-9ba2-011c48011c48_17264&quot;(&#xD;
         columns: ri!dependentIntegrationColumns,&#xD;
         pagingInfo: ri!dependentIntegrationPagingInfo,&#xD;
         sourceSystemId: ri!systemId&#xD;
       )&#xD;
     ),&#xD;
     systemNameField: &quot;sourceSystemName&quot;,&#xD;
     systemIdField: &quot;sourceSystemId&quot;,&#xD;
     readOnly: ri!readOnly&#xD;
   ),&#xD;
   #&quot;SYSTEM_SYSRULES_gridLayout&quot;(&#xD;
     headerCells: #&quot;SYSTEM_SYSRULES_applyComponents&quot;(&#xD;
          function: #&quot;SYSTEM_SYSRULES_gridLayoutHeaderCell&quot;(&#xD;
            label: _&#xD;
          ),&#xD;
          array: {&#xD;
            &quot;Name&quot;,&#xD;
            &quot;Description&quot;,&#xD;
            &quot;Importance&quot;,&#xD;
            &quot;Type&quot;,&#xD;
            &quot;Read&quot;,&#xD;
            &quot;Write&quot;,&#xD;
            if(ri!readOnly,&#xD;
              {},&#xD;
              {&#xD;
                null&#xD;
              }&#xD;
            )&#xD;
          }&#xD;
        ),&#xD;
     columnConfigs: #&quot;SYSTEM_SYSRULES_applyComponents&quot;(&#xD;
          function: #&quot;SYSTEM_SYSRULES_gridLayoutColumnConfig&quot;(&#xD;
            weight: _&#xD;
          ),&#xD;
          array: {&#xD;
            5,&#xD;
            5,&#xD;
            4.5,&#xD;
            4.5,&#xD;
            1.5,&#xD;
            1.5&#xD;
          }&#xD;
        ),&#xD;
     rows: #&quot;SYSTEM_SYSRULES_applyComponents&quot;(&#xD;
         function: #&quot;_a-0000dd8b-d239-8000-9ba2-011c48011c48_26517&quot;(&#xD;
           index: _,&#xD;
           integration_cdt: ri!integrationDependent_cdt,&#xD;
           systemId: ri!systemId,&#xD;
           dependentOrPrecedentFlag: &quot;D&quot;&#xD;
         ),&#xD;
         array: if(&#xD;
           #&quot;2168a5de-fb70-4d66-8b97-b547e3ac6e57&quot;(&#xD;
             ri!integrationDependent_cdt&#xD;
           ),&#xD;
           {},&#xD;
           enumerate(&#xD;
             length(&#xD;
               ri!integrationDependent_cdt&#xD;
             )&#xD;
           ) + 1&#xD;
         )&#xD;
        ),&#xD;
     addRowLink: #&quot;SYSTEM_SYSRULES_dynamicLink&quot;(&#xD;
           label: &quot;Add Dependent&quot;,&#xD;
           value: 'type!{urn:com:appian:types:SYS}SYS_Integration'(&#xD;
             destinationSystemId: ri!systemId&#xD;
            ),&#xD;
           saveInto: a!save(&#xD;
             ri!integrationDependent_cdt,&#xD;
             append(&#xD;
               ri!integrationDependent_cdt,&#xD;
               save!value&#xD;
             )&#xD;
           )&#xD;
         )&#xD;
    )&#xD;
   )&#xD;
  },&#xD;
  validations: if(#&quot;2168a5de-fb70-4d66-8b97-b547e3ac6e57&quot;(ri!integrationDependent_cdt),&#xD;
    {},&#xD;
    #&quot;_a-0000dd8b-d239-8000-9ba2-011c48011c48_27012&quot;(&#xD;
      integration: ri!integrationDependent_cdt,&#xD;
      dependentFlag: true&#xD;
  )),&#xD;
  isCollapsible: true&#xD;
)</definition>
        <namedTypedValue>
            <name>systemId</name>
            <type>
                <name>int</name>
                <namespace>http://www.w3.org/2001/XMLSchema</namespace>
            </type>
        </namedTypedValue>
        <namedTypedValue>
            <name>integrationDependent_cdt</name>
            <type>
                <name>SYS_Integration?list</name>
                <namespace>urn:com:appian:types:SYS</namespace>
            </type>
        </namedTypedValue>
        <namedTypedValue>
            <name>tabToShow</name>
            <type>
                <name>int</name>
                <namespace>http://www.w3.org/2001/XMLSchema</namespace>
            </type>
        </namedTypedValue>
        <namedTypedValue>
            <name>dependentIntegrationColumns</name>
            <type>
                <name>Text?list</name>
                <namespace>http://www.appian.com/ae/types/2009</namespace>
            </type>
        </namedTypedValue>
        <namedTypedValue>
            <name>dependentIntegrationDataSubset</name>
            <type>
                <name>DataSubset</name>
                <namespace>http://www.appian.com/ae/types/2009</namespace>
            </type>
        </namedTypedValue>
        <namedTypedValue>
            <name>dependentIntegrationPagingInfo</name>
            <type>
                <name>PagingInfo</name>
                <namespace>http://www.appian.com/ae/types/2009</namespace>
            </type>
        </namedTypedValue>
        <namedTypedValue>
            <name>readOnly</name>
            <type>
                <name>boolean</name>
                <namespace>http://www.w3.org/2001/XMLSchema</namespace>
            </type>
        </namedTypedValue>
        <preferredEditor>interface</preferredEditor>
        <offlineEnabled>false</offlineEnabled>
    </rule>
    <roleMap public="true">
        <role allowForAll="false" inherit="true" name="readers">
            <users/>
            <groups/>
        </role>
        <role allowForAll="false" inherit="true" name="authors">
            <users/>
            <groups/>
        </role>
        <role allowForAll="false" inherit="true" name="administrators">
            <users/>
            <groups/>
        </role>
        <role allowForAll="false" inherit="false" name="denyReaders">
            <users/>
            <groups/>
        </role>
        <role allowForAll="false" inherit="false" name="denyAuthors">
            <users/>
            <groups/>
        </role>
        <role allowForAll="false" inherit="false" name="denyAdministrators">
            <users/>
            <groups/>
        </role>
    </roleMap>
</contentHaul>
