<?xml version="1.0" encoding="UTF-8" standalone="yes"?>
<contentHaul xmlns:a="http://www.appian.com/ae/types/2009">
    <rule>
        <name>SYS_SCT_Outage_generalInformation</name>
        <uuid>_a-0000dd72-ed8d-8000-9ba2-011c48011c48_23721</uuid>
        <description>Reusable section for general information for Outages</description>
        <parentUuid>_a-0000dd4b-0482-8000-9ba2-011c48011c48_16939</parentUuid>
        <visibility>
            <advertise>false</advertise>
            <hierarchy>true</hierarchy>
            <indexable>true</indexable>
            <quota>false</quota>
            <searchable>true</searchable>
            <system>false</system>
            <unlogged>false</unlogged>
        </visibility>
        <definition>#&quot;SYSTEM_SYSRULES_sectionLayout&quot;(
  label: &quot;System Information&quot;,
  firstColumnContents:{
    #&quot;_a-0000dd0d-462c-8000-9ba2-011c48011c48_3690&quot;(
      label: &quot;Version&quot;,
      readOnly: ri!readOnly,
      value: ri!system_record_cdt.version
    ),
    #&quot;_a-0000dd0d-462c-8000-9ba2-011c48011c48_3687&quot;(
      label: &quot;Description&quot;,
      readOnly: ri!readOnly,
      value: ri!system_record_cdt.description
    )
  },
  secondColumnContents:{
    #&quot;_a-0000dd0d-462c-8000-9ba2-011c48011c48_3690&quot;(
      label: &quot;Business Owner&quot;,
      readOnly: ri!readOnly,
      value: ri!system_record_cdt.businessOwnerName
    ),
    #&quot;_a-0000dd0d-462c-8000-9ba2-011c48011c48_3690&quot;(
      label: &quot;IT Owner&quot;,
      readOnly: ri!readOnly,
      value: ri!system_record_cdt.itOwnerName
    ),
    #&quot;_a-0000dd0d-462c-8000-9ba2-011c48011c48_3690&quot;(
      label: &quot;POC&quot;,
      readOnly: ri!readOnly,
      value: ri!system_record_cdt.pocName
    )
  },
  isCollapsible: true
)</definition>
        <namedTypedValue>
            <name>system_record_cdt</name>
            <type>
                <name>SYS_V_System_Record</name>
                <namespace>urn:com:appian:types:SYS</namespace>
            </type>
        </namedTypedValue>
        <namedTypedValue>
            <name>readOnly</name>
            <type>
                <name>boolean</name>
                <namespace>http://www.w3.org/2001/XMLSchema</namespace>
            </type>
        </namedTypedValue>
        <preferredEditor>interface</preferredEditor>
        <offlineEnabled>false</offlineEnabled>
    </rule>
    <roleMap public="true">
        <role allowForAll="false" inherit="true" name="readers">
            <users/>
            <groups/>
        </role>
        <role allowForAll="false" inherit="true" name="authors">
            <users/>
            <groups/>
        </role>
        <role allowForAll="false" inherit="true" name="administrators">
            <users/>
            <groups/>
        </role>
        <role allowForAll="false" inherit="false" name="denyReaders">
            <users/>
            <groups/>
        </role>
        <role allowForAll="false" inherit="false" name="denyAuthors">
            <users/>
            <groups/>
        </role>
        <role allowForAll="false" inherit="false" name="denyAdministrators">
            <users/>
            <groups/>
        </role>
    </roleMap>
</contentHaul>
