<?xml version="1.0" encoding="UTF-8" standalone="yes"?>
<contentHaul xmlns:a="http://www.appian.com/ae/types/2009">
    <rule>
        <name>SYS_QRY_Wrapper_getVOutage</name>
        <uuid>_a-0000dd72-ed8d-8000-9ba2-011c48011c48_26049</uuid>
        <description>Wrapper to SYS_QRY_V_getOutage when using SYS_OutageReport_SearchRequest</description>
        <parentUuid>_a-0000dd4b-0482-8000-9ba2-011c48011c48_16928</parentUuid>
        <visibility>
            <advertise>false</advertise>
            <hierarchy>true</hierarchy>
            <indexable>true</indexable>
            <quota>false</quota>
            <searchable>true</searchable>
            <system>false</system>
            <unlogged>false</unlogged>
        </visibility>
        <definition>#&quot;_a-0000dd4b-0482-8000-9ba2-011c48011c48_17861&quot;(
  columns: ri!columns,
  outageId: ri!searchRequest.outageId,
  systemId: ri!searchRequest.systemId,
  typeId: ri!searchRequest.typeId,
  reasonId: ri!searchRequest.reasonId,
  duration: ri!searchRequest.duration,
  createdBy: ri!searchRequest.createdBy,
  createdDate: ri!searchRequest.createdDate,
  lastModifiedBy: ri!searchRequest.lastModifiedBy,
  approvedBy: ri!searchRequest.approvedBy,
  approvedDate: ri!searchRequest.approvedDate,
  isActive: ri!searchRequest.isActive,
  startDate: ri!searchRequest.startDate,
  endDate: ri!searchRequest.endDate,
  description: ri!searchRequest.description,
  durationCategoryId: ri!searchRequest.durationCategoryId,
  durationReportFlag: ri!searchRequest.durationReportFlag,
  pagingInfo: ri!pagingInfo
)</definition>
        <namedTypedValue>
            <name>searchRequest</name>
            <type>
                <name>SYS_OutageReport_SearchRequest</name>
                <namespace>urn:com:appian:types::SYS</namespace>
            </type>
        </namedTypedValue>
        <namedTypedValue>
            <name>pagingInfo</name>
            <type>
                <name>PagingInfo</name>
                <namespace>http://www.appian.com/ae/types/2009</namespace>
            </type>
        </namedTypedValue>
        <namedTypedValue>
            <name>columns</name>
            <type>
                <name>Text?list</name>
                <namespace>http://www.appian.com/ae/types/2009</namespace>
            </type>
        </namedTypedValue>
        <preferredEditor>legacy</preferredEditor>
        <offlineEnabled>false</offlineEnabled>
    </rule>
    <roleMap public="true">
        <role allowForAll="false" inherit="true" name="readers">
            <users/>
            <groups/>
        </role>
        <role allowForAll="false" inherit="true" name="authors">
            <users/>
            <groups/>
        </role>
        <role allowForAll="false" inherit="true" name="administrators">
            <users/>
            <groups/>
        </role>
        <role allowForAll="false" inherit="false" name="denyReaders">
            <users/>
            <groups/>
        </role>
        <role allowForAll="false" inherit="false" name="denyAuthors">
            <users/>
            <groups/>
        </role>
        <role allowForAll="false" inherit="false" name="denyAdministrators">
            <users/>
            <groups/>
        </role>
    </roleMap>
</contentHaul>
