<?xml version="1.0" encoding="UTF-8" standalone="yes"?>
<contentHaul xmlns:a="http://www.appian.com/ae/types/2009">
    <rule>
        <name>SYS_DASH_System_documents</name>
        <uuid>_a-0000dd8b-d239-8000-9ba2-011c48011c48_28480</uuid>
        <description>Records Dashboard for IT Systems Documents</description>
        <parentUuid>_a-0000dd4b-0482-8000-9ba2-011c48011c48_16937</parentUuid>
        <visibility>
            <advertise>false</advertise>
            <hierarchy>true</hierarchy>
            <indexable>true</indexable>
            <quota>false</quota>
            <searchable>true</searchable>
            <system>false</system>
            <unlogged>false</unlogged>
        </visibility>
        <definition>=load(
  local!systemDocumentData: #&quot;_a-0000dd8b-d239-8000-9ba2-011c48011c48_28490&quot;(
    systemId: rf!systemId
  ).data,
  local!pagingInfo: #&quot;SYSTEM_SYSRULES_pagingInfo&quot;(startIndex: 1, batchSize: 10),
  local!documentDataSubset: todatasubset(local!systemDocumentData, local!pagingInfo),
  #&quot;SYSTEM_SYSRULES_dashboardLayout&quot;(
    firstColumnContents:
    {
      #&quot;_a-0000dd8b-d239-8000-9ba2-011c48011c48_27144&quot;(
        systemId: rf!systemId,
        readOnly: true,
        pagingInfo: local!pagingInfo,
        document_cdt: local!systemDocumentData
      )
    }
  )
)</definition>
        <preferredEditor>interface</preferredEditor>
        <offlineEnabled>false</offlineEnabled>
    </rule>
    <roleMap public="true">
        <role allowForAll="false" inherit="true" name="readers">
            <users/>
            <groups/>
        </role>
        <role allowForAll="false" inherit="true" name="authors">
            <users/>
            <groups/>
        </role>
        <role allowForAll="false" inherit="true" name="administrators">
            <users/>
            <groups/>
        </role>
        <role allowForAll="false" inherit="false" name="denyReaders">
            <users/>
            <groups/>
        </role>
        <role allowForAll="false" inherit="false" name="denyAuthors">
            <users/>
            <groups/>
        </role>
        <role allowForAll="false" inherit="false" name="denyAdministrators">
            <users/>
            <groups/>
        </role>
    </roleMap>
</contentHaul>
