<?xml version="1.0" encoding="UTF-8" standalone="yes"?>
<contentHaul xmlns:a="http://www.appian.com/ae/types/2009">
    <rule>
        <name>SYS_SCT_Release_grid</name>
        <uuid>_a-0000dd8b-d239-8000-9ba2-011c48011c48_29943</uuid>
        <description>Grid that will be used for displaying/editing System release data. </description>
        <parentUuid>_a-0000dd4b-0482-8000-9ba2-011c48011c48_16905</parentUuid>
        <visibility>
            <advertise>false</advertise>
            <hierarchy>true</hierarchy>
            <indexable>true</indexable>
            <quota>false</quota>
            <searchable>true</searchable>
            <system>false</system>
            <unlogged>false</unlogged>
        </visibility>
        <definition>load(
  local!datasubset: if(isnull(ri!datasubset), todatasubset(ri!release, ri!pagingInfo), ri!datasubset),
  #&quot;SYSTEM_SYSRULES_sectionLayout&quot;(
    label: ri!label,
    firstColumnContents: {
      if(ri!readOnly,
        {},
        #&quot;ec1839c6-de8f-4834-8397-681ea3dbeed5&quot;(
          labels: {&quot;View Existing&quot;, &quot;Add/Edit&quot;},
          tabToShow: ri!tabToShow,
          saveIntos: {
            a!save(
              {
                a!save(ri!pagingInfo, #&quot;SYSTEM_SYSRULES_pagingInfo&quot;(startIndex: 1, batchSize: ri!pagingInfo.batchSize, sort: ri!pagingInfo.sort)),
                a!save(local!datasubset, todatasubset(ri!release[where(not(apply(fn!isnull, ri!release.releaseId)))], ri!pagingInfo))
              },
              save!value
              ),
            a!save(ri!release,
              if(isnull(ri!release),
                #&quot;_a-0000dd4b-0482-8000-9ba2-011c48011c48_17271&quot;(pagingInfo: #&quot;SYSTEM_SYSRULES_pagingInfo&quot;(startIndex: 1, batchSize: -1),
                systemId: 3
                ).data,
                local!datasubset.data
              )
            )
          }
        )
      ),
      choose(ri!tabToShow,
        #&quot;SYSTEM_SYSRULES_gridField&quot;(
          totalCount: local!datasubset.totalCount,
          columns:{
            #&quot;SYSTEM_SYSRULES_gridTextColumn&quot;(
              label: &quot;Version&quot;,
              field: &quot;version&quot;,
              data: index(local!datasubset.data, &quot;version&quot;, {})
            ),
            #&quot;SYSTEM_SYSRULES_gridTextColumn&quot;(
              label: &quot;Name&quot;,
              field: &quot;name&quot;,
              data: index(local!datasubset.data, &quot;name&quot;, {})
            ),
            #&quot;SYSTEM_SYSRULES_gridTextColumn&quot;(
              label: &quot;Description&quot;,
              field: &quot;description&quot;,
              data: index(local!datasubset.data, &quot;description&quot;, {})
            ),
            #&quot;SYSTEM_SYSRULES_gridTextColumn&quot;(
              label: &quot;Date&quot;,
              field: &quot;date&quot;,
              data: index(local!datasubset.data, &quot;date&quot;, {})
            ),
            #&quot;SYSTEM_SYSRULES_gridTextColumn&quot;(
              label: &quot;POC Name&quot;,
              field: &quot;pocName&quot;,
              data: index(local!datasubset.data, &quot;pocName&quot;, {})
            ),
            #&quot;SYSTEM_SYSRULES_gridTextColumn&quot;(
              label: &quot;Type&quot;,
              field: &quot;typeLabel&quot;,
              data: index(local!datasubset.data, &quot;typeLabel&quot;, {})
            )
          },
          value: ri!pagingInfo,
          saveInto: #&quot;4c0833a9-0127-4d25-9d6d-cb881c688e7d&quot;(
            gridSelectionOrPagingInfo: ri!pagingInfo,
            additionalSaveInto: a!save(local!datasubset,
              if(isnull(ri!datasubset),
                todatasubset(ri!release, ri!pagingInfo),
                #&quot;_a-0000dd4b-0482-8000-9ba2-011c48011c48_17271&quot;(
                  pagingInfo: ri!pagingInfo, 
                  systemId: ri!systemId, 
                  pastFlag: ri!pastFlag, 
                  upcomingFlag: ri!upcomingFlag
                )
              )
            )
          )
        ),
        #&quot;SYSTEM_SYSRULES_gridLayout&quot;(
          headerCells: {
            #&quot;SYSTEM_SYSRULES_applyComponents&quot;(
              #&quot;SYSTEM_SYSRULES_gridLayoutHeaderCell&quot;(label: _), {&quot;Version&quot;, &quot;Name&quot;, &quot;Description&quot;, &quot;Date&quot;, &quot;POC Name&quot;, &quot;Type&quot;, &quot;&quot;}
            )
          },
          columnConfigs: {
            #&quot;SYSTEM_SYSRULES_applyComponents&quot;(
              #&quot;SYSTEM_SYSRULES_gridLayoutColumnConfig&quot;(width: _), {&quot;DISTRIBUTE&quot;, &quot;DISTRIBUTE&quot;, &quot;DISTRIBUTE&quot;, &quot;DISTRIBUTE&quot;, &quot;DISTRIBUTE&quot;, &quot;DISTRIBUTE&quot;, &quot;ICON&quot;}
            )
          },
          rows: #&quot;SYSTEM_SYSRULES_applyComponents&quot;(
            #&quot;_a-0000dd8b-d239-8000-9ba2-011c48011c48_29992&quot;(index: _, release: ri!release),
            if(#&quot;2168a5de-fb70-4d66-8b97-b547e3ac6e57&quot;(ri!release), {}, 1+enumerate(length(ri!release)))
          ),
          addRowLink: #&quot;SYSTEM_SYSRULES_dynamicLink&quot;(
            label: &quot;Add Release&quot;,
            value: 'type!{urn:com:appian:types:SYS}SYS_V_Release'(),
            saveInto: a!save(
              ri!release,
              append(ri!release, save!value)
            )
          )
        )
      ),
    },
    validations: #&quot;_a-0000dd8b-d239-8000-9ba2-011c48011c48_29944&quot;(release: ri!release, pastFlag: ri!pastFlag)
  )
)</definition>
        <namedTypedValue>
            <name>readOnly</name>
            <type>
                <name>boolean</name>
                <namespace>http://www.w3.org/2001/XMLSchema</namespace>
            </type>
        </namedTypedValue>
        <namedTypedValue>
            <name>pagingInfo</name>
            <type>
                <name>PagingInfo</name>
                <namespace>http://www.appian.com/ae/types/2009</namespace>
            </type>
        </namedTypedValue>
        <namedTypedValue>
            <name>tabToShow</name>
            <type>
                <name>int</name>
                <namespace>http://www.w3.org/2001/XMLSchema</namespace>
            </type>
        </namedTypedValue>
        <namedTypedValue>
            <name>release</name>
            <type>
                <name>SYS_V_Release?list</name>
                <namespace>urn:com:appian:types:SYS</namespace>
            </type>
        </namedTypedValue>
        <namedTypedValue>
            <name>datasubset</name>
            <type>
                <name>DataSubset</name>
                <namespace>http://www.appian.com/ae/types/2009</namespace>
            </type>
        </namedTypedValue>
        <namedTypedValue>
            <name>systemId</name>
            <type>
                <name>int</name>
                <namespace>http://www.w3.org/2001/XMLSchema</namespace>
            </type>
        </namedTypedValue>
        <namedTypedValue>
            <name>label</name>
            <type>
                <name>string</name>
                <namespace>http://www.w3.org/2001/XMLSchema</namespace>
            </type>
            <value/>
        </namedTypedValue>
        <namedTypedValue>
            <name>pastFlag</name>
            <type>
                <name>boolean</name>
                <namespace>http://www.w3.org/2001/XMLSchema</namespace>
            </type>
        </namedTypedValue>
        <namedTypedValue>
            <name>upcomingFlag</name>
            <type>
                <name>boolean</name>
                <namespace>http://www.w3.org/2001/XMLSchema</namespace>
            </type>
        </namedTypedValue>
        <preferredEditor>interface</preferredEditor>
        <offlineEnabled>false</offlineEnabled>
    </rule>
    <roleMap public="true">
        <role allowForAll="false" inherit="true" name="readers">
            <users/>
            <groups/>
        </role>
        <role allowForAll="false" inherit="true" name="authors">
            <users/>
            <groups/>
        </role>
        <role allowForAll="false" inherit="true" name="administrators">
            <users>
                <userUuid>luke.schurman</userUuid>
            </users>
            <groups/>
        </role>
        <role allowForAll="false" inherit="false" name="denyReaders">
            <users/>
            <groups/>
        </role>
        <role allowForAll="false" inherit="false" name="denyAuthors">
            <users/>
            <groups/>
        </role>
        <role allowForAll="false" inherit="false" name="denyAdministrators">
            <users/>
            <groups/>
        </role>
    </roleMap>
    <typedValue>
        <type>
            <name>RuleTestConfig?list</name>
            <namespace>http://www.appian.com/ae/types/2009</namespace>
        </type>
        <value>
            <el>
                <a:name/>
                <a:ruleInputTestConfigs>
                    <a:value xmlns:xsi="http://www.w3.org/2001/XMLSchema-instance" xsi:type="a:Expression">false</a:value>
                    <a:nameRef>readOnly</a:nameRef>
                    <a:id/>
                </a:ruleInputTestConfigs>
                <a:ruleInputTestConfigs>
                    <a:value xmlns:xsi="http://www.w3.org/2001/XMLSchema-instance" xsi:type="a:Expression">#&quot;SYSTEM_SYSRULES_pagingInfo&quot;(startIndex: 1, batchSize: -1)</a:value>
                    <a:nameRef>pagingInfo</a:nameRef>
                    <a:id/>
                </a:ruleInputTestConfigs>
                <a:ruleInputTestConfigs>
                    <a:value xmlns:xsi="http://www.w3.org/2001/XMLSchema-instance" xsi:type="a:Expression">1</a:value>
                    <a:nameRef>tabToShow</a:nameRef>
                    <a:id/>
                </a:ruleInputTestConfigs>
                <a:ruleInputTestConfigs>
                    <a:nameRef>release</a:nameRef>
                    <a:id/>
                </a:ruleInputTestConfigs>
                <a:ruleInputTestConfigs>
                    <a:value xmlns:xsi="http://www.w3.org/2001/XMLSchema-instance" xsi:nil="true" xsi:type="a:DataSubset"/>
                    <a:nameRef>datasubset</a:nameRef>
                    <a:id/>
                </a:ruleInputTestConfigs>
                <a:ruleInputTestConfigs>
                    <a:value xmlns:xsd="http://www.w3.org/2001/XMLSchema" xmlns:xsi="http://www.w3.org/2001/XMLSchema-instance" xsi:nil="true" xsi:type="xsd:int"/>
                    <a:nameRef>systemId</a:nameRef>
                    <a:id/>
                </a:ruleInputTestConfigs>
                <a:ruleInputTestConfigs>
                    <a:value xmlns:xsd="http://www.w3.org/2001/XMLSchema" xmlns:xsi="http://www.w3.org/2001/XMLSchema-instance" xsi:type="xsd:string"/>
                    <a:nameRef>label</a:nameRef>
                    <a:id/>
                </a:ruleInputTestConfigs>
                <a:ruleInputTestConfigs>
                    <a:value xmlns:xsd="http://www.w3.org/2001/XMLSchema" xmlns:xsi="http://www.w3.org/2001/XMLSchema-instance" xsi:nil="true" xsi:type="xsd:boolean"/>
                    <a:nameRef>pastFlag</a:nameRef>
                    <a:id/>
                </a:ruleInputTestConfigs>
                <a:ruleInputTestConfigs>
                    <a:value xmlns:xsd="http://www.w3.org/2001/XMLSchema" xmlns:xsi="http://www.w3.org/2001/XMLSchema-instance" xsi:nil="true" xsi:type="xsd:boolean"/>
                    <a:nameRef>upcomingFlag</a:nameRef>
                    <a:id/>
                </a:ruleInputTestConfigs>
                <a:assertions xmlns:xsi="http://www.w3.org/2001/XMLSchema-instance" xsi:nil="true"/>
            </el>
        </value>
    </typedValue>
</contentHaul>
