<?xml version="1.0" encoding="UTF-8" standalone="yes"?>
<contentHaul xmlns:a="http://www.appian.com/ae/types/2009">
    <rule>
        <name>SYS_REPORT_System_health</name>
        <uuid>_a-0000dd4b-0482-8000-9ba2-011c48011c48_17783</uuid>
        <description>A high level system health report for all systems</description>
        <parentUuid>_a-0000dd4b-0482-8000-9ba2-011c48011c48_16941</parentUuid>
        <visibility>
            <advertise>false</advertise>
            <hierarchy>true</hierarchy>
            <indexable>true</indexable>
            <quota>false</quota>
            <searchable>true</searchable>
            <system>false</system>
            <unlogged>false</unlogged>
        </visibility>
        <definition>load(
  local!systemStatusTypes: #&quot;_a-0000dd4b-0482-8000-9ba2-011c48011c48_17090&quot;(
    columns: {
      &quot;id&quot;,
      &quot;label&quot;
    },
    type: #&quot;_a-0000dd4b-0482-8000-9ba2-011c48011c48_17457&quot;,
    isActive: true
  ).data,
  local!coopStatusData: #&quot;_a-0000dd4b-0482-8000-9ba2-011c48011c48_17090&quot;(
    columns: {&quot;id&quot;, &quot;label&quot;},
    type: #&quot;_a-0000dd8b-d239-8000-9ba2-011c48011c48_30548&quot;
  ).data,
  local!pagingInfo: #&quot;SYSTEM_SYSRULES_pagingInfo&quot;(
    startIndex: 1,
    batchSize: #&quot;_a-0000dd4b-0482-8000-9ba2-011c48011c48_17275&quot;,
    sort: #&quot;SYSTEM_SYSRULES_sortInfo&quot;(
      field: &quot;name&quot;,
      ascending: true
    )
  ),
  local!systemName,
  local!systemStatusTypeId,
  local!isCompliant,
  local!pocUserId,
  local!coopStatus,
  local!systemColumns: {
    &quot;systemId&quot;,
    &quot;name&quot;,
    &quot;description&quot;,
    &quot;version&quot;,
    &quot;statusId&quot;,
    &quot;statusLabel&quot;,
    &quot;compliant&quot;,
    &quot;pocUserId&quot;,
    &quot;pocName&quot;
  },
  local!dataSubset: #&quot;_a-0000dd4b-0482-8000-9ba2-011c48011c48_17791&quot;(
    columns: local!systemColumns,
    pagingInfo: local!pagingInfo
  ),
  #&quot;SYSTEM_SYSRULES_dashboardLayout&quot;(
    firstColumnContents: {
      #&quot;SYSTEM_SYSRULES_sectionLayout&quot;(
        label: &quot;Filters&quot;,
        firstColumnContents: {
          #&quot;_a-0000dd0d-462c-8000-9ba2-011c48011c48_3690&quot;(
            label: &quot;Name&quot;,
            readOnly: false,
            value: local!systemName,
            saveInto: local!systemName
          ),
          #&quot;_a-0000dd0d-462c-8000-9ba2-011c48011c48_3685&quot;(
            label: &quot;Status&quot;,
            readOnly: false,
            choiceLabels: index(
              local!systemStatusTypes,
              &quot;label&quot;,
              {}
            ),
            choiceValues: index(
              local!systemStatusTypes,
              &quot;id&quot;,
              {}
            ),
            value: local!systemStatusTypeId,
            saveInto: local!systemStatusTypeId
          )
        },
        secondColumnContents: {
          #&quot;_a-0000dd4b-0482-8000-9ba2-011c48011c48_17493&quot;(
            label: &quot;POC Owner&quot;,
            maxSelections: 1,
            value: local!pocUserId,
            saveInto: local!pocUserId
          ),
          #&quot;SYSTEM_SYSRULES_dropdownField&quot;(
            label: &quot;COOP Status&quot;,
            value: local!coopStatus,
            saveInto: local!coopStatus,
            choiceValues: index(local!coopStatusData, &quot;id&quot;, {}),
            choiceLabels: index(local!coopStatusData, &quot;label&quot;, {}),
            placeholderLabel: #&quot;_a-0000dd0d-462c-8000-9ba2-011c48011c48_4728&quot;
          ),
          #&quot;_a-0000dd17-9077-8000-9ba2-011c48011c48_10649&quot;(
            readOnly: false,
            choiceLabel: &quot;Compliant?&quot;,
            value: local!isCompliant,
            saveInto: {
              local!isCompliant
            },
            labelPosition: &quot;COLLAPSED&quot;
          ),
          #&quot;_a-0000dd0d-462c-8000-9ba2-011c48011c48_5659&quot;(
            resetSaveInto: {
              a!save(
                {
                  local!systemName,
                  local!pocUserId,
                  local!systemStatusTypeId,
                  local!isCompliant
                },
                null
              ),
              a!save(
                local!pagingInfo.startIndex,
                1
              ),
              a!save(
                local!dataSubset,
                #&quot;_a-0000dd4b-0482-8000-9ba2-011c48011c48_17791&quot;(
                  columns: local!systemColumns,
                  pagingInfo: local!pagingInfo
                )
              )
            },
            searchSaveInto: {
              a!save(
                local!pagingInfo.startIndex,
                1
              ),
              a!save(
                local!dataSubset,
                #&quot;_a-0000dd4b-0482-8000-9ba2-011c48011c48_17791&quot;(
                  columns: local!systemColumns,
                  pagingInfo: local!pagingInfo,
                  systemName: local!systemName,
                  statusId: local!systemStatusTypeId,
                  pocUserId: local!pocUserId,
                  compliant: local!isCompliant,
                  coopStatusId: local!coopStatus
                )
              )
            }
          )
          
        },
        isCollapsible: true,
        isInitiallyCollapsed: true
      ),
      #&quot;SYSTEM_SYSRULES_sectionLayout&quot;(
        label: &quot;Systems&quot;,
        firstColumnContents: {
          #&quot;SYSTEM_SYSRULES_gridField&quot;(
            totalCount: local!dataSubset.totalCount,
            columns: {
              #&quot;SYSTEM_SYSRULES_gridTextColumn&quot;(
                label: &quot;Name&quot;,
                field: &quot;name&quot;,
                data: index(
                  local!dataSubset.data,
                  &quot;name&quot;,
                  {}
                ),
                links: #&quot;SYSTEM_SYSRULES_applyComponents&quot;(
                  function: #&quot;SYSTEM_SYSRULES_recordLink&quot;(
                    recordType: #&quot;_a-0000dd4b-0482-8000-9ba2-011c48011c48_17806&quot;,
                    identifier: _
                  ),
                  array: index(
                    local!datasubset.data,
                    &quot;systemId&quot;,
                    {}
                  )
                )
              ),
              #&quot;SYSTEM_SYSRULES_gridTextColumn&quot;(
                label: &quot;Description&quot;,
                field: &quot;description&quot;,
                data: index(
                  local!dataSubset.data,
                  &quot;description&quot;,
                  {}
                )
              ),
              #&quot;SYSTEM_SYSRULES_gridTextColumn&quot;(
                label: &quot;Version&quot;,
                field: &quot;version&quot;,
                data: index(
                  local!dataSubset.data,
                  &quot;version&quot;,
                  {}
                )
              ),
              #&quot;SYSTEM_SYSRULES_gridTextColumn&quot;(
                label: &quot;Compliant&quot;,
                field: &quot;compliant&quot;,
                data: if(#&quot;2168a5de-fb70-4d66-8b97-b547e3ac6e57&quot;(local!dataSubset.data),
                {},
                apply(
                  #&quot;_a-0000dd0d-462c-8000-9ba2-011c48011c48_5334&quot;(
                    bool: _
                  ),
                  index(
                    local!dataSubset.data,
                    &quot;compliant&quot;
                  )
                )
                ) 
              ),
              #&quot;SYSTEM_SYSRULES_gridTextColumn&quot;(
                label: &quot;POC Name&quot;,
                field: &quot;pocName&quot;,
                data: index(
                  local!dataSubset.data,
                  &quot;pocName&quot;,
                  {}
                )
              ),
              #&quot;SYSTEM_SYSRULES_gridTextColumn&quot;(
                label: &quot;COOP Status&quot;,
                data: index(local!datasubset.data, &quot;coopStatusLabel&quot;, {}),
                field: &quot;coopStatusLabel&quot;
              ),
              #&quot;SYSTEM_SYSRULES_gridTextColumn&quot;(
                label: &quot;System Impact&quot;,
                data: index(local!datasubset.data, &quot;poamSystemImpactLevelLabel&quot;, {}),
                field: &quot;poamSystemImpactLevelLabel&quot;
              ),
            #&quot;SYSTEM_SYSRULES_gridImageColumn&quot;(
              label: &quot;System Status&quot;,
              field: &quot;statusLabel&quot;,
              data: if(#&quot;2168a5de-fb70-4d66-8b97-b547e3ac6e57&quot;(local!dataSubset.data),
              {},
              apply(
                #&quot;SYSTEM_SYSRULES_documentImage&quot;(
                  document: _,
                  caption:_
                ),
                merge(
                if(
                  apply(
                    fn!contains,
                    local!dataSubset.data.statusLabel,
                    &quot;Up&quot;
                  ),
                  {
                    #&quot;SYSTEM_SYSRULES_iconIndicator&quot;(
                      icon: &quot;STATUS_OK&quot;
                    )
                  },
                  if(
                    apply(
                      fn!contains,
                      local!dataSubset.data.statusLabel,
                      &quot;Down - Planned&quot;
                    ),
                    {
                      #&quot;SYSTEM_SYSRULES_iconIndicator&quot;(
                        icon: &quot;STATUS_WARN&quot;
                      )
                    },
                    {
                      #&quot;SYSTEM_SYSRULES_iconIndicator&quot;(
                        icon: &quot;STATUS_NOTDONE&quot;
                      )
                    }
                  )
                ),
                index(local!dataSubset.data, &quot;statusLabel&quot;,{}))
              )),
              size: &quot;ICON&quot;
            )
            },
            value: local!pagingInfo,
            saveInto: #&quot;4c0833a9-0127-4d25-9d6d-cb881c688e7d&quot;(
              gridSelectionOrPagingInfo: local!pagingInfo,
              additionalSaveInto: {
                a!save(
                  local!dataSubset,
                  #&quot;_a-0000dd4b-0482-8000-9ba2-011c48011c48_17791&quot;(
                    columns: local!systemColumns,
                    pagingInfo: local!pagingInfo,
                    systemName: local!systemName,
                    statusId: local!systemStatusTypeId,
                    pocUserId: local!pocUserId,
                    compliant: local!isCompliant,
                    coopStatusId: local!coopStatus
                  )
                )
              }
            )
          )
        }
      )
    },
    secondColumnContents: {}
  )
)</definition>
        <preferredEditor>interface</preferredEditor>
        <offlineEnabled>false</offlineEnabled>
    </rule>
    <roleMap public="true">
        <role allowForAll="false" inherit="true" name="readers">
            <users/>
            <groups/>
        </role>
        <role allowForAll="false" inherit="true" name="authors">
            <users/>
            <groups/>
        </role>
        <role allowForAll="false" inherit="true" name="administrators">
            <users/>
            <groups/>
        </role>
        <role allowForAll="false" inherit="false" name="denyReaders">
            <users/>
            <groups/>
        </role>
        <role allowForAll="false" inherit="false" name="denyAuthors">
            <users/>
            <groups/>
        </role>
        <role allowForAll="false" inherit="false" name="denyAdministrators">
            <users/>
            <groups/>
        </role>
    </roleMap>
</contentHaul>
