<?xml version="1.0" encoding="UTF-8" standalone="yes"?>
<contentHaul xmlns:a="http://www.appian.com/ae/types/2009">
    <rule>
        <name>SYS_RULE_Document_validations</name>
        <uuid>_a-0000dd8b-d239-8000-9ba2-011c48011c48_27266</uuid>
        <description>Rule to validate documents uploaded by a user</description>
        <parentUuid>_a-0000dd4b-0482-8000-9ba2-011c48011c48_16905</parentUuid>
        <visibility>
            <advertise>false</advertise>
            <hierarchy>true</hierarchy>
            <indexable>true</indexable>
            <quota>false</quota>
            <searchable>true</searchable>
            <system>false</system>
            <unlogged>false</unlogged>
        </visibility>
        <definition>with(
  local!nullFields: if(
    
    any(#&quot;2168a5de-fb70-4d66-8b97-b547e3ac6e57&quot;,
      {
        index(ri!documentData,&quot;docAppianDocumentId&quot;,&quot;&quot;),
        index(ri!documentData,&quot;docCategoryId&quot;,&quot;&quot;)
      }
    ),
      &quot;Document &amp; Category is required&quot;,
      &quot;&quot;
  ),
  reject(fn!isnull,{local!nullFields})
)</definition>
        <namedTypedValue>
            <name>documentData</name>
            <type>
                <name>SYS_Document?list</name>
                <namespace>urn:com:appian:types:SYS</namespace>
            </type>
        </namedTypedValue>
        <preferredEditor>legacy</preferredEditor>
        <offlineEnabled>false</offlineEnabled>
    </rule>
    <roleMap public="true">
        <role allowForAll="false" inherit="true" name="readers">
            <users/>
            <groups/>
        </role>
        <role allowForAll="false" inherit="true" name="authors">
            <users/>
            <groups/>
        </role>
        <role allowForAll="false" inherit="true" name="administrators">
            <users/>
            <groups/>
        </role>
        <role allowForAll="false" inherit="false" name="denyReaders">
            <users/>
            <groups/>
        </role>
        <role allowForAll="false" inherit="false" name="denyAuthors">
            <users/>
            <groups/>
        </role>
        <role allowForAll="false" inherit="false" name="denyAdministrators">
            <users/>
            <groups/>
        </role>
    </roleMap>
</contentHaul>
