<?xml version="1.0" encoding="UTF-8" standalone="yes"?>
<contentHaul xmlns:a="http://www.appian.com/ae/types/2009">
    <rule>
        <name>SYS_SCT_System_generalInformation</name>
        <uuid>_a-0000dd4b-0482-8000-9ba2-011c48011c48_17459</uuid>
        <description>Reusable section for general information for Systems</description>
        <parentUuid>_a-0000dd4b-0482-8000-9ba2-011c48011c48_16939</parentUuid>
        <visibility>
            <advertise>false</advertise>
            <hierarchy>true</hierarchy>
            <indexable>true</indexable>
            <quota>false</quota>
            <searchable>true</searchable>
            <system>false</system>
            <unlogged>false</unlogged>
        </visibility>
        <definition>load(
  local!refData: #&quot;_a-0000dd4b-0482-8000-9ba2-011c48011c48_17090&quot;(
    columns: {
      &quot;id&quot;,
      &quot;type&quot;,
      &quot;label&quot;
    },
    type: {
      #&quot;_a-0000dd4b-0482-8000-9ba2-011c48011c48_17457&quot;,
      #&quot;_a-0000dd4b-0482-8000-9ba2-011c48011c48_17755&quot;
      },
    isActive: true
  ).data,
  local!statusTypes: local!refData[wherecontains(
    #&quot;_a-0000dd4b-0482-8000-9ba2-011c48011c48_17457&quot;, touniformstring(
      local!refData.type
    )
  )],
  local!poamTypes: local!refData[wherecontains(
    #&quot;_a-0000dd4b-0482-8000-9ba2-011c48011c48_17755&quot;, touniformstring(
      local!refData.type
    )
  )],
  #&quot;SYSTEM_SYSRULES_sectionLayout&quot;(
    label: &quot;System Information&quot;,
    firstColumnContents: {
      #&quot;_a-0000dd0d-462c-8000-9ba2-011c48011c48_3690&quot;(
        label: &quot;Name&quot;,
        required: true,
        readOnly: ri!readOnly,
        value: ri!system.name,
        saveInto: ri!system.name
      ),
      #&quot;_a-0000dd0d-462c-8000-9ba2-011c48011c48_3687&quot;(
        label: &quot;Description&quot;,
        required: true,
        readOnly: ri!readOnly,
        value: ri!system.description,
        saveInto: ri!system.description
      ),
      #&quot;_a-0000dd0d-462c-8000-9ba2-011c48011c48_3685&quot;(
        label: &quot;POAM Impact&quot;,
        required: true,
        readOnly: ri!readOnly,
        choiceLabels: local!poamTypes.label,
        choiceValues: local!poamTypes.id,
        value: ri!system.poamSystemImpactLevelId,
        saveInto: ri!system.poamSystemImpactLevelId
      ),
      #&quot;_a-0000dd17-9077-8000-9ba2-011c48011c48_10649&quot;(
        readOnly: ri!readOnly,
        choiceLabel: &quot;Compliant?&quot;,
        value: ri!system.compliant,
        saveInto: ri!system.compliant,
        labelPosition: if(
          ri!readOnly,
          null,
          &quot;COLLAPSED&quot;
        )
      )
    },
    secondColumnContents: {
      #&quot;_a-0000dd4b-0482-8000-9ba2-011c48011c48_17493&quot;(
        label: &quot;Executive Sponsor&quot;,
        readOnly: ri!readOnly,
        maxSelections: 1,
        value: ri!system.executiveSponsorUserId,
        saveInto: ri!system.executiveSponsorUserId
      ),
      #&quot;_a-0000dd4b-0482-8000-9ba2-011c48011c48_17493&quot;(
        label: &quot;Business Owner&quot;,
        readOnly: ri!readOnly,
        maxSelections: 1,
        value: ri!system.businessOwnerUserId,
        saveInto: ri!system.businessOwnerUserId
      ),
      #&quot;_a-0000dd4b-0482-8000-9ba2-011c48011c48_17493&quot;(
        label: &quot;IT Owner&quot;,
        readOnly: ri!readOnly,
        maxSelections: 1,
        value: ri!system.itOwnerUserId,
        saveInto: ri!system.itOwnerUserId
      ),
      #&quot;_a-0000dd4b-0482-8000-9ba2-011c48011c48_17493&quot;(
        label: &quot;POC&quot;,
        readOnly: ri!readOnly,
        maxSelections: 1,
        value: ri!system.pocUserId,
        saveInto: ri!system.pocUserId
      )
    }
  )
)</definition>
        <namedTypedValue>
            <name>system</name>
            <type>
                <name>SYS_System</name>
                <namespace>urn:com:appian:types:SYS</namespace>
            </type>
        </namedTypedValue>
        <namedTypedValue>
            <name>readOnly</name>
            <type>
                <name>boolean</name>
                <namespace>http://www.w3.org/2001/XMLSchema</namespace>
            </type>
        </namedTypedValue>
        <preferredEditor>interface</preferredEditor>
        <offlineEnabled>false</offlineEnabled>
    </rule>
    <roleMap public="true">
        <role allowForAll="false" inherit="true" name="readers">
            <users/>
            <groups/>
        </role>
        <role allowForAll="false" inherit="true" name="authors">
            <users/>
            <groups/>
        </role>
        <role allowForAll="false" inherit="true" name="administrators">
            <users/>
            <groups/>
        </role>
        <role allowForAll="false" inherit="false" name="denyReaders">
            <users/>
            <groups/>
        </role>
        <role allowForAll="false" inherit="false" name="denyAuthors">
            <users/>
            <groups/>
        </role>
        <role allowForAll="false" inherit="false" name="denyAdministrators">
            <users/>
            <groups/>
        </role>
    </roleMap>
</contentHaul>
