<?xml version="1.0" encoding="UTF-8" standalone="yes"?>
<contentHaul xmlns:a="http://www.appian.com/ae/types/2009">
    <rule>
        <name>SYS_RULE_TechnicalDetails_editValidations</name>
        <uuid>_a-0000dd8b-d239-8000-9ba2-011c48011c48_26793</uuid>
        <description>Validations for the technical details edit form</description>
        <parentUuid>_a-0000dd4b-0482-8000-9ba2-011c48011c48_16905</parentUuid>
        <visibility>
            <advertise>false</advertise>
            <hierarchy>true</hierarchy>
            <indexable>true</indexable>
            <quota>false</quota>
            <searchable>true</searchable>
            <system>false</system>
            <unlogged>false</unlogged>
        </visibility>
        <definition>with(&#xD;
  local!nullFields: if(&#xD;
    any(fn!isnull,&#xD;
      {&#xD;
        ri!hardware.serverName, &#xD;
        ri!hardware.typeId, &#xD;
        ri!hardware.os,&#xD;
        ri!hardware.cpu, &#xD;
        ri!hardware.memory,&#xD;
        ri!hardware.diskSpace&#xD;
      }&#xD;
    ),&#xD;
    &quot;Values are required for every Hardware field&quot;,&#xD;
    null&#xD;
  ),&#xD;
  local!duplicateServers: if(&#xD;
    length(union(ri!hardware.serverName, ri!hardware.serverName))&lt;&gt;length(ri!hardware.serverName),&#xD;
    &quot;Server names must be unique&quot;,&#xD;
    null&#xD;
  ),&#xD;
  reject(fn!isnull, {local!nullFields, local!duplicateServers})&#xD;
)</definition>
        <namedTypedValue>
            <name>hardware</name>
            <type>
                <name>SYS_Hardware?list</name>
                <namespace>urn:com:appian:types:SYS</namespace>
            </type>
        </namedTypedValue>
        <preferredEditor>legacy</preferredEditor>
        <offlineEnabled>false</offlineEnabled>
    </rule>
    <roleMap public="true">
        <role allowForAll="false" inherit="true" name="readers">
            <users/>
            <groups/>
        </role>
        <role allowForAll="false" inherit="true" name="authors">
            <users/>
            <groups/>
        </role>
        <role allowForAll="false" inherit="true" name="administrators">
            <users/>
            <groups/>
        </role>
        <role allowForAll="false" inherit="false" name="denyReaders">
            <users/>
            <groups/>
        </role>
        <role allowForAll="false" inherit="false" name="denyAuthors">
            <users/>
            <groups/>
        </role>
        <role allowForAll="false" inherit="false" name="denyAdministrators">
            <users/>
            <groups/>
        </role>
    </roleMap>
</contentHaul>
