<?xml version="1.0" encoding="UTF-8" standalone="yes"?>
<contentHaul xmlns:a="http://www.appian.com/ae/types/2009">
    <rule>
        <name>SYS_CMPT_OutageReport_grid</name>
        <uuid>_a-0000dd8b-d239-8000-9ba2-011c48011c48_27586</uuid>
        <description>Grid used in the outage report</description>
        <parentUuid>_a-0000dd4b-0482-8000-9ba2-011c48011c48_16905</parentUuid>
        <visibility>
            <advertise>false</advertise>
            <hierarchy>true</hierarchy>
            <indexable>true</indexable>
            <quota>false</quota>
            <searchable>true</searchable>
            <system>false</system>
            <unlogged>false</unlogged>
        </visibility>
        <definition>{&#xD;
  #&quot;SYSTEM_SYSRULES_gridField&quot;(&#xD;
    totalCount: ri!dataSubset.totalCount,&#xD;
    columns: {&#xD;
      #&quot;SYSTEM_SYSRULES_gridTextColumn&quot;(&#xD;
        label: &quot;System&quot;,&#xD;
        field: &quot;systemName&quot;,&#xD;
        data: index(ri!dataSubset.data, &quot;systemName&quot;, null),&#xD;
        links: #&quot;SYSTEM_SYSRULES_applyComponents&quot;(&#xD;
          function: &#xD;
          #&quot;SYSTEM_SYSRULES_recordLink&quot;(&#xD;
            recordType: #&quot;_a-0000dd4b-0482-8000-9ba2-011c48011c48_17806&quot;,&#xD;
            identifier: _&#xD;
          ),&#xD;
          array: index(ri!datasubset.data, &quot;systemId&quot;, {})&#xD;
        )&#xD;
      ),&#xD;
      #&quot;SYSTEM_SYSRULES_gridTextColumn&quot;(&#xD;
        label: &quot;Description&quot;,&#xD;
        field: &quot;description&quot;,&#xD;
        data: index(ri!datasubset.data, &quot;description&quot;, {})&#xD;
      ),&#xD;
      #&quot;SYSTEM_SYSRULES_gridTextColumn&quot;(&#xD;
        label: &quot;Type&quot;,&#xD;
        field: &quot;typeLabel&quot;,&#xD;
        data: index(ri!dataSubset.data, &quot;typeLabel&quot;, {})&#xD;
      ),&#xD;
      #&quot;SYSTEM_SYSRULES_gridTextColumn&quot;(&#xD;
        label: &quot;Reason&quot;,&#xD;
        field: &quot;reasonLabel&quot;,&#xD;
        data: index(ri!dataSubset.data, &quot;reasonLabel&quot;, {})&#xD;
      ),&#xD;
      #&quot;SYSTEM_SYSRULES_gridTextColumn&quot;(&#xD;
        label: &quot;Start Time&quot;,&#xD;
        field: &quot;startDateTime&quot;,&#xD;
        data: index(ri!dataSubset.data, &quot;startDateTime&quot;, {})&#xD;
      ),&#xD;
      #&quot;SYSTEM_SYSRULES_gridTextColumn&quot;(&#xD;
        label: &quot;End Time&quot;,&#xD;
        field: &quot;endDateTime&quot;,&#xD;
        data: index(ri!dataSubset.data, &quot;endDateTime&quot;, {})&#xD;
      )&#xD;
      &#xD;
    },&#xD;
    value: ri!pagingInfo,&#xD;
    saveInto: #&quot;4c0833a9-0127-4d25-9d6d-cb881c688e7d&quot;(&#xD;
      gridSelectionOrPagingInfo: ri!pagingInfo,&#xD;
      additionalSaveInto: {&#xD;
        a!save(&#xD;
          ri!dataSubset,&#xD;
          #&quot;_a-0000dd72-ed8d-8000-9ba2-011c48011c48_26049&quot;(&#xD;
            searchRequest: ri!searchRequest,&#xD;
            pagingInfo: ri!pagingInfo,&#xD;
            columns: ri!columns&#xD;
          )&#xD;
        )&#xD;
      }&#xD;
    )&#xD;
  )&#xD;
}</definition>
        <namedTypedValue>
            <name>pagingInfo</name>
            <type>
                <name>PagingInfo</name>
                <namespace>http://www.appian.com/ae/types/2009</namespace>
            </type>
        </namedTypedValue>
        <namedTypedValue>
            <name>dataSubset</name>
            <type>
                <name>DataSubset</name>
                <namespace>http://www.appian.com/ae/types/2009</namespace>
            </type>
        </namedTypedValue>
        <namedTypedValue>
            <name>searchRequest</name>
            <type>
                <name>SYS_OutageReport_SearchRequest</name>
                <namespace>urn:com:appian:types::SYS</namespace>
            </type>
        </namedTypedValue>
        <namedTypedValue>
            <name>columns</name>
            <type>
                <name>Text?list</name>
                <namespace>http://www.appian.com/ae/types/2009</namespace>
            </type>
        </namedTypedValue>
        <preferredEditor>interface</preferredEditor>
        <offlineEnabled>false</offlineEnabled>
    </rule>
    <roleMap public="true">
        <role allowForAll="false" inherit="true" name="readers">
            <users/>
            <groups/>
        </role>
        <role allowForAll="false" inherit="true" name="authors">
            <users/>
            <groups/>
        </role>
        <role allowForAll="false" inherit="true" name="administrators">
            <users>
                <userUuid>luke.schurman</userUuid>
            </users>
            <groups/>
        </role>
        <role allowForAll="false" inherit="false" name="denyReaders">
            <users/>
            <groups/>
        </role>
        <role allowForAll="false" inherit="false" name="denyAuthors">
            <users/>
            <groups/>
        </role>
        <role allowForAll="false" inherit="false" name="denyAdministrators">
            <users/>
            <groups/>
        </role>
    </roleMap>
</contentHaul>
