<?xml version="1.0" encoding="UTF-8" standalone="yes"?>
<contentHaul xmlns:a="http://www.appian.com/ae/types/2009">
    <rule>
        <name>SYS_RULE_Administration_editPoamValidations</name>
        <uuid>_a-0000dd8b-d239-8000-9ba2-011c48011c48_28126</uuid>
        <description>Validation to edit POAM Grid</description>
        <parentUuid>_a-0000dd4b-0482-8000-9ba2-011c48011c48_16905</parentUuid>
        <visibility>
            <advertise>false</advertise>
            <hierarchy>true</hierarchy>
            <indexable>true</indexable>
            <quota>false</quota>
            <searchable>true</searchable>
            <system>false</system>
            <unlogged>false</unlogged>
        </visibility>
        <definition>with(
  local!nulls: if(
      any(fn!isnull, 
        {
          ri!poam.controls,
          ri!poam.weaknessName,
          ri!poam.pocUserId,
          ri!poam.originalDetectionDate,
          ri!poam.scheduledCompletionDate,
          ri!poam.plannedMilestones,
          ri!poam.milestoneChanges,
          ri!poam.statusDate
        }
      ),
      &quot;Values are required for every plan of action and milestone field&quot;,
    null
  ),
  reject(fn!isnull, {local!nulls})
)</definition>
        <namedTypedValue>
            <name>poam</name>
            <type>
                <name>SYS_V_Poam?list</name>
                <namespace>urn:com:appian:types:SYS</namespace>
            </type>
        </namedTypedValue>
        <preferredEditor>legacy</preferredEditor>
        <offlineEnabled>false</offlineEnabled>
    </rule>
    <roleMap public="true">
        <role allowForAll="false" inherit="true" name="readers">
            <users/>
            <groups/>
        </role>
        <role allowForAll="false" inherit="true" name="authors">
            <users/>
            <groups/>
        </role>
        <role allowForAll="false" inherit="true" name="administrators">
            <users/>
            <groups/>
        </role>
        <role allowForAll="false" inherit="false" name="denyReaders">
            <users/>
            <groups/>
        </role>
        <role allowForAll="false" inherit="false" name="denyAuthors">
            <users/>
            <groups/>
        </role>
        <role allowForAll="false" inherit="false" name="denyAdministrators">
            <users/>
            <groups/>
        </role>
    </roleMap>
</contentHaul>
