<?xml version="1.0" encoding="UTF-8" standalone="yes"?>
<contentHaul xmlns:a="http://www.appian.com/ae/types/2009">
    <rule>
        <name>SYS_QRY_V_getSystem</name>
        <uuid>_a-0000dd4b-0482-8000-9ba2-011c48011c48_17791</uuid>
        <description>Gets all instances of a SYS_V_System_Record based on the filters</description>
        <parentUuid>_a-0000dd4b-0482-8000-9ba2-011c48011c48_16935</parentUuid>
        <visibility>
            <advertise>false</advertise>
            <hierarchy>true</hierarchy>
            <indexable>true</indexable>
            <quota>false</quota>
            <searchable>true</searchable>
            <system>false</system>
            <unlogged>false</unlogged>
        </visibility>
        <definition>#&quot;fdea6255-5ee8-42a2-bdb1-aace3c917d86&quot;(
  entity: #&quot;_a-0000dd4b-0482-8000-9ba2-011c48011c48_17792&quot;,
  columns: ri!columns,
  logicalExpression: #&quot;SYSTEM_SYSRULES_queryLogicalExpression&quot;(
    operator: &quot;AND&quot;,
    filters: {
      #&quot;SYSTEM_SYSRULES_queryFilter&quot;(field: &quot;systemId&quot;, operator: &quot;not null&quot;),
      if(isnull(ri!systemId), {}, #&quot;SYSTEM_SYSRULES_queryFilter&quot;(field: &quot;systemId&quot;, operator: &quot;=&quot;, value: ri!systemId)),
      if(isnull(ri!statusId), {}, #&quot;SYSTEM_SYSRULES_queryFilter&quot;(field: &quot;statusId&quot;, operator: &quot;=&quot;, value: ri!statusId)),
      if(isnull(ri!systemName), {}, #&quot;SYSTEM_SYSRULES_queryFilter&quot;(field: &quot;name&quot;, operator: &quot;includes&quot;, value: ri!systemName)),
      if(isnull(ri!pocUserId), {}, #&quot;SYSTEM_SYSRULES_queryFilter&quot;(field: &quot;pocUserId&quot;, operator: &quot;=&quot;, value: ri!pocUserId)),
      if(isnull(ri!compliant), {}, #&quot;SYSTEM_SYSRULES_queryFilter&quot;(field: &quot;compliant&quot;, operator: &quot;=&quot;, value: ri!compliant)),
      if(isnull(ri!coopStatusId), {}, #&quot;SYSTEM_SYSRULES_queryFilter&quot;(field: &quot;coopStatusId&quot;, operator: &quot;=&quot;, value: ri!coopStatusId)),
      if(isnull(ri!coopStatusLabel), {}, #&quot;SYSTEM_SYSRULES_queryFilter&quot;(field: &quot;coopStatusLabel&quot;, operator: &quot;=&quot;, value: ri!coopStatusLabel))
    }
  ),
  pagingInfo: ri!pagingInfo
)</definition>
        <namedTypedValue>
            <name>columns</name>
            <type>
                <name>Text?list</name>
                <namespace>http://www.appian.com/ae/types/2009</namespace>
            </type>
        </namedTypedValue>
        <namedTypedValue>
            <name>pagingInfo</name>
            <type>
                <name>PagingInfo</name>
                <namespace>http://www.appian.com/ae/types/2009</namespace>
            </type>
        </namedTypedValue>
        <namedTypedValue>
            <name>systemId</name>
            <type>
                <name>int</name>
                <namespace>http://www.w3.org/2001/XMLSchema</namespace>
            </type>
        </namedTypedValue>
        <namedTypedValue>
            <name>systemName</name>
            <type>
                <name>string</name>
                <namespace>http://www.w3.org/2001/XMLSchema</namespace>
            </type>
            <value/>
        </namedTypedValue>
        <namedTypedValue>
            <name>statusId</name>
            <type>
                <name>int</name>
                <namespace>http://www.w3.org/2001/XMLSchema</namespace>
            </type>
        </namedTypedValue>
        <namedTypedValue>
            <name>pocUserId</name>
            <type>
                <name>int</name>
                <namespace>http://www.w3.org/2001/XMLSchema</namespace>
            </type>
        </namedTypedValue>
        <namedTypedValue>
            <name>compliant</name>
            <type>
                <name>boolean</name>
                <namespace>http://www.w3.org/2001/XMLSchema</namespace>
            </type>
        </namedTypedValue>
        <namedTypedValue>
            <name>coopStatusId</name>
            <type>
                <name>int</name>
                <namespace>http://www.w3.org/2001/XMLSchema</namespace>
            </type>
        </namedTypedValue>
        <namedTypedValue>
            <name>coopStatusLabel</name>
            <type>
                <name>string</name>
                <namespace>http://www.w3.org/2001/XMLSchema</namespace>
            </type>
            <value/>
        </namedTypedValue>
        <preferredEditor>legacy</preferredEditor>
        <offlineEnabled>false</offlineEnabled>
    </rule>
    <roleMap public="true">
        <role allowForAll="false" inherit="true" name="readers">
            <users/>
            <groups/>
        </role>
        <role allowForAll="false" inherit="true" name="authors">
            <users/>
            <groups/>
        </role>
        <role allowForAll="false" inherit="true" name="administrators">
            <users/>
            <groups/>
        </role>
        <role allowForAll="false" inherit="false" name="denyReaders">
            <users/>
            <groups/>
        </role>
        <role allowForAll="false" inherit="false" name="denyAuthors">
            <users/>
            <groups/>
        </role>
        <role allowForAll="false" inherit="false" name="denyAdministrators">
            <users/>
            <groups/>
        </role>
    </roleMap>
</contentHaul>
