<?xml version="1.0" encoding="UTF-8" standalone="yes"?>
<contentHaul xmlns:a="http://www.appian.com/ae/types/2009">
    <rule>
        <name>SYS_SCT_System_technicalDetails_integrationPrecedents</name>
        <uuid>_a-0000dd72-ed8d-8000-9ba2-011c48011c48_26107</uuid>
        <description>UI to display integration precedents of the technical details section</description>
        <parentUuid>_a-0000dd4b-0482-8000-9ba2-011c48011c48_16939</parentUuid>
        <visibility>
            <advertise>false</advertise>
            <hierarchy>true</hierarchy>
            <indexable>true</indexable>
            <quota>false</quota>
            <searchable>true</searchable>
            <system>false</system>
            <unlogged>false</unlogged>
        </visibility>
        <definition>#&quot;SYSTEM_SYSRULES_sectionLayout&quot;(
  label: &quot;Integration Precedents&quot;,
  firstColumnContents: {
   if(ri!readOnly, {},
    #&quot;ec1839c6-de8f-4834-8397-681ea3dbeed5&quot;(
      labels: {
        &quot;View Existing&quot;,
        &quot;Add/Edit&quot;
      },
      tabToShow: ri!tabToShow
    )),
   choose(ri!tabToShow, 
   #&quot;_a-0000dd4b-0482-8000-9ba2-011c48011c48_17431&quot;(
     dataSubset: ri!precedentIntegrationDataSubset,
     pagingInfo: ri!precedentIntegrationPagingInfo,
     additionalSaveInto: a!save(
       ri!precedentIntegrationDataSubset,
       #&quot;_a-0000dd4b-0482-8000-9ba2-011c48011c48_17264&quot;(
         columns: ri!precedentIntegrationColumns,
         pagingInfo: ri!precedentIntegrationPagingInfo,
         sourceSystemId: ri!systemId
       )
     ),
     systemNameField: &quot;destinationSystemName&quot;,
     systemIdField: &quot;destinationSystemId&quot;,
     readOnly: ri!readOnly
   ),
   #&quot;SYSTEM_SYSRULES_gridLayout&quot;(
     headerCells: #&quot;SYSTEM_SYSRULES_applyComponents&quot;(
          function: #&quot;SYSTEM_SYSRULES_gridLayoutHeaderCell&quot;(
            label: _
          ),
          array: {
            &quot;Name&quot;,
            &quot;Description&quot;,
            &quot;Importance&quot;,
            &quot;Type&quot;,
            &quot;Read&quot;,
            &quot;Write&quot;,
            if(ri!readOnly,
              {},
              {
                null
              }
            )
          }
        ),
     columnConfigs: #&quot;SYSTEM_SYSRULES_applyComponents&quot;(
          function: #&quot;SYSTEM_SYSRULES_gridLayoutColumnConfig&quot;(
            weight: _
          ),
          array: {
            5,
            5,
            4.5,
            4.5,
            1.5,
            1.5
          }
        ),
     rows: #&quot;SYSTEM_SYSRULES_applyComponents&quot;(
         function: #&quot;_a-0000dd8b-d239-8000-9ba2-011c48011c48_26517&quot;(
           index: _,
           integration_cdt: ri!integrationPrecedent_cdt,
           systemId: ri!systemId,
           dependentOrPrecedentFlag: &quot;P&quot;
         ),
         array: if(
           #&quot;2168a5de-fb70-4d66-8b97-b547e3ac6e57&quot;(
             ri!integrationPrecedent_cdt
           ),
           {},
           enumerate(
             length(
               ri!integrationPrecedent_cdt
             )
           ) + 1
         )
        ),
     addRowLink: #&quot;SYSTEM_SYSRULES_dynamicLink&quot;(
           label: &quot;Add Precedent&quot;,
           value: 'type!{urn:com:appian:types:SYS}SYS_Integration'(
             sourceSystemId: ri!systemId
            ),
           saveInto: a!save(
             ri!integrationPrecedent_cdt,
             append(
               ri!integrationPrecedent_cdt,
               save!value
             )
           )
         )
    )
   )
  },
  isCollapsible: true,
  validations: if(#&quot;2168a5de-fb70-4d66-8b97-b547e3ac6e57&quot;(ri!integrationPrecedent_cdt),
    {},
    #&quot;_a-0000dd8b-d239-8000-9ba2-011c48011c48_27012&quot;(
      integration: ri!integrationPrecedent_cdt
    )
  )
)</definition>
        <namedTypedValue>
            <name>systemId</name>
            <type>
                <name>int</name>
                <namespace>http://www.w3.org/2001/XMLSchema</namespace>
            </type>
        </namedTypedValue>
        <namedTypedValue>
            <name>readOnly</name>
            <type>
                <name>boolean</name>
                <namespace>http://www.w3.org/2001/XMLSchema</namespace>
            </type>
        </namedTypedValue>
        <namedTypedValue>
            <name>integrationPrecedent_cdt</name>
            <type>
                <name>SYS_Integration?list</name>
                <namespace>urn:com:appian:types:SYS</namespace>
            </type>
        </namedTypedValue>
        <namedTypedValue>
            <name>tabToShow</name>
            <type>
                <name>int</name>
                <namespace>http://www.w3.org/2001/XMLSchema</namespace>
            </type>
        </namedTypedValue>
        <namedTypedValue>
            <name>precedentIntegrationColumns</name>
            <type>
                <name>Text?list</name>
                <namespace>http://www.appian.com/ae/types/2009</namespace>
            </type>
        </namedTypedValue>
        <namedTypedValue>
            <name>precedentIntegrationPagingInfo</name>
            <type>
                <name>PagingInfo</name>
                <namespace>http://www.appian.com/ae/types/2009</namespace>
            </type>
        </namedTypedValue>
        <namedTypedValue>
            <name>precedentIntegrationDataSubset</name>
            <type>
                <name>DataSubset</name>
                <namespace>http://www.appian.com/ae/types/2009</namespace>
            </type>
        </namedTypedValue>
        <preferredEditor>interface</preferredEditor>
        <offlineEnabled>false</offlineEnabled>
    </rule>
    <roleMap public="true">
        <role allowForAll="false" inherit="true" name="readers">
            <users/>
            <groups/>
        </role>
        <role allowForAll="false" inherit="true" name="authors">
            <users/>
            <groups/>
        </role>
        <role allowForAll="false" inherit="true" name="administrators">
            <users/>
            <groups/>
        </role>
        <role allowForAll="false" inherit="false" name="denyReaders">
            <users/>
            <groups/>
        </role>
        <role allowForAll="false" inherit="false" name="denyAuthors">
            <users/>
            <groups/>
        </role>
        <role allowForAll="false" inherit="false" name="denyAdministrators">
            <users/>
            <groups/>
        </role>
    </roleMap>
</contentHaul>
