<?xml version="1.0" encoding="UTF-8" standalone="yes"?>
<contentHaul xmlns:a="http://www.appian.com/ae/types/2009">
    <constant>
        <name>SYS_USRGRP_PROCESS_MODEL_ALERT_RECEIVERS</name>
        <uuid>_a-0000dd4b-0482-8000-9ba2-011c48011c48_17513</uuid>
        <description>Users and groups to receive process model alerts</description>
        <parentUuid>_a-0000dd4b-0482-8000-9ba2-011c48011c48_16916</parentUuid>
        <visibility>
            <advertise>false</advertise>
            <hierarchy>true</hierarchy>
            <indexable>true</indexable>
            <quota>false</quota>
            <searchable>true</searchable>
            <system>false</system>
            <unlogged>false</unlogged>
        </visibility>
        <typedValue>
            <type>
                <name>UserOrGroup</name>
                <namespace>http://www.appian.com/ae/types/2009</namespace>
            </type>
            <value>
                <type>5</type>
                <value>_e-0000dd3b-5dde-8000-9aee-01075c01075c_103</value>
            </value>
        </typedValue>
    </constant>
    <roleMap public="true">
        <role allowForAll="false" inherit="true" name="readers">
            <users/>
            <groups/>
        </role>
        <role allowForAll="false" inherit="true" name="authors">
            <users/>
            <groups/>
        </role>
        <role allowForAll="false" inherit="true" name="administrators">
            <users/>
            <groups/>
        </role>
        <role allowForAll="false" inherit="false" name="denyReaders">
            <users/>
            <groups/>
        </role>
        <role allowForAll="false" inherit="false" name="denyAuthors">
            <users/>
            <groups/>
        </role>
        <role allowForAll="false" inherit="false" name="denyAdministrators">
            <users/>
            <groups/>
        </role>
    </roleMap>
</contentHaul>
