<?xml version="1.0" encoding="UTF-8" standalone="yes"?>
<contentHaul xmlns:a="http://www.appian.com/ae/types/2009">
    <rule>
        <name>SYS_GDRW_technicalDetails_hardware</name>
        <uuid>_a-0000dd72-ed8d-8000-9ba2-011c48011c48_26144</uuid>
        <description>Grid row layour for hardware editable grid of technical details sections</description>
        <parentUuid>_a-0000dd4b-0482-8000-9ba2-011c48011c48_16927</parentUuid>
        <visibility>
            <advertise>false</advertise>
            <hierarchy>true</hierarchy>
            <indexable>true</indexable>
            <quota>false</quota>
            <searchable>true</searchable>
            <system>false</system>
            <unlogged>false</unlogged>
        </visibility>
        <definition>load(
  local!disableMoveUp: ri!index=1,
  local!disableMoveDown: ri!index=count(ri!hardware_cdt),
  local!hardwareTypeReferenceData: #&quot;_a-0000dd4b-0482-8000-9ba2-011c48011c48_17090&quot;(
    type: &quot;HARDWARE_TYPE&quot;
  ).data,
  #&quot;SYSTEM_SYSRULES_gridRowLayout&quot;(
    id: ri!index,
    contents:{
      #&quot;_a-0000dd0d-462c-8000-9ba2-011c48011c48_3690&quot;(
        value: ri!hardware_cdt[ri!index].serverName,
        saveInto: ri!hardware_cdt[ri!index].serverName,
        validations: #&quot;b454db67-6211-40e7-9591-49b09bffedd5&quot;(
          value: ri!hardware_cdt[ri!index].serverName,
          maxLength: 255,
          maxLengthMessage: &quot;Name cannot exceed 255 characters&quot;
        ),
        readOnly: false
      ),
      #&quot;_a-0000dd0d-462c-8000-9ba2-011c48011c48_3685&quot;(
        choiceLabels: local!hardwareTypeReferenceData.label,
        choiceValues: local!hardwareTypeReferenceData.id,
        value: ri!hardware_cdt[ri!index].typeId,
        saveInto: ri!hardware_cdt[ri!index].typeId,
        readOnly: false
      ),
      #&quot;_a-0000dd0d-462c-8000-9ba2-011c48011c48_3690&quot;(
        value: ri!hardware_cdt[ri!index].os,
        saveInto: ri!hardware_cdt[ri!index].os,
        validations: #&quot;b454db67-6211-40e7-9591-49b09bffedd5&quot;(
          value: ri!hardware_cdt[ri!index].os,
          maxLength: 255,
          maxLengthMessage: &quot;OS cannot exceed 255 characters&quot;
        ),
        readOnly: false
      ),
      #&quot;_a-0000dd0d-462c-8000-9ba2-011c48011c48_3690&quot;(
        value: ri!hardware_cdt[ri!index].cpu,
        saveInto: ri!hardware_cdt[ri!index].cpu,
        validations: #&quot;b454db67-6211-40e7-9591-49b09bffedd5&quot;(
          value: ri!hardware_cdt[ri!index].cpu,
          maxLength: 255,
          maxLengthMessage: &quot;CPU cannot exceed 255 characters&quot;
        ),
        readOnly: false
      ),
      #&quot;_a-0000dd0d-462c-8000-9ba2-011c48011c48_3690&quot;(
        value: ri!hardware_cdt[ri!index].memory,
        saveInto: ri!hardware_cdt[ri!index].memory,
        validations: #&quot;b454db67-6211-40e7-9591-49b09bffedd5&quot;(
          value: ri!hardware_cdt[ri!index].memory,
          maxLength: 255,
          maxLengthMessage: &quot;Memory cannot exceed 255 characters&quot;
        ),
        readOnly: false
      ),
      #&quot;_a-0000dd0d-462c-8000-9ba2-011c48011c48_3690&quot;(
        value: ri!hardware_cdt[ri!index].diskSpace,
        saveInto: ri!hardware_cdt[ri!index].diskSpace,
        validations: #&quot;b454db67-6211-40e7-9591-49b09bffedd5&quot;(
          value: ri!hardware_cdt[ri!index].diskSpace,
          maxLength: 255,
          maxLengthMessage: &quot;Disk Space cannot exceed 255 characters&quot;
        ),
        readOnly: false
      ),
      #&quot;SYSTEM_SYSRULES_imageField&quot;(
        label: &quot;delete&quot; &amp; ri!index,
        images: #&quot;SYSTEM_SYSRULES_documentImage&quot;(
          document: #&quot;SYSTEM_SYSRULES_iconIndicator&quot;(
            /*icon: if(local!ri!hardware_cdt[ri!index]Delete, &quot;REMOVE_DISABLED&quot;, &quot;REMOVE&quot;)*/
            icon : &quot;REMOVE&quot;
          ),
          altText: &quot;Remove &quot; &amp; ri!index,
          caption: &quot;Remove &quot; &amp; ri!hardware_cdt[ri!index].serverName,
          link: #&quot;SYSTEM_SYSRULES_dynamicLink&quot;(
              value: ri!index,
              saveInto: {
                a!save(
                  ri!hardware_cdt,
                  remove(ri!hardware_cdt, ri!index)
                )
              }
            )
        ),
        size: &quot;ICON&quot;
      )
    }
  )
)</definition>
        <namedTypedValue>
            <name>hardware_cdt</name>
            <type>
                <name>SYS_Hardware?list</name>
                <namespace>urn:com:appian:types:SYS</namespace>
            </type>
        </namedTypedValue>
        <namedTypedValue>
            <name>index</name>
            <type>
                <name>int</name>
                <namespace>http://www.w3.org/2001/XMLSchema</namespace>
            </type>
        </namedTypedValue>
        <preferredEditor>interface</preferredEditor>
        <offlineEnabled>false</offlineEnabled>
    </rule>
    <roleMap public="true">
        <role allowForAll="false" inherit="true" name="readers">
            <users/>
            <groups/>
        </role>
        <role allowForAll="false" inherit="true" name="authors">
            <users/>
            <groups/>
        </role>
        <role allowForAll="false" inherit="true" name="administrators">
            <users/>
            <groups/>
        </role>
        <role allowForAll="false" inherit="false" name="denyReaders">
            <users/>
            <groups/>
        </role>
        <role allowForAll="false" inherit="false" name="denyAuthors">
            <users/>
            <groups/>
        </role>
        <role allowForAll="false" inherit="false" name="denyAdministrators">
            <users/>
            <groups/>
        </role>
    </roleMap>
</contentHaul>
