<?xml version="1.0" encoding="UTF-8" standalone="yes"?>
<contentHaul xmlns:a="http://www.appian.com/ae/types/2009">
    <rule>
        <name>SYS_FRM_Administration_editPoam</name>
        <uuid>_a-0000dd8b-d239-8000-9ba2-011c48011c48_28086</uuid>
        <description>Main form to Edit Administration</description>
        <parentUuid>_a-0000dd4b-0482-8000-9ba2-011c48011c48_16925</parentUuid>
        <visibility>
            <advertise>false</advertise>
            <hierarchy>true</hierarchy>
            <indexable>true</indexable>
            <quota>false</quota>
            <searchable>true</searchable>
            <system>false</system>
            <unlogged>false</unlogged>
        </visibility>
        <definition>/* Calls the common UI with poam, issue and audit cdts*/&#xD;
#&quot;SYSTEM_SYSRULES_formLayout&quot;(&#xD;
  label: ri!formTitle,&#xD;
  firstColumnContents: {&#xD;
      #&quot;_a-0000dd72-ed8d-8000-9ba2-011c48011c48_26084&quot;(&#xD;
      systemId: ri!systemId,&#xD;
      readOnly: false,&#xD;
      hardware_cdt: ri!hardware_cdt,&#xD;
      integrationPrecedent_cdt: ri!integrationPrecedent_cdt,&#xD;
      integrationDependent_cdt: ri!integrationDependent_cdt&#xD;
    )    &#xD;
  },&#xD;
  secondColumnContents: {},&#xD;
  buttons:{&#xD;
    #&quot;SYSTEM_SYSRULES_ButtonLayout&quot;(&#xD;
      primaryButtons: {&#xD;
        #&quot;SYSTEM_SYSRULES_ButtonWidgetSubmit&quot;(&#xD;
          style: &quot;PRIMARY&quot;,&#xD;
          label: &quot;Submit&quot;,&#xD;
          value: &quot;submit&quot;,&#xD;
          saveInto: ri!buttonClicked&#xD;
        )&#xD;
      },&#xD;
      secondaryButtons: {&#xD;
        #&quot;SYSTEM_SYSRULES_ButtonWidgetSubmit&quot;(&#xD;
          style: &quot;NORMAL&quot;,&#xD;
          label: &quot;Cancel&quot;,&#xD;
          value: &quot;cancel&quot;,&#xD;
          saveInto: ri!buttonClicked,&#xD;
          skipValidation : true&#xD;
        )&#xD;
      }&#xD;
    ) &#xD;
  }&#xD;
)</definition>
        <namedTypedValue>
            <name>poam_cdt</name>
            <type>
                <name>SYS_Poam?list</name>
                <namespace>urn:com:appian:types:SYS</namespace>
            </type>
        </namedTypedValue>
        <namedTypedValue>
            <name>issue_cdt</name>
            <type>
                <name>SYS_Issue?list</name>
                <namespace>urn:com:appian:types:SYS</namespace>
            </type>
        </namedTypedValue>
        <namedTypedValue>
            <name>audit_cdt</name>
            <type>
                <name>SYS_Audit?list</name>
                <namespace>urn:com:appian:types:SYS</namespace>
            </type>
        </namedTypedValue>
        <preferredEditor>interface</preferredEditor>
        <offlineEnabled>false</offlineEnabled>
    </rule>
    <roleMap public="true">
        <role allowForAll="false" inherit="true" name="readers">
            <users/>
            <groups/>
        </role>
        <role allowForAll="false" inherit="true" name="authors">
            <users/>
            <groups/>
        </role>
        <role allowForAll="false" inherit="true" name="administrators">
            <users/>
            <groups/>
        </role>
        <role allowForAll="false" inherit="false" name="denyReaders">
            <users/>
            <groups/>
        </role>
        <role allowForAll="false" inherit="false" name="denyAuthors">
            <users/>
            <groups/>
        </role>
        <role allowForAll="false" inherit="false" name="denyAdministrators">
            <users/>
            <groups/>
        </role>
    </roleMap>
</contentHaul>
