<?xml version="1.0" encoding="UTF-8" standalone="yes"?>
<contentHaul xmlns:a="http://www.appian.com/ae/types/2009">
    <rule>
        <name>SYS_SCT_System_technicalDetails</name>
        <uuid>_a-0000dd72-ed8d-8000-9ba2-011c48011c48_26084</uuid>
        <description>Common UI to tunnel into technical details section</description>
        <parentUuid>_a-0000dd4b-0482-8000-9ba2-011c48011c48_16939</parentUuid>
        <visibility>
            <advertise>false</advertise>
            <hierarchy>true</hierarchy>
            <indexable>true</indexable>
            <quota>false</quota>
            <searchable>true</searchable>
            <system>false</system>
            <unlogged>false</unlogged>
        </visibility>
        <definition>load(
  /*List of Column names*/
  local!hardwareColumns: {
    &quot;serverName&quot;,
    &quot;os&quot;,
    &quot;cpu&quot;,
    &quot;memory&quot;,
    &quot;diskSpace&quot;,
    &quot;typeLabel&quot;
  },
  local!precedentIntegrationColumns: {
    &quot;destinationSystemId&quot;,
    &quot;destinationSystemName&quot;,
    &quot;importanceLabel&quot;,
    &quot;readFromDestination&quot;,
    &quot;writeToDestination&quot;,
    &quot;typeLabel&quot;,
    &quot;description&quot;
  },
  local!dependentIntegrationColumns: {
    &quot;sourceSystemId&quot;,
    &quot;sourceSystemName&quot;,
    &quot;importanceLabel&quot;,
    &quot;readFromDestination&quot;,
    &quot;writeToDestination&quot;,
    &quot;typeLabel&quot;,
    &quot;description&quot;
  },
  
  /*Paging Info for each section*/
  local!hardwarePagingInfo: #&quot;SYSTEM_SYSRULES_pagingInfo&quot;(
    startIndex: 1,
    batchSize: #&quot;_a-0000dd4b-0482-8000-9ba2-011c48011c48_17277&quot;,
    sort: #&quot;SYSTEM_SYSRULES_sortInfo&quot;(
      field: &quot;serverName&quot;,
      ascending: true
    )
  ),
  local!precedentIntegrationPagingInfo: #&quot;SYSTEM_SYSRULES_pagingInfo&quot;(
    startIndex: 1,
    batchSize: #&quot;_a-0000dd4b-0482-8000-9ba2-011c48011c48_17277&quot;,
    sort: #&quot;SYSTEM_SYSRULES_sortInfo&quot;(
      field: &quot;destinationSystemName&quot;,
      ascending: true
    )
  ),
  local!dependentIntegrationPagingInfo: #&quot;SYSTEM_SYSRULES_pagingInfo&quot;(
    startIndex: 1,
    batchSize: #&quot;_a-0000dd4b-0482-8000-9ba2-011c48011c48_17277&quot;,
    sort: #&quot;SYSTEM_SYSRULES_sortInfo&quot;(
      field: &quot;sourceSystemName&quot;,
      ascending: true
    )
  ),
  
  /*Datasubset for each section retrieved from DB*/
  local!hardwareDataSubset: #&quot;_a-0000dd4b-0482-8000-9ba2-011c48011c48_17258&quot;(
    columns: local!hardwareColumns,
    pagingInfo: local!hardwarePagingInfo,
    systemId: ri!systemId
  ),
  local!precedentIntegrationDataSubset: #&quot;_a-0000dd4b-0482-8000-9ba2-011c48011c48_17264&quot;(
    columns: local!precedentIntegrationColumns,
    pagingInfo: local!precedentIntegrationPagingInfo,
    sourceSystemId: ri!systemId
  ),
  local!dependentIntegrationDataSubset: #&quot;_a-0000dd4b-0482-8000-9ba2-011c48011c48_17264&quot;(
    columns: local!dependentIntegrationColumns,
    pagingInfo: local!dependentIntegrationPagingInfo,
    destinationSystemId: ri!systemId
  ),
  
  /*Tabbing controls for each section*/
  local!hardwareTabToShow: 1,
  local!integrationPrecedentsTabToShow: 1,
  local!integrationDependentsTabToShow: 1,

   { 
     #&quot;_a-0000dd72-ed8d-8000-9ba2-011c48011c48_26102&quot;(
       systemId: ri!systemId,
       readOnly: ri!readOnly,
       hardware_cdt: ri!hardware_cdt,
       tabToShow: local!hardwareTabToShow,
       hardwarePagingInfo: local!hardwarePagingInfo,
       hardwareColumns: local!hardwareColumns,
       hardwareDataSubset: local!hardwareDataSubset
     ),
     #&quot;_a-0000dd72-ed8d-8000-9ba2-011c48011c48_26107&quot;(
       systemId: ri!systemId,
       readOnly: ri!readOnly,
       integrationPrecedent_cdt: ri!integrationPrecedent_cdt,
       tabToShow: local!integrationPrecedentsTabToShow,
       precedentIntegrationColumns: local!precedentIntegrationColumns,
       precedentIntegrationPagingInfo: local!precedentIntegrationPagingInfo,
       precedentIntegrationDataSubset: local!precedentIntegrationDataSubset
     ),
     #&quot;_a-0000dd72-ed8d-8000-9ba2-011c48011c48_26110&quot;(
       systemId: ri!systemId,
       integrationDependent_cdt: ri!integrationDependent_cdt,
       tabToShow: local!integrationDependentsTabToShow,
       dependentIntegrationColumns: local!dependentIntegrationColumns,
       dependentIntegrationDataSubset: local!dependentIntegrationDataSubset,
       dependentIntegrationPagingInfo: local!dependentIntegrationPagingInfo,
       readOnly: ri!readOnly
     )
    }
)</definition>
        <namedTypedValue>
            <name>systemId</name>
            <type>
                <name>int</name>
                <namespace>http://www.w3.org/2001/XMLSchema</namespace>
            </type>
        </namedTypedValue>
        <namedTypedValue>
            <name>readOnly</name>
            <type>
                <name>boolean</name>
                <namespace>http://www.w3.org/2001/XMLSchema</namespace>
            </type>
        </namedTypedValue>
        <namedTypedValue>
            <name>hardware_cdt</name>
            <type>
                <name>SYS_Hardware?list</name>
                <namespace>urn:com:appian:types:SYS</namespace>
            </type>
        </namedTypedValue>
        <namedTypedValue>
            <name>integrationPrecedent_cdt</name>
            <type>
                <name>SYS_Integration?list</name>
                <namespace>urn:com:appian:types:SYS</namespace>
            </type>
        </namedTypedValue>
        <namedTypedValue>
            <name>integrationDependent_cdt</name>
            <type>
                <name>SYS_Integration?list</name>
                <namespace>urn:com:appian:types:SYS</namespace>
            </type>
        </namedTypedValue>
        <preferredEditor>interface</preferredEditor>
        <offlineEnabled>false</offlineEnabled>
    </rule>
    <roleMap public="true">
        <role allowForAll="false" inherit="true" name="readers">
            <users/>
            <groups/>
        </role>
        <role allowForAll="false" inherit="true" name="authors">
            <users/>
            <groups/>
        </role>
        <role allowForAll="false" inherit="true" name="administrators">
            <users/>
            <groups/>
        </role>
        <role allowForAll="false" inherit="false" name="denyReaders">
            <users/>
            <groups/>
        </role>
        <role allowForAll="false" inherit="false" name="denyAuthors">
            <users/>
            <groups/>
        </role>
        <role allowForAll="false" inherit="false" name="denyAdministrators">
            <users/>
            <groups/>
        </role>
    </roleMap>
</contentHaul>
