<?xml version="1.0" encoding="UTF-8" standalone="yes"?>
<contentHaul xmlns:a="http://www.appian.com/ae/types/2009">
    <rule>
        <name>SYS_DASH_System_releaseHistory</name>
        <uuid>_a-0000dd4b-0482-8000-9ba2-011c48011c48_17270</uuid>
        <description>System record release history view</description>
        <parentUuid>_a-0000dd4b-0482-8000-9ba2-011c48011c48_16937</parentUuid>
        <visibility>
            <advertise>false</advertise>
            <hierarchy>true</hierarchy>
            <indexable>true</indexable>
            <quota>false</quota>
            <searchable>true</searchable>
            <system>false</system>
            <unlogged>false</unlogged>
        </visibility>
        <definition>load(
  local!pastReleaseColumns: {
    &quot;name&quot;,
    &quot;description&quot;,
    &quot;version&quot;,
    &quot;date&quot;,
    &quot;pocName&quot;,
    &quot;typeLabel&quot;
  },
  local!upcomingReleaseColumns: local!pastReleaseColumns,
  local!pastPagingInfo: #&quot;SYSTEM_SYSRULES_pagingInfo&quot;(
    startIndex: 1,
    batchSize: #&quot;_a-0000dd4b-0482-8000-9ba2-011c48011c48_17275&quot;,
    sort: #&quot;SYSTEM_SYSRULES_sortInfo&quot;(
      field: &quot;date&quot;
    )
  ),
  local!pastDatasubset: #&quot;_a-0000dd4b-0482-8000-9ba2-011c48011c48_17271&quot;(
    columns: local!pastReleaseColumns,
    pagingInfo: local!pastPagingInfo,
    systemId: rf!systemId,
    pastFlag: true
  ),
  local!upcomingPagingInfo: #&quot;SYSTEM_SYSRULES_pagingInfo&quot;(
    startIndex: 1,
    batchSize: #&quot;_a-0000dd4b-0482-8000-9ba2-011c48011c48_17275&quot;,
    sort: #&quot;SYSTEM_SYSRULES_sortInfo&quot;(
      field: &quot;date&quot;,
      ascending: true
    )
  ),
  local!upcomingDatasubset: #&quot;_a-0000dd4b-0482-8000-9ba2-011c48011c48_17271&quot;(
    columns: local!upcomingReleaseColumns,
    pagingInfo: local!upcomingPagingInfo,
    systemId: rf!systemId,
    upcomingFlag: true
  ),
  #&quot;SYSTEM_SYSRULES_dashboardLayout&quot;(
    firstColumnContents: {
        #&quot;_a-0000dd8b-d239-8000-9ba2-011c48011c48_29943&quot;(
          label: &quot;Past Releases&quot;,
          readOnly: true,
          pagingInfo: local!pastPagingInfo,
          tabToShow: 1,
          datasubset: local!pastDatasubset,
          systemId: rf!systemId,
          pastFlag: true
        ),
        #&quot;_a-0000dd8b-d239-8000-9ba2-011c48011c48_29943&quot;(
          label: &quot;Upcoming Releases&quot;,
          readOnly: true,
          pagingInfo: local!upcomingPagingInfo,
          tabToShow: 1,
          datasubset: local!upcomingDatasubset,
          systemId: rf!systemId,
          upcomingFlag: true
        )
    }
  )
)</definition>
        <preferredEditor>interface</preferredEditor>
        <offlineEnabled>false</offlineEnabled>
    </rule>
    <roleMap public="true">
        <role allowForAll="false" inherit="true" name="readers">
            <users/>
            <groups/>
        </role>
        <role allowForAll="false" inherit="true" name="authors">
            <users/>
            <groups/>
        </role>
        <role allowForAll="false" inherit="true" name="administrators">
            <users/>
            <groups/>
        </role>
        <role allowForAll="false" inherit="false" name="denyReaders">
            <users/>
            <groups/>
        </role>
        <role allowForAll="false" inherit="false" name="denyAuthors">
            <users/>
            <groups/>
        </role>
        <role allowForAll="false" inherit="false" name="denyAdministrators">
            <users/>
            <groups/>
        </role>
    </roleMap>
</contentHaul>
