<?xml version="1.0" encoding="UTF-8" standalone="yes"?>
<contentHaul xmlns:a="http://www.appian.com/ae/types/2009">
    <rule>
        <name>SYS_GDRW_administration_poam</name>
        <uuid>_a-0000dd8b-d239-8000-9ba2-011c48011c48_28073</uuid>
        <description>Grid row layour for POAM editable grid of administration section</description>
        <parentUuid>_a-0000dd4b-0482-8000-9ba2-011c48011c48_16927</parentUuid>
        <visibility>
            <advertise>false</advertise>
            <hierarchy>true</hierarchy>
            <indexable>true</indexable>
            <quota>false</quota>
            <searchable>true</searchable>
            <system>false</system>
            <unlogged>false</unlogged>
        </visibility>
        <definition>load(
  local!disableMoveUp: ri!index=1,
  local!disableMoveDown: ri!index=count(ri!poam_cdt),
  #&quot;SYSTEM_SYSRULES_gridRowLayout&quot;(
    id: ri!index,
    contents:{
      #&quot;_a-0000dd0d-462c-8000-9ba2-011c48011c48_3690&quot;(
        value: ri!poam_cdt[ri!index].controls,
        saveInto: ri!poam_cdt[ri!index].controls,
        validations: #&quot;b454db67-6211-40e7-9591-49b09bffedd5&quot;(
          value: ri!poam_cdt[ri!index].controls,
          maxLength: 255,
          maxLengthMessage: &quot;Controls cannot exceed 255 characters&quot;
        ),
        readOnly: false
      ),
      #&quot;_a-0000dd0d-462c-8000-9ba2-011c48011c48_3690&quot;(
        value: ri!poam_cdt[ri!index].weaknessName,
        saveInto: ri!poam_cdt[ri!index].weaknessName,
        validations: #&quot;b454db67-6211-40e7-9591-49b09bffedd5&quot;(
          value: ri!poam_cdt[ri!index].weaknessName,
          maxLength: 255,
          maxLengthMessage: &quot;Weakness cannot exceed 255 characters&quot;
        ),
        readOnly: false
      ),
      #&quot;_a-0000dd4b-0482-8000-9ba2-011c48011c48_17493&quot;(
        maxSelections: 1,
        value: ri!poam_cdt[ri!index].pocUserId,
        saveInto: ri!poam_cdt[ri!index].pocUserId
      ),
      #&quot;SYSTEM_SYSRULES_dateField&quot;(
        value: ri!poam_cdt[ri!index].originalDetectionDate,
        saveInto: ri!poam_cdt[ri!index].originalDetectionDate,
        validations: if(ri!poam_cdt[ri!index].originalDetectionDate&gt;today(),
          &quot;Detection date cannot be in the future&quot;,
          &quot;&quot;
        )
      ),
      #&quot;SYSTEM_SYSRULES_dateField&quot;(
        value: ri!poam_cdt[ri!index].scheduledCompletionDate,
        saveInto: ri!poam_cdt[ri!index].scheduledCompletionDate,
        validations: if(ri!poam_cdt[ri!index].scheduledCompletionDate&lt;ri!poam_cdt[ri!index].originalDetectionDate,
          &quot;Completion date cannot be before detection date&quot;,
          &quot;&quot;
        )
      ),
      #&quot;_a-0000dd0d-462c-8000-9ba2-011c48011c48_3690&quot;(
        value: ri!poam_cdt[ri!index].plannedMilestones,
        saveInto: ri!poam_cdt[ri!index].plannedMilestones,
        validations: #&quot;b454db67-6211-40e7-9591-49b09bffedd5&quot;(
          value: ri!poam_cdt[ri!index].plannedMilestones,
          maxLength: 255,
          maxLengthMessage: &quot;Planned Milestones cannot exceed 255 characters&quot;
        ),
        readOnly: false
      ),
      #&quot;_a-0000dd0d-462c-8000-9ba2-011c48011c48_3690&quot;(
        value: ri!poam_cdt[ri!index].milestoneChanges,
        saveInto: ri!poam_cdt[ri!index].milestoneChanges,
        validations: #&quot;b454db67-6211-40e7-9591-49b09bffedd5&quot;(
          value: ri!poam_cdt[ri!index].milestoneChanges,
          maxLength: 255,
          maxLengthMessage: &quot;Milestone Changes cannot exceed 255 characters&quot;
        ),
        readOnly: false
      ),
      #&quot;SYSTEM_SYSRULES_dateField&quot;(
        value: ri!poam_cdt[ri!index].statusDate,
        saveInto: ri!poam_cdt[ri!index].statusDate
      ),
      #&quot;SYSTEM_SYSRULES_imageField&quot;(
        label: &quot;delete&quot; &amp; ri!index,
        images: #&quot;SYSTEM_SYSRULES_documentImage&quot;(
          document: #&quot;SYSTEM_SYSRULES_iconIndicator&quot;(
            /*icon: if(local!ri!poam_cdt[ri!index]Delete, &quot;REMOVE_DISABLED&quot;, &quot;REMOVE&quot;)*/
            icon : &quot;REMOVE&quot;
          ),
          altText: &quot;Remove &quot; &amp; ri!index,
          caption: &quot;Remove &quot; &amp; ri!poam_cdt[ri!index].controls,
          link: #&quot;SYSTEM_SYSRULES_dynamicLink&quot;(
              value: ri!index,
              saveInto: {
                a!save(
                  ri!poam_cdt,
                  remove(ri!poam_cdt, ri!index)
                )
              }
            )
        ),
        size: &quot;ICON&quot;
      )
    }
  )
)</definition>
        <namedTypedValue>
            <name>poam_cdt</name>
            <type>
                <name>SYS_V_Poam?list</name>
                <namespace>urn:com:appian:types:SYS</namespace>
            </type>
        </namedTypedValue>
        <namedTypedValue>
            <name>index</name>
            <type>
                <name>int</name>
                <namespace>http://www.w3.org/2001/XMLSchema</namespace>
            </type>
        </namedTypedValue>
        <preferredEditor>interface</preferredEditor>
        <offlineEnabled>false</offlineEnabled>
    </rule>
    <roleMap public="true">
        <role allowForAll="false" inherit="true" name="readers">
            <users/>
            <groups/>
        </role>
        <role allowForAll="false" inherit="true" name="authors">
            <users/>
            <groups/>
        </role>
        <role allowForAll="false" inherit="true" name="administrators">
            <users>
                <userUuid>gaurav.srivastava</userUuid>
            </users>
            <groups/>
        </role>
        <role allowForAll="false" inherit="false" name="denyReaders">
            <users/>
            <groups/>
        </role>
        <role allowForAll="false" inherit="false" name="denyAuthors">
            <users/>
            <groups/>
        </role>
        <role allowForAll="false" inherit="false" name="denyAdministrators">
            <users/>
            <groups/>
        </role>
    </roleMap>
</contentHaul>
