<?xml version="1.0" encoding="UTF-8" standalone="yes"?>
<contentHaul xmlns:a="http://www.appian.com/ae/types/2009">
    <rule>
        <name>SYS_GDRW_technicalDetails_integration</name>
        <uuid>_a-0000dd8b-d239-8000-9ba2-011c48011c48_26517</uuid>
        <description>Grid Row rule for Integration Precedents &amp; Dependent editable grid of Systems</description>
        <parentUuid>_a-0000dd4b-0482-8000-9ba2-011c48011c48_16927</parentUuid>
        <visibility>
            <advertise>false</advertise>
            <hierarchy>true</hierarchy>
            <indexable>true</indexable>
            <quota>false</quota>
            <searchable>true</searchable>
            <system>false</system>
            <unlogged>false</unlogged>
        </visibility>
        <definition>load(&#xD;
  local!disableMoveUp: ri!index=1,&#xD;
  local!disableMoveDown: ri!index=count(ri!integration_cdt),&#xD;
  local!systemsReferenceData: #&quot;_a-0000dd4b-0482-8000-9ba2-011c48011c48_17791&quot;(&#xD;
    columns: {&quot;systemId&quot;, &quot;name&quot;}&#xD;
  ).data,&#xD;
  local!importanceReferencData: #&quot;_a-0000dd4b-0482-8000-9ba2-011c48011c48_17090&quot;(&#xD;
    type: &quot;INTEGRATION_IMPORTANCE&quot;&#xD;
  ).data,&#xD;
  local!integrationTypeReferencData: #&quot;_a-0000dd4b-0482-8000-9ba2-011c48011c48_17090&quot;(&#xD;
    type: &quot;INTEGRATION_TYPE&quot;&#xD;
  ).data,&#xD;
  #&quot;SYSTEM_SYSRULES_gridRowLayout&quot;(&#xD;
    id: ri!index,&#xD;
    contents:{&#xD;
      #&quot;_a-0000dd0d-462c-8000-9ba2-011c48011c48_3685&quot;(&#xD;
        choiceValues: difference(cast(101, local!systemsReferenceData.systemId), {ri!systemId}),&#xD;
        choiceLabels: difference(touniformstring(local!systemsReferenceData.name), #&quot;f3a679ee-c26e-4b40-bab3-c308bf627da0&quot;(ri!systemId).name),&#xD;
        value: if(ri!dependentOrPrecedentFlag=&quot;P&quot;, ri!integration_cdt[ri!index].destinationSystemId, ri!integration_cdt[ri!index].sourceSystemId),&#xD;
        saveInto: if(ri!dependentOrPrecedentFlag=&quot;P&quot;, ri!integration_cdt[ri!index].destinationSystemId, ri!integration_cdt[ri!index].sourceSystemId),&#xD;
        readOnly: false&#xD;
      ),&#xD;
      #&quot;_a-0000dd0d-462c-8000-9ba2-011c48011c48_3687&quot;(&#xD;
        value: ri!integration_cdt[ri!index].description,&#xD;
        saveInto: ri!integration_cdt[ri!index].description,&#xD;
        validations: #&quot;b454db67-6211-40e7-9591-49b09bffedd5&quot;(&#xD;
          value: ri!integration_cdt[ri!index].description,&#xD;
          maxLength: 255,&#xD;
          maxLengthMessage: &quot;Description cannot exceed 255 characters&quot;&#xD;
        ),   &#xD;
        readOnly: false&#xD;
      ),&#xD;
      #&quot;_a-0000dd0d-462c-8000-9ba2-011c48011c48_3685&quot;(&#xD;
        choiceLabels: local!importanceReferencData.label,&#xD;
        choiceValues: local!importanceReferencData.id,&#xD;
        value: ri!integration_cdt[ri!index].importanceId,&#xD;
        saveInto: ri!integration_cdt[ri!index].importanceId,&#xD;
        readOnly: false&#xD;
      ),&#xD;
      #&quot;_a-0000dd0d-462c-8000-9ba2-011c48011c48_3685&quot;(&#xD;
        choiceLabels: local!integrationTypeReferencData.label,&#xD;
        choiceValues: local!integrationTypeReferencData.id,&#xD;
        value: ri!integration_cdt[ri!index].typeId,&#xD;
        saveInto: ri!integration_cdt[ri!index].typeId,&#xD;
        readOnly: false&#xD;
      ),&#xD;
      #&quot;_a-0000dd0d-462c-8000-9ba2-011c48011c48_5920&quot;(&#xD;
        choiceLabels: {&quot;&quot;},&#xD;
        choiceValues: {true},&#xD;
        value: ri!integration_cdt[ri!index].readFromDestination,&#xD;
        saveInto: ri!integration_cdt[ri!index].readFromDestination,&#xD;
        readOnly: false&#xD;
      ),&#xD;
      #&quot;_a-0000dd0d-462c-8000-9ba2-011c48011c48_5920&quot;(&#xD;
        choiceLabels: {&quot;&quot;},&#xD;
        choiceValues: {true},&#xD;
        value: ri!integration_cdt[ri!index].writeToDestination,&#xD;
        saveInto: ri!integration_cdt[ri!index].writeToDestination,&#xD;
        readOnly: false&#xD;
      ),&#xD;
      #&quot;SYSTEM_SYSRULES_imageField&quot;(&#xD;
        label: &quot;delete&quot; &amp; ri!index,&#xD;
        images: #&quot;SYSTEM_SYSRULES_documentImage&quot;(&#xD;
          document: #&quot;SYSTEM_SYSRULES_iconIndicator&quot;(&#xD;
            icon : &quot;REMOVE&quot;&#xD;
          ),&#xD;
          altText: &quot;Remove &quot; &amp; ri!index,&#xD;
          caption: &quot;Remove &quot; &amp; displayValue(if(ri!dependentOrPrecedentFlag=&quot;P&quot;, ri!integration_cdt[ri!index].destinationSystemId, ri!integration_cdt[ri!index].sourceSystemId), &#xD;
          local!systemsReferenceData.systemId, local!systemsReferenceData.name, &quot;&quot;),&#xD;
          link: #&quot;SYSTEM_SYSRULES_dynamicLink&quot;(&#xD;
                  value: ri!index,&#xD;
                  saveInto: a!save(&#xD;
                    ri!integration_cdt,&#xD;
                      remove(ri!integration_cdt, ri!index)&#xD;
                  )&#xD;
              )&#xD;
        ),&#xD;
        size: &quot;ICON&quot;&#xD;
      )&#xD;
    }&#xD;
  )&#xD;
)</definition>
        <namedTypedValue>
            <name>integration_cdt</name>
            <type>
                <name>SYS_Integration?list</name>
                <namespace>urn:com:appian:types:SYS</namespace>
            </type>
        </namedTypedValue>
        <namedTypedValue>
            <name>systemId</name>
            <type>
                <name>int</name>
                <namespace>http://www.w3.org/2001/XMLSchema</namespace>
            </type>
        </namedTypedValue>
        <namedTypedValue>
            <name>index</name>
            <type>
                <name>int</name>
                <namespace>http://www.w3.org/2001/XMLSchema</namespace>
            </type>
        </namedTypedValue>
        <namedTypedValue>
            <name>dependentOrPrecedentFlag</name>
            <type>
                <name>string</name>
                <namespace>http://www.w3.org/2001/XMLSchema</namespace>
            </type>
            <value/>
        </namedTypedValue>
        <preferredEditor>interface</preferredEditor>
        <offlineEnabled>false</offlineEnabled>
    </rule>
    <roleMap public="true">
        <role allowForAll="false" inherit="true" name="readers">
            <users/>
            <groups/>
        </role>
        <role allowForAll="false" inherit="true" name="authors">
            <users/>
            <groups/>
        </role>
        <role allowForAll="false" inherit="true" name="administrators">
            <users>
                <userUuid>gaurav.srivastava</userUuid>
            </users>
            <groups/>
        </role>
        <role allowForAll="false" inherit="false" name="denyReaders">
            <users/>
            <groups/>
        </role>
        <role allowForAll="false" inherit="false" name="denyAuthors">
            <users/>
            <groups/>
        </role>
        <role allowForAll="false" inherit="false" name="denyAdministrators">
            <users/>
            <groups/>
        </role>
    </roleMap>
    <typedValue>
        <type>
            <name>RuleTestConfig?list</name>
            <namespace>http://www.appian.com/ae/types/2009</namespace>
        </type>
        <value>
            <el>
                <a:name/>
                <a:ruleInputTestConfigs>
                    <a:nameRef>integration_cdt</a:nameRef>
                    <a:id/>
                </a:ruleInputTestConfigs>
                <a:ruleInputTestConfigs>
                    <a:value xmlns:xsd="http://www.w3.org/2001/XMLSchema" xmlns:xsi="http://www.w3.org/2001/XMLSchema-instance" xsi:nil="true" xsi:type="xsd:int"/>
                    <a:nameRef>systemId</a:nameRef>
                    <a:id/>
                </a:ruleInputTestConfigs>
                <a:ruleInputTestConfigs>
                    <a:value xmlns:xsd="http://www.w3.org/2001/XMLSchema" xmlns:xsi="http://www.w3.org/2001/XMLSchema-instance" xsi:nil="true" xsi:type="xsd:int"/>
                    <a:nameRef>index</a:nameRef>
                    <a:id/>
                </a:ruleInputTestConfigs>
                <a:ruleInputTestConfigs>
                    <a:value xmlns:xsd="http://www.w3.org/2001/XMLSchema" xmlns:xsi="http://www.w3.org/2001/XMLSchema-instance" xsi:type="xsd:string"/>
                    <a:nameRef>dependentOrPrecedentFlag</a:nameRef>
                    <a:id/>
                </a:ruleInputTestConfigs>
                <a:assertions xmlns:xsi="http://www.w3.org/2001/XMLSchema-instance" xsi:nil="true"/>
            </el>
        </value>
    </typedValue>
</contentHaul>
