<?xml version="1.0" encoding="UTF-8" standalone="yes"?>
<contentHaul xmlns:a="http://www.appian.com/ae/types/2009">
    <rule>
        <name>SYS_SCT_documents</name>
        <uuid>_a-0000dd8b-d239-8000-9ba2-011c48011c48_27144</uuid>
        <description>Generic system document grid to view and edit system related documents</description>
        <parentUuid>_a-0000dd4b-0482-8000-9ba2-011c48011c48_16939</parentUuid>
        <visibility>
            <advertise>false</advertise>
            <hierarchy>true</hierarchy>
            <indexable>true</indexable>
            <quota>false</quota>
            <searchable>true</searchable>
            <system>false</system>
            <unlogged>false</unlogged>
        </visibility>
        <definition>with(&#xD;
  local!documentCategories: #&quot;_a-0000dd4b-0482-8000-9ba2-011c48011c48_17090&quot;(&#xD;
    columns: {&quot;id&quot;,&quot;label&quot;},&#xD;
    type: &quot;DOC_CATEGORY&quot;&#xD;
  ).data,&#xD;
  local!newDocumentIndices: where(apply(fn!isnull, index(ri!document_cdt, &quot;documentId&quot;, {}))),&#xD;
  local!noNewDocuments: #&quot;2168a5de-fb70-4d66-8b97-b547e3ac6e57&quot;(local!newDocumentIndices),&#xD;
  local!dataSubset: todatasubset(if(ri!readOnly, ri!document_cdt, remove(ri!document_cdt, local!newDocumentIndices)), ri!pagingInfo),&#xD;
  local!addNewLink: #&quot;SYSTEM_SYSRULES_linkField&quot;(&#xD;
    links: #&quot;SYSTEM_SYSRULES_dynamicLink&quot;(&#xD;
      label: &quot;+ Add New&quot;,&#xD;
      saveInto: a!save(ri!document_cdt, append(ri!document_cdt, 'type!{urn:com:appian:types:SYS}SYS_Document'(systemId: ri!systemId, docCategoryId:&#xD;
       displayValue(#&quot;_a-0000dd8b-d239-8000-9ba2-011c48011c48_28257&quot;, local!documentCategories.label, local!documentCategories.id,&quot;&quot;)&#xD;
      )))&#xD;
    ),&#xD;
    labelPosition: &quot;COLLAPSED&quot;&#xD;
  ),&#xD;
  {&#xD;
    #&quot;SYSTEM_SYSRULES_sectionLayout&quot;(&#xD;
      label: &quot;Documents&quot;,&#xD;
      firstColumnContents: {&#xD;
        #&quot;SYSTEM_SYSRULES_gridField&quot;(&#xD;
          columns: {&#xD;
            #&quot;SYSTEM_SYSRULES_gridTextColumn&quot;(&#xD;
              label: &quot;Document&quot;,&#xD;
              field: #&quot;_a-0000dd0d-462c-8000-9ba2-011c48011c48_3897&quot;,&#xD;
              data: apply(&#xD;
                document(_, &quot;name&quot;),&#xD;
                index(local!dataSubset.data, &quot;docAppianDocumentId&quot;, {})&#xD;
              ),&#xD;
              links: #&quot;SYSTEM_SYSRULES_applyComponents&quot;(&#xD;
                #&quot;SYSTEM_SYSRULES_documentDownloadLink&quot;,&#xD;
                todocument(index(local!dataSubset.data, &quot;docAppianDocumentId&quot;, {}))&#xD;
              )&#xD;
            ),&#xD;
            #&quot;SYSTEM_SYSRULES_gridTextColumn&quot;(&#xD;
              label: &quot;Category&quot;,&#xD;
              field: #&quot;_a-0000dd0d-462c-8000-9ba2-011c48011c48_3897&quot;,&#xD;
              data: apply(&#xD;
                displayValue(_, local!documentCategories.id, local!documentCategories.label, &quot;&quot;),&#xD;
                index(local!dataSubset.data, &quot;docCategoryId&quot;, {})&#xD;
              )&#xD;
            ),&#xD;
            #&quot;SYSTEM_SYSRULES_gridTextColumn&quot;(&#xD;
              label: &quot;Description&quot;,&#xD;
              field: &quot;docDescription&quot;,&#xD;
              data: index(local!dataSubset.data, &quot;docDescription&quot;, {})&#xD;
            ),&#xD;
            #&quot;SYSTEM_SYSRULES_gridTextColumn&quot;(&#xD;
              label: &quot;Uploaded By&quot;,&#xD;
              field: #&quot;_a-0000dd0d-462c-8000-9ba2-011c48011c48_3897&quot;,&#xD;
              data: apply(&#xD;
                #&quot;64f07310-4544-413c-96ea-2bd500ad735e&quot;(user: _),&#xD;
                index(local!dataSubset.data, &quot;docUploadedBy&quot;, {})&#xD;
              )&#xD;
            ),&#xD;
            #&quot;SYSTEM_SYSRULES_gridTextColumn&quot;(&#xD;
              label: &quot;Uploaded Date&quot;,&#xD;
              field: &quot;docUploadedDatetime&quot;,&#xD;
              data: index(local!dataSubset.data, &quot;docUploadedDatetime&quot;, {})&#xD;
            )&#xD;
          },&#xD;
          totalCount: local!dataSubset.totalCount,&#xD;
          value: ri!pagingInfo,&#xD;
          saveInto: #&quot;4c0833a9-0127-4d25-9d6d-cb881c688e7d&quot;(&#xD;
            gridSelectionOrPagingInfo: ri!pagingInfo&#xD;
            ),&#xD;
          emptyGridMessage: &quot;No documents&quot;&#xD;
        ),&#xD;
        if(and(not(ri!readOnly), local!noNewDocuments),&#xD;
          local!addNewLink,&#xD;
          {}&#xD;
        )&#xD;
      },&#xD;
      isCollapsible: true&#xD;
    ),&#xD;
    if(not(local!noNewDocuments),&#xD;
      #&quot;SYSTEM_SYSRULES_sectionLayout&quot;(&#xD;
        label: &quot;New Documents&quot;,&#xD;
        firstColumnContents: {&#xD;
          #&quot;SYSTEM_SYSRULES_gridLayout&quot;(&#xD;
            headerCells: #&quot;SYSTEM_SYSRULES_applyComponents&quot;(&#xD;
              function: #&quot;SYSTEM_SYSRULES_gridLayoutHeaderCell&quot;(label: _),&#xD;
              array: {&quot;Document&quot;, &quot;Category&quot;,&quot;Description&quot;, &quot;Uploaded By&quot;, &quot;Uploaded Date&quot;, null}&#xD;
            ),&#xD;
            columnConfigs: #&quot;SYSTEM_SYSRULES_applyComponents&quot;(&#xD;
              function: #&quot;SYSTEM_SYSRULES_gridLayoutColumnConfig&quot;(weight: _),&#xD;
              array: {5, 3, 4, 3, 3, 1}&#xD;
            ),&#xD;
            rows: #&quot;SYSTEM_SYSRULES_applyComponents&quot;(&#xD;
              function: #&quot;_a-0000dd8b-d239-8000-9ba2-011c48011c48_27244&quot;(&#xD;
                documentData: ri!document_cdt,&#xD;
                index: _,&#xD;
                targetFolder: ri!targetFolder,&#xD;
                newDocumentIndices: local!newDocumentIndices&#xD;
              ),&#xD;
              array: enumerate(length(local!newDocumentIndices)) + 1&#xD;
            )&#xD;
          ),&#xD;
          local!addNewLink&#xD;
        },&#xD;
        isCollapsible: true&#xD;
      ),&#xD;
      {}&#xD;
    )&#xD;
  }&#xD;
)</definition>
        <namedTypedValue>
            <name>pagingInfo</name>
            <type>
                <name>PagingInfo</name>
                <namespace>http://www.appian.com/ae/types/2009</namespace>
            </type>
        </namedTypedValue>
        <namedTypedValue>
            <name>documentDataSubset</name>
            <type>
                <name>DataSubset</name>
                <namespace>http://www.appian.com/ae/types/2009</namespace>
            </type>
        </namedTypedValue>
        <namedTypedValue>
            <name>readOnly</name>
            <type>
                <name>boolean</name>
                <namespace>http://www.w3.org/2001/XMLSchema</namespace>
            </type>
        </namedTypedValue>
        <namedTypedValue>
            <name>targetFolder</name>
            <type>
                <name>CollaborationFolder</name>
                <namespace>http://www.appian.com/ae/types/2009</namespace>
            </type>
        </namedTypedValue>
        <namedTypedValue>
            <name>document_cdt</name>
            <type>
                <name>SYS_Document?list</name>
                <namespace>urn:com:appian:types:SYS</namespace>
            </type>
        </namedTypedValue>
        <namedTypedValue>
            <name>systemId</name>
            <type>
                <name>int</name>
                <namespace>http://www.w3.org/2001/XMLSchema</namespace>
            </type>
        </namedTypedValue>
        <preferredEditor>interface</preferredEditor>
        <offlineEnabled>false</offlineEnabled>
    </rule>
    <roleMap public="true">
        <role allowForAll="false" inherit="true" name="readers">
            <users/>
            <groups/>
        </role>
        <role allowForAll="false" inherit="true" name="authors">
            <users/>
            <groups/>
        </role>
        <role allowForAll="false" inherit="true" name="administrators">
            <users/>
            <groups/>
        </role>
        <role allowForAll="false" inherit="false" name="denyReaders">
            <users/>
            <groups/>
        </role>
        <role allowForAll="false" inherit="false" name="denyAuthors">
            <users/>
            <groups/>
        </role>
        <role allowForAll="false" inherit="false" name="denyAdministrators">
            <users/>
            <groups/>
        </role>
    </roleMap>
    <typedValue>
        <type>
            <name>RuleTestConfig?list</name>
            <namespace>http://www.appian.com/ae/types/2009</namespace>
        </type>
        <value>
            <el>
                <a:name/>
                <a:ruleInputTestConfigs>
                    <a:value xmlns:xsi="http://www.w3.org/2001/XMLSchema-instance" xsi:type="a:Expression">#&quot;SYSTEM_SYSRULES_pagingInfo&quot;(startIndex: 1, batchSize: 10)</a:value>
                    <a:nameRef>pagingInfo</a:nameRef>
                    <a:id/>
                </a:ruleInputTestConfigs>
                <a:ruleInputTestConfigs>
                    <a:value xmlns:xsi="http://www.w3.org/2001/XMLSchema-instance" xsi:type="a:Expression">todatasubset({}, #&quot;SYSTEM_SYSRULES_pagingInfo&quot;(startIndex: 1, batchSize: 10))</a:value>
                    <a:nameRef>documentDataSubset</a:nameRef>
                    <a:id/>
                </a:ruleInputTestConfigs>
                <a:ruleInputTestConfigs>
                    <a:value xmlns:xsd="http://www.w3.org/2001/XMLSchema" xmlns:xsi="http://www.w3.org/2001/XMLSchema-instance" xsi:type="xsd:boolean">false</a:value>
                    <a:nameRef>readOnly</a:nameRef>
                    <a:id/>
                </a:ruleInputTestConfigs>
                <a:ruleInputTestConfigs>
                    <a:value xmlns:xsi="http://www.w3.org/2001/XMLSchema-instance" xsi:nil="true" xsi:type="a:CollaborationFolder"/>
                    <a:nameRef>targetFolder</a:nameRef>
                    <a:id/>
                </a:ruleInputTestConfigs>
                <a:ruleInputTestConfigs>
                    <a:nameRef>document_cdt</a:nameRef>
                    <a:id/>
                </a:ruleInputTestConfigs>
                <a:ruleInputTestConfigs>
                    <a:value xmlns:xsd="http://www.w3.org/2001/XMLSchema" xmlns:xsi="http://www.w3.org/2001/XMLSchema-instance" xsi:nil="true" xsi:type="xsd:int"/>
                    <a:nameRef>systemId</a:nameRef>
                    <a:id/>
                </a:ruleInputTestConfigs>
                <a:assertions xmlns:xsi="http://www.w3.org/2001/XMLSchema-instance" xsi:nil="true"/>
            </el>
        </value>
    </typedValue>
</contentHaul>
