<?xml version="1.0" encoding="UTF-8" standalone="yes"?>
<contentHaul xmlns:a="http://www.appian.com/ae/types/2009">
    <rule>
        <name>SYS_GDRW_System_environment</name>
        <uuid>_a-0000dd8b-d239-8000-9ba2-011c48011c48_28150</uuid>
        <description></description>
        <parentUuid>_a-0000dd4b-0482-8000-9ba2-011c48011c48_16927</parentUuid>
        <visibility>
            <advertise>false</advertise>
            <hierarchy>true</hierarchy>
            <indexable>true</indexable>
            <quota>false</quota>
            <searchable>true</searchable>
            <system>false</system>
            <unlogged>false</unlogged>
        </visibility>
        <definition>with(
  local!index: wherecontains(ri!index, ri!environments.deployOrder)[1],
  #&quot;SYSTEM_SYSRULES_gridRowLayout&quot;(
    contents: {
      #&quot;SYSTEM_SYSRULES_textField&quot;(
        label: &quot;Name&quot;,
        required: true,
        readOnly: ri!readOnly,
        value: ri!environments[local!index].name,
        saveInto: ri!environments[local!index].name
      ),
      #&quot;SYSTEM_SYSRULES_paragraphField&quot;(
        label: &quot;Description&quot;,
        readOnly: ri!readOnly,
        value: ri!environments[local!index].description,
        saveInto: ri!environments[local!index].description,
        height: &quot;SHORT&quot;
      ),
      #&quot;_a-0000dd0d-462c-8000-9ba2-011c48011c48_3685&quot;(
        label: &quot;Release&quot;,
        required: true,
        readOnly: ri!readOnly,
        choiceLabels: ri!releases.version,
        choiceValues: ri!releases.releaseId,
        value: ri!environments[local!index].releaseId,
        saveInto: ri!environments[local!index].releaseId
      ),
      if(ri!readOnly,
        #&quot;SYSTEM_SYSRULES_textField&quot;(
          label: &quot;Is Prod&quot;,
          readOnly: true,
          value: #&quot;_a-0000dd0d-462c-8000-9ba2-011c48011c48_5334&quot;(ri!environments[local!index].isProd)
        ),
        {
          #&quot;_a-0000dd17-9077-8000-9ba2-011c48011c48_10649&quot;(
            label: &quot;Is Prod&quot;,
            value: ri!environments[local!index].isProd,
            saveInto: ri!environments[local!index].isProd,
            align: &quot;CENTER&quot;
          ),
          #&quot;_a-0000dd8b-d239-8000-9ba2-011c48011c48_28597&quot;(
            firstRow: ri!index = 1,
            lastRow: ri!index = length(ri!environments),
            cdt: ri!environments,
            index: local!index,
            orderField: &quot;deployOrder&quot;
          )
        }
      )
    },
    id: ri!index
  )
)</definition>
        <namedTypedValue>
            <name>environments</name>
            <type>
                <name>SYS_Environment?list</name>
                <namespace>urn:com:appian:types:SYS</namespace>
            </type>
        </namedTypedValue>
        <namedTypedValue>
            <name>index</name>
            <type>
                <name>int</name>
                <namespace>http://www.w3.org/2001/XMLSchema</namespace>
            </type>
        </namedTypedValue>
        <namedTypedValue>
            <name>readOnly</name>
            <type>
                <name>boolean</name>
                <namespace>http://www.w3.org/2001/XMLSchema</namespace>
            </type>
        </namedTypedValue>
        <namedTypedValue>
            <name>releases</name>
            <type>
                <name>SYS_Release?list</name>
                <namespace>urn:com:appian:types:SYS</namespace>
            </type>
        </namedTypedValue>
        <preferredEditor>interface</preferredEditor>
        <offlineEnabled>false</offlineEnabled>
    </rule>
    <roleMap public="true">
        <role allowForAll="false" inherit="true" name="readers">
            <users/>
            <groups/>
        </role>
        <role allowForAll="false" inherit="true" name="authors">
            <users/>
            <groups/>
        </role>
        <role allowForAll="false" inherit="true" name="administrators">
            <users/>
            <groups/>
        </role>
        <role allowForAll="false" inherit="false" name="denyReaders">
            <users/>
            <groups/>
        </role>
        <role allowForAll="false" inherit="false" name="denyAuthors">
            <users/>
            <groups/>
        </role>
        <role allowForAll="false" inherit="false" name="denyAdministrators">
            <users/>
            <groups/>
        </role>
    </roleMap>
</contentHaul>
