<?xml version="1.0" encoding="UTF-8" standalone="yes"?>
<contentHaul xmlns:a="http://www.appian.com/ae/types/2009">
    <rule>
        <name>SYS_DASH_System_summary</name>
        <uuid>_a-0000dd4b-0482-8000-9ba2-011c48011c48_18753</uuid>
        <description>System record summary interface.</description>
        <parentUuid>_a-0000dd4b-0482-8000-9ba2-011c48011c48_16937</parentUuid>
        <visibility>
            <advertise>false</advertise>
            <hierarchy>true</hierarchy>
            <indexable>true</indexable>
            <quota>false</quota>
            <searchable>true</searchable>
            <system>false</system>
            <unlogged>false</unlogged>
        </visibility>
        <definition>load(
  local!outageDataSubset: #&quot;2b0782c0-1a17-4f22-82f5-fff182d3c449&quot;(
    systemId: ri!systemId
  ),
  local!v_outageByMonth: #&quot;_a-0000dd72-ed8d-8000-9ba2-011c48011c48_26289&quot;(
    systemId: ri!systemId,
    pagingInfo: #&quot;SYSTEM_SYSRULES_pagingInfo&quot;(
      startIndex: 1,
      batchSize: - 1,
      sort: #&quot;SYSTEM_SYSRULES_sortInfo&quot;(
        &quot;monthId&quot;,
        true
      )
    )
  ).data,
  local!selectedType,
  
  with(
    local!outageReasonDataSubset: #&quot;_a-0000dd4b-0482-8000-9ba2-011c48011c48_18793&quot;(
      systemId: ri!systemId,
      typeId: local!selectedType
    ),
    #&quot;SYSTEM_SYSRULES_dashboardLayout&quot;(
      firstColumnContents: {
        #&quot;SYSTEM_SYSRULES_sectionLayout&quot;(
          label: &quot;General Information&quot;,
          firstColumnContents: {
            #&quot;_a-0000dd0d-462c-8000-9ba2-011c48011c48_3690&quot;(
              label: &quot;Description&quot;,
              readOnly: true,
              value: ri!description
            ),
            #&quot;_a-0000dd0d-462c-8000-9ba2-011c48011c48_3690&quot;(
              label: &quot;Version&quot;,
              readOnly: true,
              value: if(
                isnull(
                  ri!version
                ),
                &quot;This system has no releases&quot;,
                ri!version
              )
            ),
            #&quot;_a-0000dd0d-462c-8000-9ba2-011c48011c48_3690&quot;(
              label: &quot;Compliant&quot;,
              readOnly: true,
              value: #&quot;_a-0000dd0d-462c-8000-9ba2-011c48011c48_5334&quot;(
                ri!compliant
              )
            )
          },
          secondColumnContents: {
            #&quot;SYSTEM_SYSRULES_imageField&quot;(
              label: &quot;Status&quot;,
              images: #&quot;SYSTEM_SYSRULES_documentImage&quot;(
                document:
                if(ri!statusLabel=#&quot;_a-0000dd8b-d239-8000-9ba2-011c48011c48_29221&quot;,
                  #&quot;SYSTEM_SYSRULES_iconIndicator&quot;(icon: &quot;STATUS_OK&quot;),
                  if(ri!statusLabel=#&quot;_a-0000dd8b-d239-8000-9ba2-011c48011c48_29222&quot;,
                    #&quot;SYSTEM_SYSRULES_iconIndicator&quot;(icon: &quot;STATUS_WARN&quot;),
                    #&quot;SYSTEM_SYSRULES_iconIndicator&quot;(icon: &quot;STATUS_NOTDONE&quot;))
                ),
                caption: ri!statusLabel),
              size: &quot;ICON&quot;,
              labelPosition: &quot;ADJACENT&quot;
            ),
            #&quot;_a-0000dd0d-462c-8000-9ba2-011c48011c48_3690&quot;(
              label: &quot;Initial Release Date&quot;,
              readOnly: true,
              value: if(
                isnull(
                  ri!initialReleaseDate
                ),
                &quot;N/A&quot;,
                ri!initialReleaseDate
              )
            ),
            #&quot;_a-0000dd0d-462c-8000-9ba2-011c48011c48_3690&quot;(
              label: &quot;Most Recent Release Date&quot;,
              readOnly: true,
              value: if(
                isnull(
                  ri!recentReleaseDate
                ),
                &quot;N/A&quot;,
                ri!recentReleaseDate
              )
            )
          },
          isCollapsible: true
        ),
        #&quot;SYSTEM_SYSRULES_sectionLayout&quot;(
          label: &quot;Key Personnel&quot;,
          firstColumnContents: {
            #&quot;_a-0000dd0d-462c-8000-9ba2-011c48011c48_3690&quot;(
              label: &quot;Executive Sponsor&quot;,
              readOnly: true,
              value: ri!executiveSponsorName
            ),
            #&quot;_a-0000dd0d-462c-8000-9ba2-011c48011c48_3690&quot;(
              label: &quot;Business Owner&quot;,
              readOnly: true,
              value: ri!businessOwnerName
            ),
            #&quot;_a-0000dd0d-462c-8000-9ba2-011c48011c48_3690&quot;(
              label: &quot;IT Owner&quot;,
              readOnly: true,
              value: ri!itOwnerName
            )
          },
          secondColumnContents: {
            #&quot;_a-0000dd0d-462c-8000-9ba2-011c48011c48_3690&quot;(
              label: &quot;POC&quot;,
              readOnly: true,
              value: ri!pocName
            ),
            #&quot;_a-0000dd0d-462c-8000-9ba2-011c48011c48_3690&quot;(
              label: &quot;POC Office Phone&quot;,
              readOnly: true,
              value: #&quot;_a-0000dd72-ed8d-8000-9ba2-011c48011c48_23533&quot;(
                phoneNumber: ri!pocOfficePhone
              )
            ),
            #&quot;_a-0000dd0d-462c-8000-9ba2-011c48011c48_3690&quot;(
              label: &quot;POC Email&quot;,
              readOnly: true,
              value: ri!pocEmail
            )
          },
          isCollapsible: true
        ),
        #&quot;SYSTEM_SYSRULES_sectionLayout&quot;(
          label: &quot;Outages&quot;,
          firstColumnContents: {
            if(
              #&quot;2168a5de-fb70-4d66-8b97-b547e3ac6e57&quot;(
                local!outageDataSubset.data
              ),
              #&quot;SYSTEM_SYSRULES_richTextDisplayField&quot;(
                value: #&quot;SYSTEM_SYSRULES_richTextItem&quot;(
                  text: &quot;There have been no outages&quot;,
                  style: &quot;EMPHASIS&quot;
                )
              ),
              if(
                isnull(
                  local!selectedType
                ),
                {
                  #&quot;SYSTEM_SYSRULES_columnChartField&quot;(
                    stacking: &quot;NORMAL&quot;,
                    showDataLabels: true,
                    categories: index(
                      local!v_outageByMonth,
                      &quot;monthLabel&quot;,
                      {}
                    ),
                    series: {
                      #&quot;SYSTEM_SYSRULES_chartSeries&quot;(
                        label: &quot;Planned&quot;,
                        data: index(
                          local!v_outageByMonth,
                          &quot;plannedOutages&quot;,
                          {}
                        )
                      ),
                      #&quot;SYSTEM_SYSRULES_chartSeries&quot;(
                        label: &quot;Unplanned&quot;,
                        data: index(
                          local!v_outageByMonth,
                          &quot;unplannedOutages&quot;,
                          {}
                        )
                      )
                    }
                  )
                },
                {}
              )
            )
          },
          secondColumnContents: {
            #&quot;SYSTEM_SYSRULES_textField&quot;(readOnly: true)
          },
          isCollapsible: true
        ),
        #&quot;_a-0000dd8b-d239-8000-9ba2-011c48011c48_26637&quot;(
          recordTypeId: ri!recordTypeId,
          recordId: ri!systemId
        )
      }
    )
  )
)</definition>
        <namedTypedValue>
            <name>systemId</name>
            <type>
                <name>int</name>
                <namespace>http://www.w3.org/2001/XMLSchema</namespace>
            </type>
        </namedTypedValue>
        <namedTypedValue>
            <name>executiveSponsorName</name>
            <type>
                <name>string</name>
                <namespace>http://www.w3.org/2001/XMLSchema</namespace>
            </type>
            <value/>
        </namedTypedValue>
        <namedTypedValue>
            <name>statusLabel</name>
            <type>
                <name>string</name>
                <namespace>http://www.w3.org/2001/XMLSchema</namespace>
            </type>
            <value/>
        </namedTypedValue>
        <namedTypedValue>
            <name>recentReleaseDate</name>
            <type>
                <name>date</name>
                <namespace>http://www.w3.org/2001/XMLSchema</namespace>
            </type>
        </namedTypedValue>
        <namedTypedValue>
            <name>pocName</name>
            <type>
                <name>string</name>
                <namespace>http://www.w3.org/2001/XMLSchema</namespace>
            </type>
            <value/>
        </namedTypedValue>
        <namedTypedValue>
            <name>initialReleaseDate</name>
            <type>
                <name>date</name>
                <namespace>http://www.w3.org/2001/XMLSchema</namespace>
            </type>
        </namedTypedValue>
        <namedTypedValue>
            <name>itOwnerName</name>
            <type>
                <name>string</name>
                <namespace>http://www.w3.org/2001/XMLSchema</namespace>
            </type>
            <value/>
        </namedTypedValue>
        <namedTypedValue>
            <name>version</name>
            <type>
                <name>string</name>
                <namespace>http://www.w3.org/2001/XMLSchema</namespace>
            </type>
            <value/>
        </namedTypedValue>
        <namedTypedValue>
            <name>compliant</name>
            <type>
                <name>boolean</name>
                <namespace>http://www.w3.org/2001/XMLSchema</namespace>
            </type>
        </namedTypedValue>
        <namedTypedValue>
            <name>businessOwnerName</name>
            <type>
                <name>string</name>
                <namespace>http://www.w3.org/2001/XMLSchema</namespace>
            </type>
            <value/>
        </namedTypedValue>
        <namedTypedValue>
            <name>description</name>
            <type>
                <name>string</name>
                <namespace>http://www.w3.org/2001/XMLSchema</namespace>
            </type>
            <value/>
        </namedTypedValue>
        <namedTypedValue>
            <name>pocOfficePhone</name>
            <type>
                <name>string</name>
                <namespace>http://www.w3.org/2001/XMLSchema</namespace>
            </type>
            <value/>
        </namedTypedValue>
        <namedTypedValue>
            <name>pocEmail</name>
            <type>
                <name>string</name>
                <namespace>http://www.w3.org/2001/XMLSchema</namespace>
            </type>
            <value/>
        </namedTypedValue>
        <namedTypedValue>
            <name>recordTypeId</name>
            <type>
                <name>int</name>
                <namespace>http://www.w3.org/2001/XMLSchema</namespace>
            </type>
        </namedTypedValue>
        <preferredEditor>interface</preferredEditor>
        <offlineEnabled>false</offlineEnabled>
    </rule>
    <roleMap public="true">
        <role allowForAll="false" inherit="true" name="readers">
            <users/>
            <groups/>
        </role>
        <role allowForAll="false" inherit="true" name="authors">
            <users/>
            <groups/>
        </role>
        <role allowForAll="false" inherit="true" name="administrators">
            <users>
                <userUuid>sean.petykowski</userUuid>
            </users>
            <groups/>
        </role>
        <role allowForAll="false" inherit="false" name="denyReaders">
            <users/>
            <groups/>
        </role>
        <role allowForAll="false" inherit="false" name="denyAuthors">
            <users/>
            <groups/>
        </role>
        <role allowForAll="false" inherit="false" name="denyAdministrators">
            <users/>
            <groups/>
        </role>
    </roleMap>
    <typedValue>
        <type>
            <name>RuleTestConfig?list</name>
            <namespace>http://www.appian.com/ae/types/2009</namespace>
        </type>
        <value>
            <el>
                <a:name/>
                <a:ruleInputTestConfigs>
                    <a:value xmlns:xsd="http://www.w3.org/2001/XMLSchema" xmlns:xsi="http://www.w3.org/2001/XMLSchema-instance" xsi:nil="true" xsi:type="xsd:int"/>
                    <a:nameRef>systemId</a:nameRef>
                    <a:id/>
                </a:ruleInputTestConfigs>
                <a:ruleInputTestConfigs>
                    <a:value xmlns:xsd="http://www.w3.org/2001/XMLSchema" xmlns:xsi="http://www.w3.org/2001/XMLSchema-instance" xsi:type="xsd:string"/>
                    <a:nameRef>executiveSponsorName</a:nameRef>
                    <a:id/>
                </a:ruleInputTestConfigs>
                <a:ruleInputTestConfigs>
                    <a:value xmlns:xsd="http://www.w3.org/2001/XMLSchema" xmlns:xsi="http://www.w3.org/2001/XMLSchema-instance" xsi:type="xsd:string"/>
                    <a:nameRef>statusLabel</a:nameRef>
                    <a:id/>
                </a:ruleInputTestConfigs>
                <a:ruleInputTestConfigs>
                    <a:value xmlns:xsd="http://www.w3.org/2001/XMLSchema" xmlns:xsi="http://www.w3.org/2001/XMLSchema-instance" xsi:nil="true" xsi:type="xsd:date"/>
                    <a:nameRef>recentReleaseDate</a:nameRef>
                    <a:id/>
                </a:ruleInputTestConfigs>
                <a:ruleInputTestConfigs>
                    <a:value xmlns:xsd="http://www.w3.org/2001/XMLSchema" xmlns:xsi="http://www.w3.org/2001/XMLSchema-instance" xsi:type="xsd:string"/>
                    <a:nameRef>pocName</a:nameRef>
                    <a:id/>
                </a:ruleInputTestConfigs>
                <a:ruleInputTestConfigs>
                    <a:value xmlns:xsd="http://www.w3.org/2001/XMLSchema" xmlns:xsi="http://www.w3.org/2001/XMLSchema-instance" xsi:nil="true" xsi:type="xsd:date"/>
                    <a:nameRef>initialReleaseDate</a:nameRef>
                    <a:id/>
                </a:ruleInputTestConfigs>
                <a:ruleInputTestConfigs>
                    <a:value xmlns:xsd="http://www.w3.org/2001/XMLSchema" xmlns:xsi="http://www.w3.org/2001/XMLSchema-instance" xsi:type="xsd:string"/>
                    <a:nameRef>itOwnerName</a:nameRef>
                    <a:id/>
                </a:ruleInputTestConfigs>
                <a:ruleInputTestConfigs>
                    <a:value xmlns:xsd="http://www.w3.org/2001/XMLSchema" xmlns:xsi="http://www.w3.org/2001/XMLSchema-instance" xsi:type="xsd:string"/>
                    <a:nameRef>version</a:nameRef>
                    <a:id/>
                </a:ruleInputTestConfigs>
                <a:ruleInputTestConfigs>
                    <a:value xmlns:xsd="http://www.w3.org/2001/XMLSchema" xmlns:xsi="http://www.w3.org/2001/XMLSchema-instance" xsi:nil="true" xsi:type="xsd:boolean"/>
                    <a:nameRef>compliant</a:nameRef>
                    <a:id/>
                </a:ruleInputTestConfigs>
                <a:ruleInputTestConfigs>
                    <a:value xmlns:xsd="http://www.w3.org/2001/XMLSchema" xmlns:xsi="http://www.w3.org/2001/XMLSchema-instance" xsi:type="xsd:string"/>
                    <a:nameRef>businessOwnerName</a:nameRef>
                    <a:id/>
                </a:ruleInputTestConfigs>
                <a:ruleInputTestConfigs>
                    <a:value xmlns:xsd="http://www.w3.org/2001/XMLSchema" xmlns:xsi="http://www.w3.org/2001/XMLSchema-instance" xsi:type="xsd:string"/>
                    <a:nameRef>description</a:nameRef>
                    <a:id/>
                </a:ruleInputTestConfigs>
                <a:ruleInputTestConfigs>
                    <a:value xmlns:xsd="http://www.w3.org/2001/XMLSchema" xmlns:xsi="http://www.w3.org/2001/XMLSchema-instance" xsi:type="xsd:string"/>
                    <a:nameRef>pocOfficePhone</a:nameRef>
                    <a:id/>
                </a:ruleInputTestConfigs>
                <a:ruleInputTestConfigs>
                    <a:value xmlns:xsd="http://www.w3.org/2001/XMLSchema" xmlns:xsi="http://www.w3.org/2001/XMLSchema-instance" xsi:type="xsd:string"/>
                    <a:nameRef>pocEmail</a:nameRef>
                    <a:id/>
                </a:ruleInputTestConfigs>
                <a:ruleInputTestConfigs>
                    <a:value xmlns:xsd="http://www.w3.org/2001/XMLSchema" xmlns:xsi="http://www.w3.org/2001/XMLSchema-instance" xsi:nil="true" xsi:type="xsd:int"/>
                    <a:nameRef>recordTypeId</a:nameRef>
                    <a:id/>
                </a:ruleInputTestConfigs>
                <a:assertions xmlns:xsi="http://www.w3.org/2001/XMLSchema-instance" xsi:nil="true"/>
            </el>
        </value>
    </typedValue>
</contentHaul>
