<?xml version="1.0" encoding="UTF-8" standalone="yes"?>
<contentHaul xmlns:a="http://www.appian.com/ae/types/2009">
    <rule>
        <name>SYS_RULE_TechnicalDetails_integrationValidations</name>
        <uuid>_a-0000dd8b-d239-8000-9ba2-011c48011c48_27012</uuid>
        <description>Validations for editing the Integration Precedents and Integration Dependents </description>
        <parentUuid>_a-0000dd4b-0482-8000-9ba2-011c48011c48_16905</parentUuid>
        <visibility>
            <advertise>false</advertise>
            <hierarchy>true</hierarchy>
            <indexable>true</indexable>
            <quota>false</quota>
            <searchable>true</searchable>
            <system>false</system>
            <unlogged>false</unlogged>
        </visibility>
        <definition>if(
  any(
    fn!isnull,
    {
      if(ri!dependentFlag, ri!integration.sourceSystemId, ri!integration.destinationSystemId),
      ri!integration.importanceId,
      ri!integration.typeId
    }
  ),
  &quot;Name, Importance and Type are requried&quot;,
  null
)</definition>
        <namedTypedValue>
            <name>integration</name>
            <type>
                <name>SYS_Integration?list</name>
                <namespace>urn:com:appian:types:SYS</namespace>
            </type>
        </namedTypedValue>
        <namedTypedValue>
            <name>dependentFlag</name>
            <type>
                <name>boolean</name>
                <namespace>http://www.w3.org/2001/XMLSchema</namespace>
            </type>
        </namedTypedValue>
        <preferredEditor>legacy</preferredEditor>
        <offlineEnabled>false</offlineEnabled>
    </rule>
    <roleMap public="true">
        <role allowForAll="false" inherit="true" name="readers">
            <users/>
            <groups/>
        </role>
        <role allowForAll="false" inherit="true" name="authors">
            <users/>
            <groups/>
        </role>
        <role allowForAll="false" inherit="true" name="administrators">
            <users/>
            <groups/>
        </role>
        <role allowForAll="false" inherit="false" name="denyReaders">
            <users/>
            <groups/>
        </role>
        <role allowForAll="false" inherit="false" name="denyAuthors">
            <users/>
            <groups/>
        </role>
        <role allowForAll="false" inherit="false" name="denyAdministrators">
            <users/>
            <groups/>
        </role>
    </roleMap>
</contentHaul>
