<?xml version="1.0" encoding="UTF-8" standalone="yes"?>
<contentHaul xmlns:a="http://www.appian.com/ae/types/2009">
    <rule>
        <name>SYS_QRY_getEnvironment</name>
        <uuid>_a-0000dd8b-d239-8000-9ba2-011c48011c48_28120</uuid>
        <description></description>
        <parentUuid>_a-0000dd4b-0482-8000-9ba2-011c48011c48_16934</parentUuid>
        <visibility>
            <advertise>false</advertise>
            <hierarchy>true</hierarchy>
            <indexable>true</indexable>
            <quota>false</quota>
            <searchable>true</searchable>
            <system>false</system>
            <unlogged>false</unlogged>
        </visibility>
        <definition>#&quot;fdea6255-5ee8-42a2-bdb1-aace3c917d86&quot;(
  entity: #&quot;_a-0000dd8b-d239-8000-9ba2-011c48011c48_28116&quot;,
  columns: ri!columns,
  logicalExpression: #&quot;SYSTEM_SYSRULES_queryLogicalExpression&quot;(
    operator: &quot;AND&quot;,
    filters: {
      #&quot;SYSTEM_SYSRULES_queryFilter&quot;(field: &quot;environmentId&quot;, operator: &quot;not null&quot;),
      if(isnull(ri!systemId), {}, #&quot;SYSTEM_SYSRULES_queryFilter&quot;(field: &quot;systemId&quot;, operator: &quot;=&quot;, value: ri!systemId)),
      if(isnull(ri!releaseId), {}, #&quot;SYSTEM_SYSRULES_queryFilter&quot;(field: &quot;releaseId&quot;, operator: &quot;=&quot;, value: ri!releaseId))
    }
  ),
  pagingInfo: ri!pagingInfo
)</definition>
        <namedTypedValue>
            <name>columns</name>
            <type>
                <name>Text?list</name>
                <namespace>http://www.appian.com/ae/types/2009</namespace>
            </type>
        </namedTypedValue>
        <namedTypedValue>
            <name>pagingInfo</name>
            <type>
                <name>PagingInfo</name>
                <namespace>http://www.appian.com/ae/types/2009</namespace>
            </type>
        </namedTypedValue>
        <namedTypedValue>
            <name>systemId</name>
            <type>
                <name>int</name>
                <namespace>http://www.w3.org/2001/XMLSchema</namespace>
            </type>
        </namedTypedValue>
        <namedTypedValue>
            <name>releaseId</name>
            <type>
                <name>int</name>
                <namespace>http://www.w3.org/2001/XMLSchema</namespace>
            </type>
        </namedTypedValue>
        <preferredEditor>legacy</preferredEditor>
        <offlineEnabled>false</offlineEnabled>
    </rule>
    <roleMap public="true">
        <role allowForAll="false" inherit="true" name="readers">
            <users/>
            <groups/>
        </role>
        <role allowForAll="false" inherit="true" name="authors">
            <users/>
            <groups/>
        </role>
        <role allowForAll="false" inherit="true" name="administrators">
            <users/>
            <groups/>
        </role>
        <role allowForAll="false" inherit="false" name="denyReaders">
            <users/>
            <groups/>
        </role>
        <role allowForAll="false" inherit="false" name="denyAuthors">
            <users/>
            <groups/>
        </role>
        <role allowForAll="false" inherit="false" name="denyAdministrators">
            <users/>
            <groups/>
        </role>
    </roleMap>
</contentHaul>
