<?xml version="1.0" encoding="UTF-8" standalone="yes"?>
<contentHaul xmlns:a="http://www.appian.com/ae/types/2009">
    <rule>
        <name>SYS_SCT_OutageReport_filters</name>
        <uuid>_a-0000dd72-ed8d-8000-9ba2-011c48011c48_26056</uuid>
        <description>Filter section for the outage report</description>
        <parentUuid>_a-0000dd4b-0482-8000-9ba2-011c48011c48_16939</parentUuid>
        <visibility>
            <advertise>false</advertise>
            <hierarchy>true</hierarchy>
            <indexable>true</indexable>
            <quota>false</quota>
            <searchable>true</searchable>
            <system>false</system>
            <unlogged>false</unlogged>
        </visibility>
        <definition>load(&#xD;
  local!systems: #&quot;_a-0000dd4b-0482-8000-9ba2-011c48011c48_17791&quot;(&#xD;
    columns: {&quot;systemId&quot;, &quot;name&quot;},&#xD;
    pagingInfo: #&quot;SYSTEM_SYSRULES_pagingInfo&quot;(startIndex: 1, batchSize: -1)&#xD;
  ).data,&#xD;
  local!outageTypes: #&quot;_a-0000dd4b-0482-8000-9ba2-011c48011c48_17090&quot;(&#xD;
    columns: {&quot;id&quot;, &quot;type&quot;, &quot;label&quot;},&#xD;
    type: {#&quot;_a-0000dd4b-0482-8000-9ba2-011c48011c48_17866&quot;},&#xD;
    isActive: true&#xD;
  ).data,&#xD;
  local!outageReasons: #&quot;_a-0000dd4b-0482-8000-9ba2-011c48011c48_17090&quot;(&#xD;
    columns: {&quot;id&quot;, &quot;type&quot;, &quot;label&quot;},&#xD;
    type: {#&quot;_a-0000dd4b-0482-8000-9ba2-011c48011c48_18209&quot;},&#xD;
    isActive: true&#xD;
  ).data,&#xD;
  #&quot;SYSTEM_SYSRULES_sectionLayout&quot;(&#xD;
    label: &quot;Filters&quot;,&#xD;
    firstColumnContents: {&#xD;
      #&quot;_a-0000dd0d-462c-8000-9ba2-011c48011c48_3685&quot;(&#xD;
        label: &quot;System&quot;,&#xD;
        readOnly: false,&#xD;
        choiceLabels: index(local!systems, &quot;name&quot;, {}),&#xD;
        choiceValues: index(local!systems, &quot;systemId&quot;, {}),&#xD;
        value: ri!temp_searchRequest.systemId,&#xD;
        saveInto: ri!temp_searchRequest.systemId&#xD;
      ),&#xD;
      #&quot;SYSTEM_SYSRULES_dateField&quot;(&#xD;
        label: &quot;Start Date&quot;,&#xD;
        value: ri!temp_searchRequest.startDate,&#xD;
        saveInto: ri!temp_searchRequest.startDate&#xD;
      ),&#xD;
      #&quot;SYSTEM_SYSRULES_dateField&quot;(&#xD;
        label: &quot;End Date&quot;,&#xD;
        value: ri!temp_searchRequest.endDate,&#xD;
        saveInto: ri!temp_searchRequest.endDate&#xD;
      )&#xD;
      &#xD;
    },&#xD;
    secondColumnContents: {&#xD;
      #&quot;_a-0000dd0d-462c-8000-9ba2-011c48011c48_3685&quot;(&#xD;
        label: &quot;Type&quot;,&#xD;
        readOnly: false,&#xD;
        choiceLabels: index(&#xD;
          local!outageTypes,&#xD;
          &quot;label&quot;,&#xD;
          {}&#xD;
        ),&#xD;
        choiceValues: index(&#xD;
          local!outageTypes,&#xD;
          &quot;id&quot;,&#xD;
          {}&#xD;
        ),&#xD;
        value: ri!temp_searchRequest.typeId,&#xD;
        saveInto: ri!temp_searchRequest.typeId&#xD;
      ),&#xD;
      #&quot;_a-0000dd0d-462c-8000-9ba2-011c48011c48_3685&quot;(&#xD;
        label: &quot;Reason&quot;,&#xD;
        readOnly: false,&#xD;
        choiceLabels: index(&#xD;
          local!outageReasons,&#xD;
          &quot;label&quot;,&#xD;
          {}&#xD;
        ),&#xD;
        choiceValues: index(&#xD;
          local!outageReasons,&#xD;
          &quot;id&quot;,&#xD;
          {}&#xD;
        ),&#xD;
        value: ri!temp_searchRequest.reasonId,&#xD;
        saveInto: ri!temp_searchRequest.reasonId&#xD;
      ),&#xD;
      #&quot;_a-0000dd0d-462c-8000-9ba2-011c48011c48_5659&quot;(&#xD;
        resetSaveInto: {&#xD;
          a!save(&#xD;
            ri!temp_searchRequest,&#xD;
            ri!blank_searchRequest&#xD;
          ),&#xD;
          a!save(&#xD;
            ri!searchRequest,&#xD;
            ri!blank_searchRequest&#xD;
          ),&#xD;
          a!save(&#xD;
            ri!pagingInfo.startIndex,&#xD;
            1&#xD;
          ),&#xD;
          a!save(&#xD;
            ri!dataSubset,&#xD;
            #&quot;_a-0000dd72-ed8d-8000-9ba2-011c48011c48_26049&quot;(&#xD;
              searchRequest: ri!searchRequest,&#xD;
              pagingInfo: ri!pagingInfo,&#xD;
              columns: ri!columns&#xD;
            )&#xD;
          )&#xD;
        },&#xD;
        searchSaveInto: {&#xD;
          a!save(&#xD;
            ri!pagingInfo.startIndex,&#xD;
            1&#xD;
          ),&#xD;
          a!save(&#xD;
            ri!searchRequest,&#xD;
            ri!temp_searchRequest&#xD;
          ),&#xD;
          a!save(&#xD;
            ri!dataSubset,&#xD;
            #&quot;_a-0000dd72-ed8d-8000-9ba2-011c48011c48_26049&quot;(&#xD;
              searchRequest: ri!searchRequest,&#xD;
              columns: ri!columns,&#xD;
              pagingInfo: ri!pagingInfo&#xD;
            )&#xD;
          )&#xD;
        }&#xD;
      )&#xD;
    },&#xD;
    isCollapsible: true,&#xD;
    isInitiallyCollapsed: true&#xD;
  )&#xD;
)</definition>
        <namedTypedValue>
            <name>temp_searchRequest</name>
            <type>
                <name>SYS_OutageReport_SearchRequest</name>
                <namespace>urn:com:appian:types::SYS</namespace>
            </type>
        </namedTypedValue>
        <namedTypedValue>
            <name>searchRequest</name>
            <type>
                <name>SYS_OutageReport_SearchRequest</name>
                <namespace>urn:com:appian:types::SYS</namespace>
            </type>
        </namedTypedValue>
        <namedTypedValue>
            <name>dataSubset</name>
            <type>
                <name>DataSubset</name>
                <namespace>http://www.appian.com/ae/types/2009</namespace>
            </type>
        </namedTypedValue>
        <namedTypedValue>
            <name>pagingInfo</name>
            <type>
                <name>PagingInfo</name>
                <namespace>http://www.appian.com/ae/types/2009</namespace>
            </type>
        </namedTypedValue>
        <namedTypedValue>
            <name>columns</name>
            <type>
                <name>Text?list</name>
                <namespace>http://www.appian.com/ae/types/2009</namespace>
            </type>
        </namedTypedValue>
        <namedTypedValue>
            <name>blank_searchRequest</name>
            <type>
                <name>SYS_OutageReport_SearchRequest</name>
                <namespace>urn:com:appian:types::SYS</namespace>
            </type>
        </namedTypedValue>
        <preferredEditor>interface</preferredEditor>
        <offlineEnabled>false</offlineEnabled>
    </rule>
    <roleMap public="true">
        <role allowForAll="false" inherit="true" name="readers">
            <users/>
            <groups/>
        </role>
        <role allowForAll="false" inherit="true" name="authors">
            <users/>
            <groups/>
        </role>
        <role allowForAll="false" inherit="true" name="administrators">
            <users/>
            <groups/>
        </role>
        <role allowForAll="false" inherit="false" name="denyReaders">
            <users/>
            <groups/>
        </role>
        <role allowForAll="false" inherit="false" name="denyAuthors">
            <users/>
            <groups/>
        </role>
        <role allowForAll="false" inherit="false" name="denyAdministrators">
            <users/>
            <groups/>
        </role>
    </roleMap>
</contentHaul>
