<?xml version="1.0" encoding="UTF-8" standalone="yes"?>
<contentHaul xmlns:a="http://www.appian.com/ae/types/2009">
    <rule>
        <name>SYS_SCT_Administration_poam</name>
        <uuid>_a-0000dd8b-d239-8000-9ba2-011c48011c48_28044</uuid>
        <description>Common UI to tunnel into plan of actions and milestones (POAM) section of Administration</description>
        <parentUuid>_a-0000dd4b-0482-8000-9ba2-011c48011c48_16939</parentUuid>
        <visibility>
            <advertise>false</advertise>
            <hierarchy>true</hierarchy>
            <indexable>true</indexable>
            <quota>false</quota>
            <searchable>true</searchable>
            <system>false</system>
            <unlogged>false</unlogged>
        </visibility>
        <definition>#&quot;SYSTEM_SYSRULES_sectionLayout&quot;(&#xD;
  label: &quot;Plan of Action and Milestones&quot;,&#xD;
  firstColumnContents: {&#xD;
    &#xD;
    /*Hide tabbing in read only mode*/&#xD;
    if(ri!readOnly, &#xD;
    {&#xD;
      #&quot;_a-0000dd0d-462c-8000-9ba2-011c48011c48_3690&quot;(&#xD;
      label: &quot;System Impact Level&quot;,&#xD;
      readOnly: true,&#xD;
      value: ri!poamSystemImpactLevelLabel&#xD;
    )&#xD;
    },&#xD;
    #&quot;ec1839c6-de8f-4834-8397-681ea3dbeed5&quot;(&#xD;
      labels: {&#xD;
        &quot;View Existing&quot;,&#xD;
        &quot;Add/Edit&quot;&#xD;
      },&#xD;
      tabToShow: ri!tabToShow&#xD;
    )),&#xD;
    choose(ri!tabToShow, &#xD;
      {&#xD;
        #&quot;SYSTEM_SYSRULES_gridField&quot;(&#xD;
            totalCount: ri!poamDatasubset.totalCount,&#xD;
            columns: {&#xD;
              #&quot;SYSTEM_SYSRULES_gridTextColumn&quot;(&#xD;
                label: &quot;Controls&quot;,&#xD;
                field: &quot;controls&quot;,&#xD;
                data: index(&#xD;
                  ri!poamDataSubset.data,&#xD;
                  &quot;controls&quot;,&#xD;
                  {}&#xD;
                )&#xD;
              ),&#xD;
              #&quot;SYSTEM_SYSRULES_gridTextColumn&quot;(&#xD;
                label: &quot;Weakness Name&quot;,&#xD;
                field: &quot;weaknessName&quot;,&#xD;
                data: index(&#xD;
                  ri!poamDataSubset.data,&#xD;
                  &quot;weaknessName&quot;,&#xD;
                  {}&#xD;
                )&#xD;
              ),&#xD;
              #&quot;SYSTEM_SYSRULES_gridTextColumn&quot;(&#xD;
                label: &quot;POC Name&quot;,&#xD;
                field: &quot;pocName&quot;,&#xD;
                data: index(&#xD;
                  ri!poamDataSubset.data,&#xD;
                  &quot;pocName&quot;,&#xD;
                  {}&#xD;
                )&#xD;
              ),&#xD;
              #&quot;SYSTEM_SYSRULES_gridTextColumn&quot;(&#xD;
                label: &quot;Original Detection Date&quot;,&#xD;
                field: &quot;originalDetectionDate&quot;,&#xD;
                data: index(&#xD;
                  ri!poamDataSubset.data,&#xD;
                  &quot;originalDetectionDate&quot;,&#xD;
                  {}&#xD;
                )&#xD;
              ),&#xD;
              #&quot;SYSTEM_SYSRULES_gridTextColumn&quot;(&#xD;
                label: &quot;Scheduled Completion Date&quot;,&#xD;
                field: &quot;scheduledCompletionDate&quot;,&#xD;
                data: index(&#xD;
                  ri!poamDataSubset.data,&#xD;
                  &quot;scheduledCompletionDate&quot;,&#xD;
                  {}&#xD;
                )&#xD;
              ),&#xD;
              #&quot;SYSTEM_SYSRULES_gridTextColumn&quot;(&#xD;
                label: &quot;Planned Milestones&quot;,&#xD;
                field: &quot;plannedMilestones&quot;,&#xD;
                data: index(&#xD;
                  ri!poamDataSubset.data,&#xD;
                  &quot;plannedMilestones&quot;,&#xD;
                  {}&#xD;
                )&#xD;
              ),&#xD;
              #&quot;SYSTEM_SYSRULES_gridTextColumn&quot;(&#xD;
                label: &quot;Milestone Changes&quot;,&#xD;
                field: &quot;milestoneChanges&quot;,&#xD;
                data: index(&#xD;
                  ri!poamDataSubset.data,&#xD;
                  &quot;milestoneChanges&quot;,&#xD;
                  {}&#xD;
                )&#xD;
              ),&#xD;
              #&quot;SYSTEM_SYSRULES_gridTextColumn&quot;(&#xD;
                label: &quot;Status Date&quot;,&#xD;
                field: &quot;statusDate&quot;,&#xD;
                data: index(&#xD;
                  ri!poamDataSubset.data,&#xD;
                  &quot;statusDate&quot;,&#xD;
                  {}&#xD;
                )&#xD;
              )&#xD;
            },&#xD;
            value: ri!poamPagingInfo,&#xD;
            saveInto: #&quot;4c0833a9-0127-4d25-9d6d-cb881c688e7d&quot;(&#xD;
              gridSelectionOrPagingInfo: ri!poamPagingInfo,&#xD;
              additionalSaveInto: {&#xD;
                a!save(&#xD;
                  ri!poamDatasubset,&#xD;
                  #&quot;_a-0000dd4b-0482-8000-9ba2-011c48011c48_17345&quot;(&#xD;
                    columns: ri!poamColumns,&#xD;
                    pagingInfo: ri!poamPagingInfo,&#xD;
                    systemId: ri!systemId&#xD;
                  )&#xD;
                )&#xD;
              }&#xD;
            )&#xD;
          )&#xD;
      },&#xD;
      {#&quot;SYSTEM_SYSRULES_gridLayout&quot;(&#xD;
        headerCells: #&quot;SYSTEM_SYSRULES_applyComponents&quot;(&#xD;
          function: #&quot;SYSTEM_SYSRULES_gridLayoutHeaderCell&quot;(&#xD;
            label: _&#xD;
          ),&#xD;
          array: {&#xD;
            &quot;Controls&quot;,&#xD;
            &quot;Weakness Name&quot;,&#xD;
            &quot;POC Name&quot;,&#xD;
            &quot;Original Detection Date&quot;,&#xD;
            &quot;Scheduled Completion Date&quot;,&#xD;
            &quot;Planned Milestones&quot;,&#xD;
            &quot;Milestone Changes&quot;,&#xD;
            &quot;Status Date&quot;,&#xD;
            if(ri!readOnly,&#xD;
              {},&#xD;
              {&#xD;
                null&#xD;
              }&#xD;
            )&#xD;
          }&#xD;
        ),&#xD;
        columnConfigs: #&quot;SYSTEM_SYSRULES_applyComponents&quot;(&#xD;
          function: #&quot;SYSTEM_SYSRULES_gridLayoutColumnConfig&quot;(&#xD;
            weight: _&#xD;
          ),&#xD;
          array: {&#xD;
            5,&#xD;
            3,&#xD;
            3,&#xD;
            3,&#xD;
            3,&#xD;
            5,&#xD;
            2,&#xD;
            2&#xD;
          }&#xD;
        ),&#xD;
        rows: #&quot;SYSTEM_SYSRULES_applyComponents&quot;(&#xD;
         function: #&quot;_a-0000dd8b-d239-8000-9ba2-011c48011c48_28073&quot;(&#xD;
           index: _,&#xD;
           poam_cdt: ri!poam_cdt&#xD;
         ),&#xD;
         array: if(&#xD;
           #&quot;2168a5de-fb70-4d66-8b97-b547e3ac6e57&quot;(&#xD;
             ri!poam_cdt&#xD;
           ),&#xD;
           {},&#xD;
           enumerate(&#xD;
             length(&#xD;
               ri!poam_cdt&#xD;
             )&#xD;
           ) + 1&#xD;
         )&#xD;
        ),&#xD;
        addRowLink: #&quot;SYSTEM_SYSRULES_dynamicLink&quot;(&#xD;
           label: &quot;Add Plan of Action &amp; Milestone&quot;,&#xD;
           value: 'type!{urn:com:appian:types:SYS}SYS_V_Poam'(&#xD;
             systemId: ri!systemId&#xD;
            ),&#xD;
           saveInto: a!save(&#xD;
             ri!poam_cdt,&#xD;
             append(&#xD;
               ri!poam_cdt,&#xD;
               save!value&#xD;
             )&#xD;
           )&#xD;
         )&#xD;
    )}&#xD;
    )&#xD;
  },&#xD;
  validations: if(#&quot;2168a5de-fb70-4d66-8b97-b547e3ac6e57&quot;(ri!poam_cdt), {}, #&quot;_a-0000dd8b-d239-8000-9ba2-011c48011c48_28126&quot;(poam: ri!poam_cdt)),&#xD;
  isCollapsible: true&#xD;
)</definition>
        <namedTypedValue>
            <name>systemId</name>
            <type>
                <name>int</name>
                <namespace>http://www.w3.org/2001/XMLSchema</namespace>
            </type>
        </namedTypedValue>
        <namedTypedValue>
            <name>readOnly</name>
            <type>
                <name>boolean</name>
                <namespace>http://www.w3.org/2001/XMLSchema</namespace>
            </type>
        </namedTypedValue>
        <namedTypedValue>
            <name>poam_cdt</name>
            <type>
                <name>SYS_V_Poam?list</name>
                <namespace>urn:com:appian:types:SYS</namespace>
            </type>
        </namedTypedValue>
        <namedTypedValue>
            <name>tabToShow</name>
            <type>
                <name>int</name>
                <namespace>http://www.w3.org/2001/XMLSchema</namespace>
            </type>
        </namedTypedValue>
        <namedTypedValue>
            <name>poamColumns</name>
            <type>
                <name>Text?list</name>
                <namespace>http://www.appian.com/ae/types/2009</namespace>
            </type>
        </namedTypedValue>
        <namedTypedValue>
            <name>poamPagingInfo</name>
            <type>
                <name>PagingInfo</name>
                <namespace>http://www.appian.com/ae/types/2009</namespace>
            </type>
        </namedTypedValue>
        <namedTypedValue>
            <name>poamDatasubset</name>
            <type>
                <name>DataSubset</name>
                <namespace>http://www.appian.com/ae/types/2009</namespace>
            </type>
        </namedTypedValue>
        <namedTypedValue>
            <name>showPoamColumns</name>
            <type>
                <name>boolean</name>
                <namespace>http://www.w3.org/2001/XMLSchema</namespace>
            </type>
        </namedTypedValue>
        <namedTypedValue>
            <name>choicePoamLabels</name>
            <type>
                <name>Text?list</name>
                <namespace>http://www.appian.com/ae/types/2009</namespace>
            </type>
        </namedTypedValue>
        <namedTypedValue>
            <name>showPoamColumn</name>
            <type>
                <name>Text?list</name>
                <namespace>http://www.appian.com/ae/types/2009</namespace>
            </type>
        </namedTypedValue>
        <namedTypedValue>
            <name>poamSystemImpactLevelLabel</name>
            <type>
                <name>string</name>
                <namespace>http://www.w3.org/2001/XMLSchema</namespace>
            </type>
            <value/>
        </namedTypedValue>
        <preferredEditor>interface</preferredEditor>
        <offlineEnabled>false</offlineEnabled>
    </rule>
    <roleMap public="true">
        <role allowForAll="false" inherit="true" name="readers">
            <users/>
            <groups/>
        </role>
        <role allowForAll="false" inherit="true" name="authors">
            <users/>
            <groups/>
        </role>
        <role allowForAll="false" inherit="true" name="administrators">
            <users/>
            <groups/>
        </role>
        <role allowForAll="false" inherit="false" name="denyReaders">
            <users/>
            <groups/>
        </role>
        <role allowForAll="false" inherit="false" name="denyAuthors">
            <users/>
            <groups/>
        </role>
        <role allowForAll="false" inherit="false" name="denyAdministrators">
            <users/>
            <groups/>
        </role>
    </roleMap>
    <typedValue>
        <type>
            <name>RuleTestConfig?list</name>
            <namespace>http://www.appian.com/ae/types/2009</namespace>
        </type>
        <value>
            <el>
                <a:name/>
                <a:ruleInputTestConfigs>
                    <a:value xmlns:xsd="http://www.w3.org/2001/XMLSchema" xmlns:xsi="http://www.w3.org/2001/XMLSchema-instance" xsi:nil="true" xsi:type="xsd:int"/>
                    <a:nameRef>systemId</a:nameRef>
                    <a:id/>
                </a:ruleInputTestConfigs>
                <a:ruleInputTestConfigs>
                    <a:value xmlns:xsd="http://www.w3.org/2001/XMLSchema" xmlns:xsi="http://www.w3.org/2001/XMLSchema-instance" xsi:nil="true" xsi:type="xsd:boolean"/>
                    <a:nameRef>readOnly</a:nameRef>
                    <a:id/>
                </a:ruleInputTestConfigs>
                <a:ruleInputTestConfigs>
                    <a:nameRef>poam_cdt</a:nameRef>
                    <a:id/>
                </a:ruleInputTestConfigs>
                <a:ruleInputTestConfigs>
                    <a:value xmlns:xsd="http://www.w3.org/2001/XMLSchema" xmlns:xsi="http://www.w3.org/2001/XMLSchema-instance" xsi:nil="true" xsi:type="xsd:int"/>
                    <a:nameRef>tabToShow</a:nameRef>
                    <a:id/>
                </a:ruleInputTestConfigs>
                <a:ruleInputTestConfigs>
                    <a:nameRef>poamColumns</a:nameRef>
                    <a:id/>
                </a:ruleInputTestConfigs>
                <a:ruleInputTestConfigs>
                    <a:value xmlns:xsi="http://www.w3.org/2001/XMLSchema-instance" xsi:nil="true" xsi:type="a:PagingInfo"/>
                    <a:nameRef>poamPagingInfo</a:nameRef>
                    <a:id/>
                </a:ruleInputTestConfigs>
                <a:ruleInputTestConfigs>
                    <a:value xmlns:xsi="http://www.w3.org/2001/XMLSchema-instance" xsi:nil="true" xsi:type="a:DataSubset"/>
                    <a:nameRef>poamDatasubset</a:nameRef>
                    <a:id/>
                </a:ruleInputTestConfigs>
                <a:ruleInputTestConfigs>
                    <a:value xmlns:xsd="http://www.w3.org/2001/XMLSchema" xmlns:xsi="http://www.w3.org/2001/XMLSchema-instance" xsi:nil="true" xsi:type="xsd:boolean"/>
                    <a:nameRef>showPoamColumns</a:nameRef>
                    <a:id/>
                </a:ruleInputTestConfigs>
                <a:ruleInputTestConfigs>
                    <a:nameRef>choicePoamLabels</a:nameRef>
                    <a:id/>
                </a:ruleInputTestConfigs>
                <a:ruleInputTestConfigs>
                    <a:nameRef>showPoamColumn</a:nameRef>
                    <a:id/>
                </a:ruleInputTestConfigs>
                <a:ruleInputTestConfigs>
                    <a:value xmlns:xsd="http://www.w3.org/2001/XMLSchema" xmlns:xsi="http://www.w3.org/2001/XMLSchema-instance" xsi:type="xsd:string"/>
                    <a:nameRef>poamSystemImpactLevelLabel</a:nameRef>
                    <a:id/>
                </a:ruleInputTestConfigs>
                <a:assertions xmlns:xsi="http://www.w3.org/2001/XMLSchema-instance" xsi:nil="true"/>
            </el>
        </value>
    </typedValue>
</contentHaul>
