<?xml version="1.0" encoding="UTF-8" standalone="yes"?>
<contentHaul xmlns:a="http://www.appian.com/ae/types/2009">
    <rule>
        <name>SYS_GDRW_release</name>
        <uuid>_a-0000dd8b-d239-8000-9ba2-011c48011c48_29992</uuid>
        <description>Grid row rule for releases</description>
        <parentUuid>_a-0000dd4b-0482-8000-9ba2-011c48011c48_16927</parentUuid>
        <visibility>
            <advertise>false</advertise>
            <hierarchy>true</hierarchy>
            <indexable>true</indexable>
            <quota>false</quota>
            <searchable>true</searchable>
            <system>false</system>
            <unlogged>false</unlogged>
        </visibility>
        <definition>load(
  local!type: #&quot;_a-0000dd4b-0482-8000-9ba2-011c48011c48_17090&quot;(
    type: #&quot;_a-0000dd8b-d239-8000-9ba2-011c48011c48_26554&quot;,
    isActive: true,
    pagingInfo: #&quot;SYSTEM_SYSRULES_pagingInfo&quot;(startIndex: 1, batchSize: -1)
  ).data,
  #&quot;SYSTEM_SYSRULES_gridRowLayout&quot;(
    id: ri!index,
    contents: {
      #&quot;SYSTEM_SYSRULES_textField&quot;(
        label: &quot;Version &quot; &amp; ri!index,
        value: ri!release[ri!index].version,
        saveInto: ri!release[ri!index].version,
        validations: #&quot;b454db67-6211-40e7-9591-49b09bffedd5&quot;(
          value: ri!release[ri!index].version,
          maxLength: 255,
          maxLengthMessage: &quot;Version cannot exceed 255 characters&quot;
        )
      ),
      #&quot;SYSTEM_SYSRULES_textField&quot;(
        label: &quot;Name &quot; &amp; ri!index,
        value: ri!release[ri!index].name,
        saveInto: ri!release[ri!index].name,
        validations: #&quot;b454db67-6211-40e7-9591-49b09bffedd5&quot;(
          value: ri!release[ri!index].name,
          maxLength: 255,
          maxLengthMessage: &quot;Name cannot exceed 255 characters&quot;
        )      
      ),
      #&quot;SYSTEM_SYSRULES_paragraphField&quot;(
        label: &quot;Description &quot; &amp; ri!index,
        value: ri!release[ri!index].description,
        saveInto: ri!release[ri!index].description,
        validations: #&quot;b454db67-6211-40e7-9591-49b09bffedd5&quot;(
          value: ri!release[ri!index].name,
          maxLength: 255,
          maxLengthMessage: &quot;Description cannot exceed 255 characters&quot;
        )          
      ),
      #&quot;SYSTEM_SYSRULES_dateField&quot;(
        label: &quot;Date &quot; &amp; ri!index,
        value: ri!release[ri!index].date,
        saveInto: ri!release[ri!index].date
      ),
      #&quot;_a-0000dd4b-0482-8000-9ba2-011c48011c48_17493&quot;(
        label: &quot;POC Name &quot; &amp; ri!index,
        maxSelections: 1,
        value: ri!release[ri!index].pocUserId,
        saveInto: ri!release[ri!index].pocUserId
      ),
      #&quot;SYSTEM_SYSRULES_dropdownField&quot;(
        label: &quot;Type &quot; &amp; ri!index,
        placeholderLabel: #&quot;_a-0000dd0d-462c-8000-9ba2-011c48011c48_4728&quot;,
        choiceValues: index(local!type, &quot;id&quot;, {}),
        choiceLabels: index(local!type, &quot;label&quot;, {}),
        value: ri!release[ri!index].typeId,
        saveInto: ri!release[ri!index].typeId
      ),
      #&quot;SYSTEM_SYSRULES_imageField&quot;(
        images: with(
          local!dependentEnvironments: and(not(isnull(ri!release[ri!index].releaseId)), #&quot;_a-0000dd8b-d239-8000-9ba2-011c48011c48_28120&quot;(releaseId: ri!release[ri!index].releaseId).totalCount&lt;&gt;0),
          if(local!dependentEnvironments,
            #&quot;SYSTEM_SYSRULES_documentImage&quot;(
              document: #&quot;SYSTEM_SYSRULES_iconIndicator&quot;(
                icon: &quot;REMOVE_DISABLED&quot;
              ),
              altText: &quot;Remove Disabled&quot;,
              caption: &quot;Cannot remove releases with dependent environments&quot;
            ),
            #&quot;SYSTEM_SYSRULES_documentImage&quot;(
              document: #&quot;SYSTEM_SYSRULES_iconIndicator&quot;(
                icon: &quot;REMOVE&quot;
              ),
              altText: &quot;Remove&quot;,
              caption: &quot;Remove &quot; &amp; ri!release[ri!index].name,
              link: #&quot;SYSTEM_SYSRULES_dynamicLink&quot;(
                label: &quot;Remove &quot; &amp; ri!index,
                saveInto: a!save(
                  ri!release,
                  remove(ri!release, ri!index)
                )
              )
            )
          )
        ),
        size: &quot;ICON&quot;
      )
    }
  )
)</definition>
        <namedTypedValue>
            <name>index</name>
            <type>
                <name>int</name>
                <namespace>http://www.w3.org/2001/XMLSchema</namespace>
            </type>
        </namedTypedValue>
        <namedTypedValue>
            <name>release</name>
            <type>
                <name>SYS_V_Release?list</name>
                <namespace>urn:com:appian:types:SYS</namespace>
            </type>
        </namedTypedValue>
        <preferredEditor>interface</preferredEditor>
        <offlineEnabled>false</offlineEnabled>
    </rule>
    <roleMap public="true">
        <role allowForAll="false" inherit="true" name="readers">
            <users/>
            <groups/>
        </role>
        <role allowForAll="false" inherit="true" name="authors">
            <users/>
            <groups/>
        </role>
        <role allowForAll="false" inherit="true" name="administrators">
            <users>
                <userUuid>luke.schurman</userUuid>
            </users>
            <groups/>
        </role>
        <role allowForAll="false" inherit="false" name="denyReaders">
            <users/>
            <groups/>
        </role>
        <role allowForAll="false" inherit="false" name="denyAuthors">
            <users/>
            <groups/>
        </role>
        <role allowForAll="false" inherit="false" name="denyAdministrators">
            <users/>
            <groups/>
        </role>
    </roleMap>
</contentHaul>
