<?xml version="1.0" encoding="UTF-8" standalone="yes"?>
<contentHaul xmlns:a="http://www.appian.com/ae/types/2009">
    <rule>
        <name>SYS_DASH_System_audit</name>
        <uuid>_a-0000dd8b-d239-8000-9ba2-011c48011c48_28167</uuid>
        <description>System record audit view</description>
        <parentUuid>_a-0000dd4b-0482-8000-9ba2-011c48011c48_16937</parentUuid>
        <visibility>
            <advertise>false</advertise>
            <hierarchy>true</hierarchy>
            <indexable>true</indexable>
            <quota>false</quota>
            <searchable>true</searchable>
            <system>false</system>
            <unlogged>false</unlogged>
        </visibility>
        <definition>load(
  local!auditColumns: {
    &quot;auditId&quot;,
    &quot;date&quot;,
    &quot;pocName&quot;,
    &quot;pass&quot;,
    &quot;lowPriority&quot;,
    &quot;mediumPriority&quot;,
    &quot;highPriority&quot;,
    &quot;criticalPriority&quot;
  },
  local!issueColumns: {
    &quot;issueId&quot;,
    &quot;systemId&quot;,
    &quot;title&quot;,
    &quot;description&quot;,
    &quot;typeLabel&quot;,
    &quot;statusLabel&quot;,
    &quot;reportedByName&quot;,
    &quot;reportedByDateTime&quot;
  },
  local!auditPagingInfo: #&quot;SYSTEM_SYSRULES_pagingInfo&quot;(
    startIndex: 1,
    batchSize: #&quot;_a-0000dd4b-0482-8000-9ba2-011c48011c48_17275&quot;,
    sort: #&quot;SYSTEM_SYSRULES_sortInfo&quot;(
      field: &quot;auditId&quot;
    )
  ),
  local!issuePagingInfo: #&quot;SYSTEM_SYSRULES_pagingInfo&quot;(
  startIndex: 1,
  batchSize: #&quot;_a-0000dd4b-0482-8000-9ba2-011c48011c48_17275&quot;,
  sort: #&quot;SYSTEM_SYSRULES_sortInfo&quot;(
    field: &quot;issueId&quot;,
    ascending: true
  )
  ),
  
  local!auditDatasubset: #&quot;_a-0000dd4b-0482-8000-9ba2-011c48011c48_17306&quot;(
    columns: local!auditColumns,
    pagingInfo: local!auditPagingInfo,
    systemId: rf!systemId
  ),
  local!issueDataSubset: #&quot;_a-0000dd4b-0482-8000-9ba2-011c48011c48_17007&quot;(
  columns: local!issueColumns,
  pagingInfo: local!issuePagingInfo,
  systemId: rf!systemId
  ),
  #&quot;SYSTEM_SYSRULES_dashboardLayout&quot;(
    firstColumnContents: {
      #&quot;SYSTEM_SYSRULES_sectionLayout&quot;(
        label: &quot;Issues&quot;,
        firstColumnContents: {
          #&quot;SYSTEM_SYSRULES_gridField&quot;(
            totalCount: local!issueDataSubset.totalCount,
            columns: {
              #&quot;SYSTEM_SYSRULES_gridTextColumn&quot;(
                label: &quot;ID&quot;,
                field: &quot;issueId&quot;,
                data: index(
                  local!issueDataSubset.data,
                  &quot;issueId&quot;,
                  {}
                )
              ),
              #&quot;SYSTEM_SYSRULES_gridTextColumn&quot;(
                label: &quot;Title&quot;,
                field: &quot;title&quot;,
                data: index(
                  local!issueDataSubset.data,
                  &quot;title&quot;,
                  {}
                )
              ),
              #&quot;SYSTEM_SYSRULES_gridTextColumn&quot;(
                label: &quot;Description&quot;,
                field: &quot;description&quot;,
                data: index(
                  local!issueDataSubset.data,
                  &quot;description&quot;,
                  {}
                )
              ),
              #&quot;SYSTEM_SYSRULES_gridTextColumn&quot;(
                label: &quot;Type&quot;,
                field: &quot;typeLabel&quot;,
                data: index(
                  local!issueDataSubset.data,
                  &quot;typeLabel&quot;,
                  {}
                )
              ),
              #&quot;SYSTEM_SYSRULES_gridTextColumn&quot;(
                label: &quot;Status&quot;,
                field: &quot;statusLabel&quot;,
                data: index(
                  local!issueDataSubset.data,
                  &quot;statusLabel&quot;,
                  {}
                )
              ),
              #&quot;SYSTEM_SYSRULES_gridTextColumn&quot;(
                label: &quot;Reported By&quot;,
                field: &quot;reportedByName&quot;,
                data: index(
                  local!issueDataSubset.data,
                  &quot;reportedByName&quot;,
                  {}
                )
              ),
              #&quot;SYSTEM_SYSRULES_gridTextColumn&quot;(
                label: &quot;Reported On&quot;,
                field: &quot;reportedByDateTime&quot;,
                data: index(
                  local!issueDataSubset.data,
                  &quot;reportedByDateTime&quot;,
                  {}
                )
              )
          },
          value: local!issuePagingInfo,
          saveInto: #&quot;4c0833a9-0127-4d25-9d6d-cb881c688e7d&quot;(
            gridSelectionOrPagingInfo: local!issuePagingInfo,
            additionalSaveInto: {
              a!save(
                local!issueDataSubset,
                #&quot;_a-0000dd4b-0482-8000-9ba2-011c48011c48_17007&quot;(
                  columns: local!issueColumns,
                  pagingInfo: local!issuePagingInfo,
                  systemId: rf!systemId
                )
              )
            }
          )
        )
      },
      isCollapsible: true
    ),
    #&quot;SYSTEM_SYSRULES_sectionLayout&quot;(
      label: &quot;Audit&quot;,
      firstColumnContents: {
        #&quot;SYSTEM_SYSRULES_gridField&quot;(
          totalCount: local!auditDataSubset.totalCount,
          columns: {
            #&quot;SYSTEM_SYSRULES_gridTextColumn&quot;(
              label: &quot;Date&quot;,
              field: &quot;date&quot;,
              data: index(
                local!auditDataSubset.data,
                &quot;date&quot;,
                {}
              )
            ),
            #&quot;SYSTEM_SYSRULES_gridTextColumn&quot;(
              label: &quot;POC Name&quot;,
              field: &quot;pocName&quot;,
              data: index(
                local!auditDataSubset.data,
                &quot;pocName&quot;,
                {}
              )
            ),
            #&quot;SYSTEM_SYSRULES_gridTextColumn&quot;(
              label: &quot;Pass&quot;,
              field: &quot;pass&quot;,
              data: apply(
                #&quot;_a-0000dd0d-462c-8000-9ba2-011c48011c48_5334&quot;,
                index(
                  local!auditDataSubset.data,
                  &quot;pass&quot;,
                  {}
                )
              )
            ),
            #&quot;SYSTEM_SYSRULES_gridTextColumn&quot;(
              label: &quot;Critical Issues&quot;,
              field: {},
              data: index(
                local!auditDataSubset.data,
                &quot;criticalPriority&quot;,
                {}
              )
            ),
            #&quot;SYSTEM_SYSRULES_gridTextColumn&quot;(
              label: &quot;High Issues&quot;,
              field: {},
              data: index(
                local!auditDataSubset.data,
                &quot;highPriority&quot;,
                {}
              )
            ),
            #&quot;SYSTEM_SYSRULES_gridTextColumn&quot;(
              label: &quot;Medium Issues&quot;,
              field: {},
              data: index(
                local!auditDataSubset.data,
                &quot;mediumPriority&quot;,
                {}
              )
            ),
            #&quot;SYSTEM_SYSRULES_gridTextColumn&quot;(
              label: &quot;Low Issues&quot;,
              field: {},
              data: index(
                local!auditDataSubset.data,
                &quot;lowPriority&quot;,
                {}
              )
            )
            },
            value: local!auditPagingInfo,
            saveInto: #&quot;4c0833a9-0127-4d25-9d6d-cb881c688e7d&quot;(
              gridSelectionOrPagingInfo: local!auditPagingInfo,
              additionalSaveInto: {
                a!save(
                  local!auditDatasubset,
                  #&quot;_a-0000dd4b-0482-8000-9ba2-011c48011c48_17306&quot;(
                    columns: local!auditColumns,
                    pagingInfo: local!auditPagingInfo,
                    systemId: rf!systemId
                  )
                )
              }
            )
          )
        }
      )
    }
  )
)</definition>
        <preferredEditor>interface</preferredEditor>
        <offlineEnabled>false</offlineEnabled>
    </rule>
    <roleMap public="true">
        <role allowForAll="false" inherit="true" name="readers">
            <users/>
            <groups/>
        </role>
        <role allowForAll="false" inherit="true" name="authors">
            <users/>
            <groups/>
        </role>
        <role allowForAll="false" inherit="true" name="administrators">
            <users>
                <userUuid>gaurav.srivastava</userUuid>
            </users>
            <groups/>
        </role>
        <role allowForAll="false" inherit="false" name="denyReaders">
            <users/>
            <groups/>
        </role>
        <role allowForAll="false" inherit="false" name="denyAuthors">
            <users/>
            <groups/>
        </role>
        <role allowForAll="false" inherit="false" name="denyAdministrators">
            <users/>
            <groups/>
        </role>
    </roleMap>
</contentHaul>
