<?xml version="1.0" encoding="UTF-8" standalone="yes"?>
<contentHaul xmlns:a="http://www.appian.com/ae/types/2009">
    <rule>
        <name>SYS_DASH_System_environments</name>
        <uuid>_a-0000dd8b-d239-8000-9ba2-011c48011c48_28130</uuid>
        <description>System record environments view</description>
        <parentUuid>_a-0000dd4b-0482-8000-9ba2-011c48011c48_16937</parentUuid>
        <visibility>
            <advertise>false</advertise>
            <hierarchy>true</hierarchy>
            <indexable>true</indexable>
            <quota>false</quota>
            <searchable>true</searchable>
            <system>false</system>
            <unlogged>false</unlogged>
        </visibility>
        <definition>load(
  local!environments: #&quot;_a-0000dd8b-d239-8000-9ba2-011c48011c48_28120&quot;(
    systemId: rf!systemId
  ).data,
  #&quot;SYSTEM_SYSRULES_dashboardLayout&quot;(
    firstColumnContents: {
      #&quot;_a-0000dd8b-d239-8000-9ba2-011c48011c48_28249&quot;(
        environments: local!environments,
        systemId: rf!systemId,
        readOnly: true
      ),
      #&quot;SYSTEM_SYSRULES_richTextDisplayField&quot;(
        value: #&quot;SYSTEM_SYSRULES_richTextItem&quot;(
          text: &quot;These environments are displayed in the order that code is promoted through them.&quot;,
          style: &quot;EMPHASIS&quot;
        )
      )
    }
  )
)</definition>
        <preferredEditor>interface</preferredEditor>
        <offlineEnabled>false</offlineEnabled>
    </rule>
    <roleMap public="true">
        <role allowForAll="false" inherit="true" name="readers">
            <users/>
            <groups/>
        </role>
        <role allowForAll="false" inherit="true" name="authors">
            <users/>
            <groups/>
        </role>
        <role allowForAll="false" inherit="true" name="administrators">
            <users>
                <userUuid>rob.turverey</userUuid>
            </users>
            <groups/>
        </role>
        <role allowForAll="false" inherit="false" name="denyReaders">
            <users/>
            <groups/>
        </role>
        <role allowForAll="false" inherit="false" name="denyAuthors">
            <users/>
            <groups/>
        </role>
        <role allowForAll="false" inherit="false" name="denyAdministrators">
            <users/>
            <groups/>
        </role>
    </roleMap>
</contentHaul>
