<?xml version="1.0" encoding="UTF-8" standalone="yes"?>
<contentHaul xmlns:a="http://www.appian.com/ae/types/2009">
    <rule>
        <name>SYS_FRM_Outage_reportOutageApproval</name>
        <uuid>_a-0000dd72-ed8d-8000-9ba2-011c48011c48_23850</uuid>
        <description>Form for approving a new outage request</description>
        <parentUuid>_a-0000dd4b-0482-8000-9ba2-011c48011c48_16925</parentUuid>
        <visibility>
            <advertise>false</advertise>
            <hierarchy>true</hierarchy>
            <indexable>true</indexable>
            <quota>false</quota>
            <searchable>true</searchable>
            <system>false</system>
            <unlogged>false</unlogged>
        </visibility>
        <definition>load(&#xD;
  local!filesPagingInfo: #&quot;SYSTEM_SYSRULES_pagingInfo&quot;(startIndex: 1, batchSize: 5, sort: #&quot;SYSTEM_SYSRULES_sortInfo&quot;(&quot;order&quot;, true)),&#xD;
  local!commentsPagingInfo: #&quot;SYSTEM_SYSRULES_pagingInfo&quot;(startIndex: 1, batchSize: 5, sort: #&quot;SYSTEM_SYSRULES_sortInfo&quot;(&quot;commentDatetime&quot;)),&#xD;
  local!commentsDatasubset: todatasubset(ri!outage_comment_cdt, local!commentsPagingInfo),&#xD;
  local!filesDatasubset: todatasubset(ri!outage_document_cdt, local!filesPagingInfo),&#xD;
  local!filesTabToShow: 1+#&quot;2168a5de-fb70-4d66-8b97-b547e3ac6e57&quot;(ri!outage_document_cdt),&#xD;
  local!newComment,&#xD;
  #&quot;SYSTEM_SYSRULES_formLayout&quot;(&#xD;
    label: ri!label,&#xD;
    firstColumnContents: {&#xD;
      #&quot;_a-0000dd72-ed8d-8000-9ba2-011c48011c48_23721&quot;(&#xD;
        system_record_cdt: ri!system_record_cdt,&#xD;
        readOnly: true&#xD;
      ),&#xD;
      #&quot;_a-0000dd72-ed8d-8000-9ba2-011c48011c48_23765&quot;(&#xD;
        outage_cdt: ri!outage_cdt,&#xD;
        readOnly: ri!readOnly,&#xD;
        required: true&#xD;
      ),&#xD;
      if(#&quot;2168a5de-fb70-4d66-8b97-b547e3ac6e57&quot;(ri!outage_cdt.primaryApprover),&#xD;
        {},&#xD;
        #&quot;_a-0000dd72-ed8d-8000-9ba2-011c48011c48_24014&quot;(&#xD;
          outage_cdt: ri!outage_cdt,&#xD;
          readOnly: true&#xD;
        )&#xD;
      ),&#xD;
      #&quot;c87d1865-c7f8-42db-ae41-7889d9ca7467&quot;(&#xD;
        outage_comment_cdt: ri!outage_comment_cdt,&#xD;
        newComment: local!newComment,&#xD;
        pagingInfo: local!commentsPagingInfo,&#xD;
        dataSubset: local!commentsDatasubset,&#xD;
        outageId: ri!outage_cdt.outageId,&#xD;
        readOnly: false&#xD;
      ),&#xD;
      #&quot;5d065d8f-d0d3-421a-a66d-3e9990b445b8&quot;(&#xD;
        tabToShow: local!filesTabToShow, &#xD;
        pagingInfo: local!filesPagingInfo,&#xD;
        readOnly: false,&#xD;
        outage_document_cdt: ri!outage_document_cdt,&#xD;
        dataSubset: local!filesDatasubset,&#xD;
        outage_cdt: ri!outage_cdt&#xD;
      )&#xD;
    },&#xD;
    secondColumnContents: {},&#xD;
    buttons: #&quot;SYSTEM_SYSRULES_ButtonLayout&quot;(&#xD;
        primaryButtons: {&#xD;
          #&quot;SYSTEM_SYSRULES_ButtonWidgetSubmit&quot;(&#xD;
            label: #&quot;_a-0000dd0d-462c-8000-9ba2-011c48011c48_7223&quot;,&#xD;
            style: &quot;PRIMARY&quot;,&#xD;
            confirmMessage: &quot;Are you sure you wish to approve this new reported outage?&quot;,&#xD;
            value: #&quot;_a-0000dd0d-462c-8000-9ba2-011c48011c48_7223&quot;,&#xD;
            saveInto: {&#xD;
              ri!buttonClicked,&#xD;
              a!save(ri!documents, index(ri!outage_document_cdt, &quot;appianDocumentId&quot;, {}))&#xD;
            }&#xD;
          )&#xD;
        },&#xD;
        secondaryButtons: {&#xD;
          #&quot;SYSTEM_SYSRULES_ButtonWidgetSubmit&quot;(&#xD;
            label: #&quot;_a-0000dd0d-462c-8000-9ba2-011c48011c48_7224&quot;,&#xD;
            style: &quot;NORMAL&quot;,&#xD;
            confirmMessage: &quot;Are you sure you wish to deny this new reported outage?&quot;,&#xD;
            value: #&quot;_a-0000dd0d-462c-8000-9ba2-011c48011c48_7224&quot;,&#xD;
            saveInto: {&#xD;
              ri!buttonClicked,&#xD;
              a!save(ri!documents, index(ri!outage_document_cdt, &quot;appianDocumentId&quot;, {}))&#xD;
            }&#xD;
          ),&#xD;
        }&#xD;
    ),&#xD;
    validations: {}&#xD;
  )&#xD;
)</definition>
        <namedTypedValue>
            <name>outage_cdt</name>
            <type>
                <name>SYS_Outage</name>
                <namespace>urn:com:appian:types:SYS</namespace>
            </type>
        </namedTypedValue>
        <namedTypedValue>
            <name>buttonClicked</name>
            <type>
                <name>string</name>
                <namespace>http://www.w3.org/2001/XMLSchema</namespace>
            </type>
            <value/>
        </namedTypedValue>
        <namedTypedValue>
            <name>system_record_cdt</name>
            <type>
                <name>SYS_V_System_Record</name>
                <namespace>urn:com:appian:types:SYS</namespace>
            </type>
        </namedTypedValue>
        <namedTypedValue>
            <name>label</name>
            <type>
                <name>string</name>
                <namespace>http://www.w3.org/2001/XMLSchema</namespace>
            </type>
            <value/>
        </namedTypedValue>
        <namedTypedValue>
            <name>readOnly</name>
            <type>
                <name>boolean</name>
                <namespace>http://www.w3.org/2001/XMLSchema</namespace>
            </type>
        </namedTypedValue>
        <namedTypedValue>
            <name>outage_comment_cdt</name>
            <type>
                <name>SYS_Outage_Comment?list</name>
                <namespace>urn:com:appian:types:SYS</namespace>
            </type>
        </namedTypedValue>
        <namedTypedValue>
            <name>documents</name>
            <type>
                <name>CollaborationDocument?list</name>
                <namespace>http://www.appian.com/ae/types/2009</namespace>
            </type>
        </namedTypedValue>
        <namedTypedValue>
            <name>outage_document_cdt</name>
            <type>
                <name>SYS_Outage_Document?list</name>
                <namespace>urn:com:appian:types:SYS</namespace>
            </type>
        </namedTypedValue>
        <preferredEditor>interface</preferredEditor>
        <offlineEnabled>false</offlineEnabled>
    </rule>
    <roleMap public="true">
        <role allowForAll="false" inherit="true" name="readers">
            <users/>
            <groups/>
        </role>
        <role allowForAll="false" inherit="true" name="authors">
            <users/>
            <groups/>
        </role>
        <role allowForAll="false" inherit="true" name="administrators">
            <users/>
            <groups/>
        </role>
        <role allowForAll="false" inherit="false" name="denyReaders">
            <users/>
            <groups/>
        </role>
        <role allowForAll="false" inherit="false" name="denyAuthors">
            <users/>
            <groups/>
        </role>
        <role allowForAll="false" inherit="false" name="denyAdministrators">
            <users/>
            <groups/>
        </role>
    </roleMap>
    <typedValue>
        <type>
            <name>RuleTestConfig?list</name>
            <namespace>http://www.appian.com/ae/types/2009</namespace>
        </type>
        <value>
            <el>
                <a:name/>
                <a:ruleInputTestConfigs>
                    <a:value xmlns:n1="urn:com:appian:types:SYS" xmlns:xsi="http://www.w3.org/2001/XMLSchema-instance" xsi:nil="true" xsi:type="n1:SYS_Outage"/>
                    <a:nameRef>outage_cdt</a:nameRef>
                    <a:id/>
                </a:ruleInputTestConfigs>
                <a:ruleInputTestConfigs>
                    <a:value xmlns:xsd="http://www.w3.org/2001/XMLSchema" xmlns:xsi="http://www.w3.org/2001/XMLSchema-instance" xsi:type="xsd:string"/>
                    <a:nameRef>buttonClicked</a:nameRef>
                    <a:id/>
                </a:ruleInputTestConfigs>
                <a:ruleInputTestConfigs>
                    <a:value xmlns:xsi="http://www.w3.org/2001/XMLSchema-instance" xsi:type="a:Expression">#&quot;f3a679ee-c26e-4b40-bab3-c308bf627da0&quot;(3)</a:value>
                    <a:nameRef>system_record_cdt</a:nameRef>
                    <a:id/>
                </a:ruleInputTestConfigs>
                <a:ruleInputTestConfigs>
                    <a:value xmlns:xsi="http://www.w3.org/2001/XMLSchema-instance" xsi:type="a:Expression">&quot;Approve Outage&quot;</a:value>
                    <a:nameRef>label</a:nameRef>
                    <a:id/>
                </a:ruleInputTestConfigs>
                <a:ruleInputTestConfigs>
                    <a:value xmlns:xsd="http://www.w3.org/2001/XMLSchema" xmlns:xsi="http://www.w3.org/2001/XMLSchema-instance" xsi:nil="true" xsi:type="xsd:boolean"/>
                    <a:nameRef>readOnly</a:nameRef>
                    <a:id/>
                </a:ruleInputTestConfigs>
                <a:ruleInputTestConfigs>
                    <a:nameRef>outage_comment_cdt</a:nameRef>
                    <a:id/>
                </a:ruleInputTestConfigs>
                <a:ruleInputTestConfigs>
                    <a:nameRef>documents</a:nameRef>
                    <a:id/>
                </a:ruleInputTestConfigs>
                <a:ruleInputTestConfigs>
                    <a:nameRef>outage_document_cdt</a:nameRef>
                    <a:id/>
                </a:ruleInputTestConfigs>
                <a:assertions xmlns:xsi="http://www.w3.org/2001/XMLSchema-instance" xsi:nil="true"/>
            </el>
        </value>
    </typedValue>
</contentHaul>
