<?xml version="1.0" encoding="UTF-8" standalone="yes"?>
<contentHaul xmlns:a="http://www.appian.com/ae/types/2009">
    <rule>
        <name>SYS_SCT_Outage_outageInformation</name>
        <uuid>_a-0000dd72-ed8d-8000-9ba2-011c48011c48_23765</uuid>
        <description>Reusable section for information to report about an outage</description>
        <parentUuid>_a-0000dd4b-0482-8000-9ba2-011c48011c48_16939</parentUuid>
        <visibility>
            <advertise>false</advertise>
            <hierarchy>true</hierarchy>
            <indexable>true</indexable>
            <quota>false</quota>
            <searchable>true</searchable>
            <system>false</system>
            <unlogged>false</unlogged>
        </visibility>
        <definition>load(&#xD;
  local!pagingInfo: #&quot;SYSTEM_SYSRULES_pagingInfo&quot;(&#xD;
    startIndex: 1,&#xD;
    batchSize: -1&#xD;
  ),&#xD;
  local!refData: #&quot;_a-0000dd4b-0482-8000-9ba2-011c48011c48_17090&quot;(&#xD;
    columns: {&#xD;
      &quot;id&quot;,&#xD;
      &quot;type&quot;,&#xD;
      &quot;label&quot;&#xD;
    },&#xD;
    isActive: &quot;true&quot;,&#xD;
    pagingInfo: local!pagingInfo&#xD;
  ).data,&#xD;
  local!outageTypes: local!refData[wherecontains(&#xD;
    #&quot;_a-0000dd4b-0482-8000-9ba2-011c48011c48_17866&quot;, touniformstring(local!refData.type)&#xD;
  )],&#xD;
  local!outageReasons: local!refData[wherecontains(&#xD;
    #&quot;_a-0000dd4b-0482-8000-9ba2-011c48011c48_18209&quot;, touniformstring(local!refData.type)&#xD;
  )],&#xD;
  local!readOnly: or(ri!readOnly, ri!resolveFlag),&#xD;
  #&quot;SYSTEM_SYSRULES_sectionLayout&quot;(&#xD;
    label: &quot;Outage Information&quot;,&#xD;
    firstColumnContents:{&#xD;
      #&quot;_a-0000dd0d-462c-8000-9ba2-011c48011c48_3683&quot;(&#xD;
        label: &quot;Start Time&quot;,&#xD;
        readOnly: local!readOnly,&#xD;
        required: ri!required,&#xD;
        value: ri!outage_cdt.startDatetime,&#xD;
        saveInto: ri!outage_cdt.startDateTime&#xD;
      ),&#xD;
      if(ri!resolveFlag,&#xD;
        #&quot;_a-0000dd0d-462c-8000-9ba2-011c48011c48_3683&quot;(&#xD;
          label: &quot;End Time&quot;,&#xD;
          labelPosition: &quot;ADJACENT&quot;,&#xD;
          required: true,&#xD;
          value: ri!outage_cdt.endDateTime,&#xD;
          saveInto: ri!outage_cdt.endDateTime&#xD;
          /*validations: if(ri!outage_cdt.endDateTime&gt;now(), */&#xD;
          /*  &quot;End time cannot be in future&quot;, */&#xD;
          /*  if(ri!outage_cdt.endDateTime&lt;ri!outage_cdt.startDateTime,*/&#xD;
          /*    &quot;End time cannot be before start time&quot;,*/&#xD;
          /*    &quot;&quot;*/&#xD;
          /*  ))*/&#xD;
        ),&#xD;
        {}&#xD;
      ),&#xD;
      #&quot;_a-0000dd0d-462c-8000-9ba2-011c48011c48_3685&quot;(&#xD;
        label: &quot;Type&quot;,&#xD;
        readOnly: local!readOnly,&#xD;
        required: ri!required,&#xD;
        choiceLabels: local!outageTypes.label,&#xD;
        choiceValues: local!outageTypes.id,&#xD;
        value: ri!outage_cdt.typeId,&#xD;
        saveInto: ri!outage_cdt.typeId&#xD;
      ),&#xD;
      #&quot;_a-0000dd0d-462c-8000-9ba2-011c48011c48_3685&quot;(&#xD;
        label: &quot;Reason&quot;,&#xD;
        readOnly: local!readOnly,&#xD;
        required: ri!required,&#xD;
        choiceLabels: local!outageReasons.label,&#xD;
        choiceValues: local!outageReasons.id,&#xD;
        value: ri!outage_cdt.reasonId,&#xD;
        saveInto: ri!outage_cdt.reasonId&#xD;
      )&#xD;
    },&#xD;
    secondColumnContents: {&#xD;
      #&quot;_a-0000dd0d-462c-8000-9ba2-011c48011c48_3687&quot;(&#xD;
        label: &quot;Description&quot;,&#xD;
        height: &quot;SHORT&quot;,&#xD;
        required: ri!required,&#xD;
        readOnly: local!readOnly,&#xD;
        value: ri!outage_cdt.description,&#xD;
        saveInto: ri!outage_cdt.description&#xD;
      )&#xD;
    },&#xD;
    isCollapsible: true&#xD;
  )&#xD;
)</definition>
        <namedTypedValue>
            <name>outage_cdt</name>
            <type>
                <name>SYS_Outage</name>
                <namespace>urn:com:appian:types:SYS</namespace>
            </type>
        </namedTypedValue>
        <namedTypedValue>
            <name>readOnly</name>
            <type>
                <name>boolean</name>
                <namespace>http://www.w3.org/2001/XMLSchema</namespace>
            </type>
        </namedTypedValue>
        <namedTypedValue>
            <name>required</name>
            <type>
                <name>boolean</name>
                <namespace>http://www.w3.org/2001/XMLSchema</namespace>
            </type>
        </namedTypedValue>
        <namedTypedValue>
            <name>resolveFlag</name>
            <type>
                <name>boolean</name>
                <namespace>http://www.w3.org/2001/XMLSchema</namespace>
            </type>
        </namedTypedValue>
        <preferredEditor>interface</preferredEditor>
        <offlineEnabled>false</offlineEnabled>
    </rule>
    <roleMap public="true">
        <role allowForAll="false" inherit="true" name="readers">
            <users/>
            <groups/>
        </role>
        <role allowForAll="false" inherit="true" name="authors">
            <users/>
            <groups/>
        </role>
        <role allowForAll="false" inherit="true" name="administrators">
            <users/>
            <groups/>
        </role>
        <role allowForAll="false" inherit="false" name="denyReaders">
            <users/>
            <groups/>
        </role>
        <role allowForAll="false" inherit="false" name="denyAuthors">
            <users/>
            <groups/>
        </role>
        <role allowForAll="false" inherit="false" name="denyAdministrators">
            <users/>
            <groups/>
        </role>
    </roleMap>
</contentHaul>
