<?xml version="1.0" encoding="UTF-8" standalone="yes"?>
<contentHaul xmlns:a="http://www.appian.com/ae/types/2009">
    <rule>
        <name>SYS_SCT_System_administration</name>
        <uuid>_a-0000dd8b-d239-8000-9ba2-011c48011c48_28089</uuid>
        <description>Common UI to tunnel into Administration section</description>
        <parentUuid>_a-0000dd4b-0482-8000-9ba2-011c48011c48_16939</parentUuid>
        <visibility>
            <advertise>false</advertise>
            <hierarchy>true</hierarchy>
            <indexable>true</indexable>
            <quota>false</quota>
            <searchable>true</searchable>
            <system>false</system>
            <unlogged>false</unlogged>
        </visibility>
        <definition>load(
  local!poamColumns: {
    &quot;controls&quot;,
    &quot;weaknessName&quot;,
    &quot;pocName&quot;,
    &quot;originalDetectionDate&quot;,
    &quot;scheduledCompletionDate&quot;,
    &quot;plannedMilestones&quot;,
    &quot;milestoneChanges&quot;,
    &quot;statusDate&quot;
  },
  local!poamPagingInfo: #&quot;SYSTEM_SYSRULES_pagingInfo&quot;(
    startIndex: 1,
    batchSize: #&quot;_a-0000dd4b-0482-8000-9ba2-011c48011c48_17275&quot;,
    sort: #&quot;SYSTEM_SYSRULES_sortInfo&quot;(
      field: &quot;poamId&quot;
    )
  ),
  local!poamDatasubset: #&quot;_a-0000dd4b-0482-8000-9ba2-011c48011c48_17345&quot;(
    columns: local!poamColumns,
    pagingInfo: local!poamPagingInfo, 
    systemID: ri!systemId
  ),
  local!poamTabToShow: 1,
  {
    #&quot;SYSTEM_SYSRULES_sectionLayout&quot;(
        label: &quot;Continuity of Operations Plan&quot;,
        firstColumnContents: {
          #&quot;fa8d3278-99cb-48cb-b4c8-5602158660a9&quot;(
            label: &quot;Next Test Date&quot;,
            readOnly: ri!readOnly,
            value: ri!coopNextTestDate,
            saveInto: ri!coopNextTestDate,
            validations: if(and(not(ri!readOnly), ri!coopNextTestDate &lt; today()), &quot;Next test date must be in the future&quot;, {})
          ),
          #&quot;fa8d3278-99cb-48cb-b4c8-5602158660a9&quot;(
            label: &quot;Last Test Date&quot;,
            readOnly: ri!readOnly,
            value: ri!coopLastTestDate,
            saveInto: ri!coopLastTestDate,
            validations: if(and(not(ri!readOnly), ri!coopLastTestDate &gt; today()), &quot;Last test date must be in the past&quot;, {})
          )
        },
        secondColumnContents: {
          #&quot;_a-0000dd0d-462c-8000-9ba2-011c48011c48_3690&quot;(
            label: &quot;Out of Date&quot;,
            readOnly: true,
            value: #&quot;_a-0000dd0d-462c-8000-9ba2-011c48011c48_5334&quot;(bool: edate(today(), -6) &gt; ri!coopLastTestDate)
          )
        }
      ),
    #&quot;_a-0000dd8b-d239-8000-9ba2-011c48011c48_28044&quot;(
        systemId: ri!systemId,
        readOnly: ri!readOnly,
        poam_cdt: ri!poam_cdt,
        tabToShow: local!poamTabToShow,
        poamColumns: local!poamColumns,
        poamPagingInfo: local!poamPagingInfo,
        poamDatasubset: local!poamDatasubset,
        poamSystemImpactLevelLabel : ri!poamSystemImpactLevelLabel 
      )
  }
)</definition>
        <namedTypedValue>
            <name>coopLastTestDate</name>
            <type>
                <name>date</name>
                <namespace>http://www.w3.org/2001/XMLSchema</namespace>
            </type>
        </namedTypedValue>
        <namedTypedValue>
            <name>systemId</name>
            <type>
                <name>int</name>
                <namespace>http://www.w3.org/2001/XMLSchema</namespace>
            </type>
        </namedTypedValue>
        <namedTypedValue>
            <name>poamSystemImpactLevelLabel</name>
            <type>
                <name>string</name>
                <namespace>http://www.w3.org/2001/XMLSchema</namespace>
            </type>
            <value/>
        </namedTypedValue>
        <namedTypedValue>
            <name>coopNextTestDate</name>
            <type>
                <name>date</name>
                <namespace>http://www.w3.org/2001/XMLSchema</namespace>
            </type>
        </namedTypedValue>
        <namedTypedValue>
            <name>readOnly</name>
            <type>
                <name>boolean</name>
                <namespace>http://www.w3.org/2001/XMLSchema</namespace>
            </type>
        </namedTypedValue>
        <namedTypedValue>
            <name>poam_cdt</name>
            <type>
                <name>SYS_V_Poam?list</name>
                <namespace>urn:com:appian:types:SYS</namespace>
            </type>
        </namedTypedValue>
        <preferredEditor>interface</preferredEditor>
        <offlineEnabled>false</offlineEnabled>
    </rule>
    <roleMap public="true">
        <role allowForAll="false" inherit="true" name="readers">
            <users/>
            <groups/>
        </role>
        <role allowForAll="false" inherit="true" name="authors">
            <users/>
            <groups/>
        </role>
        <role allowForAll="false" inherit="true" name="administrators">
            <users>
                <userUuid>gaurav.srivastava</userUuid>
            </users>
            <groups/>
        </role>
        <role allowForAll="false" inherit="false" name="denyReaders">
            <users/>
            <groups/>
        </role>
        <role allowForAll="false" inherit="false" name="denyAuthors">
            <users/>
            <groups/>
        </role>
        <role allowForAll="false" inherit="false" name="denyAdministrators">
            <users/>
            <groups/>
        </role>
    </roleMap>
    <typedValue>
        <type>
            <name>RuleTestConfig?list</name>
            <namespace>http://www.appian.com/ae/types/2009</namespace>
        </type>
        <value>
            <el>
                <a:name/>
                <a:ruleInputTestConfigs>
                    <a:value xmlns:xsd="http://www.w3.org/2001/XMLSchema" xmlns:xsi="http://www.w3.org/2001/XMLSchema-instance" xsi:nil="true" xsi:type="xsd:date"/>
                    <a:nameRef>coopLastTestDate</a:nameRef>
                    <a:id/>
                </a:ruleInputTestConfigs>
                <a:ruleInputTestConfigs>
                    <a:value xmlns:xsd="http://www.w3.org/2001/XMLSchema" xmlns:xsi="http://www.w3.org/2001/XMLSchema-instance" xsi:nil="true" xsi:type="xsd:int"/>
                    <a:nameRef>systemId</a:nameRef>
                    <a:id/>
                </a:ruleInputTestConfigs>
                <a:ruleInputTestConfigs>
                    <a:value xmlns:xsd="http://www.w3.org/2001/XMLSchema" xmlns:xsi="http://www.w3.org/2001/XMLSchema-instance" xsi:type="xsd:string"/>
                    <a:nameRef>poamSystemImpactLevelLabel</a:nameRef>
                    <a:id/>
                </a:ruleInputTestConfigs>
                <a:ruleInputTestConfigs>
                    <a:value xmlns:xsd="http://www.w3.org/2001/XMLSchema" xmlns:xsi="http://www.w3.org/2001/XMLSchema-instance" xsi:nil="true" xsi:type="xsd:date"/>
                    <a:nameRef>coopNextTestDate</a:nameRef>
                    <a:id/>
                </a:ruleInputTestConfigs>
                <a:ruleInputTestConfigs>
                    <a:value xmlns:xsd="http://www.w3.org/2001/XMLSchema" xmlns:xsi="http://www.w3.org/2001/XMLSchema-instance" xsi:nil="true" xsi:type="xsd:boolean"/>
                    <a:nameRef>readOnly</a:nameRef>
                    <a:id/>
                </a:ruleInputTestConfigs>
                <a:ruleInputTestConfigs>
                    <a:nameRef>poam_cdt</a:nameRef>
                    <a:id/>
                </a:ruleInputTestConfigs>
                <a:assertions xmlns:xsi="http://www.w3.org/2001/XMLSchema-instance" xsi:nil="true"/>
            </el>
        </value>
    </typedValue>
</contentHaul>
