<?xml version="1.0" encoding="UTF-8" standalone="yes"?>
<contentHaul xmlns:a="http://www.appian.com/ae/types/2009">
    <rule>
        <name>SYS_CMPT_SystemSummary_outagesByMonth</name>
        <uuid>_a-0000dd72-ed8d-8000-9ba2-011c48011c48_26296</uuid>
        <description>Column Chart showing outages by month on the summary dashboard for a system</description>
        <parentUuid>_a-0000dd4b-0482-8000-9ba2-011c48011c48_16906</parentUuid>
        <visibility>
            <advertise>false</advertise>
            <hierarchy>true</hierarchy>
            <indexable>true</indexable>
            <quota>false</quota>
            <searchable>true</searchable>
            <system>false</system>
            <unlogged>false</unlogged>
        </visibility>
        <definition>#&quot;SYSTEM_SYSRULES_columnChartField&quot;(
  label: &quot;Outages By Month&quot;,
  categories: index(ri!v_outageByMonth, &quot;monthLabel&quot;, {}),
  series: {
    #&quot;SYSTEM_SYSRULES_chartSeries&quot;(
      label: &quot;Planned&quot;,
      data: index(ri!v_outageByMonth, &quot;plannedOutages&quot;, {})
      ),
    #&quot;SYSTEM_SYSRULES_chartSeries&quot;(
      label: &quot;Unplanned&quot;,
      data: index(ri!v_outageByMonth, &quot;unplannedOutages&quot;, {})
    )
  }
)</definition>
        <namedTypedValue>
            <name>v_outageByMonth</name>
            <type>
                <name>SYS_V_Outage_By_Month?list</name>
                <namespace>urn:com:appian:types:SYS</namespace>
            </type>
        </namedTypedValue>
        <preferredEditor>interface</preferredEditor>
        <offlineEnabled>false</offlineEnabled>
    </rule>
    <roleMap public="true">
        <role allowForAll="false" inherit="true" name="readers">
            <users/>
            <groups/>
        </role>
        <role allowForAll="false" inherit="true" name="authors">
            <users/>
            <groups/>
        </role>
        <role allowForAll="false" inherit="true" name="administrators">
            <users/>
            <groups/>
        </role>
        <role allowForAll="false" inherit="false" name="denyReaders">
            <users/>
            <groups/>
        </role>
        <role allowForAll="false" inherit="false" name="denyAuthors">
            <users/>
            <groups/>
        </role>
        <role allowForAll="false" inherit="false" name="denyAdministrators">
            <users/>
            <groups/>
        </role>
    </roleMap>
</contentHaul>
