<?xml version="1.0" encoding="UTF-8" standalone="yes"?>
<contentHaul xmlns:a="http://www.appian.com/ae/types/2009">
    <rule>
        <name>SYS_QRYA_getOutageDuration</name>
        <uuid>_a-0000dd8b-d239-8000-9ba2-011c48011c48_27368</uuid>
        <description>Query aggregation that groups outages based upon duration</description>
        <parentUuid>_a-0000dd4b-0482-8000-9ba2-011c48011c48_16935</parentUuid>
        <visibility>
            <advertise>false</advertise>
            <hierarchy>true</hierarchy>
            <indexable>true</indexable>
            <quota>false</quota>
            <searchable>true</searchable>
            <system>false</system>
            <unlogged>false</unlogged>
        </visibility>
        <definition>#&quot;SYSTEM_SYSRULES_queryEntity&quot;(
  entity: #&quot;_a-0000dd4b-0482-8000-9ba2-011c48011c48_17188&quot;,
  query: #&quot;SYSTEM_SYSRULES_query&quot;(
      aggregation: #&quot;SYSTEM_SYSRULES_queryAggregation&quot;(
      aggregationColumns: {
        #&quot;SYSTEM_SYSRULES_queryAggregationColumn&quot;(
          field: &quot;outageId&quot;,
          aggregationFunction: &quot;COUNT&quot;
        ),
        #&quot;SYSTEM_SYSRULES_queryAggregationColumn&quot;(
          field: &quot;durationCategoryId&quot;,
          isGrouping: true
        ),
        #&quot;SYSTEM_SYSRULES_queryAggregationColumn&quot;(
          field: &quot;durationCategoryLabel&quot;,
          isGrouping: true
        )
      }
    ),
    logicalExpression: #&quot;SYSTEM_SYSRULES_queryLogicalExpression&quot;(
    operator: &quot;AND&quot;,
    filters: {
      #&quot;SYSTEM_SYSRULES_queryFilter&quot;(field: &quot;outageId&quot;, operator: &quot;not null&quot;),
      #&quot;SYSTEM_SYSRULES_queryFilter&quot;(field: &quot;durationCategoryId&quot;, operator: &quot;not null&quot;),
      if(isnull(ri!outageId), {}, #&quot;SYSTEM_SYSRULES_queryFilter&quot;(field: &quot;outageId&quot;, operator: &quot;=&quot;, value: ri!outageId)),
      if(isnull(ri!systemId), {}, #&quot;SYSTEM_SYSRULES_queryFilter&quot;(field: &quot;systemId&quot;, operator: &quot;=&quot;, value: ri!systemId)),
      if(isnull(ri!startDate), {},
        {
          with(
            local!dateTime: todatetime(ri!startDate),
            local!tomorrowDateTime: todatetime(ri!startDate+1),
          {#&quot;SYSTEM_SYSRULES_queryFilter&quot;(field: &quot;startDateTime&quot;, operator: &quot;&gt;=&quot;, value: userdatetime(year(local!dateTime), month(local!dateTime), day(local!dateTime))),
          #&quot;SYSTEM_SYSRULES_queryFilter&quot;(field: &quot;startDateTime&quot;, operator: &quot;&lt;=&quot;, value: userdatetime(year(local!tomorrowDateTime), month(local!tomorrowDateTime), day(local!tomorrowDateTime))) 
          })
        }
      ),
      if(isnull(ri!endDate), {},
        {
          #&quot;SYSTEM_SYSRULES_queryFilter&quot;(field: &quot;endDateTime&quot;, operator: &quot;&gt;=&quot;, value: userdatetime(year(ri!endDate), month(ri!endDate), day(ri!endDate))),
          #&quot;SYSTEM_SYSRULES_queryFilter&quot;(field: &quot;endDateTime&quot;, operator: &quot;&lt;=&quot;, value: userdatetime(year(ri!endDate), month(ri!endDate), day(ri!endDate)+1))          
        }
      ),      
      if(isnull(ri!typeId), {}, #&quot;SYSTEM_SYSRULES_queryFilter&quot;(field: &quot;typeId&quot;, operator: &quot;=&quot;, value: ri!typeId)),
      if(isnull(ri!reasonId), {}, #&quot;SYSTEM_SYSRULES_queryFilter&quot;(field: &quot;reasonId&quot;, operator: &quot;=&quot;, value: ri!reasonId)),
      if(isnull(ri!duration), {}, #&quot;SYSTEM_SYSRULES_queryFilter&quot;(field: &quot;duration&quot;, operator: &quot;=&quot;, value: ri!duration)),
      if(isnull(ri!createdBy), {}, #&quot;SYSTEM_SYSRULES_queryFilter&quot;(field: &quot;createdBy&quot;, operator: &quot;=&quot;, value: ri!createdBy)),
      if(isnull(ri!createdDate), {},
        {
          #&quot;SYSTEM_SYSRULES_queryFilter&quot;(field: &quot;createdDateTime&quot;, operator: &quot;&gt;=&quot;, value: userdatetime(year(ri!createdDate), month(ri!createdDate), day(ri!createdDate))),
          #&quot;SYSTEM_SYSRULES_queryFilter&quot;(field: &quot;createdDateTime&quot;, operator: &quot;&lt;=&quot;, value: userdatetime(year(ri!createdDate), month(ri!createdDate), day(ri!createdDate)+1))
        }
      ),
      if(isnull(ri!lastModifiedBy), {}, #&quot;SYSTEM_SYSRULES_queryFilter&quot;(field: &quot;lastModifiedBy&quot;, operator: &quot;=&quot;, value: ri!lastModifiedBy)),
      if(isnull(ri!lastModifiedDate),
        {},
        {
          #&quot;SYSTEM_SYSRULES_queryFilter&quot;(field: &quot;modifiedDateTime&quot;, operator: &quot;&gt;=&quot;, value: userdatetime(year(ri!lastModifiedDate), month(ri!lastModifiedDate), day(ri!lastModifiedDate))),
          #&quot;SYSTEM_SYSRULES_queryFilter&quot;(field: &quot;modifiedDateTime&quot;, operator: &quot;&lt;=&quot;, value: userdatetime(year(ri!lastModifiedDate), month(ri!lastModifiedDate), day(ri!lastModifiedDate)+1))
        }
      ),
      if(isnull(ri!approvedBy),{}, #&quot;SYSTEM_SYSRULES_queryFilter&quot;(field: &quot;approvedBy&quot;, operator: &quot;=&quot;, value: ri!approvedBy)),
      if(isnull(ri!approvedDate),
        {},
        {
          #&quot;SYSTEM_SYSRULES_queryFilter&quot;(field: &quot;approvedDateTime&quot;, operator: &quot;&gt;=&quot;, value: userdatetime(year(ri!approvedDate), month(ri!approvedDate), day(ri!approvedDate))),
          #&quot;SYSTEM_SYSRULES_queryFilter&quot;(field: &quot;approvedDateTime&quot;, operator: &quot;&lt;=&quot;, value: userdatetime(year(ri!approvedDate), month(ri!approvedDate), day(ri!approvedDate)+1))
        }
      ),
      if(isnull(ri!isActive), {}, #&quot;SYSTEM_SYSRULES_queryFilter&quot;(field: &quot;isActive&quot;, operator: &quot;=&quot;, value: ri!isActive)),
      if(isnull(ri!description), {}, #&quot;SYSTEM_SYSRULES_queryFilter&quot;(field: &quot;description&quot;, operator: &quot;includes&quot;, value: ri!description)),
      if(isnull(ri!durationCategoryId), {}, #&quot;SYSTEM_SYSRULES_queryFilter&quot;(field: &quot;durationCategoryId&quot;, operator: &quot;=&quot;, value: ri!durationCategoryId))
    }
  ),
  pagingInfo: if(isnull(ri!pagingInfo),
    #&quot;SYSTEM_SYSRULES_pagingInfo&quot;(
      startIndex: 1,
      batchSize: -1
    ),
    ri!pagingInfo
  )
  )
)</definition>
        <namedTypedValue>
            <name>pagingInfo</name>
            <type>
                <name>PagingInfo</name>
                <namespace>http://www.appian.com/ae/types/2009</namespace>
            </type>
        </namedTypedValue>
        <namedTypedValue>
            <name>outageId</name>
            <type>
                <name>int</name>
                <namespace>http://www.w3.org/2001/XMLSchema</namespace>
            </type>
        </namedTypedValue>
        <namedTypedValue>
            <name>systemId</name>
            <type>
                <name>int</name>
                <namespace>http://www.w3.org/2001/XMLSchema</namespace>
            </type>
        </namedTypedValue>
        <namedTypedValue>
            <name>typeId</name>
            <type>
                <name>int</name>
                <namespace>http://www.w3.org/2001/XMLSchema</namespace>
            </type>
        </namedTypedValue>
        <namedTypedValue>
            <name>reasonId</name>
            <type>
                <name>int</name>
                <namespace>http://www.w3.org/2001/XMLSchema</namespace>
            </type>
        </namedTypedValue>
        <namedTypedValue>
            <name>duration</name>
            <type>
                <name>int</name>
                <namespace>http://www.w3.org/2001/XMLSchema</namespace>
            </type>
        </namedTypedValue>
        <namedTypedValue>
            <name>createdBy</name>
            <type>
                <name>string</name>
                <namespace>http://www.w3.org/2001/XMLSchema</namespace>
            </type>
            <value/>
        </namedTypedValue>
        <namedTypedValue>
            <name>createdDate</name>
            <type>
                <name>date</name>
                <namespace>http://www.w3.org/2001/XMLSchema</namespace>
            </type>
        </namedTypedValue>
        <namedTypedValue>
            <name>lastModifiedBy</name>
            <type>
                <name>string</name>
                <namespace>http://www.w3.org/2001/XMLSchema</namespace>
            </type>
            <value/>
        </namedTypedValue>
        <namedTypedValue>
            <name>lastModifiedDate</name>
            <type>
                <name>date</name>
                <namespace>http://www.w3.org/2001/XMLSchema</namespace>
            </type>
        </namedTypedValue>
        <namedTypedValue>
            <name>approvedBy</name>
            <type>
                <name>string</name>
                <namespace>http://www.w3.org/2001/XMLSchema</namespace>
            </type>
            <value/>
        </namedTypedValue>
        <namedTypedValue>
            <name>approvedDate</name>
            <type>
                <name>date</name>
                <namespace>http://www.w3.org/2001/XMLSchema</namespace>
            </type>
        </namedTypedValue>
        <namedTypedValue>
            <name>isActive</name>
            <type>
                <name>boolean</name>
                <namespace>http://www.w3.org/2001/XMLSchema</namespace>
            </type>
        </namedTypedValue>
        <namedTypedValue>
            <name>startDate</name>
            <type>
                <name>date</name>
                <namespace>http://www.w3.org/2001/XMLSchema</namespace>
            </type>
        </namedTypedValue>
        <namedTypedValue>
            <name>endDate</name>
            <type>
                <name>date</name>
                <namespace>http://www.w3.org/2001/XMLSchema</namespace>
            </type>
        </namedTypedValue>
        <namedTypedValue>
            <name>description</name>
            <type>
                <name>string</name>
                <namespace>http://www.w3.org/2001/XMLSchema</namespace>
            </type>
            <value/>
        </namedTypedValue>
        <namedTypedValue>
            <name>durationCategoryId</name>
            <type>
                <name>int</name>
                <namespace>http://www.w3.org/2001/XMLSchema</namespace>
            </type>
        </namedTypedValue>
        <preferredEditor>legacy</preferredEditor>
        <offlineEnabled>false</offlineEnabled>
    </rule>
    <roleMap public="true">
        <role allowForAll="false" inherit="true" name="readers">
            <users/>
            <groups/>
        </role>
        <role allowForAll="false" inherit="true" name="authors">
            <users/>
            <groups/>
        </role>
        <role allowForAll="false" inherit="true" name="administrators">
            <users/>
            <groups/>
        </role>
        <role allowForAll="false" inherit="false" name="denyReaders">
            <users/>
            <groups/>
        </role>
        <role allowForAll="false" inherit="false" name="denyAuthors">
            <users/>
            <groups/>
        </role>
        <role allowForAll="false" inherit="false" name="denyAdministrators">
            <users/>
            <groups/>
        </role>
    </roleMap>
</contentHaul>
