<?xml version="1.0" encoding="UTF-8" standalone="yes"?>
<contentHaul xmlns:a="http://www.appian.com/ae/types/2009">
    <rule>
        <name>SYS_FRM_Release_edit</name>
        <uuid>_a-0000dd8b-d239-8000-9ba2-011c48011c48_29911</uuid>
        <description>Form to edit releases</description>
        <parentUuid>_a-0000dd4b-0482-8000-9ba2-011c48011c48_16925</parentUuid>
        <visibility>
            <advertise>false</advertise>
            <hierarchy>true</hierarchy>
            <indexable>true</indexable>
            <quota>false</quota>
            <searchable>true</searchable>
            <system>false</system>
            <unlogged>false</unlogged>
        </visibility>
        <definition>load(
  local!pastPagingInfo: #&quot;SYSTEM_SYSRULES_pagingInfo&quot;(
    startIndex: 1,
    batchSize: #&quot;_a-0000dd4b-0482-8000-9ba2-011c48011c48_17275&quot;,
    sort: #&quot;SYSTEM_SYSRULES_sortInfo&quot;(
      field: &quot;date&quot;
    )
  ),
  local!upcomingPagingInfo: #&quot;SYSTEM_SYSRULES_pagingInfo&quot;(
    startIndex: 1,
    batchSize: #&quot;_a-0000dd4b-0482-8000-9ba2-011c48011c48_17275&quot;,
    sort: #&quot;SYSTEM_SYSRULES_sortInfo&quot;(
      field: &quot;date&quot;,
      ascending: true
    )
  ),
  local!showColumns: false,
  local!choiceLabels: {
    &quot;Name&quot;,
    &quot;Description&quot;,
    &quot;Date&quot;,
    &quot;POC Name&quot;,
    &quot;Type&quot;
  },
  local!showColumn: local!choiceLabels,
  local!pastTabToShow: 1,
  local!upcomingTabToShow: 1,
  #&quot;SYSTEM_SYSRULES_formLayout&quot;(
    label: ri!formTitle,
    firstColumnContents: {
        #&quot;_a-0000dd8b-d239-8000-9ba2-011c48011c48_29943&quot;(
          label: &quot;Past Releases&quot;,
          readOnly: false,
          pastFlag: true,
          showColumn: local!showColumn,
          tabToShow: local!pastTabToShow,
          release: ri!pastReleases,
          pagingInfo: local!pastPagingInfo
        ),
        #&quot;_a-0000dd8b-d239-8000-9ba2-011c48011c48_29943&quot;(
          label: &quot;Upcoming Releases&quot;,
          readOnly: false,
          tabToShow: local!upcomingTabToShow,
          release: ri!upcomingReleases,
          showColumn: local!showColumn,
          pagingInfo: local!upcomingPagingInfo
        )
    },
    buttons: #&quot;SYSTEM_SYSRULES_ButtonLayout&quot;(
      secondaryButtons: {
        #&quot;SYSTEM_SYSRULES_ButtonWidgetSubmit&quot;(
          label: #&quot;_a-0000dd0d-462c-8000-9ba2-011c48011c48_5426&quot;,
          skipValidation: true,
          value: #&quot;_a-0000dd0d-462c-8000-9ba2-011c48011c48_5426&quot;,
          saveInto: ri!buttonClicked
        )
      },
      primaryButtons: {
        #&quot;SYSTEM_SYSRULES_ButtonWidgetSubmit&quot;(
          label: #&quot;_a-0000dd0d-462c-8000-9ba2-011c48011c48_5544&quot;,
          value: #&quot;_a-0000dd0d-462c-8000-9ba2-011c48011c48_5544&quot;,
          style: &quot;PRIMARY&quot;,
          saveInto: {
            ri!buttonClicked
          }
        )
      }
    )
  )
)</definition>
        <namedTypedValue>
            <name>systemId</name>
            <type>
                <name>int</name>
                <namespace>http://www.w3.org/2001/XMLSchema</namespace>
            </type>
        </namedTypedValue>
        <namedTypedValue>
            <name>buttonClicked</name>
            <type>
                <name>string</name>
                <namespace>http://www.w3.org/2001/XMLSchema</namespace>
            </type>
            <value/>
        </namedTypedValue>
        <namedTypedValue>
            <name>pastReleases</name>
            <type>
                <name>SYS_V_Release?list</name>
                <namespace>urn:com:appian:types:SYS</namespace>
            </type>
        </namedTypedValue>
        <namedTypedValue>
            <name>formTitle</name>
            <type>
                <name>string</name>
                <namespace>http://www.w3.org/2001/XMLSchema</namespace>
            </type>
            <value/>
        </namedTypedValue>
        <namedTypedValue>
            <name>upcomingReleases</name>
            <type>
                <name>SYS_V_Release?list</name>
                <namespace>urn:com:appian:types:SYS</namespace>
            </type>
        </namedTypedValue>
        <preferredEditor>interface</preferredEditor>
        <offlineEnabled>false</offlineEnabled>
    </rule>
    <roleMap public="true">
        <role allowForAll="false" inherit="true" name="readers">
            <users/>
            <groups/>
        </role>
        <role allowForAll="false" inherit="true" name="authors">
            <users/>
            <groups/>
        </role>
        <role allowForAll="false" inherit="true" name="administrators">
            <users>
                <userUuid>luke.schurman</userUuid>
            </users>
            <groups/>
        </role>
        <role allowForAll="false" inherit="false" name="denyReaders">
            <users/>
            <groups/>
        </role>
        <role allowForAll="false" inherit="false" name="denyAuthors">
            <users/>
            <groups/>
        </role>
        <role allowForAll="false" inherit="false" name="denyAdministrators">
            <users/>
            <groups/>
        </role>
    </roleMap>
    <typedValue>
        <type>
            <name>RuleTestConfig?list</name>
            <namespace>http://www.appian.com/ae/types/2009</namespace>
        </type>
        <value>
            <el>
                <a:name/>
                <a:ruleInputTestConfigs>
                    <a:value xmlns:xsd="http://www.w3.org/2001/XMLSchema" xmlns:xsi="http://www.w3.org/2001/XMLSchema-instance" xsi:nil="true" xsi:type="xsd:int"/>
                    <a:nameRef>systemId</a:nameRef>
                    <a:id/>
                </a:ruleInputTestConfigs>
                <a:ruleInputTestConfigs>
                    <a:value xmlns:xsd="http://www.w3.org/2001/XMLSchema" xmlns:xsi="http://www.w3.org/2001/XMLSchema-instance" xsi:type="xsd:string"/>
                    <a:nameRef>buttonClicked</a:nameRef>
                    <a:id/>
                </a:ruleInputTestConfigs>
                <a:ruleInputTestConfigs>
                    <a:nameRef>pastReleases</a:nameRef>
                    <a:id/>
                </a:ruleInputTestConfigs>
                <a:ruleInputTestConfigs>
                    <a:value xmlns:xsd="http://www.w3.org/2001/XMLSchema" xmlns:xsi="http://www.w3.org/2001/XMLSchema-instance" xsi:type="xsd:string"/>
                    <a:nameRef>formTitle</a:nameRef>
                    <a:id/>
                </a:ruleInputTestConfigs>
                <a:ruleInputTestConfigs>
                    <a:nameRef>upcomingReleases</a:nameRef>
                    <a:id/>
                </a:ruleInputTestConfigs>
                <a:assertions xmlns:xsi="http://www.w3.org/2001/XMLSchema-instance" xsi:nil="true"/>
            </el>
        </value>
    </typedValue>
</contentHaul>
