<?xml version="1.0" encoding="UTF-8" standalone="yes"?>
<contentHaul xmlns:a="http://www.appian.com/ae/types/2009">
    <rule>
        <name>SYS_RULE_convertReasonToStatus</name>
        <uuid>a9053ebd-af28-4059-a7d5-2df48b34749e</uuid>
        <description>Rule that converts the reasonId for an outage into the appropriate system statusId</description>
        <parentUuid>_a-0000dd4b-0482-8000-9ba2-011c48011c48_16905</parentUuid>
        <visibility>
            <advertise>false</advertise>
            <hierarchy>true</hierarchy>
            <indexable>true</indexable>
            <quota>false</quota>
            <searchable>true</searchable>
            <system>false</system>
            <unlogged>false</unlogged>
        </visibility>
        <definition>if(OR(#&quot;2168a5de-fb70-4d66-8b97-b547e3ac6e57&quot;(ri!reason), ri!reason = #&quot;_a-0000dd72-ed8d-8000-9ba2-011c48011c48_24073&quot;),
#&quot;_a-0000dd72-ed8d-8000-9ba2-011c48011c48_24078&quot;,
#&quot;_a-0000dd72-ed8d-8000-9ba2-011c48011c48_24075&quot;)</definition>
        <namedTypedValue>
            <name>reason</name>
            <type>
                <name>int</name>
                <namespace>http://www.w3.org/2001/XMLSchema</namespace>
            </type>
        </namedTypedValue>
        <preferredEditor>legacy</preferredEditor>
        <offlineEnabled>false</offlineEnabled>
    </rule>
    <roleMap public="true">
        <role allowForAll="false" inherit="true" name="readers">
            <users/>
            <groups/>
        </role>
        <role allowForAll="false" inherit="true" name="authors">
            <users/>
            <groups/>
        </role>
        <role allowForAll="false" inherit="true" name="administrators">
            <users/>
            <groups/>
        </role>
        <role allowForAll="false" inherit="false" name="denyReaders">
            <users/>
            <groups/>
        </role>
        <role allowForAll="false" inherit="false" name="denyAuthors">
            <users/>
            <groups/>
        </role>
        <role allowForAll="false" inherit="false" name="denyAdministrators">
            <users/>
            <groups/>
        </role>
    </roleMap>
</contentHaul>
