<?xml version="1.0" encoding="UTF-8" standalone="yes"?>
<contentHaul xmlns:a="http://www.appian.com/ae/types/2009">
    <rule>
        <name>SYS_QRY_getCommentByOutageId</name>
        <uuid>b005183e-4df1-4cf8-bad3-43f16cbf7b25</uuid>
        <description>Gets SYS_Outage_Comment given the outageId</description>
        <parentUuid>_a-0000dd4b-0482-8000-9ba2-011c48011c48_16934</parentUuid>
        <visibility>
            <advertise>false</advertise>
            <hierarchy>true</hierarchy>
            <indexable>true</indexable>
            <quota>false</quota>
            <searchable>true</searchable>
            <system>false</system>
            <unlogged>false</unlogged>
        </visibility>
        <definition>#&quot;SYSTEM_SYSRULES_queryEntity&quot;(
  entity: #&quot;_a-0000dd72-ed8d-8000-9ba2-011c48011c48_25661&quot;,
  query: #&quot;SYSTEM_SYSRULES_query&quot;(
    filter: #&quot;SYSTEM_SYSRULES_queryFilter&quot;(
      field: &quot;outageId&quot;,
      operator: &quot;=&quot;,
      value: ri!outageId
    ),
    pagingInfo: #&quot;SYSTEM_SYSRULES_pagingInfo&quot;(1, -1)
  )
).data</definition>
        <namedTypedValue>
            <name>outageId</name>
            <type>
                <name>int</name>
                <namespace>http://www.w3.org/2001/XMLSchema</namespace>
            </type>
        </namedTypedValue>
        <preferredEditor>legacy</preferredEditor>
        <offlineEnabled>false</offlineEnabled>
    </rule>
    <roleMap public="true">
        <role allowForAll="false" inherit="true" name="readers">
            <users/>
            <groups/>
        </role>
        <role allowForAll="false" inherit="true" name="authors">
            <users/>
            <groups/>
        </role>
        <role allowForAll="false" inherit="true" name="administrators">
            <users/>
            <groups/>
        </role>
        <role allowForAll="false" inherit="false" name="denyReaders">
            <users/>
            <groups/>
        </role>
        <role allowForAll="false" inherit="false" name="denyAuthors">
            <users/>
            <groups/>
        </role>
        <role allowForAll="false" inherit="false" name="denyAdministrators">
            <users/>
            <groups/>
        </role>
    </roleMap>
</contentHaul>
