<?xml version="1.0" encoding="UTF-8" standalone="yes"?>
<contentHaul xmlns:a="http://www.appian.com/ae/types/2009">
    <rule>
        <name>SYS_SCT_Outage_Comment</name>
        <uuid>c87d1865-c7f8-42db-ae41-7889d9ca7467</uuid>
        <description>Generic SCT for capturing comments during Outage workflows</description>
        <parentUuid>_a-0000dd4b-0482-8000-9ba2-011c48011c48_16939</parentUuid>
        <visibility>
            <advertise>false</advertise>
            <hierarchy>true</hierarchy>
            <indexable>true</indexable>
            <quota>false</quota>
            <searchable>true</searchable>
            <system>false</system>
            <unlogged>false</unlogged>
        </visibility>
        <definition>#&quot;SYSTEM_SYSRULES_sectionLayout&quot;(
  label: &quot;Comments&quot;,
  firstColumnContents: {
    #&quot;SYSTEM_SYSRULES_gridField&quot;(
      columns: {
        #&quot;SYSTEM_SYSRULES_gridTextColumn&quot;(
          label: &quot;Comment&quot;,
          field: &quot;commentText&quot;,
          data: index(ri!dataSubset.data, &quot;commentText&quot;, {})
        ),
        #&quot;SYSTEM_SYSRULES_gridTextColumn&quot;(
          label: &quot;By&quot;,
          field: #&quot;_a-0000dd0d-462c-8000-9ba2-011c48011c48_3897&quot;,
          data: apply(
            #&quot;64f07310-4544-413c-96ea-2bd500ad735e&quot;(user: _),
            index(ri!dataSubset.data, &quot;commentBy&quot;, {})
          )
        ),
        #&quot;SYSTEM_SYSRULES_gridTextColumn&quot;(
          label: &quot;When&quot;,
          field: &quot;commentDatetime&quot;,
          data: index(ri!dataSubset.data, &quot;commentDatetime&quot;, {})
        )
      },
      totalCount: ri!dataSubset.totalCount,
      value: ri!pagingInfo,
      saveInto: #&quot;4c0833a9-0127-4d25-9d6d-cb881c688e7d&quot;(
        gridSelectionOrPagingInfo: ri!pagingInfo,
        additionalSaveInto: a!save(
          ri!dataSubset,
          todatasubset(ri!outage_comment_cdt, ri!pagingInfo)
        )
      )
    ),
    if(and(not(ri!readOnly), isnull(ri!newComment)),
      #&quot;SYSTEM_SYSRULES_linkField&quot;(
        links: #&quot;SYSTEM_SYSRULES_dynamicLink&quot;(
          label: &quot;+ Add New&quot;,
          value: 'type!{urn:com:appian:types:SYS}SYS_Outage_Comment'(outageId: ri!outageId),
          saveInto: ri!newComment
        ),
        labelPosition: &quot;COLLAPSED&quot;
      ),
      {}
    ),
    if(isnull(ri!newComment),
      {},
      {
        #&quot;_a-0000dd0d-462c-8000-9ba2-011c48011c48_3687&quot;(
          label: &quot;New Comment&quot;,
          value: ri!newComment.commentText,
          saveInto: a!save(
            ri!newComment.commentText,
            left(save!value, 4000)
          )
        ),
        #&quot;_a-0000dd0d-462c-8000-9ba2-011c48011c48_5748&quot;(
          deleteSaveInto: a!save(ri!newComment, null),
          saveSaveInto: {
            a!save(ri!newComment.commentBy, loggedInUser()),
            a!save(ri!newComment.commentDatetime, now()),
            a!save(
              ri!outage_comment_cdt,
              append(ri!outage_comment_cdt, ri!newComment)
            ),
            a!save(ri!newComment, null),
            a!save(
              ri!dataSubset,
              todatasubset(ri!outage_comment_cdt, ri!pagingInfo)
            )
          }
        )
      }
    )
  },
  isCollapsible: true
)</definition>
        <namedTypedValue>
            <name>outage_comment_cdt</name>
            <type>
                <name>SYS_Outage_Comment?list</name>
                <namespace>urn:com:appian:types:SYS</namespace>
            </type>
        </namedTypedValue>
        <namedTypedValue>
            <name>pagingInfo</name>
            <type>
                <name>PagingInfo</name>
                <namespace>http://www.appian.com/ae/types/2009</namespace>
            </type>
        </namedTypedValue>
        <namedTypedValue>
            <name>dataSubset</name>
            <type>
                <name>DataSubset</name>
                <namespace>http://www.appian.com/ae/types/2009</namespace>
            </type>
        </namedTypedValue>
        <namedTypedValue>
            <name>newComment</name>
            <type>
                <name>Variant</name>
                <namespace>http://www.appian.com/ae/types/2009</namespace>
            </type>
        </namedTypedValue>
        <namedTypedValue>
            <name>outageId</name>
            <type>
                <name>int</name>
                <namespace>http://www.w3.org/2001/XMLSchema</namespace>
            </type>
        </namedTypedValue>
        <namedTypedValue>
            <name>readOnly</name>
            <type>
                <name>boolean</name>
                <namespace>http://www.w3.org/2001/XMLSchema</namespace>
            </type>
        </namedTypedValue>
        <preferredEditor>interface</preferredEditor>
        <offlineEnabled>false</offlineEnabled>
    </rule>
    <roleMap public="true">
        <role allowForAll="false" inherit="true" name="readers">
            <users/>
            <groups/>
        </role>
        <role allowForAll="false" inherit="true" name="authors">
            <users/>
            <groups/>
        </role>
        <role allowForAll="false" inherit="true" name="administrators">
            <users>
                <userUuid>todd.lotterer</userUuid>
            </users>
            <groups/>
        </role>
        <role allowForAll="false" inherit="false" name="denyReaders">
            <users/>
            <groups/>
        </role>
        <role allowForAll="false" inherit="false" name="denyAuthors">
            <users/>
            <groups/>
        </role>
        <role allowForAll="false" inherit="false" name="denyAdministrators">
            <users/>
            <groups/>
        </role>
    </roleMap>
    <typedValue>
        <type>
            <name>RuleTestConfig?list</name>
            <namespace>http://www.appian.com/ae/types/2009</namespace>
        </type>
        <value>
            <el>
                <a:name/>
                <a:ruleInputTestConfigs>
                    <a:nameRef>outage_comment_cdt</a:nameRef>
                    <a:id/>
                </a:ruleInputTestConfigs>
                <a:ruleInputTestConfigs>
                    <a:value xmlns:xsi="http://www.w3.org/2001/XMLSchema-instance" xsi:nil="true" xsi:type="a:PagingInfo"/>
                    <a:nameRef>pagingInfo</a:nameRef>
                    <a:id/>
                </a:ruleInputTestConfigs>
                <a:ruleInputTestConfigs>
                    <a:value xmlns:xsi="http://www.w3.org/2001/XMLSchema-instance" xsi:nil="true" xsi:type="a:DataSubset"/>
                    <a:nameRef>dataSubset</a:nameRef>
                    <a:id/>
                </a:ruleInputTestConfigs>
                <a:ruleInputTestConfigs>
                    <a:value xmlns:xsd="http://www.w3.org/2001/XMLSchema" xmlns:xsi="http://www.w3.org/2001/XMLSchema-instance" xsi:type="xsd:string"/>
                    <a:nameRef>newComment</a:nameRef>
                    <a:id/>
                </a:ruleInputTestConfigs>
                <a:ruleInputTestConfigs>
                    <a:value xmlns:xsd="http://www.w3.org/2001/XMLSchema" xmlns:xsi="http://www.w3.org/2001/XMLSchema-instance" xsi:nil="true" xsi:type="xsd:int"/>
                    <a:nameRef>outageId</a:nameRef>
                    <a:id/>
                </a:ruleInputTestConfigs>
                <a:ruleInputTestConfigs>
                    <a:value xmlns:xsd="http://www.w3.org/2001/XMLSchema" xmlns:xsi="http://www.w3.org/2001/XMLSchema-instance" xsi:nil="true" xsi:type="xsd:boolean"/>
                    <a:nameRef>readOnly</a:nameRef>
                    <a:id/>
                </a:ruleInputTestConfigs>
                <a:assertions xmlns:xsi="http://www.w3.org/2001/XMLSchema-instance" xsi:nil="true"/>
            </el>
        </value>
    </typedValue>
</contentHaul>
