<?xml version="1.0" encoding="UTF-8" standalone="yes"?>
<contentHaul xmlns:a="http://www.appian.com/ae/types/2009">
    <rule>
        <name>SYS_QRY_getSystemById</name>
        <uuid>ebdbba88-2a03-4554-98ca-d6079851d268</uuid>
        <description>Gets a SYS_System given id</description>
        <parentUuid>_a-0000dd4b-0482-8000-9ba2-011c48011c48_16934</parentUuid>
        <visibility>
            <advertise>false</advertise>
            <hierarchy>true</hierarchy>
            <indexable>true</indexable>
            <quota>false</quota>
            <searchable>true</searchable>
            <system>false</system>
            <unlogged>false</unlogged>
        </visibility>
        <definition>cast(&#xD;
  'type!{urn:com:appian:types:SYS}SYS_System',&#xD;
  #&quot;SYSTEM_SYSRULES_queryEntity&quot;(&#xD;
    entity: #&quot;_a-0000dd72-ed8d-8000-9ba2-011c48011c48_24067&quot;,&#xD;
    query: #&quot;SYSTEM_SYSRULES_query&quot;(&#xD;
      filter: #&quot;SYSTEM_SYSRULES_queryFilter&quot;(&#xD;
        field: &quot;systemId&quot;,&#xD;
        operator: &quot;=&quot;,&#xD;
        value: ri!id&#xD;
      ),&#xD;
      pagingInfo: #&quot;SYSTEM_SYSRULES_pagingInfo&quot;(1, 1)&#xD;
    )&#xD;
  ).data&#xD;
)</definition>
        <namedTypedValue>
            <name>id</name>
            <type>
                <name>int</name>
                <namespace>http://www.w3.org/2001/XMLSchema</namespace>
            </type>
        </namedTypedValue>
        <preferredEditor>legacy</preferredEditor>
        <offlineEnabled>false</offlineEnabled>
    </rule>
    <roleMap public="true">
        <role allowForAll="false" inherit="true" name="readers">
            <users/>
            <groups/>
        </role>
        <role allowForAll="false" inherit="true" name="authors">
            <users/>
            <groups/>
        </role>
        <role allowForAll="false" inherit="true" name="administrators">
            <users/>
            <groups/>
        </role>
        <role allowForAll="false" inherit="false" name="denyReaders">
            <users/>
            <groups/>
        </role>
        <role allowForAll="false" inherit="false" name="denyAuthors">
            <users/>
            <groups/>
        </role>
        <role allowForAll="false" inherit="false" name="denyAdministrators">
            <users/>
            <groups/>
        </role>
    </roleMap>
</contentHaul>
