<?xml version="1.0" encoding="UTF-8" standalone="yes"?>
<contentHaul xmlns:a="http://www.appian.com/ae/types/2009">
    <rule>
        <name>EFM_RULE_getLatestUsage</name>
        <uuid>0a8c05e1-baf7-446a-bd22-d97719b8595f</uuid>
        <description>get latest usage log from vehicle</description>
        <parentUuid>_a-0000dd16-5d72-8000-9ba2-011c48011c48_6198</parentUuid>
        <visibility>
            <advertise>false</advertise>
            <hierarchy>true</hierarchy>
            <indexable>true</indexable>
            <quota>false</quota>
            <searchable>true</searchable>
            <system>false</system>
            <unlogged>false</unlogged>
        </visibility>
        <definition>load(
  local!pagingInfo:  #&quot;SYSTEM_SYSRULES_pagingInfo&quot;(
    startIndex: 1,
    batchSize: 10,
    sort: {field: &quot;createdDt&quot;, ascending: false}
  ), 
  local!maintenance: #&quot;43f10350-fe5f-4325-ac5a-6c13d049b285&quot;(
       vehicleId: ri!vehicleId,
       pagingInfo: local!pagingInfo
      ),
if(#&quot;2168a5de-fb70-4d66-8b97-b547e3ac6e57&quot;(local!maintenance.data), 
{},
local!maintenance.data[1])
)</definition>
        <namedTypedValue>
            <name>vehicleId</name>
            <type>
                <name>int</name>
                <namespace>http://www.w3.org/2001/XMLSchema</namespace>
            </type>
        </namedTypedValue>
        <preferredEditor>legacy</preferredEditor>
        <offlineEnabled>false</offlineEnabled>
    </rule>
    <roleMap public="true">
        <role allowForAll="false" inherit="true" name="readers">
            <users/>
            <groups/>
        </role>
        <role allowForAll="false" inherit="true" name="authors">
            <users/>
            <groups/>
        </role>
        <role allowForAll="false" inherit="true" name="administrators">
            <users/>
            <groups/>
        </role>
        <role allowForAll="false" inherit="false" name="denyReaders">
            <users/>
            <groups/>
        </role>
        <role allowForAll="false" inherit="false" name="denyAuthors">
            <users/>
            <groups/>
        </role>
        <role allowForAll="false" inherit="false" name="denyAdministrators">
            <users/>
            <groups/>
        </role>
    </roleMap>
</contentHaul>
