<?xml version="1.0" encoding="UTF-8" standalone="yes"?>
<contentHaul xmlns:a="http://www.appian.com/ae/types/2009">
    <rule>
        <name>EFM_SCT_Event_usageCheckIn</name>
        <uuid>1a96e918-f3dc-4634-8afb-a33df7c5e283</uuid>
        <description></description>
        <parentUuid>_a-0000dd16-5d72-8000-9ba2-011c48011c48_6199</parentUuid>
        <visibility>
            <advertise>false</advertise>
            <hierarchy>true</hierarchy>
            <indexable>true</indexable>
            <quota>false</quota>
            <searchable>true</searchable>
            <system>false</system>
            <unlogged>false</unlogged>
        </visibility>
        <definition>load(
  local!fleets:#&quot;SYSTEM_SYSRULES_queryEntity&quot;(
    entity:#&quot;_a-0000dd17-9077-8000-9ba2-011c48011c48_10917&quot;,
    query:#&quot;SYSTEM_SYSRULES_query&quot;(
      pagingInfo:#&quot;SYSTEM_SYSRULES_pagingInfo&quot;(1, -1)
    )
  ).data,
  {
      #&quot;SYSTEM_SYSRULES_sectionLayout&quot;(
      label: &quot;Enter Vehicle Check In Details&quot;,
      firstColumnContents: {
            #&quot;SYSTEM_SYSRULES_dateTimeField&quot;(
              label: &quot;Check Out Time&quot;,
              readOnly: true,
              value: ri!checkOutTime
            ), 
            #&quot;SYSTEM_SYSRULES_dateTimeField&quot;(
              label: &quot;Check In Time&quot;,
              value: ri!checkInTime,
              saveInto: ri!checkInTime,
              readOnly: ri!readOnly
            )
            
            /*,
            a!radioButtonField(
              label: &quot;Update Vehicle Location?&quot;,
              choiceLabels: {&quot;Yes&quot;, &quot;No&quot;},
              choiceValues: {1, 2},
              value: ri!usageType,
              saveInto: ri!usageType,
              disabled: ri!readOnly,
              helpTooltip: &quot;Is the vehicle being returned to a different fleet?&quot;
            )*/
            
          },
          secondColumnContents: {
            #&quot;SYSTEM_SYSRULES_floatingPointField&quot;(
              label: &quot;Starting Mileage&quot;, 
              readOnly: true,
              value: ri!startingMileage
            ), 
            #&quot;SYSTEM_SYSRULES_floatingPointField&quot;(
              label: &quot;Current Mileage&quot;,
              value: ri!currentMileage,
              saveInto: ri!currentMileage,
              readOnly: ri!readOnly
            )
            /*,,
            if(and(not(isnull(ri!usageType)), ri!usageType =1),
            if(ri!readOnly,
                a!textField(
                  label:&quot;New fleet location&quot;,
                  value:displayvalue(
                    ri!fleetId, 
                    property(local!fleets, &quot;fleetId&quot;, {}),
                    property(local!fleets, &quot;name&quot;, {}),
                    &quot;&quot;
                  ),
                  readonly:true
                ),
                a!dropdownField(
                  label:&quot;New Fleet Location&quot;,
                  placeholderLabel:&quot;-- Select a Fleet --&quot;,
                  choiceLabels:property(local!fleets, &quot;name&quot;, {}),
                  choiceValues:property(local!fleets, &quot;fleetId&quot;, {}),
                  value:ri!fleetId,
                  saveInto:ri!fleetId,
                  required:true
                )
              ), {}
              )*/
          },
          validations: {}
        )
  }
)</definition>
        <namedTypedValue>
            <name>checkInTime</name>
            <type>
                <name>dateTime</name>
                <namespace>http://www.w3.org/2001/XMLSchema</namespace>
            </type>
        </namedTypedValue>
        <namedTypedValue>
            <name>currentMileage</name>
            <type>
                <name>double</name>
                <namespace>http://www.w3.org/2001/XMLSchema</namespace>
            </type>
        </namedTypedValue>
        <namedTypedValue>
            <name>checkOutTime</name>
            <type>
                <name>dateTime</name>
                <namespace>http://www.w3.org/2001/XMLSchema</namespace>
            </type>
        </namedTypedValue>
        <namedTypedValue>
            <name>startingMileage</name>
            <type>
                <name>double</name>
                <namespace>http://www.w3.org/2001/XMLSchema</namespace>
            </type>
        </namedTypedValue>
        <namedTypedValue>
            <name>readOnly</name>
            <type>
                <name>boolean</name>
                <namespace>http://www.w3.org/2001/XMLSchema</namespace>
            </type>
        </namedTypedValue>
        <namedTypedValue>
            <name>fleetId</name>
            <type>
                <name>int</name>
                <namespace>http://www.w3.org/2001/XMLSchema</namespace>
            </type>
        </namedTypedValue>
        <namedTypedValue>
            <name>usageType</name>
            <type>
                <name>int</name>
                <namespace>http://www.w3.org/2001/XMLSchema</namespace>
            </type>
        </namedTypedValue>
        <preferredEditor>interface</preferredEditor>
        <offlineEnabled>false</offlineEnabled>
    </rule>
    <roleMap public="true">
        <role allowForAll="false" inherit="true" name="readers">
            <users/>
            <groups/>
        </role>
        <role allowForAll="false" inherit="true" name="authors">
            <users/>
            <groups/>
        </role>
        <role allowForAll="false" inherit="true" name="administrators">
            <users>
                <userUuid>sylvia.an</userUuid>
            </users>
            <groups/>
        </role>
        <role allowForAll="false" inherit="false" name="denyReaders">
            <users/>
            <groups/>
        </role>
        <role allowForAll="false" inherit="false" name="denyAuthors">
            <users/>
            <groups/>
        </role>
        <role allowForAll="false" inherit="false" name="denyAdministrators">
            <users/>
            <groups/>
        </role>
    </roleMap>
</contentHaul>
