<?xml version="1.0" encoding="UTF-8" standalone="yes"?>
<contentHaul xmlns:a="http://www.appian.com/ae/types/2009">
    <rule>
        <name>EFM_QRY_getUsage</name>
        <uuid>43f10350-fe5f-4325-ac5a-6c13d049b285</uuid>
        <description>get usage data for a vehicle</description>
        <parentUuid>_a-0000dd17-9077-8000-9ba2-011c48011c48_6382</parentUuid>
        <visibility>
            <advertise>false</advertise>
            <hierarchy>true</hierarchy>
            <indexable>true</indexable>
            <quota>false</quota>
            <searchable>true</searchable>
            <system>false</system>
            <unlogged>false</unlogged>
        </visibility>
        <definition>#&quot;fdea6255-5ee8-42a2-bdb1-aace3c917d86&quot;(&#xD;
  entity: #&quot;_a-0000dd17-9077-8000-9ba2-011c48011c48_10804&quot;,&#xD;
  columns: ri!columns,&#xD;
  logicalExpression: #&quot;SYSTEM_SYSRULES_queryLogicalExpression&quot;(&#xD;
    operator: &quot;AND&quot;,&#xD;
    filters: {&#xD;
      if(&#xD;
        isnull(ri!vehicleId), &#xD;
        #&quot;SYSTEM_SYSRULES_queryFilter&quot;(&#xD;
          field: &quot;vehicleId&quot;, &#xD;
          operator: &quot;not null&quot;),&#xD;
          #&quot;SYSTEM_SYSRULES_queryFilter&quot;(&#xD;
            field: &quot;vehicleId&quot;, &#xD;
            operator: &quot;=&quot;, &#xD;
            value: ri!vehicleId))&#xD;
    }&#xD;
  ),&#xD;
  pagingInfo: ri!pagingInfo&#xD;
)</definition>
        <namedTypedValue>
            <name>vehicleId</name>
            <type>
                <name>int</name>
                <namespace>http://www.w3.org/2001/XMLSchema</namespace>
            </type>
        </namedTypedValue>
        <namedTypedValue>
            <name>pagingInfo</name>
            <type>
                <name>PagingInfo</name>
                <namespace>http://www.appian.com/ae/types/2009</namespace>
            </type>
        </namedTypedValue>
        <namedTypedValue>
            <name>columns</name>
            <type>
                <name>Text?list</name>
                <namespace>http://www.appian.com/ae/types/2009</namespace>
            </type>
        </namedTypedValue>
        <preferredEditor>legacy</preferredEditor>
        <offlineEnabled>false</offlineEnabled>
    </rule>
    <roleMap public="true">
        <role allowForAll="false" inherit="true" name="readers">
            <users/>
            <groups/>
        </role>
        <role allowForAll="false" inherit="true" name="authors">
            <users/>
            <groups/>
        </role>
        <role allowForAll="false" inherit="true" name="administrators">
            <users/>
            <groups/>
        </role>
        <role allowForAll="false" inherit="false" name="denyReaders">
            <users/>
            <groups/>
        </role>
        <role allowForAll="false" inherit="false" name="denyAuthors">
            <users/>
            <groups/>
        </role>
        <role allowForAll="false" inherit="false" name="denyAdministrators">
            <users/>
            <groups/>
        </role>
    </roleMap>
</contentHaul>
