<?xml version="1.0" encoding="UTF-8" standalone="yes"?>
<contentHaul xmlns:a="http://www.appian.com/ae/types/2009">
    <rule>
        <name>EFM_RULE_Sites_getCostPerMile</name>
        <uuid>45d6696b-2f83-4ebe-a151-a294c988bede</uuid>
        <description>Rule used in Sites for calculating average overall cost per mile provided trip data</description>
        <parentUuid>_a-0000dd4b-0482-8000-9ba2-011c48011c48_18415</parentUuid>
        <visibility>
            <advertise>false</advertise>
            <hierarchy>true</hierarchy>
            <indexable>true</indexable>
            <quota>false</quota>
            <searchable>true</searchable>
            <system>false</system>
            <unlogged>false</unlogged>
        </visibility>
        <definition>load(&#xD;
  local!pagingInfo: #&quot;SYSTEM_SYSRULES_pagingInfo&quot;(startIndex:1,batchsize:-1),&#xD;
  /*Expense data is currently hardcoded*/&#xD;
  local!expense:#&quot;SYSTEM_SYSRULES_queryEntity&quot;(&#xD;
    entity:#&quot;_a-0000dd17-9077-8000-9ba2-011c48011c48_10014&quot;,&#xD;
    query:#&quot;SYSTEM_SYSRULES_query&quot;(&#xD;
      pagingInfo:local!pagingInfo&#xD;
    )&#xD;
  ),&#xD;
  local!trips: ri!tripData,&#xD;
  local!totalMileage: sum(index(local!trips.data, &quot;mileage&quot;, {})),&#xD;
  local!gasIndices: search(&quot;Gas&quot;, index(local!expense.data, &quot;type&quot;, {}), 1),&#xD;
  local!gasAmount: sum(index(local!expense.data[where(local!gasIndices)], &quot;amount&quot;, {})),&#xD;
  local!costPerMile: local!totalMileage/local!gasAmount,&#xD;
  local!costPerMileClean: &quot;$&quot; &amp; trunc(local!costPerMile, 2),&#xD;
  local!costPerMileClean&#xD;
)</definition>
        <namedTypedValue>
            <name>tripData</name>
            <type>
                <name>Variant</name>
                <namespace>http://www.appian.com/ae/types/2009</namespace>
            </type>
        </namedTypedValue>
        <preferredEditor>legacy</preferredEditor>
        <offlineEnabled>false</offlineEnabled>
    </rule>
    <roleMap public="true">
        <role allowForAll="false" inherit="true" name="readers">
            <users/>
            <groups/>
        </role>
        <role allowForAll="false" inherit="true" name="authors">
            <users/>
            <groups/>
        </role>
        <role allowForAll="false" inherit="true" name="administrators">
            <users/>
            <groups/>
        </role>
        <role allowForAll="false" inherit="false" name="denyReaders">
            <users/>
            <groups/>
        </role>
        <role allowForAll="false" inherit="false" name="denyAuthors">
            <users/>
            <groups/>
        </role>
        <role allowForAll="false" inherit="false" name="denyAdministrators">
            <users/>
            <groups/>
        </role>
    </roleMap>
</contentHaul>
