<?xml version="1.0" encoding="UTF-8" standalone="yes"?>
<contentHaul xmlns:a="http://www.appian.com/ae/types/2009">
    <rule>
        <name>EFM_FRM_Event_indicateVehicleEvent</name>
        <uuid>4aa68a57-7053-4a0f-b871-18f8e665d0eb</uuid>
        <description>Form for the user to select the vehicle event type they want to initiate.</description>
        <parentUuid>_a-0000dd16-5d72-8000-9ba2-011c48011c48_6194</parentUuid>
        <visibility>
            <advertise>false</advertise>
            <hierarchy>true</hierarchy>
            <indexable>true</indexable>
            <quota>false</quota>
            <searchable>true</searchable>
            <system>false</system>
            <unlogged>false</unlogged>
        </visibility>
        <definition>load(
  #&quot;SYSTEM_SYSRULES_formLayout&quot;(
    label: &quot;Indicate Vehicle Event Type&quot;,
    firstColumnContents: {
      #&quot;5bee599e-5e20-4c3a-b51a-51b1d0ed2693&quot;(vehicle: ri!vehicle),
      #&quot;c7696a47-aa34-4704-8a98-174e9429d06a&quot;(vehicle: ri!vehicle, eventType: ri!eventType, expenseRequired: ri!expenseRequired)
    },
    buttons: #&quot;SYSTEM_SYSRULES_ButtonLayout&quot;(
      primaryButtons: 
        #&quot;SYSTEM_SYSRULES_ButtonWidgetSubmit&quot;(
          label: &quot;Submit&quot;,
          style: &quot;PRIMARY&quot;,
          confirmMessage: &quot;Submit Vehicle Event?&quot;,
          value: #&quot;_a-0000dd0d-462c-8000-9ba2-011c48011c48_5544&quot;,
          saveInto: ri!buttonValue
        ),
      secondaryButtons: {
        #&quot;SYSTEM_SYSRULES_ButtonWidgetSubmit&quot;(
          label: &quot;Cancel&quot;,
          confirmMessage: &quot;Are you sure you wish to cancel?&quot;,
          value: #&quot;_a-0000dd0d-462c-8000-9ba2-011c48011c48_5426&quot;,
          saveInto: ri!buttonValue,
          skipValidation: true
        )
      }
    )
  )
)</definition>
        <namedTypedValue>
            <name>vehicle</name>
            <type>
                <name>Variant</name>
                <namespace>http://www.appian.com/ae/types/2009</namespace>
            </type>
        </namedTypedValue>
        <namedTypedValue>
            <name>buttonValue</name>
            <type>
                <name>string</name>
                <namespace>http://www.w3.org/2001/XMLSchema</namespace>
            </type>
            <value/>
        </namedTypedValue>
        <namedTypedValue>
            <name>eventType</name>
            <type>
                <name>int</name>
                <namespace>http://www.w3.org/2001/XMLSchema</namespace>
            </type>
        </namedTypedValue>
        <namedTypedValue>
            <name>expenseRequired</name>
            <type>
                <name>boolean</name>
                <namespace>http://www.w3.org/2001/XMLSchema</namespace>
            </type>
        </namedTypedValue>
        <preferredEditor>interface</preferredEditor>
        <offlineEnabled>false</offlineEnabled>
    </rule>
    <roleMap public="true">
        <role allowForAll="false" inherit="true" name="readers">
            <users/>
            <groups/>
        </role>
        <role allowForAll="false" inherit="true" name="authors">
            <users/>
            <groups/>
        </role>
        <role allowForAll="false" inherit="true" name="administrators">
            <users>
                <userUuid>sylvia.an</userUuid>
            </users>
            <groups/>
        </role>
        <role allowForAll="false" inherit="false" name="denyReaders">
            <users/>
            <groups/>
        </role>
        <role allowForAll="false" inherit="false" name="denyAuthors">
            <users/>
            <groups/>
        </role>
        <role allowForAll="false" inherit="false" name="denyAdministrators">
            <users/>
            <groups/>
        </role>
    </roleMap>
    <typedValue>
        <type>
            <name>RuleTestConfig?list</name>
            <namespace>http://www.appian.com/ae/types/2009</namespace>
        </type>
        <value>
            <el>
                <a:name/>
                <a:ruleInputTestConfigs>
                    <a:value xmlns:xsd="http://www.w3.org/2001/XMLSchema" xmlns:xsi="http://www.w3.org/2001/XMLSchema-instance" xsi:type="xsd:string"/>
                    <a:nameRef>vehicle</a:nameRef>
                    <a:id/>
                </a:ruleInputTestConfigs>
                <a:ruleInputTestConfigs>
                    <a:value xmlns:xsd="http://www.w3.org/2001/XMLSchema" xmlns:xsi="http://www.w3.org/2001/XMLSchema-instance" xsi:type="xsd:string"/>
                    <a:nameRef>buttonValue</a:nameRef>
                    <a:id/>
                </a:ruleInputTestConfigs>
                <a:ruleInputTestConfigs>
                    <a:value xmlns:xsd="http://www.w3.org/2001/XMLSchema" xmlns:xsi="http://www.w3.org/2001/XMLSchema-instance" xsi:nil="true" xsi:type="xsd:int"/>
                    <a:nameRef>eventType</a:nameRef>
                    <a:id/>
                </a:ruleInputTestConfigs>
                <a:ruleInputTestConfigs>
                    <a:value xmlns:xsd="http://www.w3.org/2001/XMLSchema" xmlns:xsi="http://www.w3.org/2001/XMLSchema-instance" xsi:nil="true" xsi:type="xsd:boolean"/>
                    <a:nameRef>expenseRequired</a:nameRef>
                    <a:id/>
                </a:ruleInputTestConfigs>
                <a:assertions xmlns:xsi="http://www.w3.org/2001/XMLSchema-instance" xsi:nil="true"/>
            </el>
        </value>
    </typedValue>
</contentHaul>
