<?xml version="1.0" encoding="UTF-8" standalone="yes"?>
<contentHaul xmlns:a="http://www.appian.com/ae/types/2009">
    <rule>
        <name>EFM_SCT_Sites_Trips_tripSummary</name>
        <uuid>51c9ee7e-d413-4fbb-80ac-73c5e29381c6</uuid>
        <description>Displays information about the trip that users can interact with</description>
        <parentUuid>_a-0000dd4b-0482-8000-9ba2-011c48011c48_18190</parentUuid>
        <visibility>
            <advertise>false</advertise>
            <hierarchy>true</hierarchy>
            <indexable>true</indexable>
            <quota>false</quota>
            <searchable>true</searchable>
            <system>false</system>
            <unlogged>false</unlogged>
        </visibility>
        <definition>#&quot;SYSTEM_SYSRULES_sectionLayout&quot;(&#xD;
  /*Displays Trip Summary only if user inputs any trip data OR selects a previous trip*/&#xD;
  label:if(&#xD;
    or(not(#&quot;_a-0000d62a-67b3-8000-da6f-010000010000_951&quot;(ri!selectedRecentTrip)),&#xD;
      or(&#xD;
        ri!selectedVehicleId&gt;0,&#xD;
        ri!startLocationId&gt;0,&#xD;
        ri!endLocationId&gt;0&#xD;
      )&#xD;
    ),&#xD;
    &quot;Trip Summary&quot;,&#xD;
    &quot;&quot;),&#xD;
  firstColumnContents: {&#xD;
    if(isnull(ri!selectedRecentTrip),{},&#xD;
      #&quot;SYSTEM_SYSRULES_richTextDisplayField&quot;(&#xD;
        labelPosition:&quot;COLLAPSED&quot;,&#xD;
        value:{&#xD;
          #&quot;SYSTEM_SYSRULES_richTextItem&quot;(text:&quot;Vehicle: &quot;,style:&quot;STRONG&quot;),#&quot;SYSTEM_SYSRULES_richTextItem&quot;(text:ri!selectedRecentTrip.make&amp;&quot; &quot;&amp;ri!selectedRecentTrip.model),&#xD;
          char(10),&#xD;
          #&quot;SYSTEM_SYSRULES_richTextItem&quot;(text:&quot;Start: &quot;,style:&quot;STRONG&quot;),#&quot;SYSTEM_SYSRULES_richTextItem&quot;(text:ri!selectedRecentTrip.fromLocationName),&#xD;
          char(10),&#xD;
          #&quot;SYSTEM_SYSRULES_richTextItem&quot;(text:&quot;End: &quot;,style:&quot;STRONG&quot;),#&quot;SYSTEM_SYSRULES_richTextItem&quot;(text:ri!selectedRecentTrip.toLocationName)&#xD;
        }&#xD;
      )&#xD;
    ),&#xD;
    if(or(isnull(ri!selectedVehicleId),ri!selectedVehicleId=0),{},&#xD;
      #&quot;SYSTEM_SYSRULES_richTextDisplayField&quot;(&#xD;
        labelPosition:&quot;COLLAPSED&quot;,&#xD;
        value:{&#xD;
          #&quot;SYSTEM_SYSRULES_richTextItem&quot;(text:&quot;Vehicle: &quot;,style:&quot;STRONG&quot;),&#xD;
          #&quot;SYSTEM_SYSRULES_richTextItem&quot;(text:displayvalue(ri!selectedVehicleId,ri!recentVehicles.vehicleId,ri!recentVehicles.model,&quot;&quot;)),&#xD;
          #&quot;SYSTEM_SYSRULES_richTextImage&quot;(image:#&quot;SYSTEM_SYSRULES_documentImage&quot;(document:#&quot;SYSTEM_SYSRULES_iconIndicator&quot;(icon:&quot;REMOVE&quot;),link:#&quot;SYSTEM_SYSRULES_dynamicLink&quot;(value:null,saveInto:ri!selectedVehicleId)))&#xD;
        }&#xD;
      )&#xD;
    ),&#xD;
    if(or(isnull(ri!startLocationId),ri!startLocationId=0),{},&#xD;
      #&quot;SYSTEM_SYSRULES_richTextDisplayField&quot;(&#xD;
        labelPosition:&quot;COLLAPSED&quot;,&#xD;
        value:{&#xD;
          #&quot;SYSTEM_SYSRULES_richTextItem&quot;(text:&quot;Start: &quot;,style:&quot;STRONG&quot;),&#xD;
          #&quot;SYSTEM_SYSRULES_richTextItem&quot;(text:displayvalue(ri!startLocationId,ri!recentLocations.locationId,ri!recentLocations.name,&quot;&quot;)),&#xD;
          #&quot;SYSTEM_SYSRULES_richTextImage&quot;(image:#&quot;SYSTEM_SYSRULES_documentImage&quot;(document:#&quot;SYSTEM_SYSRULES_iconIndicator&quot;(icon:&quot;REMOVE&quot;),link:#&quot;SYSTEM_SYSRULES_dynamicLink&quot;(value:null,saveInto:ri!startLocationId)))&#xD;
        }&#xD;
      )&#xD;
    ),&#xD;
    if(or(isnull(ri!endLocationId),ri!endLocationId=0),{},&#xD;
      #&quot;SYSTEM_SYSRULES_richTextDisplayField&quot;(&#xD;
        labelPosition:&quot;COLLAPSED&quot;,&#xD;
        value:{&#xD;
          #&quot;SYSTEM_SYSRULES_richTextItem&quot;(text:&quot;End: &quot;,style:&quot;STRONG&quot;),&#xD;
          #&quot;SYSTEM_SYSRULES_richTextItem&quot;(text:displayvalue(ri!endLocationId,ri!recentLocations.locationId,ri!recentLocations.name,&quot;&quot;)),&#xD;
          #&quot;SYSTEM_SYSRULES_richTextImage&quot;(image:#&quot;SYSTEM_SYSRULES_documentImage&quot;(document:#&quot;SYSTEM_SYSRULES_iconIndicator&quot;(icon:&quot;REMOVE&quot;),link:#&quot;SYSTEM_SYSRULES_dynamicLink&quot;(value:null,saveInto:ri!endLocationId)))&#xD;
        }&#xD;
      )&#xD;
    )&#xD;
  }&#xD;
)&#xD;
</definition>
        <namedTypedValue>
            <name>startLocationId</name>
            <type>
                <name>int</name>
                <namespace>http://www.w3.org/2001/XMLSchema</namespace>
            </type>
        </namedTypedValue>
        <namedTypedValue>
            <name>endLocationId</name>
            <type>
                <name>int</name>
                <namespace>http://www.w3.org/2001/XMLSchema</namespace>
            </type>
        </namedTypedValue>
        <namedTypedValue>
            <name>selectedVehicleId</name>
            <type>
                <name>int</name>
                <namespace>http://www.w3.org/2001/XMLSchema</namespace>
            </type>
        </namedTypedValue>
        <namedTypedValue>
            <name>selectedRecentTrip</name>
            <type>
                <name>EFM_V_User_Trips</name>
                <namespace>urn:com:appian:types:EFM</namespace>
            </type>
        </namedTypedValue>
        <namedTypedValue>
            <name>recentLocations</name>
            <type>
                <name>Variant</name>
                <namespace>http://www.appian.com/ae/types/2009</namespace>
            </type>
        </namedTypedValue>
        <namedTypedValue>
            <name>recentVehicles</name>
            <type>
                <name>Variant</name>
                <namespace>http://www.appian.com/ae/types/2009</namespace>
            </type>
        </namedTypedValue>
        <preferredEditor>interface</preferredEditor>
        <offlineEnabled>false</offlineEnabled>
    </rule>
    <roleMap public="true">
        <role allowForAll="false" inherit="true" name="readers">
            <users/>
            <groups/>
        </role>
        <role allowForAll="false" inherit="true" name="authors">
            <users/>
            <groups/>
        </role>
        <role allowForAll="false" inherit="true" name="administrators">
            <users>
                <userUuid>todd.lotterer</userUuid>
            </users>
            <groups/>
        </role>
        <role allowForAll="false" inherit="false" name="denyReaders">
            <users/>
            <groups/>
        </role>
        <role allowForAll="false" inherit="false" name="denyAuthors">
            <users/>
            <groups/>
        </role>
        <role allowForAll="false" inherit="false" name="denyAdministrators">
            <users/>
            <groups/>
        </role>
    </roleMap>
    <typedValue>
        <type>
            <name>RuleTestConfig?list</name>
            <namespace>http://www.appian.com/ae/types/2009</namespace>
        </type>
        <value>
            <el>
                <a:name/>
                <a:ruleInputTestConfigs>
                    <a:value xmlns:xsd="http://www.w3.org/2001/XMLSchema" xmlns:xsi="http://www.w3.org/2001/XMLSchema-instance" xsi:nil="true" xsi:type="xsd:int"/>
                    <a:nameRef>startLocationId</a:nameRef>
                    <a:id/>
                </a:ruleInputTestConfigs>
                <a:ruleInputTestConfigs>
                    <a:value xmlns:xsd="http://www.w3.org/2001/XMLSchema" xmlns:xsi="http://www.w3.org/2001/XMLSchema-instance" xsi:nil="true" xsi:type="xsd:int"/>
                    <a:nameRef>endLocationId</a:nameRef>
                    <a:id/>
                </a:ruleInputTestConfigs>
                <a:ruleInputTestConfigs>
                    <a:value xmlns:xsd="http://www.w3.org/2001/XMLSchema" xmlns:xsi="http://www.w3.org/2001/XMLSchema-instance" xsi:nil="true" xsi:type="xsd:int"/>
                    <a:nameRef>selectedVehicleId</a:nameRef>
                    <a:id/>
                </a:ruleInputTestConfigs>
                <a:ruleInputTestConfigs>
                    <a:value xmlns:n1="urn:com:appian:types:EFM" xmlns:xsi="http://www.w3.org/2001/XMLSchema-instance" xsi:nil="true" xsi:type="n1:EFM_V_User_Trips"/>
                    <a:nameRef>selectedRecentTrip</a:nameRef>
                    <a:id/>
                </a:ruleInputTestConfigs>
                <a:ruleInputTestConfigs>
                    <a:value xmlns:xsd="http://www.w3.org/2001/XMLSchema" xmlns:xsi="http://www.w3.org/2001/XMLSchema-instance" xsi:type="xsd:string"/>
                    <a:nameRef>recentLocations</a:nameRef>
                    <a:id/>
                </a:ruleInputTestConfigs>
                <a:ruleInputTestConfigs>
                    <a:value xmlns:xsd="http://www.w3.org/2001/XMLSchema" xmlns:xsi="http://www.w3.org/2001/XMLSchema-instance" xsi:type="xsd:string"/>
                    <a:nameRef>recentVehicles</a:nameRef>
                    <a:id/>
                </a:ruleInputTestConfigs>
                <a:assertions xmlns:xsi="http://www.w3.org/2001/XMLSchema-instance" xsi:nil="true"/>
            </el>
        </value>
    </typedValue>
</contentHaul>
