<?xml version="1.0" encoding="UTF-8" standalone="yes"?>
<contentHaul xmlns:a="http://www.appian.com/ae/types/2009">
    <rule>
        <name>EFM_SCT_Event_createExpense</name>
        <uuid>6074d2b3-5d95-44f2-9a76-359b3ab785cf</uuid>
        <description>Section to add expenses on the Create Event Wizard</description>
        <parentUuid>_a-0000dd16-5d72-8000-9ba2-011c48011c48_6199</parentUuid>
        <visibility>
            <advertise>false</advertise>
            <hierarchy>true</hierarchy>
            <indexable>true</indexable>
            <quota>false</quota>
            <searchable>true</searchable>
            <system>false</system>
            <unlogged>false</unlogged>
        </visibility>
        <definition>=load(
  local!itemsToken,
  local!expenseCategories: #&quot;SYSTEM_SYSRULES_queryEntity&quot;(
    entity: #&quot;_a-0000dd17-9077-8000-9ba2-011c48011c48_10785&quot;,
    query: #&quot;SYSTEM_SYSRULES_query&quot;(pagingInfo: #&quot;SYSTEM_SYSRULES_pagingInfo&quot;(startIndex: 1, batchSize: -1))
  ).data,
    {
    #&quot;SYSTEM_SYSRULES_sectionLayout&quot;(
      label: &quot;Add Expenses&quot;,
      firstColumnContents: {
      #&quot;SYSTEM_SYSRULES_gridLayout&quot;(
        totalCount: count(ri!expenses),
        headerCells: {
          #&quot;SYSTEM_SYSRULES_gridLayoutHeaderCell&quot;(label: &quot;Expense Description&quot;),
          #&quot;SYSTEM_SYSRULES_gridLayoutHeaderCell&quot;(label: &quot;Category&quot;),
          #&quot;SYSTEM_SYSRULES_gridLayoutHeaderCell&quot;(label: &quot;Cost&quot;, align: &quot;RIGHT&quot;),
          #&quot;SYSTEM_SYSRULES_gridLayoutHeaderCell&quot;(label: &quot;Date&quot;, align: &quot;RIGHT&quot;),
          /* For the &quot;Remove&quot; column */
          #&quot;SYSTEM_SYSRULES_gridLayoutHeaderCell&quot;(label: &quot;&quot;)
        },
        /* Only needed when some columns need to be narrow */
        columnConfigs: {
          #&quot;SYSTEM_SYSRULES_gridLayoutColumnConfig&quot;(width: &quot;DISTRIBUTE&quot;, weight: 4),
          #&quot;SYSTEM_SYSRULES_gridLayoutColumnConfig&quot;(width: &quot;DISTRIBUTE&quot;, weight: 2),
          #&quot;SYSTEM_SYSRULES_gridLayoutColumnConfig&quot;(width: &quot;DISTRIBUTE&quot;),
          #&quot;SYSTEM_SYSRULES_gridLayoutColumnConfig&quot;(width: &quot;DISTRIBUTE&quot;, weight: 2),
          #&quot;SYSTEM_SYSRULES_gridLayoutColumnConfig&quot;(width: &quot;ICON&quot;)
        },
        rows: #&quot;SYSTEM_SYSRULES_applyComponents&quot;(
          function: #&quot;97653baa-1dec-48c2-96d2-75e613075f14&quot;(
            items: ri!expenses,
            index: _,
            itemsToken: local!itemsToken,
            expenseCategories: local!expenseCategories
          ),
          array: if(or(isnull(ri!expenses), count(ri!expenses) &lt; 1), {}, 1+enumerate(count(ri!expenses))),
          arrayVariable: local!itemsToken
        ),
        addRowlink: #&quot;SYSTEM_SYSRULES_dynamicLink&quot;(
          label: &quot;Add Item&quot;,
          /*
           * For your use case, set the value to a blank instance of your CDT using
           * the type constructor, e.g. type!PurchaseRequestItem(). Only specify the field
           * if you want to give it a default value e.g. due: today()+1.
           */
          value: {vehicleId: ri!vehicle.vehicleId},
          saveInto: {
            a!save(ri!expenses, append(ri!expenses, save!value)),
            /*` When modifying the size of the array used in a!applyComponents, */
            /* make the same change in the &quot;token&quot; array variable               */
            a!save(local!itemsToken, append(local!itemsToken, save!value))
          }
        )
      )
      },
      secondColumnContents: {
      }
    ),
    if(#&quot;2168a5de-fb70-4d66-8b97-b547e3ac6e57&quot;(ri!expenses), {}, #&quot;SYSTEM_SYSRULES_sectionLayout&quot;(
      label: &quot;Upload Documents&quot;,
      firstColumnContents: {
      },
      secondColumnContents: {
      }
    )), 
    #&quot;SYSTEM_SYSRULES_applyComponents&quot;(#&quot;ea413e81-a177-41c0-b00d-d5fc33da8076&quot;, ri!expenses)}
)</definition>
        <namedTypedValue>
            <name>vehicle</name>
            <type>
                <name>Variant</name>
                <namespace>http://www.appian.com/ae/types/2009</namespace>
            </type>
        </namedTypedValue>
        <namedTypedValue>
            <name>expenses</name>
            <type>
                <name>Variant</name>
                <namespace>http://www.appian.com/ae/types/2009</namespace>
            </type>
        </namedTypedValue>
        <preferredEditor>interface</preferredEditor>
        <offlineEnabled>false</offlineEnabled>
    </rule>
    <roleMap public="true">
        <role allowForAll="false" inherit="true" name="readers">
            <users/>
            <groups/>
        </role>
        <role allowForAll="false" inherit="true" name="authors">
            <users/>
            <groups/>
        </role>
        <role allowForAll="false" inherit="true" name="administrators">
            <users>
                <userUuid>sylvia.an</userUuid>
            </users>
            <groups/>
        </role>
        <role allowForAll="false" inherit="false" name="denyReaders">
            <users/>
            <groups/>
        </role>
        <role allowForAll="false" inherit="false" name="denyAuthors">
            <users/>
            <groups/>
        </role>
        <role allowForAll="false" inherit="false" name="denyAdministrators">
            <users/>
            <groups/>
        </role>
    </roleMap>
    <typedValue>
        <type>
            <name>RuleTestConfig?list</name>
            <namespace>http://www.appian.com/ae/types/2009</namespace>
        </type>
        <value>
            <el>
                <a:name/>
                <a:ruleInputTestConfigs>
                    <a:value xmlns:xsi="http://www.w3.org/2001/XMLSchema-instance" xsi:type="a:Expression">#&quot;7f28ea60-693a-4952-bbbc-effd6fd06858&quot;(vehicleId: 1)</a:value>
                    <a:nameRef>vehicle</a:nameRef>
                    <a:id/>
                </a:ruleInputTestConfigs>
                <a:ruleInputTestConfigs>
                    <a:value xmlns:xsi="http://www.w3.org/2001/XMLSchema-instance" xsi:type="a:Expression">{'type!{urn:com:appian:types:EFM}EFM_Expense'()}</a:value>
                    <a:nameRef>expenses</a:nameRef>
                    <a:id/>
                </a:ruleInputTestConfigs>
                <a:assertions xmlns:xsi="http://www.w3.org/2001/XMLSchema-instance" xsi:nil="true"/>
            </el>
        </value>
    </typedValue>
</contentHaul>
