<?xml version="1.0" encoding="UTF-8" standalone="yes"?>
<contentHaul xmlns:a="http://www.appian.com/ae/types/2009">
    <rule>
        <name>EFM_SCT_Sites_Trips_enterMileage</name>
        <uuid>83216625-4c10-41a9-b646-2504a468113c</uuid>
        <description>Section for entering Mileage for a trip</description>
        <parentUuid>_a-0000dd4b-0482-8000-9ba2-011c48011c48_18190</parentUuid>
        <visibility>
            <advertise>false</advertise>
            <hierarchy>true</hierarchy>
            <indexable>true</indexable>
            <quota>false</quota>
            <searchable>true</searchable>
            <system>false</system>
            <unlogged>false</unlogged>
        </visibility>
        <definition>#&quot;SYSTEM_SYSRULES_sectionLayout&quot;(&#xD;
  label:if(ri!createNew,&quot;4. &quot;,&quot;&quot;)&amp;&quot;Enter Mileage&quot;,&#xD;
  firstColumnContents: {&#xD;
    #&quot;SYSTEM_SYSRULES_floatingPointField&quot;(&#xD;
      label:&quot;Ending Odometer&quot;,&#xD;
      required:true,&#xD;
      value:ri!odometer,&#xD;
      saveInto:ri!odometer&#xD;
    ),&#xD;
    #&quot;SYSTEM_SYSRULES_paragraphField&quot;(&#xD;
      label:&quot;Comments&quot;,&#xD;
      value:ri!comments,&#xD;
      saveInto:ri!comments,&#xD;
      instructions: &quot;Please indicate any destinations taken in addition to your normal commute.&quot;&#xD;
    ),&#xD;
    #&quot;SYSTEM_SYSRULES_checkboxField&quot;(&#xD;
      label: &quot;Expenses&quot;,&#xD;
      helpTooltip: &quot;Do you have an expense related to this trip?&quot;,&#xD;
      choiceLabels: {&quot;&quot;},&#xD;
      choiceValues: {true},&#xD;
      value: ri!expenseFlag,&#xD;
      saveInto: ri!expenseFlag&#xD;
    )&#xD;
  },&#xD;
  secondColumnContents:{&#xD;
    #&quot;SYSTEM_SYSRULES_imageField&quot;(&#xD;
      label: &quot;Location Summary&quot;,&#xD;
      images:{&#xD;
        #&quot;SYSTEM_SYSRULES_webImage&quot;(&#xD;
          source:&quot;https://maps.googleapis.com/maps/api/staticmap?center=Brooklyn+Bridge,New+York,NY&amp;zoom=10&amp;size=800x400&amp;maptype=roadmap&amp;markers=color:red%7Clabel:S%7C40.702147,-74.015794&amp;markers=color:green%7Clabel:E%7C&quot;&amp;ri!endPoints&#xD;
        )&#xD;
      },&#xD;
      readOnly: true      &#xD;
    )&#xD;
  }&#xD;
)</definition>
        <namedTypedValue>
            <name>createNew</name>
            <type>
                <name>boolean</name>
                <namespace>http://www.w3.org/2001/XMLSchema</namespace>
            </type>
        </namedTypedValue>
        <namedTypedValue>
            <name>odometer</name>
            <type>
                <name>double</name>
                <namespace>http://www.w3.org/2001/XMLSchema</namespace>
            </type>
        </namedTypedValue>
        <namedTypedValue>
            <name>comments</name>
            <type>
                <name>string</name>
                <namespace>http://www.w3.org/2001/XMLSchema</namespace>
            </type>
            <value/>
        </namedTypedValue>
        <namedTypedValue>
            <name>expenseFlag</name>
            <type>
                <name>boolean</name>
                <namespace>http://www.w3.org/2001/XMLSchema</namespace>
            </type>
        </namedTypedValue>
        <namedTypedValue>
            <name>endPoints</name>
            <type>
                <name>Variant</name>
                <namespace>http://www.appian.com/ae/types/2009</namespace>
            </type>
        </namedTypedValue>
        <preferredEditor>interface</preferredEditor>
        <offlineEnabled>false</offlineEnabled>
    </rule>
    <roleMap public="true">
        <role allowForAll="false" inherit="true" name="readers">
            <users/>
            <groups/>
        </role>
        <role allowForAll="false" inherit="true" name="authors">
            <users/>
            <groups/>
        </role>
        <role allowForAll="false" inherit="true" name="administrators">
            <users>
                <userUuid>todd.lotterer</userUuid>
            </users>
            <groups/>
        </role>
        <role allowForAll="false" inherit="false" name="denyReaders">
            <users/>
            <groups/>
        </role>
        <role allowForAll="false" inherit="false" name="denyAuthors">
            <users/>
            <groups/>
        </role>
        <role allowForAll="false" inherit="false" name="denyAdministrators">
            <users/>
            <groups/>
        </role>
    </roleMap>
    <typedValue>
        <type>
            <name>RuleTestConfig?list</name>
            <namespace>http://www.appian.com/ae/types/2009</namespace>
        </type>
        <value>
            <el>
                <a:name/>
                <a:ruleInputTestConfigs>
                    <a:value xmlns:xsd="http://www.w3.org/2001/XMLSchema" xmlns:xsi="http://www.w3.org/2001/XMLSchema-instance" xsi:nil="true" xsi:type="xsd:boolean"/>
                    <a:nameRef>createNew</a:nameRef>
                    <a:id/>
                </a:ruleInputTestConfigs>
                <a:ruleInputTestConfigs>
                    <a:value xmlns:xsd="http://www.w3.org/2001/XMLSchema" xmlns:xsi="http://www.w3.org/2001/XMLSchema-instance" xsi:nil="true" xsi:type="xsd:double"/>
                    <a:nameRef>odometer</a:nameRef>
                    <a:id/>
                </a:ruleInputTestConfigs>
                <a:ruleInputTestConfigs>
                    <a:value xmlns:xsd="http://www.w3.org/2001/XMLSchema" xmlns:xsi="http://www.w3.org/2001/XMLSchema-instance" xsi:type="xsd:string"/>
                    <a:nameRef>comments</a:nameRef>
                    <a:id/>
                </a:ruleInputTestConfigs>
                <a:ruleInputTestConfigs>
                    <a:value xmlns:xsd="http://www.w3.org/2001/XMLSchema" xmlns:xsi="http://www.w3.org/2001/XMLSchema-instance" xsi:nil="true" xsi:type="xsd:boolean"/>
                    <a:nameRef>expenseFlag</a:nameRef>
                    <a:id/>
                </a:ruleInputTestConfigs>
                <a:ruleInputTestConfigs>
                    <a:value xmlns:xsd="http://www.w3.org/2001/XMLSchema" xmlns:xsi="http://www.w3.org/2001/XMLSchema-instance" xsi:type="xsd:string"/>
                    <a:nameRef>endPoints</a:nameRef>
                    <a:id/>
                </a:ruleInputTestConfigs>
                <a:assertions xmlns:xsi="http://www.w3.org/2001/XMLSchema-instance" xsi:nil="true"/>
            </el>
        </value>
    </typedValue>
</contentHaul>
