<?xml version="1.0" encoding="UTF-8" standalone="yes"?>
<contentHaul xmlns:a="http://www.appian.com/ae/types/2009">
    <rule>
        <name>EFM_RULE_Eligibility_definitionItemRow</name>
        <uuid>8e5f4804-dbf5-4479-a963-d3981688aa3b</uuid>
        <description></description>
        <parentUuid>_a-0000dd16-5d72-8000-9ba2-011c48011c48_6198</parentUuid>
        <visibility>
            <advertise>false</advertise>
            <hierarchy>true</hierarchy>
            <indexable>true</indexable>
            <quota>false</quota>
            <searchable>true</searchable>
            <system>false</system>
            <unlogged>false</unlogged>
        </visibility>
        <definition>=#&quot;SYSTEM_SYSRULES_gridRowLayout&quot;(&#xD;
  id: ri!index,&#xD;
  contents: {&#xD;
    #&quot;SYSTEM_SYSRULES_textField&quot;(&#xD;
      /* Labels are not visible in grid cells but are necessary to meet accessibility requirements */&#xD;
      label: &quot;definition &quot; &amp; ri!index,&#xD;
      value: ri!items[ri!index].item,&#xD;
      saveInto: ri!items[ri!index].item,&#xD;
      required: true&#xD;
    ),&#xD;
    #&quot;SYSTEM_SYSRULES_imageField&quot;(&#xD;
      label: &quot;delete &quot; &amp; ri!index,&#xD;
      images: #&quot;SYSTEM_SYSRULES_documentImage&quot;(&#xD;
        document: #&quot;SYSTEM_SYSRULES_iconIndicator&quot;(&quot;REMOVE&quot;),&#xD;
        altText: &quot;Remove&quot;,&#xD;
        caption: &quot;Remove &quot; &amp; ri!items[ri!index].item,&#xD;
        link: #&quot;SYSTEM_SYSRULES_dynamicLink&quot;(&#xD;
          value: ri!index,&#xD;
          saveInto: {&#xD;
            a!save(ri!items, remove(ri!items, save!value)),&#xD;
            /* When modifying the size of the array used in a!applyComponents,  */&#xD;
            /* make the same change in the &quot;token&quot; array variable               */&#xD;
            a!save(ri!itemsToken, remove(ri!itemsToken, save!value))&#xD;
          }&#xD;
        )&#xD;
      ),&#xD;
      size: &quot;ICON&quot;&#xD;
    )&#xD;
  }&#xD;
)</definition>
        <namedTypedValue>
            <name>items</name>
            <type>
                <name>Variant</name>
                <namespace>http://www.appian.com/ae/types/2009</namespace>
            </type>
        </namedTypedValue>
        <namedTypedValue>
            <name>index</name>
            <type>
                <name>int</name>
                <namespace>http://www.w3.org/2001/XMLSchema</namespace>
            </type>
        </namedTypedValue>
        <namedTypedValue>
            <name>itemsToken</name>
            <type>
                <name>Variant</name>
                <namespace>http://www.appian.com/ae/types/2009</namespace>
            </type>
        </namedTypedValue>
        <preferredEditor>legacy</preferredEditor>
        <offlineEnabled>false</offlineEnabled>
    </rule>
    <roleMap public="true">
        <role allowForAll="false" inherit="true" name="readers">
            <users/>
            <groups/>
        </role>
        <role allowForAll="false" inherit="true" name="authors">
            <users/>
            <groups/>
        </role>
        <role allowForAll="false" inherit="true" name="administrators">
            <users/>
            <groups/>
        </role>
        <role allowForAll="false" inherit="false" name="denyReaders">
            <users/>
            <groups/>
        </role>
        <role allowForAll="false" inherit="false" name="denyAuthors">
            <users/>
            <groups/>
        </role>
        <role allowForAll="false" inherit="false" name="denyAdministrators">
            <users/>
            <groups/>
        </role>
    </roleMap>
</contentHaul>
