<?xml version="1.0" encoding="UTF-8" standalone="yes"?>
<contentHaul xmlns:a="http://www.appian.com/ae/types/2009">
    <rule>
        <name>EFM_DASH_Vehicle_UsageHistory</name>
        <uuid>95347629-632b-4cc5-bf2d-bea3e0e2b025</uuid>
        <description>Vehicle usage interface</description>
        <parentUuid>_a-0000dd16-785e-8000-9ba2-011c48011c48_6259</parentUuid>
        <visibility>
            <advertise>false</advertise>
            <hierarchy>true</hierarchy>
            <indexable>true</indexable>
            <quota>false</quota>
            <searchable>true</searchable>
            <system>false</system>
            <unlogged>false</unlogged>
        </visibility>
        <definition>=load(
  local!pagingInfo:#&quot;SYSTEM_SYSRULES_pagingInfo&quot;(
    startIndex:1,
    batchSize:#&quot;_a-0000dd4b-0482-8000-9ba2-011c48011c48_18352&quot;,
    sort: #&quot;SYSTEM_SYSRULES_sortInfo&quot;(
      field: &quot;checkOutDt&quot;,
      ascending: false
    )
    ),
  local!viewDetail:false,
  with(
    local!usageData: #&quot;43f10350-fe5f-4325-ac5a-6c13d049b285&quot;(vehicleId: ri!vehicleId, pagingInfo: local!pagingInfo),
   
    #&quot;SYSTEM_SYSRULES_dashboardLayout&quot;(
      firstColumnContents: {
        #&quot;SYSTEM_SYSRULES_sectionLayout&quot;(
          firstColumnContents: {
          if(local!usageData.totalCount = 0, {}, 
            #&quot;SYSTEM_SYSRULES_gridField&quot;(
              totalCount:local!usageData.totalCount,
              columns:{
                #&quot;SYSTEM_SYSRULES_gridLinkColumn&quot;(
                  label:&quot;Actor&quot;,
                   data:apply(#&quot;083ca748-92d6-4080-9f02-017797355143&quot;(user:_), {local!usageData.data.createdBy})
                ),
                #&quot;SYSTEM_SYSRULES_gridTextColumn&quot;(
                  label:&quot;Assigned Time&quot;,
                  field: &quot;checkOutDt&quot;,
                  data:local!usageData.data.checkOutDt
                ),
                #&quot;SYSTEM_SYSRULES_gridTextColumn&quot;(
                  label:&quot;Returned Time&quot;,
                  field: &quot;checkInDt&quot;,
                  data:local!usageData.data.checkInDt
                )             
              },
              value:local!pagingInfo,
              saveInto:local!pagingInfo
            ))
          },
          secondColumnContents: {}
        )
      },
      secondColumnContents: {}
    )
  )
)</definition>
        <namedTypedValue>
            <name>vehicleId</name>
            <type>
                <name>int</name>
                <namespace>http://www.w3.org/2001/XMLSchema</namespace>
            </type>
        </namedTypedValue>
        <preferredEditor>interface</preferredEditor>
        <offlineEnabled>false</offlineEnabled>
    </rule>
    <roleMap public="true">
        <role allowForAll="false" inherit="true" name="readers">
            <users/>
            <groups/>
        </role>
        <role allowForAll="false" inherit="true" name="authors">
            <users/>
            <groups/>
        </role>
        <role allowForAll="false" inherit="true" name="administrators">
            <users>
                <userUuid>justin.watts</userUuid>
            </users>
            <groups/>
        </role>
        <role allowForAll="false" inherit="false" name="denyReaders">
            <users/>
            <groups/>
        </role>
        <role allowForAll="false" inherit="false" name="denyAuthors">
            <users/>
            <groups/>
        </role>
        <role allowForAll="false" inherit="false" name="denyAdministrators">
            <users/>
            <groups/>
        </role>
    </roleMap>
</contentHaul>
