<?xml version="1.0" encoding="UTF-8" standalone="yes"?>
<contentHaul xmlns:a="http://www.appian.com/ae/types/2009">
    <rule>
        <name>EFM_CMPT_expenseGridRow</name>
        <uuid>97653baa-1dec-48c2-96d2-75e613075f14</uuid>
        <description>Component to add a grid row on the Create Expense Section</description>
        <parentUuid>_a-0000dd16-247e-8000-9ba2-011c48011c48_6191</parentUuid>
        <visibility>
            <advertise>false</advertise>
            <hierarchy>true</hierarchy>
            <indexable>true</indexable>
            <quota>false</quota>
            <searchable>true</searchable>
            <system>false</system>
            <unlogged>false</unlogged>
        </visibility>
        <definition>=#&quot;SYSTEM_SYSRULES_gridRowLayout&quot;(&#xD;
  contents: {&#xD;
    #&quot;SYSTEM_SYSRULES_textField&quot;(&#xD;
      /* Labels are not visible in grid cells but are necessary to meet accessibility requirements */&#xD;
      label: &quot;summary &quot; &amp; ri!index,&#xD;
      value: ri!items[ri!index].comments,&#xD;
      saveInto: ri!items[ri!index].comments&#xD;
    ),&#xD;
    #&quot;SYSTEM_SYSRULES_dropdownField&quot;(&#xD;
      label: &quot;category &quot; &amp; ri!index,&#xD;
      placeholderLabel: &quot;--Select-- &quot;,&#xD;
      choiceLabels: index(ri!expenseCategories, &quot;description&quot;, {}),&#xD;
      choiceValues: index(ri!expenseCategories, &quot;id&quot;, {}),&#xD;
      value: ri!items[ri!index].categoryId,&#xD;
      saveInto: ri!items[ri!index].categoryId&#xD;
    ),&#xD;
    #&quot;SYSTEM_SYSRULES_textField&quot;(&#xD;
      label:&quot;amount &quot; &amp; ri!index,&#xD;
      value: if(isnull(ri!items[ri!index].amount), &quot;&quot;, dollar(ri!items[ri!index].amount)),&#xD;
      saveInto: a!save(ri!items[ri!index].amount, todecimal(save!value)),&#xD;
      validations: if(tointeger(ri!items[ri!index].amount) &lt;= 0, &quot;Amount must be greater than 0&quot;, null),&#xD;
      align: &quot;RIGHT&quot;&#xD;
    ),&#xD;
    #&quot;SYSTEM_SYSRULES_dateField&quot;(&#xD;
      label: &quot;expenseDate &quot; &amp; ri!index,&#xD;
      value: ri!items[ri!index].date,&#xD;
      saveInto: ri!items[ri!index].date,&#xD;
      validations: if(todate(ri!items[ri!index].date) &gt; today(), &quot;The expense date cannot be a future date&quot;, null),&#xD;
      align: &quot;RIGHT&quot;&#xD;
    ),&#xD;
    #&quot;SYSTEM_SYSRULES_imageField&quot;(&#xD;
      label: &quot;delete &quot; &amp; ri!index,&#xD;
      images: #&quot;SYSTEM_SYSRULES_documentImage&quot;(&#xD;
        document: #&quot;SYSTEM_SYSRULES_iconIndicator&quot;(&quot;REMOVE&quot;),&#xD;
        altText: &quot;Remove&quot;,&#xD;
        caption: &quot;Remove &quot; &amp; ri!items[ri!index].comments,&#xD;
        link: #&quot;SYSTEM_SYSRULES_dynamicLink&quot;(&#xD;
          value: ri!index,&#xD;
          saveInto: {&#xD;
            a!save(ri!items, remove(ri!items, save!value)),&#xD;
            /* When modifying the size of the array used in a!applyComponents,  */&#xD;
            /* make the same change in the &quot;token&quot; array variable               */&#xD;
            a!save(ri!itemsToken, remove(ri!itemsToken, save!value))&#xD;
          }&#xD;
        )&#xD;
      ),&#xD;
      size: &quot;ICON&quot;&#xD;
    )&#xD;
  },&#xD;
  id: ri!index&#xD;
)</definition>
        <namedTypedValue>
            <name>index</name>
            <type>
                <name>int</name>
                <namespace>http://www.w3.org/2001/XMLSchema</namespace>
            </type>
        </namedTypedValue>
        <namedTypedValue>
            <name>items</name>
            <type>
                <name>Variant</name>
                <namespace>http://www.appian.com/ae/types/2009</namespace>
            </type>
        </namedTypedValue>
        <namedTypedValue>
            <name>itemsToken</name>
            <type>
                <name>Variant</name>
                <namespace>http://www.appian.com/ae/types/2009</namespace>
            </type>
        </namedTypedValue>
        <namedTypedValue>
            <name>expenseCategories</name>
            <type>
                <name>Variant</name>
                <namespace>http://www.appian.com/ae/types/2009</namespace>
            </type>
        </namedTypedValue>
        <preferredEditor>interface</preferredEditor>
        <offlineEnabled>false</offlineEnabled>
    </rule>
    <roleMap public="true">
        <role allowForAll="false" inherit="true" name="readers">
            <users/>
            <groups/>
        </role>
        <role allowForAll="false" inherit="true" name="authors">
            <users/>
            <groups/>
        </role>
        <role allowForAll="false" inherit="true" name="administrators">
            <users>
                <userUuid>sylvia.an</userUuid>
            </users>
            <groups/>
        </role>
        <role allowForAll="false" inherit="false" name="denyReaders">
            <users/>
            <groups/>
        </role>
        <role allowForAll="false" inherit="false" name="denyAuthors">
            <users/>
            <groups/>
        </role>
        <role allowForAll="false" inherit="false" name="denyAdministrators">
            <users/>
            <groups/>
        </role>
    </roleMap>
    <typedValue>
        <type>
            <name>RuleTestConfig?list</name>
            <namespace>http://www.appian.com/ae/types/2009</namespace>
        </type>
        <value>
            <el>
                <a:name/>
                <a:ruleInputTestConfigs>
                    <a:value xmlns:xsd="http://www.w3.org/2001/XMLSchema" xmlns:xsi="http://www.w3.org/2001/XMLSchema-instance" xsi:nil="true" xsi:type="xsd:int"/>
                    <a:nameRef>index</a:nameRef>
                    <a:id/>
                </a:ruleInputTestConfigs>
                <a:ruleInputTestConfigs>
                    <a:value xmlns:xsd="http://www.w3.org/2001/XMLSchema" xmlns:xsi="http://www.w3.org/2001/XMLSchema-instance" xsi:type="xsd:string"/>
                    <a:nameRef>items</a:nameRef>
                    <a:id/>
                </a:ruleInputTestConfigs>
                <a:ruleInputTestConfigs>
                    <a:value xmlns:xsd="http://www.w3.org/2001/XMLSchema" xmlns:xsi="http://www.w3.org/2001/XMLSchema-instance" xsi:type="xsd:string"/>
                    <a:nameRef>itemsToken</a:nameRef>
                    <a:id/>
                </a:ruleInputTestConfigs>
                <a:ruleInputTestConfigs>
                    <a:value xmlns:xsd="http://www.w3.org/2001/XMLSchema" xmlns:xsi="http://www.w3.org/2001/XMLSchema-instance" xsi:type="xsd:string"/>
                    <a:nameRef>expenseCategories</a:nameRef>
                    <a:id/>
                </a:ruleInputTestConfigs>
                <a:assertions xmlns:xsi="http://www.w3.org/2001/XMLSchema-instance" xsi:nil="true"/>
            </el>
        </value>
    </typedValue>
</contentHaul>
