<?xml version="1.0" encoding="UTF-8" standalone="yes"?>
<contentHaul xmlns:a="http://www.appian.com/ae/types/2009">
    <rule>
        <name>EFM_SCT_Vehicle_search</name>
        <uuid>_a-0000dd4b-0482-8000-9ba2-011c48011c48_18350</uuid>
        <description>Search for vehicles</description>
        <parentUuid>_a-0000dd16-5d72-8000-9ba2-011c48011c48_6199</parentUuid>
        <visibility>
            <advertise>false</advertise>
            <hierarchy>true</hierarchy>
            <indexable>true</indexable>
            <quota>false</quota>
            <searchable>true</searchable>
            <system>false</system>
            <unlogged>false</unlogged>
        </visibility>
        <definition>=load(
  /* Reference Data */
  local!years: #&quot;_a-0000dd17-9077-8000-9ba2-011c48011c48_10892&quot;(),
  local!vehicleTypes: #&quot;SYSTEM_SYSRULES_queryEntity&quot;(
    entity: #&quot;_a-0000dd17-9077-8000-9ba2-011c48011c48_10787&quot;,
    query: #&quot;SYSTEM_SYSRULES_query&quot;(pagingInfo: #&quot;SYSTEM_SYSRULES_pagingInfo&quot;(startIndex: 1, batchSize: -1))
  ).data,
  local!statuses: #&quot;SYSTEM_SYSRULES_queryEntity&quot;(
    entity: #&quot;_a-0000dd17-9077-8000-9ba2-011c48011c48_10786&quot;,
    query: #&quot;SYSTEM_SYSRULES_query&quot;(pagingInfo: #&quot;SYSTEM_SYSRULES_pagingInfo&quot;(startIndex: 1, batchSize: -1, sort: #&quot;SYSTEM_SYSRULES_sortInfo&quot;(field: &quot;id&quot;, ascending: true)))
  ).data,
  local!fleets: #&quot;SYSTEM_SYSRULES_queryEntity&quot;(
    entity: #&quot;_a-0000dd17-9077-8000-9ba2-011c48011c48_10917&quot;,
    query: #&quot;SYSTEM_SYSRULES_query&quot;(pagingInfo: #&quot;SYSTEM_SYSRULES_pagingInfo&quot;(startIndex: 1, batchSize: -1))
  ).data,
  
  /* Search Fields */
  local!make,
  local!model,
  local!year,
  local!statusId,
  local!fleetId: ri!fleetId,
  local!mileage_min,
  local!mileage_max,
  local!typeId,
  local!vinNumber,
  
  /* Temporary Search Fields */
  local!make_search,
  local!model_search,
  local!year_search,
  local!statusId_search,
  local!fleetId_search: ri!fleetId,
  local!mileage_min_search,
  local!mileage_max_search,
  local!typeId_search,
  local!vinNumber_search,
  
  local!gridSelection: #&quot;SYSTEM_SYSRULES_gridSelection&quot;(
    selected: index( ri!selections, &quot;id&quot;, {}),
    pagingInfo: #&quot;SYSTEM_SYSRULES_pagingInfo&quot;(
      startIndex: 1,
      batchSize: #&quot;_a-0000dd4b-0482-8000-9ba2-011c48011c48_18352&quot;,
      sort: #&quot;SYSTEM_SYSRULES_sortInfo&quot;(
        field: &quot;vehicleId&quot;,
        ascending: true
      )
    )
  ),
  local!choiceLabels: {&quot;VIN&quot;, &quot;Make&quot;, &quot;Model&quot;, &quot;Year&quot;, &quot;Fleet&quot;, &quot;Mileage&quot;, &quot;Type&quot;, &quot;Status&quot;, &quot;End of Life&quot;},
  local!showColumn: local!choiceLabels[{1,2,3,4,7}],
  
  {
    #&quot;SYSTEM_SYSRULES_sectionLayout&quot;(
      label: &quot;Filters&quot;,
      isCollapsible: true,
      isInitiallyCollapsed: true,
      firstColumnContents: {
        #&quot;_a-0000dd0d-462c-8000-9ba2-011c48011c48_3690&quot;(
          label: &quot;VIN&quot;,
          readOnly: false,
          value: local!vinNumber_search,
          saveInto: local!vinNumber_search
        ),
        #&quot;_a-0000dd0d-462c-8000-9ba2-011c48011c48_3685&quot;(
          label: &quot;Year&quot;,
          readOnly: false,
          choiceLabels: local!years,
          choiceValues: local!years,
          value: local!year_search,
          saveInto: local!year_search
        ),
        #&quot;_a-0000dd0d-462c-8000-9ba2-011c48011c48_3690&quot;(
          label: &quot;Make&quot;,
          readOnly: false,
          value: local!make_search,
          saveInto: local!make_search
        ),
        #&quot;_a-0000dd0d-462c-8000-9ba2-011c48011c48_3690&quot;(
          label: &quot;Model&quot;,
          readOnly: false,
          value: local!model_search,
          saveInto: local!model_search
        )},
        secondColumnContents: {
        #&quot;_a-0000dd0d-462c-8000-9ba2-011c48011c48_3685&quot;(
          label: &quot;Vehicle Type&quot;,
          readOnly: false,
          choiceLabels: property(local!vehicleTypes, &quot;description&quot;, {}),
          choiceValues: property(local!vehicleTypes, &quot;id&quot;, {}),
          value: local!typeId_search,
          saveInto: local!typeId_search
        ),
        #&quot;_a-0000dd0d-462c-8000-9ba2-011c48011c48_5656&quot;(
          minMaxLabel: &quot;Mileage&quot;,
          readOnly: false,
          minValue: local!mileage_min_search,
          maxValue: local!mileage_max_search,
          minAdditionalSaveInto: local!mileage_min_search,
          maxAdditionalSaveInto: local!mileage_max_search,
          minValidations: if(#&quot;2168a5de-fb70-4d66-8b97-b547e3ac6e57&quot;(local!mileage_min_search), &quot;&quot;, if(local!mileage_min_search &lt; 0, &quot;Must be greater than 0&quot;, &quot;&quot;)),
          maxValidations: if(#&quot;2168a5de-fb70-4d66-8b97-b547e3ac6e57&quot;(local!mileage_max_search), &quot;&quot;, if(#&quot;2168a5de-fb70-4d66-8b97-b547e3ac6e57&quot;(local!mileage_min_search), &quot;&quot;, if(local!mileage_max_search &lt; local!mileage_min_search, &quot;Must be greater than Minimum&quot;, &quot;&quot;)))
        ),
        #&quot;_a-0000dd0d-462c-8000-9ba2-011c48011c48_3685&quot;(
          label: &quot;Status&quot;,
          readOnly: false,
          choiceLabels: property(local!statuses, &quot;description&quot;, {}),
          choiceValues: property(local!statuses, &quot;id&quot;, {}),
          value: local!statusId_search,
          saveInto: local!statusId_search
        ),
        if(#&quot;2168a5de-fb70-4d66-8b97-b547e3ac6e57&quot;(ri!fleetId),
          #&quot;_a-0000dd0d-462c-8000-9ba2-011c48011c48_3685&quot;(
            label: &quot;Assigned Fleet&quot;,
            readOnly: false,
            choiceLabels: property(local!fleets, &quot;name&quot;, {}),
            choiceValues: property(local!fleets, &quot;fleetId&quot;, {}),
            value: local!fleetId_search,
            saveInto: local!fleetId_search
          ),
          {}
        ),
        
        #&quot;_a-0000dd0d-462c-8000-9ba2-011c48011c48_5659&quot;(
          resetSaveInto: {
            a!save(
              {
                local!make,
                local!model,
                local!year,
                local!statusId,
                local!mileage_min,
                local!mileage_max,
                local!typeId,
                local!vinNumber,
                local!make_search,
                local!model_search,
                local!year_search,
                local!statusId_search,
                local!mileage_min_search,
                local!mileage_max_search,
                local!typeId_search,
                local!vinNumber_search
              }, null),
            a!save({local!fleetId, local!fleetId_search}, ri!fleetId)  
          },
          searchSaveInto: {
            a!save(local!make, local!make_search),
            a!save(local!model, local!model_search),
            a!save(local!year, local!year_search),
            a!save(local!statusId, local!statusId_search),
            a!save(local!fleetId, if(#&quot;2168a5de-fb70-4d66-8b97-b547e3ac6e57&quot;(ri!fleetId), local!fleetId_search, ri!fleetId)),
            a!save(local!mileage_min, local!mileage_min_search),
            a!save(local!mileage_max, local!mileage_max_search),
            a!save(local!typeId, local!typeId_search),
            a!save(local!vinNumber, local!vinNumber_search),
            a!save(local!gridSelection, #&quot;SYSTEM_SYSRULES_gridSelection&quot;(
              selected: index( ri!selections, &quot;id&quot;, {}),
              pagingInfo: #&quot;SYSTEM_SYSRULES_pagingInfo&quot;(
                startIndex: 1,
                batchSize: #&quot;_a-0000dd4b-0482-8000-9ba2-011c48011c48_18352&quot;,
                sort: #&quot;SYSTEM_SYSRULES_sortInfo&quot;(
                  field: &quot;vehicleId&quot;,
                  ascending: true
                )
              )
            ))
          }
        )
      }
    ),
    /*Query results*/
    load(
      with(local!datasubset:
        #&quot;7f28ea60-693a-4952-bbbc-effd6fd06858&quot;(
          pagingInfo: local!gridSelection.pagingInfo,
          defaultShowResultsFlag: true,
          make: local!make,
          model: local!model,
          year: local!year,
          statusId: local!statusId,
          assignedFleetId: local!fleetId,
          minMileage: local!mileage_min,
          maxMileage: local!mileage_max,
          vehicleTypeId: local!typeId,
          vinNumber: local!vinNumber
        ),
        #&quot;SYSTEM_SYSRULES_sectionLayout&quot;(
          label: &quot;Vehicles&quot;,
          firstColumnContents: {
            #&quot;SYSTEM_SYSRULES_gridField&quot;(
              labelPosition: &quot;COLLAPSED&quot;,
              totalCount: local!datasubset.totalCount,
              columns: {
                with(local!links: apply(#&quot;73395716-12a2-4363-b454-cca042a95a62&quot;(label: _, uri: _),
                  merge(
                    index(local!datasubset.data, &quot;vinNumber&quot;, {}),
                    apply(urlforrecord(#&quot;_a-0000dd17-9077-8000-9ba2-011c48011c48_6439&quot;, _), index(local!datasubset.data, &quot;vehicleId&quot;, {}))
                  )),
                #&quot;SYSTEM_SYSRULES_gridTextColumn&quot;(
                  label: &quot;VIN&quot;,
                  field: &quot;vinNumber&quot;,
                  data: index(local!links, &quot;label&quot;, {}),
                  links: local!links
                )),
                if(contains(local!showColumn, &quot;Make&quot;),
                #&quot;SYSTEM_SYSRULES_gridTextColumn&quot;(
                  label: &quot;Make&quot;,
                  field: &quot;make&quot;,
                  data: index(local!datasubset.data, &quot;make&quot;, {})
                ), {}),
                if(contains(local!showColumn, &quot;Model&quot;),
                #&quot;SYSTEM_SYSRULES_gridTextColumn&quot;(
                  label: &quot;Model&quot;,
                  field: &quot;model&quot;,
                  data: index(local!datasubset.data, &quot;model&quot;, {})
                ), {}),
                if(contains(local!showColumn, &quot;Year&quot;),
                #&quot;SYSTEM_SYSRULES_gridTextColumn&quot;(
                  label: &quot;Year&quot;,
                  field: &quot;year&quot;,
                  data: index(local!datasubset.data, &quot;year&quot;, {})
                ), {}),
                if(contains(local!showColumn, &quot;Fleet&quot;),
                #&quot;SYSTEM_SYSRULES_gridTextColumn&quot;(
                  label: &quot;Fleet&quot;,
                  field: &quot;fleetId&quot;,
                  data: apply(displayvalue(_, property(local!fleets, &quot;fleetId&quot;, {}), property(local!fleets, &quot;name&quot;, {}), {}), index(local!datasubset.data, &quot;fleetId&quot;, {}))
                ), {}),
                if(contains(local!showColumn, &quot;Mileage&quot;),
                #&quot;SYSTEM_SYSRULES_gridTextColumn&quot;(
                  label: &quot;Mileage&quot;,
                  field: &quot;mileage&quot;,
                  data: index(local!datasubset.data, &quot;mileage&quot;, {})
                ), {}),
                if(contains(local!showColumn, &quot;Type&quot;),
                #&quot;SYSTEM_SYSRULES_gridTextColumn&quot;(
                  label: &quot;Type&quot;,
                  field: &quot;vehicleTypeId&quot;,
                  data: apply(displayvalue(_, property(local!vehicleTypes, &quot;id&quot;, {}), property(local!vehicleTypes, &quot;description&quot;, {}), {}), index(local!datasubset.data, &quot;vehicleTypeId&quot;, {}))
                ), {}),
                if(contains(local!showColumn, &quot;Status&quot;),
                #&quot;SYSTEM_SYSRULES_gridTextColumn&quot;(
                  label: &quot;Status&quot;,
                  field: &quot;statusId&quot;,
                  data: apply(displayvalue(_, property(local!statuses, &quot;id&quot;, {}), property(local!statuses, &quot;description&quot;, {}), {}), index(local!datasubset.data, &quot;statusId&quot;, {}))
                ), {}),
                if(contains(local!showColumn, &quot;End of Life&quot;),
                #&quot;SYSTEM_SYSRULES_gridImageColumn&quot;(
                  label: &quot;EOL&quot;,
                  field: &quot;&quot;,
                  data: apply(fn!choose(_, 
                    #&quot;SYSTEM_SYSRULES_documentImage&quot;(
                      document: #&quot;_a-0000dd4b-0482-8000-9ba2-011c48011c48_18655&quot;
                    ), 
                    #&quot;SYSTEM_SYSRULES_documentImage&quot;(
                      document: #&quot;SYSTEM_SYSRULES_iconIndicator&quot;(icon: &quot;STATUS_WARN&quot;),
                      altText: &quot;Warning: End of Life Approaching&quot;,
                      caption: &quot;Warning: End of Life Approaching&quot;
                    ),
                    #&quot;SYSTEM_SYSRULES_documentImage&quot;(
                      document: #&quot;SYSTEM_SYSRULES_iconIndicator&quot;(icon: &quot;STATUS_ERROR&quot;),
                      altText: &quot;Error: End of Life Exceeded&quot;,
                      caption: &quot;Error: End of Life Exceeded&quot;
                    )), 
                    #&quot;SYSTEM_SYSRULES_applyComponents&quot;(function: #&quot;_a-0000dd4b-0482-8000-9ba2-011c48011c48_18477&quot;, array: local!datasubset.data)),
                  size: &quot;ICON&quot;  
                ), {})
              },
              identifiers: index(local!datasubset.data, &quot;vehicleId&quot;, {}),
              selection: not(ri!readOnly),
              value: local!gridSelection,
              saveInto: {local!gridSelection,
                a!save(ri!selections, index( local!datasubset.data, wherecontains(save!value.selected, local!datasubset.data.vehicleId), null) )
              }
            ),
            load(
              local!showColumns: false,
              {#&quot;SYSTEM_SYSRULES_richTextDisplayField&quot;(
              labelPosition: &quot;COLLAPSED&quot;,
              value: #&quot;SYSTEM_SYSRULES_richTextItem&quot;(
                text: if(local!showColumns, &quot;- Hide &quot;, &quot;+ Show &quot;) &amp; &quot;Columns&quot;,
                style: &quot;EMPHASIS&quot;,
                link: #&quot;SYSTEM_SYSRULES_dynamicLink&quot;(
                  value: not(local!showColumns),
                  saveInto: local!showColumns
                )
              )
            ),
            if(local!showColumns,
              {#&quot;SYSTEM_SYSRULES_checkboxField&quot;(
                labelPosition: &quot;COLLAPSED&quot;,
                choiceLabels: local!choiceLabels,
                choiceValues: local!choiceLabels,
                value: local!showColumn,
                saveInto: local!showColumn
              ),
              #&quot;SYSTEM_SYSRULES_richTextDisplayField&quot;(
                labelPosition: &quot;COLLAPSED&quot;,
                value: {#&quot;SYSTEM_SYSRULES_richTextItem&quot;(
                  text: char(9745) &amp; &quot; Select All&quot;,
                  link: #&quot;SYSTEM_SYSRULES_dynamicLink&quot;(
                    value: local!choiceLabels,
                    saveInto: local!showColumn
                  )
                ), &quot;   |  &quot;,
                #&quot;SYSTEM_SYSRULES_richTextItem&quot;(
                  text: char(9744) &amp; &quot; Deselect All&quot;,
                  link: #&quot;SYSTEM_SYSRULES_dynamicLink&quot;(
                    value: tostring({}),
                    saveInto: local!showColumn
                  )
                )
                }
              )
            }, {})}
            )
          }
        )
      )
    )
  }
)</definition>
        <namedTypedValue>
            <name>fleetId</name>
            <type>
                <name>int</name>
                <namespace>http://www.w3.org/2001/XMLSchema</namespace>
            </type>
        </namedTypedValue>
        <namedTypedValue>
            <name>selections</name>
            <type>
                <name>EFM_Vehicle?list</name>
                <namespace>urn:com:appian:types:EFM</namespace>
            </type>
        </namedTypedValue>
        <namedTypedValue>
            <name>readOnly</name>
            <type>
                <name>boolean</name>
                <namespace>http://www.w3.org/2001/XMLSchema</namespace>
            </type>
        </namedTypedValue>
        <preferredEditor>interface</preferredEditor>
        <offlineEnabled>false</offlineEnabled>
    </rule>
    <roleMap public="true">
        <role allowForAll="false" inherit="true" name="readers">
            <users/>
            <groups/>
        </role>
        <role allowForAll="false" inherit="true" name="authors">
            <users/>
            <groups/>
        </role>
        <role allowForAll="false" inherit="true" name="administrators">
            <users/>
            <groups/>
        </role>
        <role allowForAll="false" inherit="false" name="denyReaders">
            <users/>
            <groups/>
        </role>
        <role allowForAll="false" inherit="false" name="denyAuthors">
            <users/>
            <groups/>
        </role>
        <role allowForAll="false" inherit="false" name="denyAdministrators">
            <users/>
            <groups/>
        </role>
    </roleMap>
</contentHaul>
