<?xml version="1.0" encoding="UTF-8" standalone="yes"?>
<contentHaul xmlns:a="http://www.appian.com/ae/types/2009">
    <rule>
        <name>EFM_GenerateDocumentRow</name>
        <uuid>_a-0000dd17-9077-8000-9ba2-011c48011c48_10710</uuid>
        <description>Helper rule used to create a dataSubset of document properties</description>
        <parentUuid>_a-0000dd16-5d72-8000-9ba2-011c48011c48_6198</parentUuid>
        <visibility>
            <advertise>false</advertise>
            <hierarchy>true</hierarchy>
            <indexable>true</indexable>
            <quota>false</quota>
            <searchable>true</searchable>
            <system>false</system>
            <unlogged>false</unlogged>
        </visibility>
        <definition>={
  id: document(ri!doc,&quot;id&quot;),
  name: document(ri!doc, &quot;name&quot;),
  description: document(ri!doc, &quot;description&quot;),
  extension: upper(document(ri!doc, &quot;extension&quot;)),
  size: document(ri!doc, &quot;size&quot;),
  lastModifiedDt: todatetime(document(ri!doc, &quot;dateCreated&quot;)),
  lastModifiedBy: #&quot;_a-0000d690-12fb-8000-0f1a-010000010000_1352&quot;(document(ri!doc, &quot;lastUserToModify&quot;))
 
}</definition>
        <namedTypedValue>
            <name>doc</name>
            <type>
                <name>CollaborationDocument</name>
                <namespace>http://www.appian.com/ae/types/2009</namespace>
            </type>
        </namedTypedValue>
        <preferredEditor>legacy</preferredEditor>
        <offlineEnabled>false</offlineEnabled>
    </rule>
    <roleMap public="true">
        <role allowForAll="false" inherit="true" name="readers">
            <users/>
            <groups/>
        </role>
        <role allowForAll="false" inherit="true" name="authors">
            <users/>
            <groups/>
        </role>
        <role allowForAll="false" inherit="true" name="administrators">
            <users/>
            <groups/>
        </role>
        <role allowForAll="false" inherit="false" name="denyReaders">
            <users/>
            <groups/>
        </role>
        <role allowForAll="false" inherit="false" name="denyAuthors">
            <users/>
            <groups/>
        </role>
        <role allowForAll="false" inherit="false" name="denyAdministrators">
            <users/>
            <groups/>
        </role>
    </roleMap>
    <typedValue>
        <type>
            <name>RuleTestConfig?list</name>
            <namespace>http://www.appian.com/ae/types/2009</namespace>
        </type>
        <value>
            <el>
                <a:name>Test Doc</a:name>
                <a:ruleInputTestConfigs>
                    <a:value xmlns:xsi="http://www.w3.org/2001/XMLSchema-instance" xsi:type="a:Expression">9236</a:value>
                    <a:nameRef>doc</a:nameRef>
                    <a:id>1</a:id>
                </a:ruleInputTestConfigs>
                <a:assertions xmlns:xsi="http://www.w3.org/2001/XMLSchema-instance" xsi:nil="true"/>
            </el>
        </value>
    </typedValue>
</contentHaul>
