<?xml version="1.0" encoding="UTF-8" standalone="yes"?>
<contentHaul xmlns:a="http://www.appian.com/ae/types/2009">
    <rule>
        <name>EFM_SCT_Fleet_budgetChart</name>
        <uuid>_a-0000dd4b-0482-8000-9ba2-011c48011c48_18922</uuid>
        <description>POC - Line chart of historical expenses </description>
        <parentUuid>_a-0000dd16-5d72-8000-9ba2-011c48011c48_6199</parentUuid>
        <visibility>
            <advertise>false</advertise>
            <hierarchy>true</hierarchy>
            <indexable>true</indexable>
            <quota>false</quota>
            <searchable>true</searchable>
            <system>false</system>
            <unlogged>false</unlogged>
        </visibility>
        <definition>=load(
  with(
    local!datasubset: {},
    #&quot;SYSTEM_SYSRULES_lineChartField&quot;(
      label: &quot;Inventory Budget&quot;,
      categories: {&quot;Jan 2016&quot;, &quot;Feb 2016&quot;, &quot;Mar 2016&quot;, &quot;Apr 2016&quot;, &quot;May 2016&quot;, &quot;Jun 2016&quot;, &quot;Jul 2016&quot;, &quot;Aug 2016&quot;},
      showLegend: true,
      yAxisMin: 0,
      series: {
        #&quot;SYSTEM_SYSRULES_chartSeries&quot;(
          label: &quot;Tires&quot;,
          data: {0,0,0,9000,12000,12000,12000,12500}
        ),
        #&quot;SYSTEM_SYSRULES_chartSeries&quot;(
          label: &quot;Repair&quot;,
          data: {0,0,0,6000,9000,10000,10000,11000}
        ),
        #&quot;SYSTEM_SYSRULES_chartSeries&quot;(
          label: &quot;Oil&quot;,
          data: {0,0,0,0,0,0,0,0}
        ),
        #&quot;SYSTEM_SYSRULES_chartSeries&quot;(
          label: &quot;Maintenance&quot;,
          data: {250,350,500,500,500,750,750,750}
        ),
        #&quot;SYSTEM_SYSRULES_chartSeries&quot;(
          label: &quot;Gas&quot;,
          data: {100,200,300,400,1000,1200,1300,1400}
        ),
        #&quot;SYSTEM_SYSRULES_chartSeries&quot;(
          label: &quot;Other&quot;,
          data: {25,25,25,25,25,25,25,35}
        ),
        #&quot;SYSTEM_SYSRULES_chartSeries&quot;(
          label: &quot;Total&quot;,
          data: {375,575,825,15925,22525,23975,24075,25685}
        ),
        #&quot;SYSTEM_SYSRULES_chartSeries&quot;(
          label: &quot;Annual Budget&quot;,
          data: {30000,30000,30000,30000,30000,30000,30000,30000}
        )
      }
    )
  )
)</definition>
        <preferredEditor>interface</preferredEditor>
        <offlineEnabled>false</offlineEnabled>
    </rule>
    <roleMap public="true">
        <role allowForAll="false" inherit="true" name="readers">
            <users/>
            <groups/>
        </role>
        <role allowForAll="false" inherit="true" name="authors">
            <users/>
            <groups/>
        </role>
        <role allowForAll="false" inherit="true" name="administrators">
            <users>
                <userUuid>katie.hsu</userUuid>
            </users>
            <groups/>
        </role>
        <role allowForAll="false" inherit="false" name="denyReaders">
            <users/>
            <groups/>
        </role>
        <role allowForAll="false" inherit="false" name="denyAuthors">
            <users/>
            <groups/>
        </role>
        <role allowForAll="false" inherit="false" name="denyAdministrators">
            <users/>
            <groups/>
        </role>
    </roleMap>
</contentHaul>
