<?xml version="1.0" encoding="UTF-8" standalone="yes"?>
<contentHaul xmlns:a="http://www.appian.com/ae/types/2009">
    <rule>
        <name>EFM_CMPT_returnVehicleStatusIcon</name>
        <uuid>_a-0000dd17-9077-8000-9ba2-011c48011c48_6478</uuid>
        <description>Returns an icon for a vehicle depending on status</description>
        <parentUuid>_a-0000dd16-247e-8000-9ba2-011c48011c48_6191</parentUuid>
        <visibility>
            <advertise>false</advertise>
            <hierarchy>true</hierarchy>
            <indexable>true</indexable>
            <quota>false</quota>
            <searchable>true</searchable>
            <system>false</system>
            <unlogged>false</unlogged>
        </visibility>
        <definition> #&quot;SYSTEM_SYSRULES_iconIndicator&quot;(icon:if(ri!status=#&quot;_a-0000dd17-9077-8000-9ba2-011c48011c48_6466&quot;,
  &quot;STATUS_OK&quot;,
  if(ri!status=#&quot;_a-0000dd17-9077-8000-9ba2-011c48011c48_6467&quot;,
  &quot;HARVEY_0&quot;,&quot;REMOVE&quot;
  )
))</definition>
        <namedTypedValue>
            <name>status</name>
            <type>
                <name>string</name>
                <namespace>http://www.w3.org/2001/XMLSchema</namespace>
            </type>
            <value/>
        </namedTypedValue>
        <preferredEditor>legacy</preferredEditor>
        <offlineEnabled>false</offlineEnabled>
    </rule>
    <roleMap public="true">
        <role allowForAll="false" inherit="true" name="readers">
            <users/>
            <groups/>
        </role>
        <role allowForAll="false" inherit="true" name="authors">
            <users/>
            <groups/>
        </role>
        <role allowForAll="false" inherit="true" name="administrators">
            <users>
                <userUuid>justin.watts</userUuid>
            </users>
            <groups/>
        </role>
        <role allowForAll="false" inherit="false" name="denyReaders">
            <users/>
            <groups/>
        </role>
        <role allowForAll="false" inherit="false" name="denyAuthors">
            <users/>
            <groups/>
        </role>
        <role allowForAll="false" inherit="false" name="denyAdministrators">
            <users/>
            <groups/>
        </role>
    </roleMap>
</contentHaul>
