<?xml version="1.0" encoding="UTF-8" standalone="yes"?>
<contentHaul xmlns:a="http://www.appian.com/ae/types/2009">
    <rule>
        <name>EFM_FRM_Expense_createNew</name>
        <uuid>_a-0000dd17-9077-8000-9ba2-011c48011c48_6737</uuid>
        <description>Create a new expense (site version)</description>
        <parentUuid>_a-0000dd16-5d72-8000-9ba2-011c48011c48_6194</parentUuid>
        <visibility>
            <advertise>false</advertise>
            <hierarchy>true</hierarchy>
            <indexable>true</indexable>
            <quota>false</quota>
            <searchable>true</searchable>
            <system>false</system>
            <unlogged>false</unlogged>
        </visibility>
        <definition>=load(&#xD;
  local!item,&#xD;
  local!cost,&#xD;
  local!description,&#xD;
  local!attachments,&#xD;
  local!attachmentsFolder:#&quot;_a-0000dd17-9077-8000-9ba2-011c48011c48_9989&quot;,&#xD;
  local!expenseCategories: #&quot;SYSTEM_SYSRULES_queryEntity&quot;(&#xD;
    entity: #&quot;_a-0000dd17-9077-8000-9ba2-011c48011c48_10785&quot;,&#xD;
    query: #&quot;SYSTEM_SYSRULES_query&quot;(pagingInfo: #&quot;SYSTEM_SYSRULES_pagingInfo&quot;(startIndex: 1, batchSize: -1))&#xD;
  ).data,&#xD;
  #&quot;SYSTEM_SYSRULES_formLayout&quot;(&#xD;
    firstColumnContents: {&#xD;
      #&quot;SYSTEM_SYSRULES_dropdownField&quot;(&#xD;
        label: &quot;Expense Type&quot;,&#xD;
        placeholderLabel: &quot;--Select-- &quot;,&#xD;
        choiceLabels: index(local!expenseCategories, &quot;description&quot;, {}),&#xD;
        choiceValues: index(local!expenseCategories, &quot;id&quot;, {}),&#xD;
        value: tointeger(ri!expense.type),&#xD;
        saveInto: ri!expense.type, &#xD;
        required: true&#xD;
      ),&#xD;
      #&quot;SYSTEM_SYSRULES_floatingPointField&quot;(&#xD;
        label:&quot;Expense Cost ($)&quot;,&#xD;
        required:true,&#xD;
        value:index(ri!expense,&quot;amount&quot;,null),&#xD;
        saveInto:ri!expense.amount&#xD;
      ),&#xD;
      #&quot;SYSTEM_SYSRULES_fileUploadField&quot;(&#xD;
        label:&quot;Receipt&quot;,&#xD;
        target:local!attachmentsFolder,&#xD;
        documentName:&quot;Receipt&quot;,&#xD;
        required:true,&#xD;
        value:local!attachments,&#xD;
        saveInto:local!attachments&#xD;
      ),&#xD;
      #&quot;SYSTEM_SYSRULES_paragraphField&quot;(&#xD;
        label:&quot;Comments&quot;,&#xD;
        required:true,&#xD;
        value:index(ri!expense,&quot;comments&quot;,null),&#xD;
        saveInto:ri!expense.comments&#xD;
      )      &#xD;
      &#xD;
    },&#xD;
    secondColumnContents: {},&#xD;
    buttons: &#xD;
      #&quot;SYSTEM_SYSRULES_ButtonLayout&quot;(&#xD;
        secondaryButtons:{&#xD;
            #&quot;SYSTEM_SYSRULES_ButtonWidgetSubmit&quot;(&#xD;
              label: #&quot;_a-0000dd17-9077-8000-9ba2-011c48011c48_6715&quot;,&#xD;
              style: &quot;NORMAL&quot;,&#xD;
              value: #&quot;_a-0000dd17-9077-8000-9ba2-011c48011c48_6715&quot;,&#xD;
              skipValidation:true,&#xD;
              saveInto: {&#xD;
                  ri!submitValue&#xD;
              }&#xD;
            )          &#xD;
        },&#xD;
        primaryButtons: {&#xD;
            #&quot;SYSTEM_SYSRULES_ButtonWidgetSubmit&quot;(&#xD;
              label: #&quot;_a-0000dd17-9077-8000-9ba2-011c48011c48_6617&quot;,&#xD;
              style: &quot;PRIMARY&quot;,&#xD;
              value:#&quot;_a-0000dd17-9077-8000-9ba2-011c48011c48_6617&quot;,&#xD;
              saveInto: {&#xD;
                ri!submitValue,&#xD;
                a!save(ri!expense.expenseDateTime,now()),&#xD;
                a!save(ri!expense.tripId,1),&#xD;
                a!save(ri!expense.vehicleId,1),&#xD;
                a!save(ri!expense.userId,1),&#xD;
              }&#xD;
            )&#xD;
        }&#xD;
      ),&#xD;
    validations: {}&#xD;
  )&#xD;
&#xD;
)</definition>
        <namedTypedValue>
            <name>submitValue</name>
            <type>
                <name>string</name>
                <namespace>http://www.w3.org/2001/XMLSchema</namespace>
            </type>
            <value/>
        </namedTypedValue>
        <namedTypedValue>
            <name>expense</name>
            <type>
                <name>EFM_HTW_Expenses</name>
                <namespace>urn:com:appian:types:EFM</namespace>
            </type>
        </namedTypedValue>
        <preferredEditor>interface</preferredEditor>
        <offlineEnabled>false</offlineEnabled>
    </rule>
    <roleMap public="true">
        <role allowForAll="false" inherit="true" name="readers">
            <users/>
            <groups/>
        </role>
        <role allowForAll="false" inherit="true" name="authors">
            <users/>
            <groups/>
        </role>
        <role allowForAll="false" inherit="true" name="administrators">
            <users/>
            <groups/>
        </role>
        <role allowForAll="false" inherit="false" name="denyReaders">
            <users/>
            <groups/>
        </role>
        <role allowForAll="false" inherit="false" name="denyAuthors">
            <users/>
            <groups/>
        </role>
        <role allowForAll="false" inherit="false" name="denyAdministrators">
            <users/>
            <groups/>
        </role>
    </roleMap>
    <typedValue>
        <type>
            <name>RuleTestConfig?list</name>
            <namespace>http://www.appian.com/ae/types/2009</namespace>
        </type>
        <value>
            <el>
                <a:name/>
                <a:ruleInputTestConfigs>
                    <a:value xmlns:xsd="http://www.w3.org/2001/XMLSchema" xmlns:xsi="http://www.w3.org/2001/XMLSchema-instance" xsi:type="xsd:string"/>
                    <a:nameRef>submitValue</a:nameRef>
                    <a:id/>
                </a:ruleInputTestConfigs>
                <a:ruleInputTestConfigs>
                    <a:value xmlns:n1="urn:com:appian:types:EFM" xmlns:xsi="http://www.w3.org/2001/XMLSchema-instance" xsi:nil="true" xsi:type="n1:EFM_HTW_Expenses"/>
                    <a:nameRef>expense</a:nameRef>
                    <a:id/>
                </a:ruleInputTestConfigs>
                <a:assertions xmlns:xsi="http://www.w3.org/2001/XMLSchema-instance" xsi:nil="true"/>
            </el>
        </value>
    </typedValue>
</contentHaul>
