<?xml version="1.0" encoding="UTF-8" standalone="yes"?>
<contentHaul xmlns:a="http://www.appian.com/ae/types/2009">
    <rule>
        <name>EFM_CMPT_displayFolderContents</name>
        <uuid>_a-0000dd17-9077-8000-9ba2-011c48011c48_10707</uuid>
        <description>SAIL grid that displays the documents in a given folder</description>
        <parentUuid>_a-0000dd16-247e-8000-9ba2-011c48011c48_6191</parentUuid>
        <visibility>
            <advertise>false</advertise>
            <hierarchy>true</hierarchy>
            <indexable>true</indexable>
            <quota>false</quota>
            <searchable>true</searchable>
            <system>false</system>
            <unlogged>false</unlogged>
        </visibility>
        <definition>=&#xD;
/*&#xD;
=== INPUTS ===&#xD;
&#xD;
* folder (Folder) :: The folder whose contents will be displayed. Required Input.&#xD;
* batchSize (Integer) :: Number of documents to display per page. Default is -1 (Show All).&#xD;
* gridLabel (Text) :: Label for the document grid. If left null, no label will be shown.&#xD;
* tooltipText (Text) :: Text to appear in a tooltip next to the grid label. If no input is provided, the tooltip will be absent.&#xD;
* recursiveSearch (Boolean) :: If true, will display documents in subfolders of the selected document. Default false.&#xD;
* selection (Boolean) :: Determines if grid is selectable. Default false.&#xD;
* requireSelection (Boolean) :: indicates if selection is required. Default false, and automatically false if not selectable.&#xD;
* selectedDocumentIds (Integer Array) :: Stores the IDs of the currently selected document(s).&#xD;
* limitSelections (Boolean) :: indicates if there is a maximum number of documents that can be selected. Default false.&#xD;
* maxSelections (Integer) :: Indicates the maximum number of selections that can be made, if selections are limited. Default 1.&#xD;
       ** NOTE: Behavior is such that, if an additional selection is made after the maximum number of selections is reached, the &quot;first&quot; (least recent) selection will be unselected.&#xD;
* gridinstructions (Text) :: optional instruction text&#xD;
* hideColDescription (Boolean) :: determines if Description column is hidden. Default false.&#xD;
* hideColExtension (Boolean) :: determines if Extension column is hidden. Default false.&#xD;
* hideColSize (Boolean) :: determines if File Size column is hidden. Default true.&#xD;
* hideColLastModBy (Boolean) :: determines if Last Modified By column is hidden. Default false.&#xD;
* hideColLastModDt (Boolean) :: determines if Last Modified Date column is hidden. Default false.&#xD;
* emptyGridMessage (Text) :: Message to display if no documents are available. Default: &quot;No Available Documents&quot;.&#xD;
* requiredMessage (Text) :: Message to display if selection is required. Default: &quot;Please select document(s)&quot;.&#xD;
* validations (Text Array) :: Validation Messages&#xD;
* validationGroup (Text) :: When present, this field is only validated when a button in the same validation group is pressed.&#xD;
&#xD;
=== /INPUTS ===&#xD;
*/&#xD;
&#xD;
load(&#xD;
  &#xD;
  /* Initialize variables with null-checks and safeguards */&#xD;
  local!isValidFolder: #&quot;_a-0000dd17-9077-8000-9ba2-011c48011c48_10708&quot;(ri!folder),&#xD;
  &#xD;
  local!batchSize: if(&#xD;
   or(&#xD;
      #&quot;_a-0000d62a-67b3-8000-da6f-010000010000_950&quot;(ri!batchSize),&#xD;
      ri!batchSize &lt; 1&#xD;
   ),&#xD;
   -1,&#xD;
    ri!batchSize&#xD;
  ),&#xD;
  local!recursiveSearch: if(&#xD;
    ri!recursiveSearch,&#xD;
    true,&#xD;
    false&#xD;
  ),&#xD;
  local!selection: if(&#xD;
    ri!selection,&#xD;
    true,&#xD;
    false&#xD;
  ),&#xD;
  local!requireSelection: if(&#xD;
    ri!selection,&#xD;
    if(&#xD;
      ri!requireSelection,&#xD;
      true,&#xD;
      false&#xD;
    ),&#xD;
    false&#xD;
  ),&#xD;
  local!limitSelections: if(&#xD;
    ri!limitSelections,&#xD;
    true,&#xD;
    false&#xD;
  ),&#xD;
  local!maxSelections: if(&#xD;
    or(&#xD;
      #&quot;_a-0000d62a-67b3-8000-da6f-010000010000_950&quot;(ri!maxSelections),&#xD;
      ri!maxSelections &lt; 1&#xD;
    ),&#xD;
    1,&#xD;
    ri!maxSelections&#xD;
  ),&#xD;
  &#xD;
  /* initialize gridSelection */&#xD;
  local!gridSelection: #&quot;SYSTEM_SYSRULES_gridSelection&quot;(&#xD;
    pagingInfo: #&quot;SYSTEM_SYSRULES_pagingInfo&quot;(&#xD;
      startIndex: 1,&#xD;
      batchSize: local!batchSize,&#xD;
      sort: #&quot;SYSTEM_SYSRULES_sortInfo&quot;(&#xD;
        field: &quot;id&quot;,&#xD;
        ascending: true&#xD;
      )&#xD;
    ),&#xD;
    selected: if(&#xD;
      local!selection,&#xD;
      if(&#xD;
        #&quot;_a-0000d62a-67b3-8000-da6f-010000010000_950&quot;(ri!selectedDocumentIds),&#xD;
        tointeger({}),&#xD;
        ri!selectedDocumentIds&#xD;
      ),&#xD;
      tointeger({})&#xD;
    )&#xD;
  ),&#xD;
  &#xD;
  local!documentsFromFolder: if(&#xD;
    local!isValidFolder,&#xD;
    fn!getdocumentsfromfolder(&#xD;
      rootFolder: ri!folder,&#xD;
      recursiveSearch: local!recursiveSearch&#xD;
    ),&#xD;
    {}&#xD;
  ),&#xD;
  local!hideColDescription: if(&#xD;
    ri!hideColDescription,&#xD;
    true,&#xD;
    false&#xD;
  ),&#xD;
  local!hideColExtension: if(&#xD;
    ri!hideColExtension,&#xD;
    true,&#xD;
    false&#xD;
  ),&#xD;
  local!hideColSize: if(&#xD;
    #&quot;_a-0000d62a-67b3-8000-da6f-010000010000_950&quot;(ri!hideColSize),&#xD;
    true,&#xD;
    ri!hideColSize&#xD;
  ),&#xD;
  local!hideColLastModBy: if(&#xD;
    ri!hideColLastModBy,&#xD;
    true,&#xD;
    false&#xD;
  ),&#xD;
  local!hideColLastModDt: if(&#xD;
    ri!hideColLastModDt,&#xD;
    true,&#xD;
    false&#xD;
  ),&#xD;
  local!emptyGridMessage: if(&#xD;
    #&quot;_a-0000d62a-67b3-8000-da6f-010000010000_950&quot;(ri!emptyGridMessage),&#xD;
    &quot;No Available Documents&quot;,&#xD;
    ri!emptyGridMessage&#xD;
  ),&#xD;
  local!requiredMessage: if(&#xD;
    #&quot;_a-0000d62a-67b3-8000-da6f-010000010000_950&quot;(ri!requiredMessage),&#xD;
    &quot;Please Select Document(s)&quot;,&#xD;
    ri!requiredMessage&#xD;
  ),&#xD;
  &#xD;
  &#xD;
  with(&#xD;
    &#xD;
    local!documentDataSubset: fn!todatasubset(&#xD;
      arrayToPage: apply(&#xD;
        #&quot;_a-0000dd17-9077-8000-9ba2-011c48011c48_10710&quot;(_),&#xD;
        local!documentsFromFolder&#xD;
      ),&#xD;
      pagingConfiguration: local!gridSelection.pagingInfo&#xD;
    ),&#xD;
    &#xD;
    &#xD;
    if(&#xD;
      local!isValidFolder,&#xD;
      {&#xD;
        #&quot;SYSTEM_SYSRULES_gridField&quot;(&#xD;
          label: ri!gridLabel,&#xD;
          instructions: ri!gridInstructions,&#xD;
          helpTooltip: ri!tooltipText,&#xD;
          totalCount: local!documentDataSubset.totalCount,&#xD;
          selection: local!selection,&#xD;
          requireSelection: local!requireSelection,&#xD;
          requiredMessage: local!requiredMessage,&#xD;
          identifiers: property(local!documentDataSubset.data, &quot;id&quot;, {}),&#xD;
          columns: {&#xD;
            #&quot;SYSTEM_SYSRULES_gridTextColumn&quot;(&#xD;
              label: &quot;Name&quot;,&#xD;
              field: &quot;name&quot;,&#xD;
              data: property(local!documentDataSubset.data, &quot;name&quot;, {}),&#xD;
              links: apply(&#xD;
                #&quot;SYSTEM_SYSRULES_documentDownloadLink&quot;(document: _),&#xD;
                property(local!documentDataSubset.data, &quot;id&quot;, {})&#xD;
              )&#xD;
            ),&#xD;
            if(&#xD;
              local!hideColDescription,&#xD;
              {},&#xD;
              #&quot;SYSTEM_SYSRULES_gridTextColumn&quot;(&#xD;
                label: &quot;Description&quot;,&#xD;
                field: &quot;description&quot;,&#xD;
                data: property(local!documentDataSubset.data, &quot;description&quot;, {})&#xD;
              )&#xD;
            ),&#xD;
            if(&#xD;
              local!hideColExtension,&#xD;
              {},&#xD;
              #&quot;SYSTEM_SYSRULES_gridTextColumn&quot;(&#xD;
                label: &quot;File Type&quot;,&#xD;
                field: &quot;extension&quot;,&#xD;
                data: property(local!documentDataSubset.data, &quot;extension&quot;, {})&#xD;
              )&#xD;
            ),&#xD;
            if(&#xD;
              local!hideColSize,&#xD;
              {},&#xD;
              #&quot;SYSTEM_SYSRULES_gridTextColumn&quot;(&#xD;
                label: &quot;File Size (Bytes)&quot;,&#xD;
                field: &quot;size&quot;,&#xD;
                data: property(local!documentDataSubset.data, &quot;size&quot;, {})&#xD;
              )&#xD;
            ),&#xD;
            if(&#xD;
              local!hideColLastModDt,&#xD;
              {},&#xD;
              #&quot;SYSTEM_SYSRULES_gridTextColumn&quot;(&#xD;
                label: &quot;Last Modified&quot;,&#xD;
                field: &quot;lastModifiedDt&quot;,&#xD;
                data: property(local!documentDataSubset.data, &quot;lastModifiedDt&quot;, {})&#xD;
              )&#xD;
            ),&#xD;
            if(&#xD;
              local!hideColLastModBy,&#xD;
              {},&#xD;
              #&quot;SYSTEM_SYSRULES_gridTextColumn&quot;(&#xD;
                label: &quot;Uploaded By&quot;,&#xD;
                field: &quot;lastModifiedBy&quot;,&#xD;
                data: property(local!documentDataSubset.data, &quot;lastModifiedBy&quot;, {})&#xD;
              )&#xD;
            )&#xD;
            &#xD;
            &#xD;
          },&#xD;
          emptyGridMessage: local!emptyGridMessage,&#xD;
          value: local!gridSelection,&#xD;
          saveInto: {&#xD;
            a!save(&#xD;
              target: local!gridSelection,&#xD;
              value: #&quot;SYSTEM_SYSRULES_gridSelection&quot;(&#xD;
                pagingInfo: save!value.pagingInfo,&#xD;
                selected: if(&#xD;
                  and(local!limitSelections, length(save!value.selected) &gt; local!maxSelections),&#xD;
                  ldrop(save!value.selected, length(save!value.selected)-local!maxSelections),&#xD;
                  save!value.selected&#xD;
                )&#xD;
              )&#xD;
            ),&#xD;
            a!save(&#xD;
              target: ri!selectedDocumentIds,&#xD;
              value: if(&#xD;
                local!selection,&#xD;
                if(&#xD;
                  and(local!limitSelections, length(save!value.selected) &gt; local!maxSelections),&#xD;
                  ldrop(save!value.selected, length(save!value.selected)-local!maxSelections),&#xD;
                  save!value.selected&#xD;
                ),&#xD;
                ri!selectedDocumentIds&#xD;
              )&#xD;
            )&#xD;
          },&#xD;
          validations: ri!validations,&#xD;
          validationGroup: ri!validationGroup&#xD;
          &#xD;
          &#xD;
        )&#xD;
      },&#xD;
      {/* empty */}&#xD;
    )&#xD;
  )&#xD;
)</definition>
        <namedTypedValue>
            <name>folder</name>
            <type>
                <name>CollaborationFolder</name>
                <namespace>http://www.appian.com/ae/types/2009</namespace>
            </type>
        </namedTypedValue>
        <namedTypedValue>
            <name>batchSize</name>
            <type>
                <name>int</name>
                <namespace>http://www.w3.org/2001/XMLSchema</namespace>
            </type>
        </namedTypedValue>
        <namedTypedValue>
            <name>gridLabel</name>
            <type>
                <name>string</name>
                <namespace>http://www.w3.org/2001/XMLSchema</namespace>
            </type>
            <value/>
        </namedTypedValue>
        <namedTypedValue>
            <name>tooltipText</name>
            <type>
                <name>string</name>
                <namespace>http://www.w3.org/2001/XMLSchema</namespace>
            </type>
            <value/>
        </namedTypedValue>
        <namedTypedValue>
            <name>recursiveSearch</name>
            <type>
                <name>boolean</name>
                <namespace>http://www.w3.org/2001/XMLSchema</namespace>
            </type>
        </namedTypedValue>
        <namedTypedValue>
            <name>selection</name>
            <type>
                <name>boolean</name>
                <namespace>http://www.w3.org/2001/XMLSchema</namespace>
            </type>
        </namedTypedValue>
        <namedTypedValue>
            <name>requireSelection</name>
            <type>
                <name>boolean</name>
                <namespace>http://www.w3.org/2001/XMLSchema</namespace>
            </type>
        </namedTypedValue>
        <namedTypedValue>
            <name>selectedDocumentIds</name>
            <type>
                <name>Integer?list</name>
                <namespace>http://www.appian.com/ae/types/2009</namespace>
            </type>
        </namedTypedValue>
        <namedTypedValue>
            <name>limitSelections</name>
            <type>
                <name>boolean</name>
                <namespace>http://www.w3.org/2001/XMLSchema</namespace>
            </type>
        </namedTypedValue>
        <namedTypedValue>
            <name>maxSelections</name>
            <type>
                <name>int</name>
                <namespace>http://www.w3.org/2001/XMLSchema</namespace>
            </type>
        </namedTypedValue>
        <namedTypedValue>
            <name>gridInstructions</name>
            <type>
                <name>string</name>
                <namespace>http://www.w3.org/2001/XMLSchema</namespace>
            </type>
            <value/>
        </namedTypedValue>
        <namedTypedValue>
            <name>hideColDescription</name>
            <type>
                <name>boolean</name>
                <namespace>http://www.w3.org/2001/XMLSchema</namespace>
            </type>
        </namedTypedValue>
        <namedTypedValue>
            <name>hideColExtension</name>
            <type>
                <name>boolean</name>
                <namespace>http://www.w3.org/2001/XMLSchema</namespace>
            </type>
        </namedTypedValue>
        <namedTypedValue>
            <name>hideColSize</name>
            <type>
                <name>boolean</name>
                <namespace>http://www.w3.org/2001/XMLSchema</namespace>
            </type>
        </namedTypedValue>
        <namedTypedValue>
            <name>hideColLastModBy</name>
            <type>
                <name>boolean</name>
                <namespace>http://www.w3.org/2001/XMLSchema</namespace>
            </type>
        </namedTypedValue>
        <namedTypedValue>
            <name>hideColLastModDt</name>
            <type>
                <name>boolean</name>
                <namespace>http://www.w3.org/2001/XMLSchema</namespace>
            </type>
        </namedTypedValue>
        <namedTypedValue>
            <name>emptyGridMessage</name>
            <type>
                <name>string</name>
                <namespace>http://www.w3.org/2001/XMLSchema</namespace>
            </type>
            <value/>
        </namedTypedValue>
        <namedTypedValue>
            <name>requiredMessage</name>
            <type>
                <name>string</name>
                <namespace>http://www.w3.org/2001/XMLSchema</namespace>
            </type>
            <value/>
        </namedTypedValue>
        <namedTypedValue>
            <name>validations</name>
            <type>
                <name>Text?list</name>
                <namespace>http://www.appian.com/ae/types/2009</namespace>
            </type>
        </namedTypedValue>
        <namedTypedValue>
            <name>validationGroup</name>
            <type>
                <name>string</name>
                <namespace>http://www.w3.org/2001/XMLSchema</namespace>
            </type>
            <value/>
        </namedTypedValue>
        <preferredEditor>interface</preferredEditor>
        <offlineEnabled>false</offlineEnabled>
    </rule>
    <roleMap public="true">
        <role allowForAll="false" inherit="true" name="readers">
            <users/>
            <groups/>
        </role>
        <role allowForAll="false" inherit="true" name="authors">
            <users/>
            <groups/>
        </role>
        <role allowForAll="false" inherit="true" name="administrators">
            <users>
                <userUuid>michael.lasutschinkow</userUuid>
            </users>
            <groups/>
        </role>
        <role allowForAll="false" inherit="false" name="denyReaders">
            <users/>
            <groups/>
        </role>
        <role allowForAll="false" inherit="false" name="denyAuthors">
            <users/>
            <groups/>
        </role>
        <role allowForAll="false" inherit="false" name="denyAdministrators">
            <users/>
            <groups/>
        </role>
    </roleMap>
    <typedValue>
        <type>
            <name>RuleTestConfig?list</name>
            <namespace>http://www.appian.com/ae/types/2009</namespace>
        </type>
        <value>
            <el>
                <a:name/>
                <a:ruleInputTestConfigs>
                    <a:value xmlns:xsi="http://www.w3.org/2001/XMLSchema-instance" xsi:type="a:Expression">9230</a:value>
                    <a:nameRef>folder</a:nameRef>
                    <a:id/>
                </a:ruleInputTestConfigs>
                <a:ruleInputTestConfigs>
                    <a:value xmlns:xsd="http://www.w3.org/2001/XMLSchema" xmlns:xsi="http://www.w3.org/2001/XMLSchema-instance" xsi:nil="true" xsi:type="xsd:int"/>
                    <a:nameRef>batchSize</a:nameRef>
                    <a:id/>
                </a:ruleInputTestConfigs>
                <a:ruleInputTestConfigs>
                    <a:value xmlns:xsd="http://www.w3.org/2001/XMLSchema" xmlns:xsi="http://www.w3.org/2001/XMLSchema-instance" xsi:type="xsd:string"/>
                    <a:nameRef>gridLabel</a:nameRef>
                    <a:id/>
                </a:ruleInputTestConfigs>
                <a:ruleInputTestConfigs>
                    <a:value xmlns:xsd="http://www.w3.org/2001/XMLSchema" xmlns:xsi="http://www.w3.org/2001/XMLSchema-instance" xsi:type="xsd:string"/>
                    <a:nameRef>tooltipText</a:nameRef>
                    <a:id/>
                </a:ruleInputTestConfigs>
                <a:ruleInputTestConfigs>
                    <a:value xmlns:xsd="http://www.w3.org/2001/XMLSchema" xmlns:xsi="http://www.w3.org/2001/XMLSchema-instance" xsi:nil="true" xsi:type="xsd:boolean"/>
                    <a:nameRef>recursiveSearch</a:nameRef>
                    <a:id/>
                </a:ruleInputTestConfigs>
                <a:ruleInputTestConfigs>
                    <a:value xmlns:xsd="http://www.w3.org/2001/XMLSchema" xmlns:xsi="http://www.w3.org/2001/XMLSchema-instance" xsi:nil="true" xsi:type="xsd:boolean"/>
                    <a:nameRef>selection</a:nameRef>
                    <a:id/>
                </a:ruleInputTestConfigs>
                <a:ruleInputTestConfigs>
                    <a:value xmlns:xsd="http://www.w3.org/2001/XMLSchema" xmlns:xsi="http://www.w3.org/2001/XMLSchema-instance" xsi:nil="true" xsi:type="xsd:boolean"/>
                    <a:nameRef>requireSelection</a:nameRef>
                    <a:id/>
                </a:ruleInputTestConfigs>
                <a:ruleInputTestConfigs>
                    <a:nameRef>selectedDocumentIds</a:nameRef>
                    <a:id/>
                </a:ruleInputTestConfigs>
                <a:ruleInputTestConfigs>
                    <a:value xmlns:xsd="http://www.w3.org/2001/XMLSchema" xmlns:xsi="http://www.w3.org/2001/XMLSchema-instance" xsi:nil="true" xsi:type="xsd:boolean"/>
                    <a:nameRef>limitSelections</a:nameRef>
                    <a:id/>
                </a:ruleInputTestConfigs>
                <a:ruleInputTestConfigs>
                    <a:value xmlns:xsd="http://www.w3.org/2001/XMLSchema" xmlns:xsi="http://www.w3.org/2001/XMLSchema-instance" xsi:nil="true" xsi:type="xsd:int"/>
                    <a:nameRef>maxSelections</a:nameRef>
                    <a:id/>
                </a:ruleInputTestConfigs>
                <a:ruleInputTestConfigs>
                    <a:value xmlns:xsd="http://www.w3.org/2001/XMLSchema" xmlns:xsi="http://www.w3.org/2001/XMLSchema-instance" xsi:type="xsd:string"/>
                    <a:nameRef>gridInstructions</a:nameRef>
                    <a:id/>
                </a:ruleInputTestConfigs>
                <a:ruleInputTestConfigs>
                    <a:value xmlns:xsd="http://www.w3.org/2001/XMLSchema" xmlns:xsi="http://www.w3.org/2001/XMLSchema-instance" xsi:nil="true" xsi:type="xsd:boolean"/>
                    <a:nameRef>hideColDescription</a:nameRef>
                    <a:id/>
                </a:ruleInputTestConfigs>
                <a:ruleInputTestConfigs>
                    <a:value xmlns:xsd="http://www.w3.org/2001/XMLSchema" xmlns:xsi="http://www.w3.org/2001/XMLSchema-instance" xsi:nil="true" xsi:type="xsd:boolean"/>
                    <a:nameRef>hideColExtension</a:nameRef>
                    <a:id/>
                </a:ruleInputTestConfigs>
                <a:ruleInputTestConfigs>
                    <a:value xmlns:xsd="http://www.w3.org/2001/XMLSchema" xmlns:xsi="http://www.w3.org/2001/XMLSchema-instance" xsi:type="xsd:boolean">false</a:value>
                    <a:nameRef>hideColSize</a:nameRef>
                    <a:id/>
                </a:ruleInputTestConfigs>
                <a:ruleInputTestConfigs>
                    <a:value xmlns:xsd="http://www.w3.org/2001/XMLSchema" xmlns:xsi="http://www.w3.org/2001/XMLSchema-instance" xsi:nil="true" xsi:type="xsd:boolean"/>
                    <a:nameRef>hideColLastModBy</a:nameRef>
                    <a:id/>
                </a:ruleInputTestConfigs>
                <a:ruleInputTestConfigs>
                    <a:value xmlns:xsd="http://www.w3.org/2001/XMLSchema" xmlns:xsi="http://www.w3.org/2001/XMLSchema-instance" xsi:nil="true" xsi:type="xsd:boolean"/>
                    <a:nameRef>hideColLastModDt</a:nameRef>
                    <a:id/>
                </a:ruleInputTestConfigs>
                <a:ruleInputTestConfigs>
                    <a:value xmlns:xsd="http://www.w3.org/2001/XMLSchema" xmlns:xsi="http://www.w3.org/2001/XMLSchema-instance" xsi:type="xsd:string"/>
                    <a:nameRef>emptyGridMessage</a:nameRef>
                    <a:id/>
                </a:ruleInputTestConfigs>
                <a:ruleInputTestConfigs>
                    <a:value xmlns:xsd="http://www.w3.org/2001/XMLSchema" xmlns:xsi="http://www.w3.org/2001/XMLSchema-instance" xsi:type="xsd:string"/>
                    <a:nameRef>requiredMessage</a:nameRef>
                    <a:id/>
                </a:ruleInputTestConfigs>
                <a:ruleInputTestConfigs>
                    <a:nameRef>validations</a:nameRef>
                    <a:id/>
                </a:ruleInputTestConfigs>
                <a:ruleInputTestConfigs>
                    <a:value xmlns:xsd="http://www.w3.org/2001/XMLSchema" xmlns:xsi="http://www.w3.org/2001/XMLSchema-instance" xsi:type="xsd:string"/>
                    <a:nameRef>validationGroup</a:nameRef>
                    <a:id/>
                </a:ruleInputTestConfigs>
                <a:assertions xmlns:xsi="http://www.w3.org/2001/XMLSchema-instance" xsi:nil="true"/>
            </el>
        </value>
    </typedValue>
</contentHaul>
