<?xml version="1.0" encoding="UTF-8" standalone="yes"?>
<contentHaul xmlns:a="http://www.appian.com/ae/types/2009">
    <rule>
        <name>EFM_ValidateTextField</name>
        <uuid>_a-0000dd17-9077-8000-9ba2-011c48011c48_10859</uuid>
        <description></description>
        <parentUuid>_a-0000dd16-5d72-8000-9ba2-011c48011c48_6200</parentUuid>
        <visibility>
            <advertise>false</advertise>
            <hierarchy>true</hierarchy>
            <indexable>true</indexable>
            <quota>false</quota>
            <searchable>true</searchable>
            <system>false</system>
            <unlogged>false</unlogged>
        </visibility>
        <definition>= load(
  local!textlen: len(ri!text),
  concat(
    /* Length Validation */
    if(
      and(
        not(#&quot;_a-0000d62a-67b3-8000-da6f-010000010000_950&quot;(ri!maxLength)),
        local!textlen &gt; ri!maxlength
      ),
      &quot;Max field length is &quot; &amp; ri!maxLength &amp; &quot; characters. Current value is &quot; &amp; local!textlen &amp; &quot; characters. &quot;,
      &quot;&quot;
    ),
    if(
      stripwith(ri!text, ri!invalidChars) &lt;&gt; ri!text,
      &quot;No special characters allowed: &quot; &amp; ri!invalidChars,
      &quot;&quot;
    )
  )
    
)</definition>
        <namedTypedValue>
            <name>text</name>
            <type>
                <name>string</name>
                <namespace>http://www.w3.org/2001/XMLSchema</namespace>
            </type>
            <value/>
        </namedTypedValue>
        <namedTypedValue>
            <name>maxLength</name>
            <type>
                <name>int</name>
                <namespace>http://www.w3.org/2001/XMLSchema</namespace>
            </type>
        </namedTypedValue>
        <namedTypedValue>
            <name>invalidChars</name>
            <type>
                <name>string</name>
                <namespace>http://www.w3.org/2001/XMLSchema</namespace>
            </type>
            <value/>
        </namedTypedValue>
        <preferredEditor>legacy</preferredEditor>
        <offlineEnabled>false</offlineEnabled>
    </rule>
    <roleMap public="true">
        <role allowForAll="false" inherit="true" name="readers">
            <users/>
            <groups/>
        </role>
        <role allowForAll="false" inherit="true" name="authors">
            <users/>
            <groups/>
        </role>
        <role allowForAll="false" inherit="true" name="administrators">
            <users/>
            <groups/>
        </role>
        <role allowForAll="false" inherit="false" name="denyReaders">
            <users/>
            <groups/>
        </role>
        <role allowForAll="false" inherit="false" name="denyAuthors">
            <users/>
            <groups/>
        </role>
        <role allowForAll="false" inherit="false" name="denyAdministrators">
            <users/>
            <groups/>
        </role>
    </roleMap>
</contentHaul>
