<?xml version="1.0" encoding="UTF-8" standalone="yes"?>
<contentHaul xmlns:a="http://www.appian.com/ae/types/2009">
    <rule>
        <name>EFM_DASH_Vehicle_Financials</name>
        <uuid>_a-0000dd17-9077-8000-9ba2-011c48011c48_6681</uuid>
        <description>Financials of a vehicle</description>
        <parentUuid>_a-0000dd16-785e-8000-9ba2-011c48011c48_6259</parentUuid>
        <visibility>
            <advertise>false</advertise>
            <hierarchy>true</hierarchy>
            <indexable>true</indexable>
            <quota>false</quota>
            <searchable>true</searchable>
            <system>false</system>
            <unlogged>false</unlogged>
        </visibility>
        <definition>=load(
  local!expPagingInfo: #&quot;SYSTEM_SYSRULES_pagingInfo&quot;(
    startIndex: 1,
    batchSize: -1,
    sort: #&quot;SYSTEM_SYSRULES_sortInfo&quot;(field: &quot;amount&quot;, ascending: false)
  ),
  local!pagingInfo:#&quot;SYSTEM_SYSRULES_pagingInfo&quot;(
    startIndex:1,
    batchSize:#&quot;_a-0000dd4b-0482-8000-9ba2-011c48011c48_18352&quot;,
    sort: #&quot;SYSTEM_SYSRULES_sortInfo&quot;(
      field: &quot;date&quot;,
      ascending: false
    )
    ),
  local!departments: {&quot;HR&quot;, &quot;Marketing&quot;, &quot;Sales&quot;, &quot;IT&quot;},
  local!expenseCategories: #&quot;SYSTEM_SYSRULES_queryEntity&quot;(
    entity: #&quot;_a-0000dd17-9077-8000-9ba2-011c48011c48_10785&quot;,
    query: #&quot;SYSTEM_SYSRULES_query&quot;(pagingInfo: #&quot;SYSTEM_SYSRULES_pagingInfo&quot;(startIndex: 1, batchSize: -1))
  ).data, 
  with(
  local!expenseData: #&quot;2d948d60-492f-44f6-8af0-97272bff613f&quot;(vehicleId: ri!vehicleId, pagingInfo: local!pagingInfo),
    local!datasubset: #&quot;SYSTEM_SYSRULES_queryEntity&quot;(
      entity: #&quot;_a-0000dd4b-0482-8000-9ba2-011c48011c48_18877&quot;,
      query: #&quot;SYSTEM_SYSRULES_query&quot;(
        logicalExpression: #&quot;SYSTEM_SYSRULES_queryLogicalExpression&quot;(
          operator: &quot;AND&quot;,
          filters: {
            if(#&quot;2168a5de-fb70-4d66-8b97-b547e3ac6e57&quot;(ri!vehicleId), 
              #&quot;SYSTEM_SYSRULES_queryFilter&quot;(field: &quot;vehicleId&quot;, operator: &quot;not null&quot;),
              #&quot;SYSTEM_SYSRULES_queryFilter&quot;(field: &quot;vehicleId&quot;, operator: &quot;=&quot;, value: ri!vehicleId)
            )
          }
        ),
        aggregation: #&quot;SYSTEM_SYSRULES_queryAggregation&quot;(aggregationColumns: {
          #&quot;SYSTEM_SYSRULES_queryAggregationColumn&quot;(field: &quot;categoryId&quot;, isGrouping: true),
          #&quot;SYSTEM_SYSRULES_queryAggregationColumn&quot;(field: &quot;amount&quot;, aggregationFunction: &quot;SUM&quot;)
        }),
        pagingInfo: local!expPagingInfo
      )
    ),
  #&quot;SYSTEM_SYSRULES_dashboardLayout&quot;(
    firstColumnContents: {
     if(local!expenseData.totalCount = 0, {}, 
      #&quot;SYSTEM_SYSRULES_sectionLayout&quot;(
        label: &quot;Expense Overview&quot;,
        firstColumnContents: {
            #&quot;SYSTEM_SYSRULES_gridField&quot;(
              totalCount:local!expenseData.totalCount,
              columns:{
                #&quot;SYSTEM_SYSRULES_gridTextColumn&quot;(
                  label:&quot;Expense Date&quot;,
                  field: &quot;date&quot;,
                  data:local!expenseData.data.date
                ),
                #&quot;SYSTEM_SYSRULES_gridTextColumn&quot;(
                  label:&quot;Expense Type&quot;,
                  data:apply(displayvalue(_, local!expenseCategories.id, local!expenseCategories.description, {}), local!expenseData.data.categoryId)
                ),
                #&quot;SYSTEM_SYSRULES_gridTextColumn&quot;(
                  label:&quot;Cost&quot;,
                  field: &quot;amount&quot;,
                  data:apply(#&quot;e3a37a1b-0acc-46d5-a7bc-42eec7fb6691&quot;(number:_, decimals: 2, no_commas: false), local!expenseData.data.amount)
                ),
                #&quot;SYSTEM_SYSRULES_gridTextColumn&quot;(
                  label:&quot;Summary&quot;,
                  data:local!expenseData.data.comments
                )             
              },
              value:local!pagingInfo,
              saveInto:local!pagingInfo
            )
        }
      )),
      #&quot;SYSTEM_SYSRULES_sectionLayout&quot;(
        label: &quot;Expense Report&quot;,
        
    firstColumnContents: {
      #&quot;_a-0000dd4b-0482-8000-9ba2-011c48011c48_18876&quot;(
        vehicleId: ri!vehicleId
      )
    },
    secondColumnContents: {
      #&quot;SYSTEM_SYSRULES_richTextDisplayField&quot;(
        label:&quot;Top Costs For This Vehicle&quot;,
        value:#&quot;SYSTEM_SYSRULES_richTextNumberedList&quot;(
          items:{
            #&quot;SYSTEM_SYSRULES_applyComponents&quot;(#&quot;SYSTEM_SYSRULES_richTextListItem&quot;(text: _),
              apply(#&quot;_a-0000dd4b-0482-8000-9ba2-011c48011c48_18919&quot;(expenseCategory:_, amount:_),
                merge(apply(displayvalue(_, property(local!expenseCategories, &quot;id&quot;, {}), property(local!expenseCategories, &quot;description&quot;, {}), {}), index(local!datasubset.data, &quot;categoryId&quot;, {})),
                apply(#&quot;e3a37a1b-0acc-46d5-a7bc-42eec7fb6691&quot;(number:_, decimals: 2, no_commas: false), index(local!datasubset.data, &quot;amount&quot;, {})))
            ))
          }
        )
      )
    }
      )
    },
    secondColumnContents: {}
  ))
)</definition>
        <namedTypedValue>
            <name>vehicleId</name>
            <type>
                <name>int</name>
                <namespace>http://www.w3.org/2001/XMLSchema</namespace>
            </type>
        </namedTypedValue>
        <preferredEditor>interface</preferredEditor>
        <offlineEnabled>false</offlineEnabled>
    </rule>
    <roleMap public="true">
        <role allowForAll="false" inherit="true" name="readers">
            <users/>
            <groups/>
        </role>
        <role allowForAll="false" inherit="true" name="authors">
            <users/>
            <groups/>
        </role>
        <role allowForAll="false" inherit="true" name="administrators">
            <users/>
            <groups/>
        </role>
        <role allowForAll="false" inherit="false" name="denyReaders">
            <users/>
            <groups/>
        </role>
        <role allowForAll="false" inherit="false" name="denyAuthors">
            <users/>
            <groups/>
        </role>
        <role allowForAll="false" inherit="false" name="denyAdministrators">
            <users/>
            <groups/>
        </role>
    </roleMap>
</contentHaul>
