<?xml version="1.0" encoding="UTF-8" standalone="yes"?>
<contentHaul xmlns:a="http://www.appian.com/ae/types/2009">
    <rule>
        <name>EFM_DASH_Vehicle_MaintHistory</name>
        <uuid>_a-0000dd17-9077-8000-9ba2-011c48011c48_6675</uuid>
        <description>Vehicle maintenance interface</description>
        <parentUuid>_a-0000dd16-785e-8000-9ba2-011c48011c48_6259</parentUuid>
        <visibility>
            <advertise>false</advertise>
            <hierarchy>true</hierarchy>
            <indexable>true</indexable>
            <quota>false</quota>
            <searchable>true</searchable>
            <system>false</system>
            <unlogged>false</unlogged>
        </visibility>
        <definition>=load(
  local!pagingInfo:#&quot;SYSTEM_SYSRULES_pagingInfo&quot;(
      startIndex:1,
      batchSize:#&quot;_a-0000dd4b-0482-8000-9ba2-011c48011c48_18352&quot;,
      sort: #&quot;SYSTEM_SYSRULES_sortInfo&quot;(
        field: &quot;vehicleCheckOutDt&quot;,
        ascending: false
      )
      ),
  local!viewDetail:false,
  local!demoActors:{&quot;John Smith&quot;,&quot;Jane Doe&quot;,&quot;Margie Nguyen&quot;,&quot;Derek Barth&quot;},
  local!demoOutDates:{now()-5,now()-4.2,now()-3.1,now()-2},
  local!demoInDates:{&quot;Accident&quot;,&quot;New Tires&quot;,&quot;Replace Front Brakes&quot;,&quot;Inspection&quot;},
  local!endPoints:{&quot;40.736017,-74.173535&quot;,&quot;40.664649,-74.073709&quot;,&quot;40.557732,-73.921505&quot;,&quot;40.588236,-73.650552&quot;},
  with(
    local!maintData: #&quot;26619556-2ea2-45eb-9156-ad045f9de197&quot;(vehicleId: ri!vehicleId, pagingInfo: local!pagingInfo),
    #&quot;SYSTEM_SYSRULES_dashboardLayout&quot;(
      firstColumnContents: {
        #&quot;SYSTEM_SYSRULES_sectionLayout&quot;(
          firstColumnContents: {
            #&quot;SYSTEM_SYSRULES_linkField&quot;(
              label:&quot;Warranty Information&quot;,
              links:{
                #&quot;SYSTEM_SYSRULES_documentDownloadLink&quot;(document:1,label:&quot;Here&quot;)
              }
            ),
          if(local!maintData.totalCount = 0, {}, 
            #&quot;SYSTEM_SYSRULES_gridField&quot;(
              totalCount:local!maintData.totalCount,
              columns:{
                #&quot;SYSTEM_SYSRULES_gridLinkColumn&quot;(
                  label:&quot;Initiated By&quot;,
                   data:apply(#&quot;083ca748-92d6-4080-9f02-017797355143&quot;(user:_), {local!maintData.data.createdBy})
                ),
                #&quot;SYSTEM_SYSRULES_gridTextColumn&quot;(
                  label:&quot;Maintenance Initiated Time&quot;,
                  field: &quot;vehicleCheckOutDt&quot;,
                  data:local!maintData.data.vehicleCheckOutDt
                ),
                #&quot;SYSTEM_SYSRULES_gridTextColumn&quot;(
                  label:&quot;Maintenance Type&quot;,
                  data:apply(#&quot;6f2d5e4b-0e11-4422-a440-2a184624e73f&quot;(refId: _), local!maintData.data.maintTypeId)
                ),
                #&quot;SYSTEM_SYSRULES_gridTextColumn&quot;(
                  label:&quot;Summary&quot;,
                  data:local!maintData.data.comments
                ),
                #&quot;SYSTEM_SYSRULES_gridTextColumn&quot;(
                  label:&quot;&quot;,
                  data: if(local!maintData.totalCount&gt;0, repeat(#&quot;d53ac46f-51ce-4502-8ae5-3435ca0d27aa&quot;(local!maintData.data), &quot;Details&quot;), {}),
                  links: 
                    apply(#&quot;SYSTEM_SYSRULES_dynamicLink&quot;(value:_, saveInto: local!viewDetail), index(local!maintData.data, &quot;id&quot;, {}))
                )               
              },
              value:local!pagingInfo,
              saveInto:local!pagingInfo
            ))
          },
          secondColumnContents: {}
        ),
        if(tointeger(local!viewDetail)&gt;0,
          {
            #&quot;SYSTEM_SYSRULES_sectionLayout&quot;(
            label:&quot;Details of Maintenance&quot;,
            firstColumnContents:{
              #&quot;SYSTEM_SYSRULES_textField&quot;(
                label:&quot;Sumbitted By&quot;,
                labelPosition: &quot;ADJACENT&quot;,
                value:index(local!demoActors,local!viewDetail),
                readOnly:true
              )
            },
            secondColumnContents:{
              #&quot;SYSTEM_SYSRULES_paragraphField&quot;(
                label:&quot;Notes&quot;,
                labelPosition: &quot;ADJACENT&quot;,              
                readOnly:true,
                value:index(local!demoActors,local!viewDetail)&amp;&quot; submitted the vehicle to the maintenance bay following an accident.&quot;
                
              )
            }
          ),
          #&quot;SYSTEM_SYSRULES_sectionLayout&quot;(
            firstColumnContents:{             
            }
          )
          },{})
      },
      secondColumnContents: {}
    )
  )
)</definition>
        <namedTypedValue>
            <name>vehicleId</name>
            <type>
                <name>int</name>
                <namespace>http://www.w3.org/2001/XMLSchema</namespace>
            </type>
        </namedTypedValue>
        <preferredEditor>interface</preferredEditor>
        <offlineEnabled>false</offlineEnabled>
    </rule>
    <roleMap public="true">
        <role allowForAll="false" inherit="true" name="readers">
            <users/>
            <groups/>
        </role>
        <role allowForAll="false" inherit="true" name="authors">
            <users/>
            <groups/>
        </role>
        <role allowForAll="false" inherit="true" name="administrators">
            <users>
                <userUuid>justin.watts</userUuid>
            </users>
            <groups/>
        </role>
        <role allowForAll="false" inherit="false" name="denyReaders">
            <users/>
            <groups/>
        </role>
        <role allowForAll="false" inherit="false" name="denyAuthors">
            <users/>
            <groups/>
        </role>
        <role allowForAll="false" inherit="false" name="denyAdministrators">
            <users/>
            <groups/>
        </role>
    </roleMap>
</contentHaul>
