<?xml version="1.0" encoding="UTF-8" standalone="yes"?>
<contentHaul xmlns:a="http://www.appian.com/ae/types/2009">
    <rule>
        <name>EFM_FRM_Eligibility_ManageCategories</name>
        <uuid>a70fde9e-02c9-4666-9403-5cf68c825fe2</uuid>
        <description>Form for the agency to manage the category values</description>
        <parentUuid>_a-0000dd16-5d72-8000-9ba2-011c48011c48_6194</parentUuid>
        <visibility>
            <advertise>false</advertise>
            <hierarchy>true</hierarchy>
            <indexable>true</indexable>
            <quota>false</quota>
            <searchable>true</searchable>
            <system>false</system>
            <unlogged>false</unlogged>
        </visibility>
        <definition>=#&quot;SYSTEM_SYSRULES_formLayout&quot;(
  label: &quot;Manage Eligibility Categories&quot;,
  instructions: &quot;Form to update the definitions for the five categories that indicate authorization for Home to Work&quot;,
  firstColumnContents: {
    #&quot;SYSTEM_SYSRULES_sectionLayout&quot;(
      label: &quot;Legislative Definition&quot;,
      firstColumnContents: {
        #&quot;SYSTEM_SYSRULES_gridField&quot;(
          label: &quot;Definition List&quot;,
          labelPosition: &quot;COLLAPSED&quot;,
          totalCount: 2,
          columns: {
            #&quot;SYSTEM_SYSRULES_gridTextColumn&quot;(
              label: &quot;Eligibility Items&quot;,
              data: {&quot;Title 41 C.F.R. § 102-5.50&quot;, &quot;Title 31 U.S.C. § 1344&quot;}
            )
          },
          value: #&quot;SYSTEM_SYSRULES_pagingInfo&quot;(startIndex: 1, batchSize: 10),
          saveInto: {},
          validations: {}
        ),
        #&quot;SYSTEM_SYSRULES_ButtonLayout&quot;(
          primaryButtons: #&quot;SYSTEM_SYSRULES_ButtonWidget&quot;(
            label: &quot;Edit&quot;
          )
        )
      },
      isCollapsible: true,
      secondColumnContents: {}
    ),
    #&quot;SYSTEM_SYSRULES_sectionLayout&quot;(
      label: &quot;Fieldwork Definition&quot;,
      firstColumnContents: {
        #&quot;SYSTEM_SYSRULES_gridField&quot;(
          label: &quot;Definition List&quot;,
          labelPosition: &quot;COLLAPSED&quot;,
          totalCount: 2,
          columns: {
            #&quot;SYSTEM_SYSRULES_gridTextColumn&quot;(
              label: &quot;Eligibility Items&quot;,
              data: {&quot;Location only accessible through government transportation&quot;, &quot;Employee will spend a significant amount of time in the field&quot;}
            )
          },
          value: #&quot;SYSTEM_SYSRULES_pagingInfo&quot;(startIndex: 1, batchSize: 10),
          saveInto: {},
          validations: {}
        ),
        #&quot;SYSTEM_SYSRULES_ButtonLayout&quot;(
          primaryButtons: #&quot;SYSTEM_SYSRULES_ButtonWidget&quot;(
            label: &quot;Edit&quot;
          )
        )
      },
      secondColumnContents: {},
      isCollapsible: true
    ),
    #&quot;SYSTEM_SYSRULES_sectionLayout&quot;(
      label: &quot;Intelligence, Counterintelligence, Protective Services, or Criminal Law Enforcement Definition&quot;,
      firstColumnContents: {
        #&quot;SYSTEM_SYSRULES_gridField&quot;(
          label: &quot;Definition List&quot;,
          labelPosition: &quot;COLLAPSED&quot;,
          totalCount: 2,
          columns: {
            #&quot;SYSTEM_SYSRULES_gridTextColumn&quot;(
              label: &quot;Eligibility Items&quot;,
              data: {&quot;Directly engaged in one of the four categories&quot;}
            )
          },
          value: #&quot;SYSTEM_SYSRULES_pagingInfo&quot;(startIndex: 1, batchSize: 10),
          saveInto: {},
          validations: {}
        ),
        #&quot;SYSTEM_SYSRULES_ButtonLayout&quot;(
          primaryButtons: #&quot;SYSTEM_SYSRULES_ButtonWidget&quot;(
            label: &quot;Edit&quot;
          )
        )
      },
      secondColumnContents: {},
      isCollapsible: true
    ),
    #&quot;SYSTEM_SYSRULES_sectionLayout&quot;(
      label: &quot;Highly Unusual Circumstances Definition&quot;,
      firstColumnContents: {
        #&quot;SYSTEM_SYSRULES_gridField&quot;(
          label: &quot;Definition List&quot;,
          labelPosition: &quot;COLLAPSED&quot;,
          totalCount: 2,
          columns: {
            #&quot;SYSTEM_SYSRULES_gridTextColumn&quot;(
              label: &quot;Eligibility Items&quot;,
              data: {&quot;Clear and present danger&quot;, &quot;Compelling operational considerations&quot;}
            )
          },
          value: #&quot;SYSTEM_SYSRULES_pagingInfo&quot;(startIndex: 1, batchSize: 10),
          saveInto: {},
          validations: {}
        ),
        #&quot;SYSTEM_SYSRULES_ButtonLayout&quot;(
          primaryButtons: #&quot;SYSTEM_SYSRULES_ButtonWidget&quot;(
            label: &quot;Edit&quot;
          )
        )
      },
      secondColumnContents: {},
      isCollapsible: true
    ),
    #&quot;SYSTEM_SYSRULES_sectionLayout&quot;(
      label: &quot;Contingency Determinations Definition&quot;,
      firstColumnContents: {
        #&quot;SYSTEM_SYSRULES_gridField&quot;(
          label: &quot;Definition List&quot;,
          labelPosition: &quot;COLLAPSED&quot;,
          totalCount: 2,
          columns: {
            #&quot;SYSTEM_SYSRULES_gridTextColumn&quot;(
              label: &quot;Eligibility Items&quot;,
              data: {&quot;Foreseeable, but sudden and immediate circumstances that arise without warning&quot;}
            )
          },
          value: #&quot;SYSTEM_SYSRULES_pagingInfo&quot;(startIndex: 1, batchSize: 10),
          saveInto: {},
          validations: {}
        ),
        #&quot;SYSTEM_SYSRULES_ButtonLayout&quot;(
          primaryButtons: #&quot;SYSTEM_SYSRULES_ButtonWidget&quot;(
            label: &quot;Edit&quot;
          )
        )
      },
      secondColumnContents: {},
      isCollapsible: true
    )
  },
  secondColumnContents: {},
  buttons: #&quot;SYSTEM_SYSRULES_ButtonLayout&quot;(
    primaryButtons: {
    },
    secondaryButtons: {
      #&quot;SYSTEM_SYSRULES_ButtonWidgetSubmit&quot;(
        label: &quot;Cancel&quot;,
        style: &quot;NORMAL&quot;,
        value: true,
        skipValidation: true
      )
    }
  ),
  validations: {}
)</definition>
        <preferredEditor>interface</preferredEditor>
        <offlineEnabled>false</offlineEnabled>
    </rule>
    <roleMap public="true">
        <role allowForAll="false" inherit="true" name="readers">
            <users/>
            <groups/>
        </role>
        <role allowForAll="false" inherit="true" name="authors">
            <users/>
            <groups/>
        </role>
        <role allowForAll="false" inherit="true" name="administrators">
            <users>
                <userUuid>sylvia.an</userUuid>
            </users>
            <groups/>
        </role>
        <role allowForAll="false" inherit="false" name="denyReaders">
            <users/>
            <groups/>
        </role>
        <role allowForAll="false" inherit="false" name="denyAuthors">
            <users/>
            <groups/>
        </role>
        <role allowForAll="false" inherit="false" name="denyAdministrators">
            <users/>
            <groups/>
        </role>
    </roleMap>
</contentHaul>
