<?xml version="1.0" encoding="UTF-8" standalone="yes"?>
<contentHaul xmlns:a="http://www.appian.com/ae/types/2009">
    <rule>
        <name>EFM_SCT_Sites_Trips_selectTrip</name>
        <uuid>abe97b64-adb3-44c1-ae8f-492a7cba079a</uuid>
        <description>Drop down to select an existing trip</description>
        <parentUuid>_a-0000dd4b-0482-8000-9ba2-011c48011c48_18190</parentUuid>
        <visibility>
            <advertise>false</advertise>
            <hierarchy>true</hierarchy>
            <indexable>true</indexable>
            <quota>false</quota>
            <searchable>true</searchable>
            <system>false</system>
            <unlogged>false</unlogged>
        </visibility>
        <definition>load(&#xD;
  local!allRecentTrips: #&quot;_a-0000dd17-9077-8000-9ba2-011c48011c48_6538&quot;(&#xD;
    userId: 1,&#xD;
    pagingInfo: #&quot;SYSTEM_SYSRULES_pagingInfo&quot;(&#xD;
      startIndex:1,&#xD;
      batchSize:2&#xD;
    )&#xD;
  ).data,&#xD;
  local!selectedRecentTripIdx,&#xD;
  #&quot;SYSTEM_SYSRULES_sectionLayout&quot;(&#xD;
    firstColumnContents:{&#xD;
      #&quot;SYSTEM_SYSRULES_dropdownFieldByIndex&quot;(&#xD;
        labelPosition: &quot;COLLAPSED&quot;,&#xD;
        choiceLabels:apply(&#xD;
          fn!concat(_,&quot; &quot;,_,&quot; | &quot;,_,&quot; --&gt; &quot;,_),&#xD;
          merge(&#xD;
            local!allRecentTrips.make,&#xD;
            local!allRecentTrips.model,&#xD;
            local!allRecentTrips.fromLocationName,&#xD;
            local!allRecentTrips.toLocationName&#xD;
          )&#xD;
        ),&#xD;
        placeholderLabel:&quot;Select a Recent Trip&quot;,&#xD;
        value:local!selectedRecentTripIdx,&#xD;
        saveInto:{&#xD;
          a!save(&#xD;
            ri!selectedRecentTrip,&#xD;
            index(&#xD;
              local!allRecentTrips,&#xD;
              save!value,&#xD;
              null&#xD;
            )&#xD;
          ),&#xD;
          local!selectedRecentTripIdx&#xD;
        }&#xD;
      ),&#xD;
      #&quot;SYSTEM_SYSRULES_ButtonLayout&quot;(&#xD;
        secondaryButtons:{&#xD;
          #&quot;SYSTEM_SYSRULES_ButtonWidget&quot;(&#xD;
            label:&quot;Create New Trip&quot;,&#xD;
            value:true,&#xD;
            saveInto:{&#xD;
              ri!createNew,&#xD;
              a!save(&#xD;
                ri!recentVehicles,&#xD;
                #&quot;7f28ea60-693a-4952-bbbc-effd6fd06858&quot;(&#xD;
                  assignedFleetId:1&#xD;
                ).data&#xD;
              ),&#xD;
              a!save(&#xD;
                ri!recentLocations,&#xD;
                #&quot;_a-0000dd17-9077-8000-9ba2-011c48011c48_6698&quot;(&#xD;
                  locationId:null&#xD;
                ).data&#xD;
              )&#xD;
            }&#xD;
          )&#xD;
        }&#xD;
      )&#xD;
    },&#xD;
    secondColumnContents:{&#xD;
      &#xD;
    }&#xD;
  )&#xD;
)</definition>
        <namedTypedValue>
            <name>selectedRecentTrip</name>
            <type>
                <name>EFM_V_User_Trips</name>
                <namespace>urn:com:appian:types:EFM</namespace>
            </type>
        </namedTypedValue>
        <namedTypedValue>
            <name>createNew</name>
            <type>
                <name>boolean</name>
                <namespace>http://www.w3.org/2001/XMLSchema</namespace>
            </type>
        </namedTypedValue>
        <namedTypedValue>
            <name>recentVehicles</name>
            <type>
                <name>Variant</name>
                <namespace>http://www.appian.com/ae/types/2009</namespace>
            </type>
        </namedTypedValue>
        <namedTypedValue>
            <name>recentLocations</name>
            <type>
                <name>Variant</name>
                <namespace>http://www.appian.com/ae/types/2009</namespace>
            </type>
        </namedTypedValue>
        <preferredEditor>interface</preferredEditor>
        <offlineEnabled>false</offlineEnabled>
    </rule>
    <roleMap public="true">
        <role allowForAll="false" inherit="true" name="readers">
            <users/>
            <groups/>
        </role>
        <role allowForAll="false" inherit="true" name="authors">
            <users/>
            <groups/>
        </role>
        <role allowForAll="false" inherit="true" name="administrators">
            <users>
                <userUuid>todd.lotterer</userUuid>
            </users>
            <groups/>
        </role>
        <role allowForAll="false" inherit="false" name="denyReaders">
            <users/>
            <groups/>
        </role>
        <role allowForAll="false" inherit="false" name="denyAuthors">
            <users/>
            <groups/>
        </role>
        <role allowForAll="false" inherit="false" name="denyAdministrators">
            <users/>
            <groups/>
        </role>
    </roleMap>
    <typedValue>
        <type>
            <name>RuleTestConfig?list</name>
            <namespace>http://www.appian.com/ae/types/2009</namespace>
        </type>
        <value>
            <el>
                <a:name/>
                <a:ruleInputTestConfigs>
                    <a:value xmlns:n1="urn:com:appian:types:EFM" xmlns:xsi="http://www.w3.org/2001/XMLSchema-instance" xsi:nil="true" xsi:type="n1:EFM_V_User_Trips"/>
                    <a:nameRef>selectedRecentTrip</a:nameRef>
                    <a:id/>
                </a:ruleInputTestConfigs>
                <a:ruleInputTestConfigs>
                    <a:value xmlns:xsd="http://www.w3.org/2001/XMLSchema" xmlns:xsi="http://www.w3.org/2001/XMLSchema-instance" xsi:nil="true" xsi:type="xsd:boolean"/>
                    <a:nameRef>createNew</a:nameRef>
                    <a:id/>
                </a:ruleInputTestConfigs>
                <a:ruleInputTestConfigs>
                    <a:value xmlns:xsd="http://www.w3.org/2001/XMLSchema" xmlns:xsi="http://www.w3.org/2001/XMLSchema-instance" xsi:type="xsd:string"/>
                    <a:nameRef>recentVehicles</a:nameRef>
                    <a:id/>
                </a:ruleInputTestConfigs>
                <a:ruleInputTestConfigs>
                    <a:value xmlns:xsd="http://www.w3.org/2001/XMLSchema" xmlns:xsi="http://www.w3.org/2001/XMLSchema-instance" xsi:type="xsd:string"/>
                    <a:nameRef>recentLocations</a:nameRef>
                    <a:id/>
                </a:ruleInputTestConfigs>
                <a:assertions xmlns:xsi="http://www.w3.org/2001/XMLSchema-instance" xsi:nil="true"/>
            </el>
        </value>
    </typedValue>
</contentHaul>
