<?xml version="1.0" encoding="UTF-8" standalone="yes"?>
<contentHaul xmlns:a="http://www.appian.com/ae/types/2009">
    <rule>
        <name>EFM_SCT_Event_eventType</name>
        <uuid>c7696a47-aa34-4704-8a98-174e9429d06a</uuid>
        <description>Section for Event Type on the Create Event Wizard
</description>
        <parentUuid>_a-0000dd16-5d72-8000-9ba2-011c48011c48_6199</parentUuid>
        <visibility>
            <advertise>false</advertise>
            <hierarchy>true</hierarchy>
            <indexable>true</indexable>
            <quota>false</quota>
            <searchable>true</searchable>
            <system>false</system>
            <unlogged>false</unlogged>
        </visibility>
        <definition>=#&quot;SYSTEM_SYSRULES_sectionLayout&quot;(
  label: &quot;Indicate Event Type&quot;,
  firstColumnContents: {
    
    #&quot;SYSTEM_SYSRULES_radioButtonField&quot;(
      label: &quot;Event&quot;,
      choiceLabels: {&quot;Vehicle Sent To Maintenance&quot;, &quot;Vehicle Return From Maintenance&quot;, &quot;Report Vehicle Incident&quot;, &quot;Check Out Vehicle&quot;, &quot;Check In Vehicle&quot;},
      choiceValues: {
      #&quot;_a-0000dd3a-bcbf-8000-9ba2-011c48011c48_14350&quot;, 
      #&quot;_a-0000dd3a-bcbf-8000-9ba2-011c48011c48_14348&quot;, 
      #&quot;_a-0000dd3a-bcbf-8000-9ba2-011c48011c48_14306&quot;, 
      #&quot;_a-0000dd3a-bcbf-8000-9ba2-011c48011c48_14340&quot;, 
      #&quot;_a-0000dd3a-bcbf-8000-9ba2-011c48011c48_14341&quot;}, 
      saveInto: ri!eventType,
      value: ri!eventType, 
      required: true
    )
  },
  secondColumnContents: {
    
  },
  validations: {}
)</definition>
        <namedTypedValue>
            <name>vehicle</name>
            <type>
                <name>Variant</name>
                <namespace>http://www.appian.com/ae/types/2009</namespace>
            </type>
        </namedTypedValue>
        <namedTypedValue>
            <name>eventType</name>
            <type>
                <name>int</name>
                <namespace>http://www.w3.org/2001/XMLSchema</namespace>
            </type>
        </namedTypedValue>
        <preferredEditor>interface</preferredEditor>
        <offlineEnabled>false</offlineEnabled>
    </rule>
    <roleMap public="true">
        <role allowForAll="false" inherit="true" name="readers">
            <users/>
            <groups/>
        </role>
        <role allowForAll="false" inherit="true" name="authors">
            <users/>
            <groups/>
        </role>
        <role allowForAll="false" inherit="true" name="administrators">
            <users>
                <userUuid>sylvia.an</userUuid>
            </users>
            <groups/>
        </role>
        <role allowForAll="false" inherit="false" name="denyReaders">
            <users/>
            <groups/>
        </role>
        <role allowForAll="false" inherit="false" name="denyAuthors">
            <users/>
            <groups/>
        </role>
        <role allowForAll="false" inherit="false" name="denyAdministrators">
            <users/>
            <groups/>
        </role>
    </roleMap>
    <typedValue>
        <type>
            <name>RuleTestConfig?list</name>
            <namespace>http://www.appian.com/ae/types/2009</namespace>
        </type>
        <value>
            <el>
                <a:name/>
                <a:ruleInputTestConfigs>
                    <a:value xmlns:xsd="http://www.w3.org/2001/XMLSchema" xmlns:xsi="http://www.w3.org/2001/XMLSchema-instance" xsi:type="xsd:string"/>
                    <a:nameRef>vehicle</a:nameRef>
                    <a:id/>
                </a:ruleInputTestConfigs>
                <a:ruleInputTestConfigs>
                    <a:value xmlns:xsd="http://www.w3.org/2001/XMLSchema" xmlns:xsi="http://www.w3.org/2001/XMLSchema-instance" xsi:nil="true" xsi:type="xsd:int"/>
                    <a:nameRef>eventType</a:nameRef>
                    <a:id/>
                </a:ruleInputTestConfigs>
                <a:assertions xmlns:xsi="http://www.w3.org/2001/XMLSchema-instance" xsi:nil="true"/>
            </el>
        </value>
    </typedValue>
</contentHaul>
