<?xml version="1.0" encoding="UTF-8" standalone="yes"?>
<contentHaul xmlns:a="http://www.appian.com/ae/types/2009">
    <rule>
        <name>EFM_FRM_Sites_Trips_createNew</name>
        <uuid>c80a3de3-a7a9-4cb0-9f85-916c82a88fd0</uuid>
        <description>Creates a new Trip</description>
        <parentUuid>_a-0000dd4b-0482-8000-9ba2-011c48011c48_18189</parentUuid>
        <visibility>
            <advertise>false</advertise>
            <hierarchy>true</hierarchy>
            <indexable>true</indexable>
            <quota>false</quota>
            <searchable>true</searchable>
            <system>false</system>
            <unlogged>false</unlogged>
        </visibility>
        <definition>/* NOTE: currently passing in hardcoded userid TODO: null handling */&#xD;
=load(&#xD;
  local!selectedTrip,&#xD;
  local!endPoints:{&quot;40.736017,-74.173535&quot;},&#xD;
  local!comments,&#xD;
  local!selectedRecentTripIdx,&#xD;
  local!createNew:false,&#xD;
  local!recentVehicles,&#xD;
  local!recentLocations,&#xD;
  #&quot;SYSTEM_SYSRULES_formLayout&quot;(&#xD;
    firstColumnContents: {&#xD;
      /*Displays Trip Summary Information*/&#xD;
      #&quot;51c9ee7e-d413-4fbb-80ac-73c5e29381c6&quot;(&#xD;
        startLocationId: ri!startLocationId,&#xD;
        endLocationId: ri!endLocationId,&#xD;
        selectedVehicleId: ri!selectedVehicleId,&#xD;
        selectedRecentTrip: ri!selectedRecentTrip,&#xD;
        recentLocations: local!recentLocations,&#xD;
        recentVehicles: local!recentVehicles&#xD;
      ),&#xD;
      /*Prompts user to choose Existing or New trip*/&#xD;
      if(or(local!createNew,not(isnull(ri!selectedRecentTrip))),&#xD;
        {},&#xD;
        #&quot;abe97b64-adb3-44c1-ae8f-492a7cba079a&quot;(&#xD;
          selectedRecentTrip: ri!selectedRecentTrip,&#xD;
          createNew: local!createNew,&#xD;
          recentVehicles: local!recentVehicles,&#xD;
          recentLocations: local!recentLocations&#xD;
        )&#xD;
      ),&#xD;
      /*Prompts user to select a vehicle*/&#xD;
      if(and(local!createNew,ri!selectedVehicleId&lt;1),&#xD;
        #&quot;7c98133d-c841-4ff7-ab87-803e62aab0c1&quot;(&#xD;
          recentVehicles: local!recentVehicles,&#xD;
          selectedVehicleId: ri!selectedVehicleId&#xD;
        ),{}&#xD;
      ),&#xD;
      /*Prompts user to select a Start location*/&#xD;
      if(and(local!createNew,ri!startLocationId&lt;1),      &#xD;
        #&quot;60049f0e-bb06-4263-bc31-02bed043c9e0&quot;(&#xD;
          recentLocations: local!recentLocations,&#xD;
          startLocationId: ri!startLocationId&#xD;
        ),{}&#xD;
      ),&#xD;
      /*Prompts user to select an End location*/&#xD;
      if(and(local!createNew,ri!endLocationId&lt;1),&#xD;
        #&quot;8c29ccb3-91ab-422d-98c7-93cc1a8d6282&quot;(&#xD;
          recentLocations: local!recentLocations,&#xD;
          endLocationId: ri!endLocationId&#xD;
        ),{}&#xD;
      ),&#xD;
      /*Prompts user to enter Mileage info*/&#xD;
      if(or(local!createNew,not(isnull(ri!selectedRecentTrip))),&#xD;
        #&quot;83216625-4c10-41a9-b646-2504a468113c&quot;(&#xD;
          createNew: local!createNew,&#xD;
          odometer: ri!odometer,&#xD;
          comments: local!comments,&#xD;
          expenseFlag: ri!expenseFlag,&#xD;
          endPoints: local!endPoints&#xD;
        ),{}&#xD;
      )&#xD;
    },&#xD;
    secondColumnContents: {},&#xD;
    buttons: if(or(local!createNew,not(isnull(ri!selectedRecentTrip))),&#xD;
      #&quot;SYSTEM_SYSRULES_ButtonLayout&quot;(&#xD;
        secondaryButtons:{&#xD;
            #&quot;SYSTEM_SYSRULES_ButtonWidgetSubmit&quot;(&#xD;
              label: #&quot;_a-0000dd17-9077-8000-9ba2-011c48011c48_6715&quot;,&#xD;
              style: &quot;NORMAL&quot;,&#xD;
              value: #&quot;_a-0000dd17-9077-8000-9ba2-011c48011c48_6715&quot;,&#xD;
              skipValidation:true,&#xD;
              saveInto: {&#xD;
                  ri!submitValue&#xD;
              }&#xD;
            )          &#xD;
        },&#xD;
        primaryButtons: {&#xD;
            #&quot;SYSTEM_SYSRULES_ButtonWidgetSubmit&quot;(&#xD;
              label: #&quot;_a-0000dd17-9077-8000-9ba2-011c48011c48_6617&quot;,&#xD;
              style: &quot;PRIMARY&quot;,&#xD;
              value:#&quot;_a-0000dd17-9077-8000-9ba2-011c48011c48_6617&quot;,&#xD;
              saveInto: {&#xD;
                ri!submitValue,&#xD;
                /* hard coded for now until we discuss user management strategy */&#xD;
                a!save(ri!userId,1)&#xD;
              }&#xD;
            )&#xD;
        }&#xD;
      ),{}&#xD;
    ),&#xD;
    validations: {}&#xD;
  )&#xD;
&#xD;
)</definition>
        <namedTypedValue>
            <name>odometer</name>
            <type>
                <name>double</name>
                <namespace>http://www.w3.org/2001/XMLSchema</namespace>
            </type>
        </namedTypedValue>
        <namedTypedValue>
            <name>startLocationId</name>
            <type>
                <name>int</name>
                <namespace>http://www.w3.org/2001/XMLSchema</namespace>
            </type>
        </namedTypedValue>
        <namedTypedValue>
            <name>endLocationId</name>
            <type>
                <name>int</name>
                <namespace>http://www.w3.org/2001/XMLSchema</namespace>
            </type>
        </namedTypedValue>
        <namedTypedValue>
            <name>selectedVehicleId</name>
            <type>
                <name>int</name>
                <namespace>http://www.w3.org/2001/XMLSchema</namespace>
            </type>
        </namedTypedValue>
        <namedTypedValue>
            <name>selectedRecentTrip</name>
            <type>
                <name>EFM_V_User_Trips</name>
                <namespace>urn:com:appian:types:EFM</namespace>
            </type>
        </namedTypedValue>
        <namedTypedValue>
            <name>userId</name>
            <type>
                <name>int</name>
                <namespace>http://www.w3.org/2001/XMLSchema</namespace>
            </type>
        </namedTypedValue>
        <namedTypedValue>
            <name>submitValue</name>
            <type>
                <name>string</name>
                <namespace>http://www.w3.org/2001/XMLSchema</namespace>
            </type>
            <value/>
        </namedTypedValue>
        <namedTypedValue>
            <name>expenseFlag</name>
            <type>
                <name>boolean</name>
                <namespace>http://www.w3.org/2001/XMLSchema</namespace>
            </type>
        </namedTypedValue>
        <preferredEditor>interface</preferredEditor>
        <offlineEnabled>false</offlineEnabled>
    </rule>
    <roleMap public="true">
        <role allowForAll="false" inherit="true" name="readers">
            <users/>
            <groups/>
        </role>
        <role allowForAll="false" inherit="true" name="authors">
            <users/>
            <groups/>
        </role>
        <role allowForAll="false" inherit="true" name="administrators">
            <users>
                <userUuid>todd.lotterer</userUuid>
            </users>
            <groups/>
        </role>
        <role allowForAll="false" inherit="false" name="denyReaders">
            <users/>
            <groups/>
        </role>
        <role allowForAll="false" inherit="false" name="denyAuthors">
            <users/>
            <groups/>
        </role>
        <role allowForAll="false" inherit="false" name="denyAdministrators">
            <users/>
            <groups/>
        </role>
    </roleMap>
    <typedValue>
        <type>
            <name>RuleTestConfig?list</name>
            <namespace>http://www.appian.com/ae/types/2009</namespace>
        </type>
        <value>
            <el>
                <a:name/>
                <a:ruleInputTestConfigs>
                    <a:value xmlns:xsd="http://www.w3.org/2001/XMLSchema" xmlns:xsi="http://www.w3.org/2001/XMLSchema-instance" xsi:nil="true" xsi:type="xsd:double"/>
                    <a:nameRef>odometer</a:nameRef>
                    <a:id/>
                </a:ruleInputTestConfigs>
                <a:ruleInputTestConfigs>
                    <a:value xmlns:xsd="http://www.w3.org/2001/XMLSchema" xmlns:xsi="http://www.w3.org/2001/XMLSchema-instance" xsi:nil="true" xsi:type="xsd:int"/>
                    <a:nameRef>startLocationId</a:nameRef>
                    <a:id/>
                </a:ruleInputTestConfigs>
                <a:ruleInputTestConfigs>
                    <a:value xmlns:xsd="http://www.w3.org/2001/XMLSchema" xmlns:xsi="http://www.w3.org/2001/XMLSchema-instance" xsi:nil="true" xsi:type="xsd:int"/>
                    <a:nameRef>endLocationId</a:nameRef>
                    <a:id/>
                </a:ruleInputTestConfigs>
                <a:ruleInputTestConfigs>
                    <a:value xmlns:xsd="http://www.w3.org/2001/XMLSchema" xmlns:xsi="http://www.w3.org/2001/XMLSchema-instance" xsi:nil="true" xsi:type="xsd:int"/>
                    <a:nameRef>selectedVehicleId</a:nameRef>
                    <a:id/>
                </a:ruleInputTestConfigs>
                <a:ruleInputTestConfigs>
                    <a:value xmlns:n1="urn:com:appian:types:EFM" xmlns:xsi="http://www.w3.org/2001/XMLSchema-instance" xsi:nil="true" xsi:type="n1:EFM_V_User_Trips"/>
                    <a:nameRef>selectedRecentTrip</a:nameRef>
                    <a:id/>
                </a:ruleInputTestConfigs>
                <a:ruleInputTestConfigs>
                    <a:value xmlns:xsd="http://www.w3.org/2001/XMLSchema" xmlns:xsi="http://www.w3.org/2001/XMLSchema-instance" xsi:nil="true" xsi:type="xsd:int"/>
                    <a:nameRef>userId</a:nameRef>
                    <a:id/>
                </a:ruleInputTestConfigs>
                <a:ruleInputTestConfigs>
                    <a:value xmlns:xsd="http://www.w3.org/2001/XMLSchema" xmlns:xsi="http://www.w3.org/2001/XMLSchema-instance" xsi:type="xsd:string"/>
                    <a:nameRef>submitValue</a:nameRef>
                    <a:id/>
                </a:ruleInputTestConfigs>
                <a:ruleInputTestConfigs>
                    <a:value xmlns:xsd="http://www.w3.org/2001/XMLSchema" xmlns:xsi="http://www.w3.org/2001/XMLSchema-instance" xsi:nil="true" xsi:type="xsd:boolean"/>
                    <a:nameRef>expenseFlag</a:nameRef>
                    <a:id/>
                </a:ruleInputTestConfigs>
                <a:assertions xmlns:xsi="http://www.w3.org/2001/XMLSchema-instance" xsi:nil="true"/>
            </el>
        </value>
    </typedValue>
</contentHaul>
