<?xml version="1.0" encoding="UTF-8" standalone="yes"?>
<contentHaul xmlns:a="http://www.appian.com/ae/types/2009">
    <rule>
        <name>CTS_FRM_Folder_routeFolder</name>
        <uuid>2335578f-30ab-4cff-ae8a-1a9c5baac130</uuid>
        <description>Route folder confirmation form</description>
        <parentUuid>_a-0000dc7a-bcb3-8000-9ba2-011c48011c48_6625</parentUuid>
        <visibility>
            <advertise>false</advertise>
            <hierarchy>true</hierarchy>
            <indexable>true</indexable>
            <quota>false</quota>
            <searchable>true</searchable>
            <system>false</system>
            <unlogged>false</unlogged>
        </visibility>
        <definition>=load(
  local!selection,
  local!assignments: #&quot;_a-0000dc8d-7dbf-8000-9ba2-011c48011c48_9999&quot;(
  deletedFlag: false,
  folderId: ri!folder.id,
  pagingInfo: #&quot;SYSTEM_SYSRULES_pagingInfo&quot;(
    startIndex: 1,
    batchSize: -1,
    sort: #&quot;SYSTEM_SYSRULES_sortInfo&quot;(
      field: &quot;sequenceNumber&quot;,
      ascending: true))).data,
  #&quot;SYSTEM_SYSRULES_formLayout&quot;(
  label: ri!formTitle,
  firstColumnContents: {
    #&quot;_a-0000dc7a-bcb3-8000-9ba2-011c48011c48_6621&quot;(
      readOnly: true,
      folder: ri!folder
    ),
    #&quot;_a-0000dc8d-7dbf-8000-9ba2-011c48011c48_9919&quot;(
      readOnly: true,
      assignments: local!assignments,
      folder: ri!folder,
      selectedAssignment: local!selection
    ),
    #&quot;3da0f846-699d-48fc-a0a5-71c795fe368a&quot;()
  },
  buttons: #&quot;SYSTEM_SYSRULES_ButtonLayout&quot;(
    primaryButtons: {
      #&quot;SYSTEM_SYSRULES_ButtonWidgetSubmit&quot;(
        label: #&quot;_a-0000dc7a-bcb3-8000-9ba2-011c48011c48_6628&quot;,
        style: &quot;PRIMARY&quot;,
        value: #&quot;_a-0000dd4b-0482-8000-9ba2-011c48011c48_16710&quot;,
        saveInto: {ri!buttonClicked,
            a!save(ri!folder.stageId, #&quot;_a-0000dc8d-7dbf-8000-9ba2-011c48011c48_10020&quot;[2]),
            a!save(ri!folder.lastModifiedOn, now()),
            a!save(ri!folder.lastModifiedBy, loggedInUser())
          }
      )
    },
    secondaryButtons: {
      #&quot;SYSTEM_SYSRULES_ButtonWidgetSubmit&quot;(
        label: #&quot;_a-0000dc7a-bcb3-8000-9ba2-011c48011c48_6629&quot;,
        style: &quot;NORMAL&quot;,
        value: #&quot;_a-0000dd4b-0482-8000-9ba2-011c48011c48_16711&quot;,
        saveInto: ri!buttonClicked,
        skipValidation: true
      )
    }
  )
)
)</definition>
        <namedTypedValue>
            <name>formTitle</name>
            <type>
                <name>string</name>
                <namespace>http://www.w3.org/2001/XMLSchema</namespace>
            </type>
            <value/>
        </namedTypedValue>
        <namedTypedValue>
            <name>buttonClicked</name>
            <type>
                <name>int</name>
                <namespace>http://www.w3.org/2001/XMLSchema</namespace>
            </type>
        </namedTypedValue>
        <namedTypedValue>
            <name>folder</name>
            <type>
                <name>CTS_Folder</name>
                <namespace>urn:com:appian:types:CTS</namespace>
            </type>
        </namedTypedValue>
        <preferredEditor>interface</preferredEditor>
        <offlineEnabled>false</offlineEnabled>
    </rule>
    <roleMap public="true">
        <role allowForAll="false" inherit="true" name="readers">
            <users/>
            <groups/>
        </role>
        <role allowForAll="false" inherit="true" name="authors">
            <users/>
            <groups/>
        </role>
        <role allowForAll="false" inherit="true" name="administrators">
            <users>
                <userUuid>katie.hsu</userUuid>
            </users>
            <groups/>
        </role>
        <role allowForAll="false" inherit="false" name="denyReaders">
            <users/>
            <groups/>
        </role>
        <role allowForAll="false" inherit="false" name="denyAuthors">
            <users/>
            <groups/>
        </role>
        <role allowForAll="false" inherit="false" name="denyAdministrators">
            <users/>
            <groups/>
        </role>
    </roleMap>
    <typedValue>
        <type>
            <name>RuleTestConfig?list</name>
            <namespace>http://www.appian.com/ae/types/2009</namespace>
        </type>
        <value>
            <el>
                <a:name/>
                <a:ruleInputTestConfigs>
                    <a:value xmlns:xsd="http://www.w3.org/2001/XMLSchema" xmlns:xsi="http://www.w3.org/2001/XMLSchema-instance" xsi:type="xsd:string"/>
                    <a:nameRef>formTitle</a:nameRef>
                    <a:id/>
                </a:ruleInputTestConfigs>
                <a:ruleInputTestConfigs>
                    <a:value xmlns:xsd="http://www.w3.org/2001/XMLSchema" xmlns:xsi="http://www.w3.org/2001/XMLSchema-instance" xsi:nil="true" xsi:type="xsd:int"/>
                    <a:nameRef>buttonClicked</a:nameRef>
                    <a:id/>
                </a:ruleInputTestConfigs>
                <a:ruleInputTestConfigs>
                    <a:value xmlns:n1="urn:com:appian:types:CTS" xmlns:xsi="http://www.w3.org/2001/XMLSchema-instance" xsi:nil="true" xsi:type="n1:CTS_Folder"/>
                    <a:nameRef>folder</a:nameRef>
                    <a:id/>
                </a:ruleInputTestConfigs>
                <a:assertions xmlns:xsi="http://www.w3.org/2001/XMLSchema-instance" xsi:nil="true"/>
            </el>
        </value>
    </typedValue>
</contentHaul>
