<?xml version="1.0" encoding="UTF-8" standalone="yes"?>
<contentHaul xmlns:a="http://www.appian.com/ae/types/2009">
    <rule>
        <name>CTS_SCT_Folder_archive</name>
        <uuid>4243c649-29f3-41f5-80ff-1b1eca188a6a</uuid>
        <description>Confirm archive folder</description>
        <parentUuid>_a-0000dc7a-bcb3-8000-9ba2-011c48011c48_6437</parentUuid>
        <visibility>
            <advertise>false</advertise>
            <hierarchy>true</hierarchy>
            <indexable>true</indexable>
            <quota>false</quota>
            <searchable>true</searchable>
            <system>false</system>
            <unlogged>false</unlogged>
        </visibility>
        <definition>=#&quot;SYSTEM_SYSRULES_sectionLayout&quot;(
      label: &quot;Archive Folder&quot;,
      firstColumnContents: {
        #&quot;SYSTEM_SYSRULES_richTextDisplayField&quot;(
          label: &quot;Ready to Archive Folder Message&quot;,
          labelPosition: &quot;COLLAPSED&quot;,
          align: &quot;CENTER&quot;,
          value: #&quot;SYSTEM_SYSRULES_richTextItem&quot;(
            text: &quot;You are about to archive this folder. Are you sure?&quot;
          )
        )
      }
    )</definition>
        <preferredEditor>interface</preferredEditor>
        <offlineEnabled>false</offlineEnabled>
    </rule>
    <roleMap public="true">
        <role allowForAll="false" inherit="true" name="readers">
            <users/>
            <groups/>
        </role>
        <role allowForAll="false" inherit="true" name="authors">
            <users/>
            <groups/>
        </role>
        <role allowForAll="false" inherit="true" name="administrators">
            <users>
                <userUuid>katie.hsu</userUuid>
            </users>
            <groups/>
        </role>
        <role allowForAll="false" inherit="false" name="denyReaders">
            <users/>
            <groups/>
        </role>
        <role allowForAll="false" inherit="false" name="denyAuthors">
            <users/>
            <groups/>
        </role>
        <role allowForAll="false" inherit="false" name="denyAdministrators">
            <users/>
            <groups/>
        </role>
    </roleMap>
</contentHaul>
