<?xml version="1.0" encoding="UTF-8" standalone="yes"?>
<contentHaul xmlns:a="http://www.appian.com/ae/types/2009">
    <rule>
        <name>CTS_QRYP_FOLDER_activeTasks</name>
        <uuid>605f48bf-0986-464c-83c9-7ef2470def50</uuid>
        <description>Query process analysis to return the folder's current assignments (active tasks). Returns datasubset.</description>
        <parentUuid>_a-0000dc7a-bcb3-8000-9ba2-011c48011c48_6484</parentUuid>
        <visibility>
            <advertise>false</advertise>
            <hierarchy>true</hierarchy>
            <indexable>true</indexable>
            <quota>false</quota>
            <searchable>true</searchable>
            <system>false</system>
            <unlogged>false</unlogged>
        </visibility>
        <definition>a!queryProcessAnalytics(&#xD;
  report: #&quot;_a-0000dcf6-bb7e-8000-9ba2-011c48011c48_18761&quot;,&#xD;
  query: #&quot;SYSTEM_SYSRULES_query&quot;(&#xD;
    pagingInfo: if(isnull(ri!pagingInfo), #&quot;SYSTEM_SYSRULES_pagingInfo&quot;(startIndex: 1, batchSize: -1), ri!pagingInfo),&#xD;
      filter:  #&quot;SYSTEM_SYSRULES_queryFilter&quot;(field: &quot;c9&quot;, operator: &quot;=&quot;, value: ri!folder.id)&#xD;
    ),&#xD;
  contextProcessModels: #&quot;_a-0000dcf6-bb7e-8000-9ba2-011c48011c48_18763&quot;&#xD;
)&#xD;
&#xD;
/*   Report Column Definitions   */&#xD;
/*&#xD;
c0: displayName&#xD;
c2: startTime&#xD;
c4: priority (0 = low, 1 = normal, 2 = high)&#xD;
c5: status (0 = assigned, 1 = accepted)&#xD;
c6: deadline&#xD;
c7: assignees&#xD;
c8: owner&#xD;
c9: folderId&#xD;
c10: overdue&#xD;
dp0: appianTaskId&#xD;
*/</definition>
        <namedTypedValue>
            <name>folder</name>
            <type>
                <name>CTS_Folder</name>
                <namespace>urn:com:appian:types:CTS</namespace>
            </type>
        </namedTypedValue>
        <namedTypedValue>
            <name>pagingInfo</name>
            <type>
                <name>PagingInfo</name>
                <namespace>http://www.appian.com/ae/types/2009</namespace>
            </type>
        </namedTypedValue>
        <preferredEditor>legacy</preferredEditor>
        <offlineEnabled>false</offlineEnabled>
    </rule>
    <roleMap public="true">
        <role allowForAll="false" inherit="true" name="readers">
            <users/>
            <groups/>
        </role>
        <role allowForAll="false" inherit="true" name="authors">
            <users/>
            <groups/>
        </role>
        <role allowForAll="false" inherit="true" name="administrators">
            <users/>
            <groups/>
        </role>
        <role allowForAll="false" inherit="false" name="denyReaders">
            <users/>
            <groups/>
        </role>
        <role allowForAll="false" inherit="false" name="denyAuthors">
            <users/>
            <groups/>
        </role>
        <role allowForAll="false" inherit="false" name="denyAdministrators">
            <users/>
            <groups/>
        </role>
    </roleMap>
</contentHaul>
