<?xml version="1.0" encoding="UTF-8" standalone="yes"?>
<contentHaul xmlns:a="http://www.appian.com/ae/types/2009">
    <rule>
        <name>CTS_GRID_Folder_assignments</name>
        <uuid>6b293643-7ca5-4664-aa8d-8c0d89bc8a04</uuid>
        <description>Folder assignments paging grid</description>
        <parentUuid>_a-0000dc7a-bcb3-8000-9ba2-011c48011c48_6486</parentUuid>
        <visibility>
            <advertise>false</advertise>
            <hierarchy>true</hierarchy>
            <indexable>true</indexable>
            <quota>false</quota>
            <searchable>true</searchable>
            <system>false</system>
            <unlogged>false</unlogged>
        </visibility>
        <definition>=load(&#xD;
  local!priorities: #&quot;_a-0000dc7a-bcb3-8000-9ba2-011c48011c48_6383&quot;(activeFlag: true).data,&#xD;
  local!statuses: #&quot;_a-0000dc7a-bcb3-8000-9ba2-011c48011c48_6393&quot;(activeFlag: true).data,&#xD;
  &#xD;
  {  &#xD;
    #&quot;SYSTEM_SYSRULES_sectionLayout&quot;(&#xD;
      label: &quot;Assignments&quot;,&#xD;
      firstColumnContents: {&#xD;
            &#xD;
        #&quot;SYSTEM_SYSRULES_gridLayout&quot;(&#xD;
          headerCells: {&#xD;
            #&quot;SYSTEM_SYSRULES_gridLayoutHeaderCell&quot;(label: &quot;&quot;),&#xD;
            #&quot;SYSTEM_SYSRULES_gridLayoutHeaderCell&quot;(label: &quot;Assignee(s)&quot;),&#xD;
            #&quot;SYSTEM_SYSRULES_gridLayoutHeaderCell&quot;(label: &quot;&quot;),&#xD;
            #&quot;SYSTEM_SYSRULES_gridLayoutHeaderCell&quot;(label: &quot;Role&quot;),&#xD;
            if(ri!isTemplate, {}, &#xD;
              {&#xD;
                #&quot;SYSTEM_SYSRULES_gridLayoutHeaderCell&quot;(label: &quot;Deadline&quot;),&#xD;
                #&quot;SYSTEM_SYSRULES_gridLayoutHeaderCell&quot;(label: &quot;&quot;)&#xD;
              }&#xD;
            ),&#xD;
            if(ri!readOnly, {},&#xD;
              {#&quot;SYSTEM_SYSRULES_gridLayoutHeaderCell&quot;(label: &quot;Timing&quot;),&#xD;
              #&quot;SYSTEM_SYSRULES_gridLayoutHeaderCell&quot;(label: &quot;&quot;),&#xD;
              #&quot;SYSTEM_SYSRULES_gridLayoutHeaderCell&quot;(label: &quot;&quot;),&#xD;
              #&quot;SYSTEM_SYSRULES_gridLayoutHeaderCell&quot;(label: &quot;&quot;)&#xD;
              }),&#xD;
            #&quot;SYSTEM_SYSRULES_gridLayoutHeaderCell&quot;(label: &quot;&quot;)&#xD;
            },&#xD;
          columnConfigs: {&#xD;
            #&quot;SYSTEM_SYSRULES_gridLayoutColumnConfig&quot;(width: &quot;ICON&quot;),&#xD;
            &#xD;
            #&quot;SYSTEM_SYSRULES_gridLayoutColumnConfig&quot;(width: &quot;DISTRIBUTE&quot;, weight: 2),&#xD;
            #&quot;SYSTEM_SYSRULES_gridLayoutColumnConfig&quot;(width: &quot;ICON&quot;),&#xD;
            #&quot;SYSTEM_SYSRULES_gridLayoutColumnConfig&quot;(width: &quot;DISTRIBUTE&quot;),&#xD;
            if(ri!isTemplate, {}, &#xD;
              {&#xD;
                #&quot;SYSTEM_SYSRULES_gridLayoutColumnConfig&quot;(width: &quot;DISTRIBUTE&quot;),&#xD;
                #&quot;SYSTEM_SYSRULES_gridLayoutColumnConfig&quot;(width: &quot;ICON&quot;)&#xD;
              }&#xD;
            ),&#xD;
            if(ri!readOnly, {},&#xD;
              {&#xD;
                #&quot;SYSTEM_SYSRULES_gridLayoutColumnConfig&quot;(width: &quot;DISTRIBUTE&quot;, weight: 1),&#xD;
                #&quot;SYSTEM_SYSRULES_gridLayoutColumnConfig&quot;( width: &quot;ICON&quot; ),&#xD;
                #&quot;SYSTEM_SYSRULES_gridLayoutColumnConfig&quot;( width: &quot;ICON&quot; ),&#xD;
                #&quot;SYSTEM_SYSRULES_gridLayoutColumnConfig&quot;( width: &quot;ICON&quot; )&#xD;
              }&#xD;
            ),&#xD;
            #&quot;SYSTEM_SYSRULES_gridLayoutColumnConfig&quot;( width: &quot;ICON&quot; )&#xD;
          },&#xD;
          rows: #&quot;SYSTEM_SYSRULES_applyComponents&quot;(&#xD;
            function: #&quot;_a-0000dc8d-7dbf-8000-9ba2-011c48011c48_9933&quot;(&#xD;
              index: _,&#xD;
              assignments: ri!assignments,&#xD;
              priorities: local!priorities,&#xD;
              statuses: local!statuses,&#xD;
              selection: ri!selection,&#xD;
              selectionIndex: ri!selectionIndex,&#xD;
              readOnly: ri!readOnly,&#xD;
              deletedAssignments: ri!deletedAssignments,&#xD;
              isTemplate:ri!isTemplate&#xD;
            ),&#xD;
            array: if(#&quot;_a-0000d62a-67b3-8000-da6f-010000010000_951&quot;(ri!assignments), {}, enumerate(count(ri!assignments))+1)&#xD;
          ),&#xD;
          addRowLink: if(ri!readOnly,&#xD;
            null,&#xD;
            #&quot;SYSTEM_SYSRULES_dynamicLink&quot;(&#xD;
              label: &quot;Add Assignment&quot;,&#xD;
              value: 'type!{urn:com:appian:types:CTS}CTS_Assign'(&#xD;
                sequenceNumber: if(#&quot;_a-0000d62a-67b3-8000-da6f-010000010000_951&quot;(ri!assignments), 1, max(ri!assignments.sequenceNumber)+1),&#xD;
                folderId: ri!folder.id&#xD;
              ),&#xD;
              saveInto: {a!save(ri!selection, save!value),&#xD;
                a!save(ri!selectionIndex, if(#&quot;_a-0000d62a-67b3-8000-da6f-010000010000_951&quot;(ri!assignments), 1, count(ri!assignments)+1))&#xD;
              }&#xD;
            )&#xD;
          )&#xD;
        )&#xD;
      &#xD;
    }&#xD;
  )&#xD;
  }&#xD;
)</definition>
        <namedTypedValue>
            <name>folder</name>
            <type>
                <name>CTS_Folder</name>
                <namespace>urn:com:appian:types:CTS</namespace>
            </type>
        </namedTypedValue>
        <namedTypedValue>
            <name>readOnly</name>
            <type>
                <name>boolean</name>
                <namespace>http://www.w3.org/2001/XMLSchema</namespace>
            </type>
        </namedTypedValue>
        <namedTypedValue>
            <name>assignments</name>
            <type>
                <name>CTS_Assign?list</name>
                <namespace>urn:com:appian:types:CTS</namespace>
            </type>
        </namedTypedValue>
        <namedTypedValue>
            <name>pagingInfo</name>
            <type>
                <name>PagingInfo</name>
                <namespace>http://www.appian.com/ae/types/2009</namespace>
            </type>
        </namedTypedValue>
        <namedTypedValue>
            <name>selection</name>
            <type>
                <name>CTS_Assign</name>
                <namespace>urn:com:appian:types:CTS</namespace>
            </type>
        </namedTypedValue>
        <namedTypedValue>
            <name>selectionIndex</name>
            <type>
                <name>int</name>
                <namespace>http://www.w3.org/2001/XMLSchema</namespace>
            </type>
        </namedTypedValue>
        <namedTypedValue>
            <name>deletedAssignments</name>
            <type>
                <name>CTS_Assign?list</name>
                <namespace>urn:com:appian:types:CTS</namespace>
            </type>
        </namedTypedValue>
        <namedTypedValue>
            <name>isTemplate</name>
            <type>
                <name>boolean</name>
                <namespace>http://www.w3.org/2001/XMLSchema</namespace>
            </type>
        </namedTypedValue>
        <preferredEditor>interface</preferredEditor>
        <offlineEnabled>false</offlineEnabled>
    </rule>
    <roleMap public="true">
        <role allowForAll="false" inherit="true" name="readers">
            <users/>
            <groups/>
        </role>
        <role allowForAll="false" inherit="true" name="authors">
            <users/>
            <groups/>
        </role>
        <role allowForAll="false" inherit="true" name="administrators">
            <users/>
            <groups/>
        </role>
        <role allowForAll="false" inherit="false" name="denyReaders">
            <users/>
            <groups/>
        </role>
        <role allowForAll="false" inherit="false" name="denyAuthors">
            <users/>
            <groups/>
        </role>
        <role allowForAll="false" inherit="false" name="denyAdministrators">
            <users/>
            <groups/>
        </role>
    </roleMap>
    <typedValue>
        <type>
            <name>RuleTestConfig?list</name>
            <namespace>http://www.appian.com/ae/types/2009</namespace>
        </type>
        <value>
            <el>
                <a:name/>
                <a:ruleInputTestConfigs>
                    <a:value xmlns:n1="urn:com:appian:types:CTS" xmlns:xsi="http://www.w3.org/2001/XMLSchema-instance" xsi:nil="true" xsi:type="n1:CTS_Folder"/>
                    <a:nameRef>folder</a:nameRef>
                    <a:id/>
                </a:ruleInputTestConfigs>
                <a:ruleInputTestConfigs>
                    <a:value xmlns:xsd="http://www.w3.org/2001/XMLSchema" xmlns:xsi="http://www.w3.org/2001/XMLSchema-instance" xsi:type="xsd:boolean">false</a:value>
                    <a:nameRef>readOnly</a:nameRef>
                    <a:id/>
                </a:ruleInputTestConfigs>
                <a:ruleInputTestConfigs>
                    <a:value xmlns:xsi="http://www.w3.org/2001/XMLSchema-instance" xsi:type="a:Expression">{'type!{urn:com:appian:types:CTS}CTS_Assign'(folderId: 4,
priorityId: 1,
statusId: 3,
sequenceNumber: 1
),
'type!{urn:com:appian:types:CTS}CTS_Assign'(
  assignee: &quot;cmo1&quot;,
  folderId: 4,
priorityId: 1,
statusId: 3,
sequenceNumber: 2
),
'type!{urn:com:appian:types:CTS}CTS_Assign'(
  assignee: &quot;sarah.eade&quot;,
  folderId: 4,
priorityId: 2,
statusId: 3,
sequenceNumber: 2
),
'type!{urn:com:appian:types:CTS}CTS_Assign'(
  assignee: &quot;sarah.eade&quot;,
  folderId: 4,
priorityId: 2,
statusId: 3,
sequenceNumber: 3
)
}</a:value>
                    <a:nameRef>assignments</a:nameRef>
                    <a:id/>
                </a:ruleInputTestConfigs>
                <a:ruleInputTestConfigs>
                    <a:value xmlns:xsi="http://www.w3.org/2001/XMLSchema-instance" xsi:nil="true" xsi:type="a:PagingInfo"/>
                    <a:nameRef>pagingInfo</a:nameRef>
                    <a:id/>
                </a:ruleInputTestConfigs>
                <a:ruleInputTestConfigs>
                    <a:value xmlns:n1="urn:com:appian:types:CTS" xmlns:xsi="http://www.w3.org/2001/XMLSchema-instance" xsi:nil="true" xsi:type="n1:CTS_Assign"/>
                    <a:nameRef>selection</a:nameRef>
                    <a:id/>
                </a:ruleInputTestConfigs>
                <a:ruleInputTestConfigs>
                    <a:value xmlns:xsd="http://www.w3.org/2001/XMLSchema" xmlns:xsi="http://www.w3.org/2001/XMLSchema-instance" xsi:nil="true" xsi:type="xsd:int"/>
                    <a:nameRef>selectionIndex</a:nameRef>
                    <a:id/>
                </a:ruleInputTestConfigs>
                <a:ruleInputTestConfigs>
                    <a:nameRef>deletedAssignments</a:nameRef>
                    <a:id/>
                </a:ruleInputTestConfigs>
                <a:ruleInputTestConfigs>
                    <a:value xmlns:xsd="http://www.w3.org/2001/XMLSchema" xmlns:xsi="http://www.w3.org/2001/XMLSchema-instance" xsi:nil="true" xsi:type="xsd:boolean"/>
                    <a:nameRef>isTemplate</a:nameRef>
                    <a:id/>
                </a:ruleInputTestConfigs>
                <a:assertions xmlns:xsi="http://www.w3.org/2001/XMLSchema-instance" xsi:nil="true"/>
            </el>
        </value>
    </typedValue>
</contentHaul>
