<?xml version="1.0" encoding="UTF-8" standalone="yes"?>
<contentHaul xmlns:a="http://www.appian.com/ae/types/2009">
    <constant>
        <name>CTS_TEXT_R_FOLDER_TYPE</name>
        <uuid>_a-0000dd17-9077-8000-9ba2-011c48011c48_11001</uuid>
        <description>Reference data for folder type:&#xD;
&#xD;
1 = 2009 Transition&#xD;
2 = ACCESS&#xD;
3 = Action Memo&#xD;
4 = Appropriations Congressional Reports&#xD;
5 = Assistant Secretary Office Signature Mail&#xD;
6 = Authorizations Congressional Reports&#xD;
7 = Broadcast Message&#xD;
8 = Classified Information&#xD;
9 = Congressional Letter&#xD;
10 = Correspondence&#xD;
11 = Deputy Secretary Request&#xD;
12 = DHS Correspondence Tasked for Action&#xD;
13 = DHS Management Directive&#xD;
14 = Efficiency Review&#xD;
15 = FOIA Request&#xD;
16 = Homeland Intelligence Request (HIR)&#xD;
17 = Personnel Complaint&#xD;
18 = Invitations&#xD;
19 = Issue Paper/Fact Sheet&#xD;
20 = Legal Proceeding&#xD;
21 = Management Directive&#xD;
22 = Memorandum of Agreement (MOA)&#xD;
23 = Official Reception and Representation (ORR) Funds Request&#xD;
24 = OGC Request for Clearance/Comment&#xD;
25 = Phone Inquiry&#xD;
26 = Policy Directive&#xD;
27 = QFR&#xD;
28 = QFR – Non Core Component&#xD;
29 = Resume&#xD;
30 = Secretary Request&#xD;
31 = Social Correspondence&#xD;
32 = Tort&#xD;
33 = Weekly Reports&#xD;
34 = White House Request&#xD;
35 = 2009 Transition&#xD;
36 = ACCESS&#xD;
37 = Appropriations Congressional Reports&#xD;
38 = Assistant Secretary Priority&#xD;
39 = Authorizations Congressional Reports&#xD;
40 = Broadcast Message&#xD;
41 = Classified Information&#xD;
42 = Congressional Letter – Private Bill&#xD;
43 = CRCL&#xD;
44 = Deputy Secretary Request&#xD;
45 = DHS Correspondence Tasked for Action&#xD;
46 = DHS Management Directive&#xD;
47 = Efficiency Review&#xD;
48 = E-mail&#xD;
49 = FOIA Request&#xD;
50 = Homeland Intelligence Request (HIR)&#xD;
51 = Personnel Complaint&#xD;
52 = Information Memo&#xD;
53 = Issue Paper/Fact Sheet&#xD;
54 = Legal Proceeding&#xD;
55 = Management Directive&#xD;
56 = Memorandum of Agreement (MOA)&#xD;
57 = Memorandum of Understanding (MOU)&#xD;
58 = Official Reception and Representation (ORR) Funds Request&#xD;
59 = OGC Request for Clearance/Comment&#xD;
60 = OPR Report&#xD;
61 = Policy Directive&#xD;
62 = QFR&#xD;
63 = QFR – Non Core Component&#xD;
64 = Secretary Request&#xD;
65 = Talking Points&#xD;
66 = Travel Request&#xD;
67 = Weekly Reports</description>
        <parentUuid>_a-0000dd17-9077-8000-9ba2-011c48011c48_10999</parentUuid>
        <visibility>
            <advertise>false</advertise>
            <hierarchy>true</hierarchy>
            <indexable>true</indexable>
            <quota>false</quota>
            <searchable>true</searchable>
            <system>false</system>
            <unlogged>false</unlogged>
        </visibility>
        <typedValue>
            <type>
                <name>Text?list</name>
                <namespace>http://www.appian.com/ae/types/2009</namespace>
            </type>
            <value>
                <el>2009 Transition</el>
                <el>ACCESS</el>
                <el>Action Memo</el>
                <el>Appropriations Congressional Reports</el>
                <el>Assistant Secretary Office Signature Mail</el>
                <el>Authorizations Congressional Reports</el>
                <el>Broadcast Message</el>
                <el>Classified Information</el>
                <el>Congressional Letter</el>
                <el>Correspondence</el>
                <el>Deputy Secretary Request</el>
                <el>DHS Correspondence Tasked for Action</el>
                <el>DHS Management Directive</el>
                <el>Efficiency Review</el>
                <el>FOIA Request</el>
                <el>Homeland Intelligence Request (HIR)</el>
                <el>Personnel Complaint</el>
                <el>Invitations</el>
                <el>Issue Paper/Fact Sheet</el>
                <el>Legal Proceeding</el>
                <el>Management Directive</el>
                <el>Memorandum of Agreement (MOA)</el>
                <el>Official Reception and Representation (ORR) Funds Request</el>
                <el>OGC Request for Clearance/Comment</el>
                <el>Phone Inquiry</el>
                <el>Policy Directive</el>
                <el>QFR</el>
                <el>QFR – Non Core Component</el>
                <el>Resume</el>
                <el>Secretary Request</el>
                <el>Social Correspondence</el>
                <el>Tort</el>
                <el>Weekly Reports</el>
                <el>White House Request</el>
                <el>2009 Transition</el>
                <el>ACCESS</el>
                <el>Appropriations Congressional Reports</el>
                <el>Assistant Secretary Priority</el>
                <el>Authorizations Congressional Reports</el>
                <el>Broadcast Message</el>
                <el>Classified Information</el>
                <el>Congressional Letter – Private Bill</el>
                <el>CRCL</el>
                <el>Deputy Secretary Request</el>
                <el>DHS Correspondence Tasked for Action</el>
                <el>DHS Management Directive</el>
                <el>Efficiency Review</el>
                <el>E-mail</el>
                <el>FOIA Request</el>
                <el>Homeland Intelligence Request (HIR)</el>
                <el>Personnel Complaint</el>
                <el>Information Memo</el>
                <el>Issue Paper/Fact Sheet</el>
                <el>Legal Proceeding</el>
                <el>Management Directive</el>
                <el>Memorandum of Agreement (MOA)</el>
                <el>Memorandum of Understanding (MOU)</el>
                <el>Official Reception and Representation (ORR) Funds Request</el>
                <el>OGC Request for Clearance/Comment</el>
                <el>OPR Report</el>
                <el>Policy Directive</el>
                <el>QFR</el>
                <el>QFR – Non Core Component</el>
                <el>Secretary Request</el>
                <el>Talking Points</el>
                <el>Travel Request</el>
                <el>Weekly Reports</el>
            </value>
        </typedValue>
    </constant>
    <roleMap public="true">
        <role allowForAll="false" inherit="true" name="readers">
            <users/>
            <groups/>
        </role>
        <role allowForAll="false" inherit="true" name="authors">
            <users/>
            <groups/>
        </role>
        <role allowForAll="false" inherit="true" name="administrators">
            <users>
                <userUuid>katie.hsu</userUuid>
            </users>
            <groups/>
        </role>
        <role allowForAll="false" inherit="false" name="denyReaders">
            <users/>
            <groups/>
        </role>
        <role allowForAll="false" inherit="false" name="denyAuthors">
            <users/>
            <groups/>
        </role>
        <role allowForAll="false" inherit="false" name="denyAdministrators">
            <users/>
            <groups/>
        </role>
    </roleMap>
</contentHaul>
