<?xml version="1.0" encoding="UTF-8" standalone="yes"?>
<contentHaul xmlns:a="http://www.appian.com/ae/types/2009">
    <constant>
        <name>CTS_INT_R_FOLDER_START_OFFICE</name>
        <uuid>_a-0000dd17-9077-8000-9ba2-011c48011c48_10994</uuid>
        <description>Reference data for folder start office:&#xD;
&#xD;
1 = Office of the Executive Secretariat&#xD;
2 = Office of Detention and Removal Operations&#xD;
3 = Reporting Coordination Center Tasking&#xD;
4 = Assistant Secretary Reporting Group&#xD;
5 = Office of Freedom of Information Act</description>
        <parentUuid>_a-0000dd17-9077-8000-9ba2-011c48011c48_11000</parentUuid>
        <visibility>
            <advertise>false</advertise>
            <hierarchy>true</hierarchy>
            <indexable>true</indexable>
            <quota>false</quota>
            <searchable>true</searchable>
            <system>false</system>
            <unlogged>false</unlogged>
        </visibility>
        <typedValue>
            <type>
                <name>Integer?list</name>
                <namespace>http://www.appian.com/ae/types/2009</namespace>
            </type>
            <value>
                <el>1</el>
                <el>2</el>
                <el>3</el>
                <el>4</el>
                <el>5</el>
            </value>
        </typedValue>
    </constant>
    <roleMap public="true">
        <role allowForAll="false" inherit="true" name="readers">
            <users/>
            <groups/>
        </role>
        <role allowForAll="false" inherit="true" name="authors">
            <users/>
            <groups/>
        </role>
        <role allowForAll="false" inherit="true" name="administrators">
            <users>
                <userUuid>katie.hsu</userUuid>
            </users>
            <groups/>
        </role>
        <role allowForAll="false" inherit="false" name="denyReaders">
            <users/>
            <groups/>
        </role>
        <role allowForAll="false" inherit="false" name="denyAuthors">
            <users/>
            <groups/>
        </role>
        <role allowForAll="false" inherit="false" name="denyAdministrators">
            <users/>
            <groups/>
        </role>
    </roleMap>
</contentHaul>
