<?xml version="1.0" encoding="UTF-8" standalone="yes"?>
<contentHaul xmlns:a="http://www.appian.com/ae/types/2009">
    <rule>
        <name>CTS_SCT_Folder_notes</name>
        <uuid>_a-0000dc8b-8f45-8000-9ba2-011c48011c48_9527</uuid>
        <description>Folder notes</description>
        <parentUuid>_a-0000dc7a-bcb3-8000-9ba2-011c48011c48_6437</parentUuid>
        <visibility>
            <advertise>false</advertise>
            <hierarchy>true</hierarchy>
            <indexable>true</indexable>
            <quota>false</quota>
            <searchable>true</searchable>
            <system>false</system>
            <unlogged>false</unlogged>
        </visibility>
        <definition>load(&#xD;
  local!editNotesFlag: /*isusermemberofgroup(loggedInUser(), cons!CTS_GRP_CMO_ADMIN)*/ true,&#xD;
  #&quot;SYSTEM_SYSRULES_sectionLayout&quot;(&#xD;
    label: &quot;Notes&quot;,&#xD;
    isInitiallyCollapsed: ri!collapseFlag,&#xD;
    isCollapsible: ri!collapseFlag,&#xD;
    firstColumnContents:{&#xD;
      if(ri!readOnly,&#xD;
      load(local!pagingInfo: #&quot;SYSTEM_SYSRULES_pagingInfo&quot;(&#xD;
          startIndex: 1,&#xD;
          batchSize: #&quot;_a-0000dc8b-8f45-8000-9ba2-011c48011c48_9457&quot;,&#xD;
          sort: #&quot;SYSTEM_SYSRULES_sortInfo&quot;(&#xD;
            field: &quot;createdOn&quot;,&#xD;
            ascending: true&#xD;
          )&#xD;
        ),&#xD;
        with(local!datasubset: #&quot;_a-0000dc8b-8f45-8000-9ba2-011c48011c48_9539&quot;(&#xD;
          folderId: ri!folderId,&#xD;
          pagingInfo: local!pagingInfo,&#xD;
          deletedFlag: false()&#xD;
        ),&#xD;
        #&quot;SYSTEM_SYSRULES_gridField&quot;(&#xD;
          totalCount: local!datasubset.totalCount,&#xD;
          columns: {&#xD;
            #&quot;SYSTEM_SYSRULES_gridTextColumn&quot;(&#xD;
              label: &quot;Notes&quot;,&#xD;
              field: &quot;note&quot;,&#xD;
              data: index(local!datasubset.data, &quot;note&quot;, {})&#xD;
            ),&#xD;
            #&quot;_a-0000dc8d-7dbf-8000-9ba2-011c48011c48_9645&quot;(&#xD;
              label: &quot;Created By&quot;,&#xD;
              field: &quot;createdBy&quot;,&#xD;
              users: index(local!datasubset.data, &quot;createdBy&quot;, {})&#xD;
            ),&#xD;
            #&quot;SYSTEM_SYSRULES_gridTextColumn&quot;(&#xD;
              label: &quot;Created On&quot;,&#xD;
              field: &quot;createdOn&quot;,&#xD;
              data: apply(#&quot;_a-0000dc8d-7dbf-8000-9ba2-011c48011c48_9562&quot;(datetime: _), index(local!datasubset.data, &quot;createdOn&quot;, {}))&#xD;
            ),&#xD;
            #&quot;_a-0000dc8d-7dbf-8000-9ba2-011c48011c48_9645&quot;(&#xD;
              label: &quot;Updated By&quot;,&#xD;
              field: &quot;lastModifiedBy&quot;,&#xD;
              users: index(local!datasubset.data, &quot;lastModifiedBy&quot;, {})&#xD;
            ),&#xD;
            #&quot;SYSTEM_SYSRULES_gridTextColumn&quot;(&#xD;
              label: &quot;Updated On&quot;,&#xD;
              field: &quot;lastModifiedOn&quot;,&#xD;
              data: apply(#&quot;_a-0000dc8d-7dbf-8000-9ba2-011c48011c48_9562&quot;(datetime: _), index(local!datasubset.data, &quot;lastModifiedOn&quot;, {}) )&#xD;
            )&#xD;
          },&#xD;
          value: local!pagingInfo,&#xD;
          saveInto: local!pagingInfo&#xD;
        )&#xD;
        )&#xD;
      ),&#xD;
        #&quot;SYSTEM_SYSRULES_gridLayout&quot;(&#xD;
          headerCells: {&#xD;
            #&quot;SYSTEM_SYSRULES_gridLayoutHeaderCell&quot;(label: &quot;Note&quot;),&#xD;
            #&quot;SYSTEM_SYSRULES_gridLayoutHeaderCell&quot;(label: &quot;Created By&quot;),&#xD;
            #&quot;SYSTEM_SYSRULES_gridLayoutHeaderCell&quot;(label: &quot;Created On&quot;),&#xD;
            #&quot;SYSTEM_SYSRULES_gridLayoutHeaderCell&quot;(label: &quot;Updated By&quot;),&#xD;
            #&quot;SYSTEM_SYSRULES_gridLayoutHeaderCell&quot;(label: &quot;Updated On&quot;),&#xD;
            #&quot;SYSTEM_SYSRULES_gridLayoutHeaderCell&quot;(label: &quot;&quot;)&#xD;
          },&#xD;
          columnConfigs: {&#xD;
            #&quot;SYSTEM_SYSRULES_gridLayoutColumnConfig&quot;(width: &quot;DISTRIBUTE&quot;,weight: 5),&#xD;
            #&quot;SYSTEM_SYSRULES_gridLayoutColumnConfig&quot;(width: &quot;DISTRIBUTE&quot;),&#xD;
            #&quot;SYSTEM_SYSRULES_gridLayoutColumnConfig&quot;(width: &quot;DISTRIBUTE&quot;),&#xD;
            #&quot;SYSTEM_SYSRULES_gridLayoutColumnConfig&quot;(width: &quot;DISTRIBUTE&quot;),&#xD;
            #&quot;SYSTEM_SYSRULES_gridLayoutColumnConfig&quot;(width: &quot;DISTRIBUTE&quot;),&#xD;
            #&quot;SYSTEM_SYSRULES_gridLayoutColumnConfig&quot;(width: &quot;ICON&quot;)&#xD;
          },&#xD;
          rows: if(#&quot;_a-0000d62a-67b3-8000-da6f-010000010000_951&quot;(ri!notes),&#xD;
            {}, &#xD;
            #&quot;SYSTEM_SYSRULES_applyComponents&quot;(&#xD;
              function: #&quot;_a-0000dc8b-8f45-8000-9ba2-011c48011c48_9531&quot;(&#xD;
                index: _,&#xD;
                notes: ri!notes,&#xD;
                deleted_notes: ri!deleted_notes,&#xD;
                readOnly: not(local!editNotesFlag)&#xD;
              ),&#xD;
              array: enumerate(length(ri!notes))+1&#xD;
            )&#xD;
          ),&#xD;
          emptyGridMessage: &quot;No notes&quot;,&#xD;
          addRowLink: #&quot;SYSTEM_SYSRULES_dynamicLink&quot;(&#xD;
            label: &quot;New Note&quot;,&#xD;
            value: 'type!{urn:com:appian:types:CTS}CTS_Folder_Note'(&#xD;
              createdBy: loggedInUser(),&#xD;
              createdOn: now(),&#xD;
              folderId: ri!folderId&#xD;
            ),&#xD;
            saveInto: if(#&quot;_a-0000d62a-67b3-8000-da6f-010000010000_951&quot;(ri!notes),&#xD;
                a!save(ri!notes, save!value),&#xD;
                a!save(ri!notes, append(ri!notes, save!value))&#xD;
            )&#xD;
          )&#xD;
        )&#xD;
      )&#xD;
    }&#xD;
  )&#xD;
)</definition>
        <namedTypedValue>
            <name>notes</name>
            <type>
                <name>CTS_Folder_Note?list</name>
                <namespace>urn:com:appian:types:CTS</namespace>
            </type>
        </namedTypedValue>
        <namedTypedValue>
            <name>folderId</name>
            <type>
                <name>int</name>
                <namespace>http://www.w3.org/2001/XMLSchema</namespace>
            </type>
        </namedTypedValue>
        <namedTypedValue>
            <name>deleted_notes</name>
            <type>
                <name>CTS_Folder_Note?list</name>
                <namespace>urn:com:appian:types:CTS</namespace>
            </type>
        </namedTypedValue>
        <namedTypedValue>
            <name>readOnly</name>
            <type>
                <name>boolean</name>
                <namespace>http://www.w3.org/2001/XMLSchema</namespace>
            </type>
        </namedTypedValue>
        <namedTypedValue>
            <name>collapseFlag</name>
            <type>
                <name>boolean</name>
                <namespace>http://www.w3.org/2001/XMLSchema</namespace>
            </type>
        </namedTypedValue>
        <preferredEditor>interface</preferredEditor>
        <offlineEnabled>false</offlineEnabled>
    </rule>
    <roleMap public="true">
        <role allowForAll="false" inherit="true" name="readers">
            <users/>
            <groups/>
        </role>
        <role allowForAll="false" inherit="true" name="authors">
            <users/>
            <groups/>
        </role>
        <role allowForAll="false" inherit="true" name="administrators">
            <users/>
            <groups/>
        </role>
        <role allowForAll="false" inherit="false" name="denyReaders">
            <users/>
            <groups/>
        </role>
        <role allowForAll="false" inherit="false" name="denyAuthors">
            <users/>
            <groups/>
        </role>
        <role allowForAll="false" inherit="false" name="denyAdministrators">
            <users/>
            <groups/>
        </role>
    </roleMap>
</contentHaul>
