<?xml version="1.0" encoding="UTF-8" standalone="yes"?>
<contentHaul xmlns:a="http://www.appian.com/ae/types/2009">
    <rule>
        <name>CTS_QRY_V_Doc</name>
        <uuid>_a-0000dc8d-7dbf-8000-9ba2-011c48011c48_9622</uuid>
        <description>Query entity to return the document information. Returns datasubset.</description>
        <parentUuid>_a-0000dc7a-bcb3-8000-9ba2-011c48011c48_6311</parentUuid>
        <visibility>
            <advertise>false</advertise>
            <hierarchy>true</hierarchy>
            <indexable>true</indexable>
            <quota>false</quota>
            <searchable>true</searchable>
            <system>false</system>
            <unlogged>false</unlogged>
        </visibility>
        <definition>=#&quot;SYSTEM_SYSRULES_queryEntity&quot;(
  entity: #&quot;_a-0000dc8d-7dbf-8000-9ba2-011c48011c48_9623&quot; ,
  query: #&quot;SYSTEM_SYSRULES_query&quot;(
    selection: if(#&quot;_a-0000d62a-67b3-8000-da6f-010000010000_951&quot;(ri!selection), null,
      #&quot;SYSTEM_SYSRULES_querySelection&quot;(
        columns: apply(#&quot;SYSTEM_SYSRULES_queryColumn&quot;(field: _), ri!selection)
      )
    ),
    logicalExpression: 
      #&quot;SYSTEM_SYSRULES_queryLogicalExpression&quot;(
        operator: &quot;AND&quot;,
        filters: {
          if(isnull(ri!docId), 
          #&quot;SYSTEM_SYSRULES_queryFilter&quot;(
              field: &quot;docId&quot;,
              operator: &quot;not null&quot;
            ),
            #&quot;SYSTEM_SYSRULES_queryFilter&quot;(
              field: &quot;docId&quot;,
              operator: &quot;=&quot;,
              value: ri!docId
            )
          ),
          if(#&quot;_a-0000d62a-67b3-8000-da6f-010000010000_951&quot;(ri!notInIds), 
            {},
             #&quot;SYSTEM_SYSRULES_queryFilter&quot;(
              field: &quot;docId&quot;,
              operator: &quot;not in&quot;,
              value: ri!notInIds
            )
          ),
          if(isnull(ri!title), 
          {},
            #&quot;SYSTEM_SYSRULES_queryFilter&quot;(
              field: &quot;title&quot;,
              operator: &quot;includes&quot;,
              value: ri!title
            )
          ),
          if(isnull(ri!author), 
          {},
            #&quot;SYSTEM_SYSRULES_queryFilter&quot;(
              field: &quot;author&quot;,
              operator: &quot;includes&quot;,
              value: ri!author
            )
          ),
          if(#&quot;_a-0000d62a-67b3-8000-da6f-010000010000_951&quot;(ri!createdBy), 
          {},
            #&quot;SYSTEM_SYSRULES_queryFilter&quot;(
              field: &quot;createdBy&quot;,
              operator: &quot;in&quot;,
              value: ri!createdBy
            )
          ),
          if(#&quot;_a-0000d62a-67b3-8000-da6f-010000010000_951&quot;(ri!modifiedBy), 
          {},
            #&quot;SYSTEM_SYSRULES_queryFilter&quot;(
              field: &quot;lastModifiedBy&quot;,
              operator: &quot;in&quot;,
              value: ri!modifiedBy
            )
          ),
          if(isnull(ri!subject), 
          {},
            #&quot;SYSTEM_SYSRULES_queryFilter&quot;(
              field: &quot;subject&quot;,
              operator: &quot;includes&quot;,
              value: ri!subject
            )
          ),
          if(isnull(ri!typeId), 
          {},
            #&quot;SYSTEM_SYSRULES_queryFilter&quot;(
              field: &quot;typeId&quot;,
              operator: &quot;=&quot;,
              value: ri!typeId
            )
          ),
          if(isnull(ri!templateFlag), 
          {},
            #&quot;SYSTEM_SYSRULES_queryFilter&quot;(
              field: &quot;templateFlag&quot;,
              operator: &quot;=&quot;,
              value: ri!templateFlag
            )
          ),
          
          if(all(fn!isnull, {ri!createdOn_from, ri!createdOn_to}),
          {},
          #&quot;SYSTEM_SYSRULES_queryFilter&quot;(
            field: &quot;createdOn&quot;,
            operator: if(isnull(ri!createdOn_from),
              &quot;&lt;=&quot;,
              if(isnull(ri!createdOn_to),
              &quot;&gt;=&quot;,
              &quot;between&quot;
              )
            ),
            value: if(isnull(ri!createdOn_from),
              ri!createdOn_to,
              if(isnull(ri!createdOn_to),
              ri!createdOn_from,
              {ri!createdOn_from, ri!createdOn_to}
              )
            )
          )
          ),
          
          if(all(fn!isnull, {ri!doc_from, ri!doc_to}),
          {},
          #&quot;SYSTEM_SYSRULES_queryFilter&quot;(
            field: &quot;date&quot;,
            operator: if(isnull(ri!doc_from),
              &quot;&lt;=&quot;,
              if(isnull(ri!doc_to),
              &quot;&gt;=&quot;,
              &quot;between&quot;
              )
            ),
            value: if(isnull(ri!doc_from),
              ri!doc_to,
              if(isnull(ri!doc_to),
              ri!doc_from,
              {ri!doc_from, ri!doc_to}
              )
            )
          )
          ),
          if(all(fn!isnull, {ri!modifiedOn_from, ri!modifiedOn_to}),
          {},
          #&quot;SYSTEM_SYSRULES_queryFilter&quot;(
            field: &quot;lastModifiedOn&quot;,
            operator: if(isnull(ri!modifiedOn_from),
              &quot;&lt;=&quot;,
              if(isnull(ri!modifiedOn_to),
              &quot;&gt;=&quot;,
              &quot;between&quot;
              )
            ),
            value: if(isnull(ri!modifiedOn_from),
              ri!modifiedOn_to,
              if(isnull(ri!modifiedOn_to),
              ri!modifiedOn_from,
              {ri!modifiedOn_from, ri!modifiedOn_to}
              )
            )
          )
          )
        }
      ),
      pagingInfo: if(isnull(ri!pagingInfo),
      #&quot;SYSTEM_SYSRULES_pagingInfo&quot;(
        startIndex: 1,
        batchSize: -1,
        sort: #&quot;SYSTEM_SYSRULES_sortInfo&quot;(
          field: &quot;docId&quot;,
          ascending: true
        )
      ),
      ri!pagingInfo)
  )
)</definition>
        <namedTypedValue>
            <name>pagingInfo</name>
            <type>
                <name>PagingInfo</name>
                <namespace>http://www.appian.com/ae/types/2009</namespace>
            </type>
        </namedTypedValue>
        <namedTypedValue>
            <name>docId</name>
            <type>
                <name>int</name>
                <namespace>http://www.w3.org/2001/XMLSchema</namespace>
            </type>
        </namedTypedValue>
        <namedTypedValue>
            <name>selection</name>
            <type>
                <name>Text?list</name>
                <namespace>http://www.appian.com/ae/types/2009</namespace>
            </type>
        </namedTypedValue>
        <namedTypedValue>
            <name>author</name>
            <type>
                <name>string</name>
                <namespace>http://www.w3.org/2001/XMLSchema</namespace>
            </type>
            <value/>
        </namedTypedValue>
        <namedTypedValue>
            <name>createdOn_from</name>
            <type>
                <name>dateTime</name>
                <namespace>http://www.w3.org/2001/XMLSchema</namespace>
            </type>
        </namedTypedValue>
        <namedTypedValue>
            <name>createdOn_to</name>
            <type>
                <name>dateTime</name>
                <namespace>http://www.w3.org/2001/XMLSchema</namespace>
            </type>
        </namedTypedValue>
        <namedTypedValue>
            <name>doc_from</name>
            <type>
                <name>dateTime</name>
                <namespace>http://www.w3.org/2001/XMLSchema</namespace>
            </type>
        </namedTypedValue>
        <namedTypedValue>
            <name>doc_to</name>
            <type>
                <name>dateTime</name>
                <namespace>http://www.w3.org/2001/XMLSchema</namespace>
            </type>
        </namedTypedValue>
        <namedTypedValue>
            <name>subject</name>
            <type>
                <name>string</name>
                <namespace>http://www.w3.org/2001/XMLSchema</namespace>
            </type>
            <value/>
        </namedTypedValue>
        <namedTypedValue>
            <name>typeId</name>
            <type>
                <name>int</name>
                <namespace>http://www.w3.org/2001/XMLSchema</namespace>
            </type>
        </namedTypedValue>
        <namedTypedValue>
            <name>createdBy</name>
            <type>
                <name>Text?list</name>
                <namespace>http://www.appian.com/ae/types/2009</namespace>
            </type>
        </namedTypedValue>
        <namedTypedValue>
            <name>modifiedOn_from</name>
            <type>
                <name>dateTime</name>
                <namespace>http://www.w3.org/2001/XMLSchema</namespace>
            </type>
        </namedTypedValue>
        <namedTypedValue>
            <name>modifiedOn_to</name>
            <type>
                <name>dateTime</name>
                <namespace>http://www.w3.org/2001/XMLSchema</namespace>
            </type>
        </namedTypedValue>
        <namedTypedValue>
            <name>modifiedBy</name>
            <type>
                <name>Text?list</name>
                <namespace>http://www.appian.com/ae/types/2009</namespace>
            </type>
        </namedTypedValue>
        <namedTypedValue>
            <name>notInIds</name>
            <type>
                <name>Integer?list</name>
                <namespace>http://www.appian.com/ae/types/2009</namespace>
            </type>
        </namedTypedValue>
        <namedTypedValue>
            <name>templateFlag</name>
            <type>
                <name>boolean</name>
                <namespace>http://www.w3.org/2001/XMLSchema</namespace>
            </type>
        </namedTypedValue>
        <namedTypedValue>
            <name>title</name>
            <type>
                <name>string</name>
                <namespace>http://www.w3.org/2001/XMLSchema</namespace>
            </type>
            <value/>
        </namedTypedValue>
        <preferredEditor>legacy</preferredEditor>
        <offlineEnabled>false</offlineEnabled>
    </rule>
    <roleMap public="true">
        <role allowForAll="false" inherit="true" name="readers">
            <users/>
            <groups/>
        </role>
        <role allowForAll="false" inherit="true" name="authors">
            <users/>
            <groups/>
        </role>
        <role allowForAll="false" inherit="true" name="administrators">
            <users/>
            <groups/>
        </role>
        <role allowForAll="false" inherit="false" name="denyReaders">
            <users/>
            <groups/>
        </role>
        <role allowForAll="false" inherit="false" name="denyAuthors">
            <users/>
            <groups/>
        </role>
        <role allowForAll="false" inherit="false" name="denyAdministrators">
            <users/>
            <groups/>
        </role>
    </roleMap>
    <typedValue>
        <type>
            <name>RuleTestConfig?list</name>
            <namespace>http://www.appian.com/ae/types/2009</namespace>
        </type>
        <value>
            <el>
                <a:name>Test Active Flag and Paging Info</a:name>
                <a:ruleInputTestConfigs>
                    <a:value xmlns:xsi="http://www.w3.org/2001/XMLSchema-instance" xsi:type="a:Expression">#&quot;SYSTEM_SYSRULES_pagingInfo&quot;(
  startIndex: 1,
  batchSize: 1
)</a:value>
                    <a:nameRef>pagingInfo</a:nameRef>
                    <a:id>1</a:id>
                </a:ruleInputTestConfigs>
                <a:ruleInputTestConfigs>
                    <a:value xmlns:xsd="http://www.w3.org/2001/XMLSchema" xmlns:xsi="http://www.w3.org/2001/XMLSchema-instance" xsi:nil="true" xsi:type="xsd:int"/>
                    <a:nameRef>docId</a:nameRef>
                    <a:id>2</a:id>
                </a:ruleInputTestConfigs>
                <a:ruleInputTestConfigs>
                    <a:value xmlns:xsi="http://www.w3.org/2001/XMLSchema-instance" xsi:nil="true"/>
                    <a:nameRef>selection</a:nameRef>
                    <a:id>3</a:id>
                </a:ruleInputTestConfigs>
                <a:ruleInputTestConfigs>
                    <a:value xmlns:xsi="http://www.w3.org/2001/XMLSchema-instance" xsi:nil="true"/>
                    <a:nameRef>author</a:nameRef>
                    <a:id>4</a:id>
                </a:ruleInputTestConfigs>
                <a:ruleInputTestConfigs>
                    <a:value xmlns:xsi="http://www.w3.org/2001/XMLSchema-instance" xsi:nil="true"/>
                    <a:nameRef>createdOn_from</a:nameRef>
                    <a:id>5</a:id>
                </a:ruleInputTestConfigs>
                <a:ruleInputTestConfigs>
                    <a:value xmlns:xsi="http://www.w3.org/2001/XMLSchema-instance" xsi:nil="true"/>
                    <a:nameRef>createdOn_to</a:nameRef>
                    <a:id>6</a:id>
                </a:ruleInputTestConfigs>
                <a:ruleInputTestConfigs>
                    <a:value xmlns:xsi="http://www.w3.org/2001/XMLSchema-instance" xsi:nil="true"/>
                    <a:nameRef>doc_from</a:nameRef>
                    <a:id>7</a:id>
                </a:ruleInputTestConfigs>
                <a:ruleInputTestConfigs>
                    <a:value xmlns:xsi="http://www.w3.org/2001/XMLSchema-instance" xsi:nil="true"/>
                    <a:nameRef>doc_to</a:nameRef>
                    <a:id>8</a:id>
                </a:ruleInputTestConfigs>
                <a:ruleInputTestConfigs>
                    <a:value xmlns:xsi="http://www.w3.org/2001/XMLSchema-instance" xsi:nil="true"/>
                    <a:nameRef>subject</a:nameRef>
                    <a:id>9</a:id>
                </a:ruleInputTestConfigs>
                <a:ruleInputTestConfigs>
                    <a:value xmlns:xsi="http://www.w3.org/2001/XMLSchema-instance" xsi:nil="true"/>
                    <a:nameRef>typeId</a:nameRef>
                    <a:id>10</a:id>
                </a:ruleInputTestConfigs>
                <a:ruleInputTestConfigs>
                    <a:value xmlns:xsi="http://www.w3.org/2001/XMLSchema-instance" xsi:nil="true"/>
                    <a:nameRef>createdBy</a:nameRef>
                    <a:id>11</a:id>
                </a:ruleInputTestConfigs>
                <a:ruleInputTestConfigs>
                    <a:value xmlns:xsi="http://www.w3.org/2001/XMLSchema-instance" xsi:nil="true"/>
                    <a:nameRef>modifiedOn_from</a:nameRef>
                    <a:id>12</a:id>
                </a:ruleInputTestConfigs>
                <a:ruleInputTestConfigs>
                    <a:value xmlns:xsi="http://www.w3.org/2001/XMLSchema-instance" xsi:nil="true"/>
                    <a:nameRef>modifiedOn_to</a:nameRef>
                    <a:id>13</a:id>
                </a:ruleInputTestConfigs>
                <a:ruleInputTestConfigs>
                    <a:value xmlns:xsi="http://www.w3.org/2001/XMLSchema-instance" xsi:nil="true"/>
                    <a:nameRef>modifiedBy</a:nameRef>
                    <a:id>14</a:id>
                </a:ruleInputTestConfigs>
                <a:ruleInputTestConfigs>
                    <a:value xmlns:xsi="http://www.w3.org/2001/XMLSchema-instance" xsi:nil="true"/>
                    <a:nameRef>notInIds</a:nameRef>
                    <a:id>15</a:id>
                </a:ruleInputTestConfigs>
                <a:ruleInputTestConfigs>
                    <a:value xmlns:xsi="http://www.w3.org/2001/XMLSchema-instance" xsi:nil="true"/>
                    <a:nameRef>templateFlag</a:nameRef>
                    <a:id>16</a:id>
                </a:ruleInputTestConfigs>
                <a:ruleInputTestConfigs>
                    <a:value xmlns:xsi="http://www.w3.org/2001/XMLSchema-instance" xsi:nil="true"/>
                    <a:nameRef>title</a:nameRef>
                    <a:id>17</a:id>
                </a:ruleInputTestConfigs>
                <a:assertions xmlns:xsi="http://www.w3.org/2001/XMLSchema-instance" xsi:nil="true"/>
            </el>
        </value>
    </typedValue>
</contentHaul>
