<?xml version="1.0" encoding="UTF-8" standalone="yes"?>
<contentHaul xmlns:a="http://www.appian.com/ae/types/2009">
    <constant>
        <name>CTS_TEXT_FOLDER_AUDIT_FIELDS</name>
        <uuid>_a-0000dcf6-bb7e-8000-9ba2-011c48011c48_18455</uuid>
        <description>Fields from the CTS_FLDR CDT to be audited when folder metadata is updated (order should correspond to reference data in DB):&#xD;
&#xD;
id&#xD;
addressee&#xD;
categoryId&#xD;
dueOn&#xD;
fileSeriesId&#xD;
instructions&#xD;
originator&#xD;
originatorTitleId&#xD;
receivedDate&#xD;
referredOfficeId&#xD;
startOfficeId&#xD;
subject&#xD;
typeId&#xD;
subtypeId&#xD;
secondaryTypeId&#xD;
owner&#xD;
description&#xD;
signator&#xD;
signedOn&#xD;
signatureOfficeId&#xD;
signatureTypeId</description>
        <parentUuid>_a-0000dd17-9077-8000-9ba2-011c48011c48_10999</parentUuid>
        <visibility>
            <advertise>false</advertise>
            <hierarchy>true</hierarchy>
            <indexable>true</indexable>
            <quota>false</quota>
            <searchable>true</searchable>
            <system>false</system>
            <unlogged>false</unlogged>
        </visibility>
        <typedValue>
            <type>
                <name>Text?list</name>
                <namespace>http://www.appian.com/ae/types/2009</namespace>
            </type>
            <value>
                <el>id</el>
                <el>addressee</el>
                <el>categoryId</el>
                <el>dueOn</el>
                <el>fileSeriesId</el>
                <el>instructions</el>
                <el>originator</el>
                <el>originatorTitleId</el>
                <el>receivedDate</el>
                <el>referredOfficeId</el>
                <el>startOfficeId</el>
                <el>subject</el>
                <el>typeId</el>
                <el>subtypeId</el>
                <el>secondaryTypeId</el>
                <el>owner</el>
                <el>description</el>
                <el>signator</el>
                <el>signedOn</el>
                <el>signatureOfficeId</el>
                <el>signatureTypeId</el>
            </value>
        </typedValue>
    </constant>
    <roleMap public="true">
        <role allowForAll="false" inherit="true" name="readers">
            <users/>
            <groups/>
        </role>
        <role allowForAll="false" inherit="true" name="authors">
            <users/>
            <groups/>
        </role>
        <role allowForAll="false" inherit="true" name="administrators">
            <users>
                <userUuid>katie.hsu</userUuid>
            </users>
            <groups/>
        </role>
        <role allowForAll="false" inherit="false" name="denyReaders">
            <users/>
            <groups/>
        </role>
        <role allowForAll="false" inherit="false" name="denyAuthors">
            <users/>
            <groups/>
        </role>
        <role allowForAll="false" inherit="false" name="denyAdministrators">
            <users/>
            <groups/>
        </role>
    </roleMap>
</contentHaul>
