<?xml version="1.0" encoding="UTF-8" standalone="yes"?>
<contentHaul xmlns:a="http://www.appian.com/ae/types/2009">
    <constant>
        <name>CTS_TEXT_R_FOLDER_ORIGINATOR_TITLE</name>
        <uuid>_a-0000dd17-9077-8000-9ba2-011c48011c48_10962</uuid>
        <description>Reference data for folder originator title:&#xD;
&#xD;
1 = American Ambassador&#xD;
2 = Board/Commission/Council Member (Federal/State)&#xD;
3 = Chief of Police/Major Law Enforcement Officer&#xD;
4 = City Manager&#xD;
5 = Council Member of a Locality&#xD;
6 = Congressperson&#xD;
7 = District Attorney&#xD;
8 = Foreign Ambassador&#xD;
9 = Governor/Lt. Governor&#xD;
10 = Head of Federal Agency/Deputy&#xD;
11 = Inspector General Dept./Agency&#xD;
12 = Judge&#xD;
13 = Mayor&#xD;
14 = Member of Joint Chiefs of Staff&#xD;
15 = Member of State Legislature&#xD;
16 = President of U.S. (POTUS)&#xD;
17 = State Cabinet Official&#xD;
18 = Treasurer/Comptroller&#xD;
19 = U.S. Government Official&#xD;
20 = U.S. Senator&#xD;
21 = United Nations Official&#xD;
22 = Vice President of U.S. (VPOTUS)&#xD;
23 = White House Official/Staff Member</description>
        <parentUuid>_a-0000dd17-9077-8000-9ba2-011c48011c48_10999</parentUuid>
        <visibility>
            <advertise>false</advertise>
            <hierarchy>true</hierarchy>
            <indexable>true</indexable>
            <quota>false</quota>
            <searchable>true</searchable>
            <system>false</system>
            <unlogged>false</unlogged>
        </visibility>
        <typedValue>
            <type>
                <name>Text?list</name>
                <namespace>http://www.appian.com/ae/types/2009</namespace>
            </type>
            <value>
                <el>American Ambassador</el>
                <el>Board/Commission/Council Member (Federal/State)</el>
                <el>Chief of Police/Major Law Enforcement Officer</el>
                <el>City Manager</el>
                <el>Council Member of a Locality</el>
                <el>Congressperson</el>
                <el>District Attorney</el>
                <el>Foreign Ambassador</el>
                <el>Governor/Lt. Governor</el>
                <el>Head of Federal Agency/Deputy</el>
                <el>Inspector General Dept./Agency</el>
                <el>Judge</el>
                <el>Mayor</el>
                <el>Member of Joint Chiefs of Staff</el>
                <el>Member of State Legislature</el>
                <el>President of U.S. (POTUS)</el>
                <el>State Cabinet Official</el>
                <el>Treasurer/Comptroller</el>
                <el>U.S. Government Official</el>
                <el>U.S. Senator</el>
                <el>United Nations Official</el>
                <el>Vice President of U.S. (VPOTUS)</el>
                <el>White House Official/Staff Member</el>
            </value>
        </typedValue>
    </constant>
    <roleMap public="true">
        <role allowForAll="false" inherit="true" name="readers">
            <users/>
            <groups/>
        </role>
        <role allowForAll="false" inherit="true" name="authors">
            <users/>
            <groups/>
        </role>
        <role allowForAll="false" inherit="true" name="administrators">
            <users>
                <userUuid>katie.hsu</userUuid>
            </users>
            <groups/>
        </role>
        <role allowForAll="false" inherit="false" name="denyReaders">
            <users/>
            <groups/>
        </role>
        <role allowForAll="false" inherit="false" name="denyAuthors">
            <users/>
            <groups/>
        </role>
        <role allowForAll="false" inherit="false" name="denyAdministrators">
            <users/>
            <groups/>
        </role>
    </roleMap>
</contentHaul>
