<?xml version="1.0" encoding="UTF-8" standalone="yes"?>
<contentHaul xmlns:a="http://www.appian.com/ae/types/2009">
    <rule>
        <name>CTS_RULE_arrayPickerSuggestWithFreeText</name>
        <uuid>_a-0000dc8b-8f45-8000-9ba2-011c48011c48_9166</uuid>
        <description>Array picker suggest function with free text. Returns a datasubset</description>
        <parentUuid>_a-0000dc7a-bcb3-8000-9ba2-011c48011c48_6553</parentUuid>
        <visibility>
            <advertise>false</advertise>
            <hierarchy>true</hierarchy>
            <indexable>true</indexable>
            <quota>false</quota>
            <searchable>true</searchable>
            <system>false</system>
            <unlogged>false</unlogged>
        </visibility>
        <definition>=with(
  local!matches: where(search(ri!typedText, ri!labels, 1)),
  local!indices: if(length(local!matches)=0, null, local!matches),
  local!labels: if(#&quot;_a-0000d62a-67b3-8000-da6f-010000010000_950&quot;(ri!allowNewLabel), {ri!typedText, index(ri!labels, local!indices, {})}, if(ri!allowNewLabel, {ri!typedText, index(ri!labels, local!indices, {})}, {index(ri!labels, local!indices, {})})),  
  local!data: index(local!labels, enumerate(min({15,length(local!labels)}))+1, {}),
  #&quot;SYSTEM_SYSRULES_dataSubset&quot;(
    data: local!data,
    identifiers: local!data
  )
)</definition>
        <namedTypedValue>
            <name>typedText</name>
            <type>
                <name>string</name>
                <namespace>http://www.w3.org/2001/XMLSchema</namespace>
            </type>
            <value/>
        </namedTypedValue>
        <namedTypedValue>
            <name>labels</name>
            <type>
                <name>Text?list</name>
                <namespace>http://www.appian.com/ae/types/2009</namespace>
            </type>
        </namedTypedValue>
        <namedTypedValue>
            <name>values</name>
            <type>
                <name>Variant</name>
                <namespace>http://www.appian.com/ae/types/2009</namespace>
            </type>
        </namedTypedValue>
        <namedTypedValue>
            <name>allowNewLabel</name>
            <type>
                <name>boolean</name>
                <namespace>http://www.w3.org/2001/XMLSchema</namespace>
            </type>
        </namedTypedValue>
        <preferredEditor>legacy</preferredEditor>
        <offlineEnabled>false</offlineEnabled>
    </rule>
    <roleMap public="true">
        <role allowForAll="false" inherit="true" name="readers">
            <users/>
            <groups/>
        </role>
        <role allowForAll="false" inherit="true" name="authors">
            <users/>
            <groups/>
        </role>
        <role allowForAll="false" inherit="true" name="administrators">
            <users/>
            <groups/>
        </role>
        <role allowForAll="false" inherit="false" name="denyReaders">
            <users/>
            <groups/>
        </role>
        <role allowForAll="false" inherit="false" name="denyAuthors">
            <users/>
            <groups/>
        </role>
        <role allowForAll="false" inherit="false" name="denyAdministrators">
            <users/>
            <groups/>
        </role>
    </roleMap>
</contentHaul>
