<?xml version="1.0" encoding="UTF-8" standalone="yes"?>
<contentHaul xmlns:a="http://www.appian.com/ae/types/2009">
    <rule>
        <name>CTS_GRID_Folder_tasks</name>
        <uuid>_a-0000dcf6-bb7e-8000-9ba2-011c48011c48_18705</uuid>
        <description>Tasks for the routed folder</description>
        <parentUuid>_a-0000dc7a-bcb3-8000-9ba2-011c48011c48_6486</parentUuid>
        <visibility>
            <advertise>false</advertise>
            <hierarchy>true</hierarchy>
            <indexable>true</indexable>
            <quota>false</quota>
            <searchable>true</searchable>
            <system>false</system>
            <unlogged>false</unlogged>
        </visibility>
        <definition>={load(
  local!pagingInfo: #&quot;SYSTEM_SYSRULES_pagingInfo&quot;(
  startIndex: 1,
  batchSize: #&quot;_a-0000dc7a-bcb3-8000-9ba2-011c48011c48_6489&quot;),
  local!priorities: #&quot;_a-0000dc7a-bcb3-8000-9ba2-011c48011c48_6383&quot;(activeFlag: true).data,
  with(local!datasubset: #&quot;605f48bf-0986-464c-83c9-7ef2470def50&quot;(folder: ri!folder, pagingInfo: local!pagingInfo),
    {
      #&quot;SYSTEM_SYSRULES_gridField&quot;(
      label: &quot;Current Assignments/Active Tasks&quot;,
      labelPosition: &quot;COLLAPSED&quot;,
      totalCount: local!datasubset.totalCount,
      columns: {
        #&quot;SYSTEM_SYSRULES_gridTextColumn&quot;(
          label: &quot;Start Time&quot;,
          field: &quot;c2&quot;,
          data: apply(#&quot;_a-0000dc8d-7dbf-8000-9ba2-011c48011c48_9562&quot;(datetime: _),
            index(local!datasubset.data, &quot;c2&quot;, {}) )
        ),
        #&quot;SYSTEM_SYSRULES_gridImageColumn&quot;(
          label: &quot;Priority&quot;,
          field: &quot;c4&quot;,
          data: apply(#&quot;295dc579-c34f-475c-8664-9b04c7340348&quot;(priorityId: _, priorities: local!priorities),
              index(local!datasubset.data, &quot;c4&quot;, {})),
          size: &quot;ICON&quot;
        ),
        #&quot;SYSTEM_SYSRULES_gridLinkColumn&quot;(
          label: &quot;Task Name&quot;,
          field: &quot;dp0&quot;,
          data: apply(#&quot;17f48c97-4378-4714-9694-46f531cd8aee&quot;(taskName:_, appianTaskId:_), 
            merge(
              index(local!datasubset.data, &quot;c0&quot;, {}), 
              index(local!datasubset.data, &quot;dp0&quot;, {}))),
          alignment: &quot;LEFT&quot;
        ),
        #&quot;SYSTEM_SYSRULES_gridTextColumn&quot;(
          label: &quot;Assignee(s)&quot;,
          field: &quot;c7&quot;,
          data: apply(#&quot;_a-0000dc8b-8f45-8000-9ba2-011c48011c48_9420&quot;(text:_),
            substitute(index(local!datasubset.data, &quot;c7&quot;, {}), &quot;; &quot;, &quot;%&quot;))
        ),
        /*a!gridImageColumn(
          label: &quot;Status&quot;,
          field: &quot;c5&quot;,
          data: apply(rule!CTS_CMPT_General_displayTaskStatus(
            taskStatusId: _), index(local!datasubset.data, &quot;c5&quot;, {}) ),
          size: &quot;ICON&quot;
        ),*/
        #&quot;_a-0000dc8d-7dbf-8000-9ba2-011c48011c48_9645&quot;(
          users: index(local!datasubset.data, &quot;c8&quot;, {}),
          label: &quot;Owner&quot;,
          field: &quot;c8&quot;
        ),
        #&quot;SYSTEM_SYSRULES_gridTextColumn&quot;(
          label: &quot;Deadline&quot;,
          field: &quot;c6&quot;,
          data: apply(#&quot;_a-0000dc8d-7dbf-8000-9ba2-011c48011c48_9562&quot;(datetime: _),
            index(local!datasubset.data, &quot;c6&quot;, {}) )
        ),
        #&quot;SYSTEM_SYSRULES_gridImageColumn&quot;(
          label: &quot;Overdue&quot;,
          field: &quot;c10&quot;,
          data: if(index(local!datasubset.data, &quot;c10&quot;, {}), 
            #&quot;SYSTEM_SYSRULES_documentImage&quot;(
              document: #&quot;_a-0000dc7a-bcb3-8000-9ba2-011c48011c48_6444&quot;[4],
              altText: &quot;Overdue&quot;,
              caption: &quot;Overdue&quot;), 
            #&quot;SYSTEM_SYSRULES_documentImage&quot;(
              document: #&quot;_a-0000dc8b-8f45-8000-9ba2-011c48011c48_9146&quot;,
              altText: &quot;Normal&quot;,
              caption: &quot;Normal&quot;)),
          size: &quot;ICON&quot;
        ),
        #&quot;SYSTEM_SYSRULES_gridTextColumn&quot;(
          label: &quot;Due In&quot;,
          field: &quot;c6&quot;,
          data: 
          apply(#&quot;98b091dc-535d-4587-9818-feca6b0f044c&quot;(deadline: _),
            index(local!datasubset.data, &quot;c6&quot;, {}) )
        )
      },
      emptyGridMessage: &quot;There are no active tasks for this folder&quot;,
      value: local!pagingInfo,
      saveInto: local!pagingInfo
    )}
  )
)}</definition>
        <namedTypedValue>
            <name>folder</name>
            <type>
                <name>CTS_Folder</name>
                <namespace>urn:com:appian:types:CTS</namespace>
            </type>
        </namedTypedValue>
        <preferredEditor>interface</preferredEditor>
        <offlineEnabled>false</offlineEnabled>
    </rule>
    <roleMap public="true">
        <role allowForAll="false" inherit="true" name="readers">
            <users/>
            <groups/>
        </role>
        <role allowForAll="false" inherit="true" name="authors">
            <users/>
            <groups/>
        </role>
        <role allowForAll="false" inherit="true" name="administrators">
            <users>
                <userUuid>katie.hsu</userUuid>
            </users>
            <groups/>
        </role>
        <role allowForAll="false" inherit="false" name="denyReaders">
            <users/>
            <groups/>
        </role>
        <role allowForAll="false" inherit="false" name="denyAuthors">
            <users/>
            <groups/>
        </role>
        <role allowForAll="false" inherit="false" name="denyAdministrators">
            <users/>
            <groups/>
        </role>
    </roleMap>
</contentHaul>
