<?xml version="1.0" encoding="UTF-8" standalone="yes"?>
<contentHaul xmlns:a="http://www.appian.com/ae/types/2009">
    <rule>
        <name>CTS_SCT_Folder_assignment_templateSelect</name>
        <uuid>c47f48f7-225e-4c67-bd7e-38f02711ade5</uuid>
        <description>Manage assignments form - subsection for template selection</description>
        <parentUuid>_a-0000dc7a-bcb3-8000-9ba2-011c48011c48_6437</parentUuid>
        <visibility>
            <advertise>false</advertise>
            <hierarchy>true</hierarchy>
            <indexable>true</indexable>
            <quota>false</quota>
            <searchable>true</searchable>
            <system>false</system>
            <unlogged>false</unlogged>
        </visibility>
        <definition>=load(
  local!pagingInfo:#&quot;SYSTEM_SYSRULES_pagingInfo&quot;(startIndex:1,batchSize:10),
  local!data:#&quot;be680d5f-b2b9-4d27-9a30-f7f94aa917ac&quot;(isSystemTemplate:true, deletedFlag: false, pagingInfo:local!pagingInfo),
  { 
    #&quot;SYSTEM_SYSRULES_textField&quot;(
      label:&quot;&quot;,
      readOnly:true,
      value:&quot;Select a template below to quickly prepopulate this folder's assignment or click 'Start' to start fresh.&quot;
    ),
    #&quot;SYSTEM_SYSRULES_gridField&quot;(
      label:&quot;Templates&quot;,
      helpTooltip:&quot;Select a template to use by clicking the name in the grid&quot;,
      totalCount:local!data.totalCount,
      columns:{
        #&quot;SYSTEM_SYSRULES_gridTextColumn&quot;(
          label:&quot;Name&quot;,
          field:&quot;name&quot;,
          data:index(local!data.data,&quot;name&quot;,{}),
          links:{
            apply(
              #&quot;SYSTEM_SYSRULES_dynamicLink&quot;(label:&quot;Select&quot;,value:_,
                saveInto:{
                    a!save(ri!selectedAssignmentWorkflow,
                      #&quot;1360e217-f757-400b-9333-f6a477ca0b8a&quot;(workflowId:save!value,folderId:ri!folderId)),
                    a!save(ri!selectedScreen,2)
                  }),
                index(local!data.data,&quot;id&quot;,{})
                /*purposefully auto cast from Save_Assignment to the Assignment type */
            )
          }
        ),
        #&quot;SYSTEM_SYSRULES_gridTextColumn&quot;(
          label:&quot;Description&quot;,
          field:&quot;description&quot;,
          data:index(local!data.data,&quot;description&quot;,{})
        )        
      },
      value:local!pagingInfo,
      saveInto:{
        local!pagingInfo,
        a!save(local!data,#&quot;be680d5f-b2b9-4d27-9a30-f7f94aa917ac&quot;(isSystemTemplate:true,pagingInfo:local!pagingInfo))
      }
    )
  }
)</definition>
        <namedTypedValue>
            <name>folderId</name>
            <type>
                <name>int</name>
                <namespace>http://www.w3.org/2001/XMLSchema</namespace>
            </type>
        </namedTypedValue>
        <namedTypedValue>
            <name>selectedAssignmentWorkflow</name>
            <type>
                <name>CTS_Assign?list</name>
                <namespace>urn:com:appian:types:CTS</namespace>
            </type>
        </namedTypedValue>
        <namedTypedValue>
            <name>selectedScreen</name>
            <type>
                <name>int</name>
                <namespace>http://www.w3.org/2001/XMLSchema</namespace>
            </type>
        </namedTypedValue>
        <preferredEditor>interface</preferredEditor>
        <offlineEnabled>false</offlineEnabled>
    </rule>
    <roleMap public="true">
        <role allowForAll="false" inherit="true" name="readers">
            <users/>
            <groups/>
        </role>
        <role allowForAll="false" inherit="true" name="authors">
            <users/>
            <groups/>
        </role>
        <role allowForAll="false" inherit="true" name="administrators">
            <users>
                <userUuid>justin.watts</userUuid>
            </users>
            <groups/>
        </role>
        <role allowForAll="false" inherit="false" name="denyReaders">
            <users/>
            <groups/>
        </role>
        <role allowForAll="false" inherit="false" name="denyAuthors">
            <users/>
            <groups/>
        </role>
        <role allowForAll="false" inherit="false" name="denyAdministrators">
            <users/>
            <groups/>
        </role>
    </roleMap>
</contentHaul>
