<?xml version="1.0" encoding="UTF-8" standalone="yes"?>
<contentHaul xmlns:a="http://www.appian.com/ae/types/2009">
    <rule>
        <name>CTS_RPT_TaskCalendar</name>
        <uuid>08078caf-a3f9-4331-93ad-51fe9e78f222</uuid>
        <description></description>
        <parentUuid>_a-0000dc8b-8f45-8000-9ba2-011c48011c48_9449</parentUuid>
        <visibility>
            <advertise>false</advertise>
            <hierarchy>true</hierarchy>
            <indexable>true</indexable>
            <quota>false</quota>
            <searchable>true</searchable>
            <system>false</system>
            <unlogged>false</unlogged>
        </visibility>
        <definition>load(&#xD;
  local!month: fn!month(now()),&#xD;
  local!year: fn!year(now()),&#xD;
  local!currentCalendar: fn!generatecalendar(local!month,local!year),&#xD;
  local!selectedDate,&#xD;
  local!filterByOwner:&quot;cmo.admin2&quot;,&#xD;
  local!selectedUsers:touser(&quot;cmo.admin2&quot;),&#xD;
  local!showWeekendDays:true,&#xD;
  local!dateType:&quot;Due&quot;,&#xD;
  with(&#xD;
    local!nextYear: if(local!month=12,local!year+1,local!year),&#xD;
    local!prevYear: if(local!month=1,local!year-1,local!year),&#xD;
  	local!gridSelection: #&quot;SYSTEM_SYSRULES_gridSelection&quot;(pagingInfo:  #&quot;SYSTEM_SYSRULES_pagingInfo&quot;( startIndex:1, batchSize:25  )),&#xD;
  	local!numberOfWeeks:&#xD;
    	max(count(local!currentCalendar.sundays),&#xD;
    	count(local!currentCalendar.mondays),&#xD;
    	count(local!currentCalendar.tuesdays),&#xD;
    	count(local!currentCalendar.wednesdays),&#xD;
    	count(local!currentCalendar.thursdays),&#xD;
    	count(local!currentCalendar.fridays),&#xD;
    	count(local!currentCalendar.saturdays)),&#xD;
	  local!calendarData:&#xD;
	   todatasubset(#&quot;956ca2f8-61f0-4710-b009-b67201718e54&quot;(&#xD;
	     startDate:date(local!year,local!month,1),&#xD;
	     endDate:date(local!year,local!month,daysinmonth(local!month,local!year)),&#xD;
	     assignedTo:local!filterByOwner)),&#xD;
	     /* note we don't filter the selected day's list of deliverables by owner, just the main calendar display */&#xD;
  &#xD;
     #&quot;SYSTEM_SYSRULES_formLayout&quot;(&#xD;
      label: if (isnull(local!selectedDate),&quot;&quot;,&quot;Calendar Events on &quot; &amp; date(local!year,local!month,local!selectedDate)),&#xD;
      instructions: &quot;&quot;,&#xD;
      firstColumnContents:&#xD;
      {&#xD;
			#&quot;SYSTEM_SYSRULES_sectionLayout&quot;(&#xD;
			  label:&quot;&quot;,&#xD;
			  firstColumnContents:{&#xD;
&#xD;
					/*a!pickerFieldUsersAndGroups(&#xD;
					  label:&quot;Owner&quot;,&#xD;
					  labelPosition:&quot;ADJACENT&quot;,&#xD;
					  instructions: if (len(local!selectedUsers)&lt;1,&quot;Optionally choose owner(s) to filter calendar events&quot;,&quot;Only show Calendar Events for &quot; &amp; rule!APN_displayUser(local!selectedUsers)),&#xD;
						maxSelections: 5,&#xD;
		/*				groupFilter: cons!TK_GROUP_ALL_USERS, *//*&#xD;
						value: local!selectedUsers,&#xD;
						saveInto: local!selectedUsers&#xD;
					),&#xD;
				a!radioButtonField(&#xD;
				  label:&quot;Display On&quot;,&#xD;
				  labelPosition:&quot;ADJACENT&quot;,&#xD;
				  choiceLabels:{&quot;Assign Date&quot;,&quot;Due Date&quot;},&#xD;
				  choiceValues:{&quot;Assign&quot;,&quot;Due&quot;},&#xD;
				  value:local!dateType,&#xD;
				  saveInto:local!dateType&#xD;
				),&#xD;
				a!checkboxField(&#xD;
				  label:&quot;Show Weekends&quot;,&#xD;
				  labelPosition:&quot;ADJACENT&quot;,&#xD;
				  choiceLabels:{&quot;&quot;},&#xD;
				  choiceValues:{true},&#xD;
				  value:local!showWeekendDays,&#xD;
				  saveInto: local!showWeekendDays&#xD;
				  )*/&#xD;
				  #&quot;SYSTEM_SYSRULES_dropdownFieldByIndex&quot;(&#xD;
					label:&quot;Month&quot;,&#xD;
					labelPosition:&quot;ABOVE&quot;,&#xD;
					choiceLabels:#&quot;_a-0000da96-3570-8000-6ee0-010000010000_7157&quot;(),&#xD;
					value:local!month,&#xD;
					saveInto:{&#xD;
						local!month,&#xD;
						local!currentCalendar &lt;&lt; fn!generatecalendar(_,local!year)&#xD;
					}&#xD;
				)&#xD;
			  },&#xD;
			  secondColumnContents:{&#xD;
		    &#xD;
				&#xD;
				#&quot;SYSTEM_SYSRULES_dropdownField&quot;(&#xD;
					label:&quot;Year&quot;,&#xD;
					labelPosition:&quot;ABOVE&quot;,&#xD;
					choiceLabels:enum(11)+(local!year-5),&#xD;
					choiceValues:enum(11)+(local!year-5),&#xD;
					value:local!year,&#xD;
					saveInto:{&#xD;
						local!year,&#xD;
						local!currentCalendar &lt;&lt; fn!generatecalendar(local!month,_)&#xD;
					}&#xD;
				),&#xD;
				#&quot;SYSTEM_SYSRULES_ButtonLayout&quot;(&#xD;
				  primaryButtons:{&#xD;
				  	#&quot;SYSTEM_SYSRULES_ButtonWidget&quot;(&#xD;
					  label: char(8666),&#xD;
					  value: if(local!month=1,12,local!month-1),&#xD;
					  saveInto: {&#xD;
						local!currentCalendar &lt;&lt; fn!generatecalendar(_,local!prevYear),&#xD;
						local!month,&#xD;
						a!save(local!year,local!prevYear)  &#xD;
					  }&#xD;
					),&#xD;
				  	#&quot;SYSTEM_SYSRULES_ButtonWidget&quot;(&#xD;
					  label: char(8667),&#xD;
					  value: if(local!month=12,1,local!month+1),&#xD;
					  saveInto: {&#xD;
						local!currentCalendar &lt;&lt; fn!generatecalendar(_,local!nextYear),&#xD;
						local!month,&#xD;
						a!save(local!year,local!nextYear)&#xD;
					  }&#xD;
					)&#xD;
				  }&#xD;
				)				&#xD;
			  }&#xD;
			),&#xD;
			#&quot;SYSTEM_SYSRULES_sectionLayout&quot;(&#xD;
			  label:&quot;Calendar for &quot;&amp;displayvalue(local!month,enum(12)+1,#&quot;_a-0000da96-3570-8000-6ee0-010000010000_7157&quot;(),&quot; &quot;)&amp;&quot; &quot;&amp;local!year,&#xD;
			  firstColumnContents:{&#xD;
				#&quot;SYSTEM_SYSRULES_gridLayout&quot;(&#xD;
				  label:&quot;&quot;,&#xD;
          headerCells:{&#xD;
            #&quot;SYSTEM_SYSRULES_gridLayoutHeaderCell&quot;(label:&quot;Sunday&quot;,align:&quot;CENTER&quot;),&#xD;
            #&quot;SYSTEM_SYSRULES_gridLayoutHeaderCell&quot;(label:&quot;Monday&quot;,align:&quot;CENTER&quot;),&#xD;
            #&quot;SYSTEM_SYSRULES_gridLayoutHeaderCell&quot;(label:&quot;Tuesday&quot;,align:&quot;CENTER&quot;),&#xD;
            #&quot;SYSTEM_SYSRULES_gridLayoutHeaderCell&quot;(label:&quot;Wednesday&quot;,align:&quot;CENTER&quot;),&#xD;
            #&quot;SYSTEM_SYSRULES_gridLayoutHeaderCell&quot;(label:&quot;Thursday&quot;,align:&quot;CENTER&quot;),&#xD;
            #&quot;SYSTEM_SYSRULES_gridLayoutHeaderCell&quot;(label:&quot;Friday&quot;,align:&quot;CENTER&quot;),&#xD;
            #&quot;SYSTEM_SYSRULES_gridLayoutHeaderCell&quot;(label:&quot;Saturday&quot;,align:&quot;CENTER&quot;)&#xD;
          },&#xD;
          rows:{&#xD;
            #&quot;SYSTEM_SYSRULES_applyComponents&quot;(&#xD;
              function:#&quot;f49f813f-562d-44e2-b063-d1af751dc1b2&quot;(local!currentCalendar,local!calendarData,_),&#xD;
              array:enumerate(local!numberOfWeeks)+1&#xD;
            )&#xD;
          }&#xD;
				)/*,&#xD;
				a!gridField(&#xD;
				  label:&quot;&quot;,&#xD;
				  totalCount:local!numberOfWeeks,&#xD;
				  columns:{&#xD;
				  if (local!showWeekendDays,a!gridTextColumn(&#xD;
					  label:&quot;Sunday&quot;,&#xD;
					  data: apply(rule!TK_Calendar_Show_Date,local!currentCalendar.sundays,local!month,local!year,local!selectedUsers,local!dateType),                                    &#xD;
					  alignment: &quot;RIGHT&quot;,&#xD;
					  links: apply(a!dynamicLink(value: _, saveInto: local!selectedDate), local!currentCalendar.sundays)&#xD;
					),{}),&#xD;
					a!gridTextColumn(&#xD;
					  label:&quot;Monday&quot;,&#xD;
					  data: apply(rule!TK_Calendar_Show_Date,local!currentCalendar.mondays,local!month,local!year,local!selectedUsers,local!dateType),                                    &#xD;
					  alignment: &quot;RIGHT&quot;,&#xD;
					  links: apply(a!dynamicLink(value: _, saveInto: local!selectedDate), local!currentCalendar.mondays)&#xD;
					),&#xD;
					a!gridTextColumn(&#xD;
					  label:&quot;Tuesday&quot;,&#xD;
					  data: apply(rule!TK_Calendar_Show_Date,local!currentCalendar.tuesdays,local!month,local!year,local!selectedUsers,local!dateType),  &#xD;
					  alignment: &quot;RIGHT&quot;,&#xD;
					  links: apply(a!dynamicLink(value: _, saveInto: local!selectedDate), local!currentCalendar.tuesdays)&#xD;
					),&#xD;
					a!gridTextColumn(&#xD;
					  label:&quot;Wednesday&quot;,&#xD;
					  data:  apply(rule!TK_Calendar_Show_Date,local!currentCalendar.wednesdays,local!month,local!year,local!selectedUsers,local!dateType),  &#xD;
					  alignment: &quot;RIGHT&quot;,&#xD;
					  links: apply(a!dynamicLink(value: _, saveInto: local!selectedDate), local!currentCalendar.wednesdays)&#xD;
					),&#xD;
					a!gridTextColumn(&#xD;
					  label:&quot;Thursday&quot;,&#xD;
					  data: apply(rule!TK_Calendar_Show_Date,local!currentCalendar.thursdays,local!month,local!year,local!selectedUsers,local!dateType),  &#xD;
					  alignment: &quot;RIGHT&quot;,&#xD;
					  links: apply(a!dynamicLink(value: _, saveInto: local!selectedDate), local!currentCalendar.thursdays)&#xD;
					),&#xD;
					a!gridTextColumn(&#xD;
					  label:&quot;Friday&quot;,&#xD;
					  data: apply(rule!TK_Calendar_Show_Date,local!currentCalendar.fridays,local!month,local!year,local!selectedUsers,local!dateType),  &#xD;
					  alignment: &quot;RIGHT&quot;,&#xD;
					  links: apply(a!dynamicLink(value: _, saveInto: local!selectedDate), local!currentCalendar.fridays)&#xD;
					),&#xD;
					if (local!showWeekendDays,a!gridTextColumn(&#xD;
					  label:&quot;Saturday&quot;,&#xD;
					  data: apply(rule!TK_Calendar_Show_Date,local!currentCalendar.saturdays,local!month,local!year,local!selectedUsers,local!dateType),                                    &#xD;
					  alignment: &quot;RIGHT&quot;,&#xD;
					  links: apply(a!dynamicLink(value: _, saveInto: local!selectedDate), local!currentCalendar.saturdays)&#xD;
					),{})&#xD;
				  },&#xD;
				  value:a!pagingInfo(startIndex:1,batchSize:-1)&#xD;
				)*/ /* gridfield */&#xD;
			  }&#xD;
			), /* section */&#xD;
	/*if (local!calendarData.totalCount&lt;1,&#xD;
		a!textField(&#xD;
		  value:&quot;No Calendar Events are due on &quot; &amp; date(local!year,local!month,local!selectedDate),&#xD;
		  readOnly:true&#xD;
		) ,&#xD;
	 a!gridField(&#xD;
		totalCount: local!calendarData.totalCount,&#xD;
		columns: {&#xD;
	  a!gridTextColumn(&#xD;
      label: &quot;Title&quot;,&#xD;
		  field:&quot;title&quot;,&#xD;
      data:  index(local!calendarData.data,&quot;name&quot;, null),&#xD;
		  links: apply(a!recordLink(&#xD;
		  recordType:cons!TK_CALENDAR_EVENT_RECORD,&#xD;
		  identifier:_),index(local!calendarData.data,&quot;id&quot;,null)) &#xD;
    ),&#xD;
	  a!gridTextColumn(&#xD;
      label: &quot;Received&quot;,&#xD;
		  field:&quot;taskAssignDate&quot;,&#xD;
      data:  index(local!calendarData.data,&quot;start&quot;, null)&#xD;
		), &#xD;
	  a!gridTextColumn(&#xD;
      label: &quot;Status&quot;,&#xD;
		  field:&quot;status&quot;,&#xD;
		  data: index(local!calendarData.data,&quot;status&quot;,null)&#xD;
		),&#xD;
	   a!gridTextColumn(&#xD;
      label: &quot;Owner&quot;,&#xD;
	    field:&quot;owner&quot;,&#xD;
      data: apply(rule!TK_displayAssigneeAtRuntime,index(local!calendarData.data,&quot;taskOwner&quot;,null))&#xD;
    ), &#xD;
	  a!gridTextColumn(&#xD;
      label: &quot;Priority&quot;,&#xD;
		  field:&quot;status&quot;,&#xD;
		  data: index(local!calendarData.data,&quot;status&quot;,null)&#xD;
		),      &#xD;
	   a!gridTextColumn(&#xD;
      label: &quot;Deadline&quot;,&#xD;
		  field:&quot;deadline&quot;,&#xD;
      data:  index(local!calendarData.data,&quot;deadline&quot;,null)&#xD;
    ) 	&#xD;
	}, /* columns *//*&#xD;
	value: local!gridSelection,&#xD;
		selection: false&#xD;
	 )	 /* Gridfield *//*	 &#xD;
	 ),*/ /* end if there are calendar event(s) to display */&#xD;
	  /*a!buttonLayout(&#xD;
		primaryButtons:a!buttonWidget(&#xD;
				  label: &quot;Back to Calendar&quot;,&#xD;
				  style:&quot;PRIMARY&quot;,&#xD;
				  value: &quot;&quot;,&#xD;
				  saveInto: a!save(local!selectedDate,null) &#xD;
				)&#xD;
	 )*/&#xD;
		} /* end 1st (only) column in form */&#xD;
    ) /* formLayout */&#xD;
  )&#xD;
)</definition>
        <preferredEditor>interface</preferredEditor>
        <offlineEnabled>false</offlineEnabled>
    </rule>
    <roleMap public="true">
        <role allowForAll="false" inherit="true" name="readers">
            <users/>
            <groups/>
        </role>
        <role allowForAll="false" inherit="true" name="authors">
            <users/>
            <groups/>
        </role>
        <role allowForAll="false" inherit="true" name="administrators">
            <users>
                <userUuid>justin.watts</userUuid>
            </users>
            <groups/>
        </role>
        <role allowForAll="false" inherit="false" name="denyReaders">
            <users/>
            <groups/>
        </role>
        <role allowForAll="false" inherit="false" name="denyAuthors">
            <users/>
            <groups/>
        </role>
        <role allowForAll="false" inherit="false" name="denyAdministrators">
            <users/>
            <groups/>
        </role>
    </roleMap>
</contentHaul>
