<?xml version="1.0" encoding="UTF-8" standalone="yes"?>
<contentHaul xmlns:a="http://www.appian.com/ae/types/2009">
    <rule>
        <name>CTS_SCT_User_profile</name>
        <uuid>27e7f163-8af9-4d9a-885a-617df10fc26b</uuid>
        <description>User profile details</description>
        <parentUuid>_a-0000dc7a-bcb3-8000-9ba2-011c48011c48_6437</parentUuid>
        <visibility>
            <advertise>false</advertise>
            <hierarchy>true</hierarchy>
            <indexable>true</indexable>
            <quota>false</quota>
            <searchable>true</searchable>
            <system>false</system>
            <unlogged>false</unlogged>
        </visibility>
        <definition>=load(
  #&quot;SYSTEM_SYSRULES_sectionLayout&quot;(
    label: &quot;User Information&quot;,
    firstColumnContents: {
       #&quot;_a-0000dc93-c482-8000-9ba2-011c48011c48_10692&quot;(
      label: &quot;First Name&quot;,
      readOnly: ri!readOnly,
      required: true,
      value: if(isnull(ri!username), ri!firstName, user(ri!username, &quot;firstName&quot;)),
      saveInto: {a!save(ri!firstName, trim(save!value))},
      validations: if(ri!readOnly, {}, {#&quot;_a-0000dc93-c482-8000-9ba2-011c48011c48_11255&quot;(maxCharLength: 35, text: ri!firstName),
        #&quot;f04ba795-bc8e-4ecb-81d3-060e413d961e&quot;(allowedCharacters: {&quot;-&quot;, &quot;_&quot;, &quot;'&quot;, &quot; &quot;}, text: ri!firstName)
      })
    ),
     #&quot;_a-0000dc93-c482-8000-9ba2-011c48011c48_10692&quot;(
      label: &quot;Last Name&quot;,
      readOnly: ri!readOnly,
      required: true,
      value: if(isnull(ri!username), ri!lastName, user(ri!username, &quot;lastName&quot;)),
      saveInto: {a!save(ri!lastName, trim(save!value))},
      validations: if(ri!readOnly, {}, {#&quot;_a-0000dc93-c482-8000-9ba2-011c48011c48_11255&quot;(maxCharLength: 35, text: ri!lastName),
        #&quot;f04ba795-bc8e-4ecb-81d3-060e413d961e&quot;(allowedCharacters: {&quot;-&quot;, &quot;_&quot;, &quot;'&quot;, &quot; &quot;}, text: ri!lastName)
      })
    )
    },
    secondColumnContents: {
       #&quot;_a-0000dc93-c482-8000-9ba2-011c48011c48_10692&quot;(
      label: &quot;Email&quot;,
      readOnly: ri!readOnly,
      required: true,
      value: if(isnull(ri!username), ri!email, user(ri!username, &quot;email&quot;)),
      saveInto: {a!save(ri!email, #&quot;3e2a19ba-582a-4fab-9018-305be508cf41&quot;(save!value))},
      validations: if(ri!readOnly, {}, {if(validateemailaddress(ri!email), &quot;&quot;, ri!email &amp; &quot; is not a valid email address&quot;)})
    ),
     #&quot;_a-0000dc93-c482-8000-9ba2-011c48011c48_10692&quot;(
      label: &quot;Phone Number&quot;,
      readOnly: ri!readOnly,
      required: false,
      value: if(isnull(ri!username), ri!phoneNumber, user(ri!username, &quot;phoneOffice&quot;)),
      saveInto: ri!phoneNumber
    )
    }
  )
)</definition>
        <namedTypedValue>
            <name>readOnly</name>
            <type>
                <name>boolean</name>
                <namespace>http://www.w3.org/2001/XMLSchema</namespace>
            </type>
        </namedTypedValue>
        <namedTypedValue>
            <name>firstName</name>
            <type>
                <name>string</name>
                <namespace>http://www.w3.org/2001/XMLSchema</namespace>
            </type>
            <value/>
        </namedTypedValue>
        <namedTypedValue>
            <name>lastName</name>
            <type>
                <name>string</name>
                <namespace>http://www.w3.org/2001/XMLSchema</namespace>
            </type>
            <value/>
        </namedTypedValue>
        <namedTypedValue>
            <name>email</name>
            <type>
                <name>string</name>
                <namespace>http://www.w3.org/2001/XMLSchema</namespace>
            </type>
            <value/>
        </namedTypedValue>
        <namedTypedValue>
            <name>username</name>
            <type>
                <name>string</name>
                <namespace>http://www.w3.org/2001/XMLSchema</namespace>
            </type>
            <value/>
        </namedTypedValue>
        <namedTypedValue>
            <name>phoneNumber</name>
            <type>
                <name>string</name>
                <namespace>http://www.w3.org/2001/XMLSchema</namespace>
            </type>
            <value/>
        </namedTypedValue>
        <preferredEditor>interface</preferredEditor>
        <offlineEnabled>false</offlineEnabled>
    </rule>
    <roleMap public="true">
        <role allowForAll="false" inherit="true" name="readers">
            <users/>
            <groups/>
        </role>
        <role allowForAll="false" inherit="true" name="authors">
            <users/>
            <groups/>
        </role>
        <role allowForAll="false" inherit="true" name="administrators">
            <users>
                <userUuid>katie.hsu</userUuid>
            </users>
            <groups/>
        </role>
        <role allowForAll="false" inherit="false" name="denyReaders">
            <users/>
            <groups/>
        </role>
        <role allowForAll="false" inherit="false" name="denyAuthors">
            <users/>
            <groups/>
        </role>
        <role allowForAll="false" inherit="false" name="denyAdministrators">
            <users/>
            <groups/>
        </role>
    </roleMap>
    <typedValue>
        <type>
            <name>RuleTestConfig?list</name>
            <namespace>http://www.appian.com/ae/types/2009</namespace>
        </type>
        <value>
            <el>
                <a:name/>
                <a:ruleInputTestConfigs>
                    <a:value xmlns:xsd="http://www.w3.org/2001/XMLSchema" xmlns:xsi="http://www.w3.org/2001/XMLSchema-instance" xsi:nil="true" xsi:type="xsd:boolean"/>
                    <a:nameRef>readOnly</a:nameRef>
                    <a:id/>
                </a:ruleInputTestConfigs>
                <a:ruleInputTestConfigs>
                    <a:value xmlns:xsd="http://www.w3.org/2001/XMLSchema" xmlns:xsi="http://www.w3.org/2001/XMLSchema-instance" xsi:type="xsd:string"/>
                    <a:nameRef>firstName</a:nameRef>
                    <a:id/>
                </a:ruleInputTestConfigs>
                <a:ruleInputTestConfigs>
                    <a:value xmlns:xsd="http://www.w3.org/2001/XMLSchema" xmlns:xsi="http://www.w3.org/2001/XMLSchema-instance" xsi:type="xsd:string"/>
                    <a:nameRef>lastName</a:nameRef>
                    <a:id/>
                </a:ruleInputTestConfigs>
                <a:ruleInputTestConfigs>
                    <a:value xmlns:xsd="http://www.w3.org/2001/XMLSchema" xmlns:xsi="http://www.w3.org/2001/XMLSchema-instance" xsi:type="xsd:string"/>
                    <a:nameRef>email</a:nameRef>
                    <a:id/>
                </a:ruleInputTestConfigs>
                <a:ruleInputTestConfigs>
                    <a:value xmlns:xsd="http://www.w3.org/2001/XMLSchema" xmlns:xsi="http://www.w3.org/2001/XMLSchema-instance" xsi:type="xsd:string"/>
                    <a:nameRef>username</a:nameRef>
                    <a:id/>
                </a:ruleInputTestConfigs>
                <a:ruleInputTestConfigs>
                    <a:value xmlns:xsd="http://www.w3.org/2001/XMLSchema" xmlns:xsi="http://www.w3.org/2001/XMLSchema-instance" xsi:type="xsd:string"/>
                    <a:nameRef>phoneNumber</a:nameRef>
                    <a:id/>
                </a:ruleInputTestConfigs>
                <a:assertions xmlns:xsi="http://www.w3.org/2001/XMLSchema-instance" xsi:nil="true"/>
            </el>
        </value>
    </typedValue>
</contentHaul>
