<?xml version="1.0" encoding="UTF-8" standalone="yes"?>
<contentHaul xmlns:a="http://www.appian.com/ae/types/2009">
    <rule>
        <name>CTS_QRY_Assign_audit</name>
        <uuid>_a-0000dcf6-bb7e-8000-9ba2-011c48011c48_18692</uuid>
        <description>Query entity to return the assignment audit. Returns datasubset.</description>
        <parentUuid>_a-0000dc7a-bcb3-8000-9ba2-011c48011c48_6236</parentUuid>
        <visibility>
            <advertise>false</advertise>
            <hierarchy>true</hierarchy>
            <indexable>true</indexable>
            <quota>false</quota>
            <searchable>true</searchable>
            <system>false</system>
            <unlogged>false</unlogged>
        </visibility>
        <definition>=#&quot;SYSTEM_SYSRULES_queryEntity&quot;(
  entity: #&quot;_a-0000dcf6-bb7e-8000-9ba2-011c48011c48_18581&quot;,
  query: #&quot;SYSTEM_SYSRULES_query&quot;(
    selection: if(#&quot;_a-0000d62a-67b3-8000-da6f-010000010000_951&quot;(ri!columns),
      null, 
      #&quot;SYSTEM_SYSRULES_querySelection&quot;(columns:apply(#&quot;SYSTEM_SYSRULES_queryColumn&quot;(
        field: _
      ), ri!columns) )
    ),
    logicalExpression: 
      #&quot;SYSTEM_SYSRULES_queryLogicalExpression&quot;(
        operator: &quot;AND&quot;,
        filters: {
          if(isnull(ri!assignmentId), {},
            #&quot;SYSTEM_SYSRULES_queryFilter&quot;(
              field: &quot;assignmentId&quot;,
              operator: &quot;=&quot;,
              value: ri!assignmentId
            )
          )
        }
      ),
      pagingInfo: if(isnull(ri!pagingInfo),
      #&quot;SYSTEM_SYSRULES_pagingInfo&quot;(
        startIndex: 1,
        batchSize: -1,
        sort: #&quot;SYSTEM_SYSRULES_sortInfo&quot;(
          field: &quot;id&quot;,
          ascending: true
        )
      ),
      ri!pagingInfo)
  )
)</definition>
        <namedTypedValue>
            <name>pagingInfo</name>
            <type>
                <name>PagingInfo</name>
                <namespace>http://www.appian.com/ae/types/2009</namespace>
            </type>
        </namedTypedValue>
        <namedTypedValue>
            <name>assignmentId</name>
            <type>
                <name>int</name>
                <namespace>http://www.w3.org/2001/XMLSchema</namespace>
            </type>
        </namedTypedValue>
        <namedTypedValue>
            <name>columns</name>
            <type>
                <name>Text?list</name>
                <namespace>http://www.appian.com/ae/types/2009</namespace>
            </type>
        </namedTypedValue>
        <preferredEditor>legacy</preferredEditor>
        <offlineEnabled>false</offlineEnabled>
    </rule>
    <roleMap public="true">
        <role allowForAll="false" inherit="true" name="readers">
            <users/>
            <groups/>
        </role>
        <role allowForAll="false" inherit="true" name="authors">
            <users/>
            <groups/>
        </role>
        <role allowForAll="false" inherit="true" name="administrators">
            <users/>
            <groups/>
        </role>
        <role allowForAll="false" inherit="false" name="denyReaders">
            <users/>
            <groups/>
        </role>
        <role allowForAll="false" inherit="false" name="denyAuthors">
            <users/>
            <groups/>
        </role>
        <role allowForAll="false" inherit="false" name="denyAdministrators">
            <users/>
            <groups/>
        </role>
    </roleMap>
</contentHaul>
