<?xml version="1.0" encoding="UTF-8" standalone="yes"?>
<contentHaul xmlns:a="http://www.appian.com/ae/types/2009">
    <rule>
        <name>CTS_CMPT_General_multipleChartSeries</name>
        <uuid>_a-0000dc8d-7dbf-8000-9ba2-011c48011c48_9820</uuid>
        <description>Will return the multiple chart series. This is used to create a stack chart</description>
        <parentUuid>_a-0000dc7a-bcb3-8000-9ba2-011c48011c48_6536</parentUuid>
        <visibility>
            <advertise>false</advertise>
            <hierarchy>true</hierarchy>
            <indexable>true</indexable>
            <quota>false</quota>
            <searchable>true</searchable>
            <system>false</system>
            <unlogged>false</unlogged>
        </visibility>
        <definition>=load(&#xD;
 local!categories: #&quot;_a-0000dc8b-8f45-8000-9ba2-011c48011c48_9179&quot;(array: index(ri!data, ri!categoryField, {})),&#xD;
 local!labels: #&quot;_a-0000dc8b-8f45-8000-9ba2-011c48011c48_9179&quot;(array: index(ri!data, ri!labelField, {})),&#xD;
 /* Loop over the list of series labels to find the datapoints */&#xD;
 /* for each series                                            `*/&#xD;
 apply(&#xD;
    #&quot;_a-0000dc8b-8f45-8000-9ba2-011c48011c48_9507&quot;(&#xD;
      data: ri!data,&#xD;
      categoryField: ri!categoryField,&#xD;
      labelField: ri!labelField,&#xD;
      datapointField: ri!datapointField,&#xD;
      categories:  local!categories,&#xD;
      label: _&#xD;
    ),&#xD;
    local!labels&#xD;
  )&#xD;
)</definition>
        <namedTypedValue>
            <name>data</name>
            <type>
                <name>Variant</name>
                <namespace>http://www.appian.com/ae/types/2009</namespace>
            </type>
        </namedTypedValue>
        <namedTypedValue>
            <name>categoryField</name>
            <type>
                <name>string</name>
                <namespace>http://www.w3.org/2001/XMLSchema</namespace>
            </type>
            <value/>
        </namedTypedValue>
        <namedTypedValue>
            <name>labelField</name>
            <type>
                <name>string</name>
                <namespace>http://www.w3.org/2001/XMLSchema</namespace>
            </type>
            <value/>
        </namedTypedValue>
        <namedTypedValue>
            <name>datapointField</name>
            <type>
                <name>string</name>
                <namespace>http://www.w3.org/2001/XMLSchema</namespace>
            </type>
            <value/>
        </namedTypedValue>
        <preferredEditor>legacy</preferredEditor>
        <offlineEnabled>false</offlineEnabled>
    </rule>
    <roleMap public="true">
        <role allowForAll="false" inherit="true" name="readers">
            <users/>
            <groups/>
        </role>
        <role allowForAll="false" inherit="true" name="authors">
            <users/>
            <groups/>
        </role>
        <role allowForAll="false" inherit="true" name="administrators">
            <users/>
            <groups/>
        </role>
        <role allowForAll="false" inherit="false" name="denyReaders">
            <users/>
            <groups/>
        </role>
        <role allowForAll="false" inherit="false" name="denyAuthors">
            <users/>
            <groups/>
        </role>
        <role allowForAll="false" inherit="false" name="denyAdministrators">
            <users/>
            <groups/>
        </role>
    </roleMap>
</contentHaul>
