<?xml version="1.0" encoding="UTF-8" standalone="yes"?>
<contentHaul xmlns:a="http://www.appian.com/ae/types/2009">
    <constant>
        <name>CTS_DOC_ICON_STAGE</name>
        <uuid>_a-0000dc7a-bcb3-8000-9ba2-011c48011c48_6431</uuid>
        <description>Stage/status icons. It should match up to CTS_R_FLDR_STAGE</description>
        <parentUuid>_a-0000dc7a-bcb3-8000-9ba2-011c48011c48_6430</parentUuid>
        <visibility>
            <advertise>false</advertise>
            <hierarchy>true</hierarchy>
            <indexable>true</indexable>
            <quota>false</quota>
            <searchable>true</searchable>
            <system>false</system>
            <unlogged>false</unlogged>
        </visibility>
        <typedValue>
            <type>
                <name>CollaborationDocument?list</name>
                <namespace>http://www.appian.com/ae/types/2009</namespace>
            </type>
            <value>
                <el>_a-0000da8e-f7c3-8000-927a-010000010000_6614</el>
                <el>_a-0000da8e-f7c3-8000-927a-010000010000_6344</el>
                <el>_a-0000da8e-f7c3-8000-927a-010000010000_6242</el>
                <el>_a-0000da8e-f7c3-8000-927a-010000010000_6505</el>
                <el>_a-0000da8e-f7c3-8000-927a-010000010000_6247</el>
            </value>
        </typedValue>
    </constant>
    <roleMap public="true">
        <role allowForAll="false" inherit="true" name="readers">
            <users/>
            <groups/>
        </role>
        <role allowForAll="false" inherit="true" name="authors">
            <users/>
            <groups/>
        </role>
        <role allowForAll="false" inherit="true" name="administrators">
            <users/>
            <groups/>
        </role>
        <role allowForAll="false" inherit="false" name="denyReaders">
            <users/>
            <groups/>
        </role>
        <role allowForAll="false" inherit="false" name="denyAuthors">
            <users/>
            <groups/>
        </role>
        <role allowForAll="false" inherit="false" name="denyAdministrators">
            <users/>
            <groups/>
        </role>
    </roleMap>
</contentHaul>
