<?xml version="1.0" encoding="UTF-8" standalone="yes"?>
<contentHaul xmlns:a="http://www.appian.com/ae/types/2009">
    <rule>
        <name>CTS_DASH_Folder_assignments</name>
        <uuid>_a-0000dc8d-7dbf-8000-9ba2-011c48011c48_10013</uuid>
        <description>Folder assignments</description>
        <parentUuid>_a-0000dc7a-bcb3-8000-9ba2-011c48011c48_6419</parentUuid>
        <visibility>
            <advertise>false</advertise>
            <hierarchy>true</hierarchy>
            <indexable>true</indexable>
            <quota>false</quota>
            <searchable>true</searchable>
            <system>false</system>
            <unlogged>false</unlogged>
        </visibility>
        <definition>=load(local!folder: #&quot;_a-0000dc7a-bcb3-8000-9ba2-011c48011c48_6256&quot;(id: ri!folderId).data,
local!assignments: #&quot;_a-0000dc8d-7dbf-8000-9ba2-011c48011c48_9999&quot;(
  deletedFlag: false,
  folderId: local!folder.id,
  pagingInfo: #&quot;SYSTEM_SYSRULES_pagingInfo&quot;(
    startIndex: 1,
    batchSize: -1,
    sort: #&quot;SYSTEM_SYSRULES_sortInfo&quot;(
      field: &quot;sequenceNumber&quot;,
      ascending: true
    )
  )
).data,
local!selection,
  #&quot;SYSTEM_SYSRULES_dashboardLayout&quot;(
  firstColumnContents: {
    #&quot;_a-0000dc8d-7dbf-8000-9ba2-011c48011c48_9919&quot;(
      readOnly: true,
      folder: local!folder,
      assignments: local!assignments,
      selectedAssignment: local!selection
    ),
    if(and(tointeger(local!folder.stageId)&lt;&gt;#&quot;_a-0000dc8d-7dbf-8000-9ba2-011c48011c48_10020&quot;[1], not(isnull(local!selection))),
    #&quot;_a-0000dcf6-bb7e-8000-9ba2-011c48011c48_18691&quot;(
      assignment: local!selection,
      readOnly: true
    ),
    {}
  )
  }
)
)</definition>
        <namedTypedValue>
            <name>folderId</name>
            <type>
                <name>int</name>
                <namespace>http://www.w3.org/2001/XMLSchema</namespace>
            </type>
        </namedTypedValue>
        <preferredEditor>interface</preferredEditor>
        <offlineEnabled>false</offlineEnabled>
    </rule>
    <roleMap public="true">
        <role allowForAll="false" inherit="true" name="readers">
            <users/>
            <groups/>
        </role>
        <role allowForAll="false" inherit="true" name="authors">
            <users/>
            <groups/>
        </role>
        <role allowForAll="false" inherit="true" name="administrators">
            <users/>
            <groups/>
        </role>
        <role allowForAll="false" inherit="false" name="denyReaders">
            <users/>
            <groups/>
        </role>
        <role allowForAll="false" inherit="false" name="denyAuthors">
            <users/>
            <groups/>
        </role>
        <role allowForAll="false" inherit="false" name="denyAdministrators">
            <users/>
            <groups/>
        </role>
    </roleMap>
    <typedValue>
        <type>
            <name>RuleTestConfig?list</name>
            <namespace>http://www.appian.com/ae/types/2009</namespace>
        </type>
        <value>
            <el>
                <a:name/>
                <a:ruleInputTestConfigs>
                    <a:value xmlns:xsd="http://www.w3.org/2001/XMLSchema" xmlns:xsi="http://www.w3.org/2001/XMLSchema-instance" xsi:type="xsd:int">1</a:value>
                    <a:nameRef>folderId</a:nameRef>
                    <a:id/>
                </a:ruleInputTestConfigs>
                <a:assertions xmlns:xsi="http://www.w3.org/2001/XMLSchema-instance" xsi:nil="true"/>
            </el>
        </value>
    </typedValue>
</contentHaul>
