<?xml version="1.0" encoding="UTF-8" standalone="yes"?>
<contentHaul xmlns:a="http://www.appian.com/ae/types/2009">
    <rule>
        <name>CTS_SCT_Folder_history</name>
        <uuid>_a-0000dcf6-bb7e-8000-9ba2-011c48011c48_18654</uuid>
        <description>History of the recent folder changes section</description>
        <parentUuid>_a-0000dc7a-bcb3-8000-9ba2-011c48011c48_6437</parentUuid>
        <visibility>
            <advertise>false</advertise>
            <hierarchy>true</hierarchy>
            <indexable>true</indexable>
            <quota>false</quota>
            <searchable>true</searchable>
            <system>false</system>
            <unlogged>false</unlogged>
        </visibility>
        <definition>=load(
  local!closeReasons: #&quot;_a-0000dc8b-8f45-8000-9ba2-011c48011c48_9354&quot;(activeFlag: true).data,
  {#&quot;SYSTEM_SYSRULES_sectionLayout&quot;(
          firstColumnContents: {
            #&quot;SYSTEM_SYSRULES_dateTimeField&quot;(
              label: &quot;Created On&quot;,
              labelPosition: #&quot;_a-0000dc7a-bcb3-8000-9ba2-011c48011c48_6439&quot;(readOnly: true),
              value: ri!folder.createdOn,
              readOnly: 1
            ),
             
             #&quot;SYSTEM_SYSRULES_dateTimeField&quot;(
              label: &quot;Last Modified On&quot;,
              labelPosition: #&quot;_a-0000dc7a-bcb3-8000-9ba2-011c48011c48_6439&quot;(readOnly: true),
              value: ri!folder.lastModifiedOn,
              readOnly: 1
            ),
            #&quot;SYSTEM_SYSRULES_dateTimeField&quot;(
              label: &quot;Closed On&quot;,
              labelPosition: #&quot;_a-0000dc7a-bcb3-8000-9ba2-011c48011c48_6439&quot;(readOnly: true),
              readOnly: true,
              value: ri!folder.closedOn
            ) 
          },
          secondColumnContents: {
            #&quot;_a-0000dc8b-8f45-8000-9ba2-011c48011c48_9198&quot;(
              user: ri!folder.createdBy,
              label: &quot;Created By&quot;,
              labelPosition: #&quot;_a-0000dc7a-bcb3-8000-9ba2-011c48011c48_6439&quot;(readOnly: true)
             ),
             #&quot;_a-0000dc8b-8f45-8000-9ba2-011c48011c48_9198&quot;(
              user: ri!folder.lastModifiedBy,
              label: &quot;Last Modified By&quot;,
              labelPosition: #&quot;_a-0000dc7a-bcb3-8000-9ba2-011c48011c48_6439&quot;(readOnly: true)
             ),
            #&quot;SYSTEM_SYSRULES_textField&quot;(
              label: &quot;Closed Reason&quot;,
              labelPosition: #&quot;_a-0000dc7a-bcb3-8000-9ba2-011c48011c48_6439&quot;(readOnly: true),
              readOnly: true,
              value: displayvalue(ri!folder.closeReasonId,toint(index(local!closeReasons,&quot;id&quot;,{})),index(local!closeReasons,&quot;value&quot;,{}), &quot;&quot;)
            ),
          }
        ),
  
  }
)</definition>
        <namedTypedValue>
            <name>folder</name>
            <type>
                <name>CTS_Folder</name>
                <namespace>urn:com:appian:types:CTS</namespace>
            </type>
        </namedTypedValue>
        <namedTypedValue>
            <name>readOnly</name>
            <type>
                <name>boolean</name>
                <namespace>http://www.w3.org/2001/XMLSchema</namespace>
            </type>
        </namedTypedValue>
        <preferredEditor>interface</preferredEditor>
        <offlineEnabled>false</offlineEnabled>
    </rule>
    <roleMap public="true">
        <role allowForAll="false" inherit="true" name="readers">
            <users/>
            <groups/>
        </role>
        <role allowForAll="false" inherit="true" name="authors">
            <users/>
            <groups/>
        </role>
        <role allowForAll="false" inherit="true" name="administrators">
            <users>
                <userUuid>katie.hsu</userUuid>
            </users>
            <groups/>
        </role>
        <role allowForAll="false" inherit="false" name="denyReaders">
            <users/>
            <groups/>
        </role>
        <role allowForAll="false" inherit="false" name="denyAuthors">
            <users/>
            <groups/>
        </role>
        <role allowForAll="false" inherit="false" name="denyAdministrators">
            <users/>
            <groups/>
        </role>
    </roleMap>
    <typedValue>
        <type>
            <name>RuleTestConfig?list</name>
            <namespace>http://www.appian.com/ae/types/2009</namespace>
        </type>
        <value>
            <el>
                <a:name/>
                <a:ruleInputTestConfigs>
                    <a:value xmlns:xsi="http://www.w3.org/2001/XMLSchema-instance" xsi:type="a:Expression">'type!{urn:com:appian:types:CTS}CTS_Doc'()</a:value>
                    <a:nameRef>folder</a:nameRef>
                    <a:id/>
                </a:ruleInputTestConfigs>
                <a:ruleInputTestConfigs>
                    <a:value xmlns:xsd="http://www.w3.org/2001/XMLSchema" xmlns:xsi="http://www.w3.org/2001/XMLSchema-instance" xsi:type="xsd:boolean">true</a:value>
                    <a:nameRef>readOnly</a:nameRef>
                    <a:id/>
                </a:ruleInputTestConfigs>
                <a:assertions xmlns:xsi="http://www.w3.org/2001/XMLSchema-instance" xsi:nil="true"/>
            </el>
        </value>
    </typedValue>
</contentHaul>
