<?xml version="1.0" encoding="UTF-8" standalone="yes"?>
<contentHaul xmlns:a="http://www.appian.com/ae/types/2009">
    <rule>
        <name>CTS_RPT_ControlSheet</name>
        <uuid>_a-0000dc8d-7dbf-8000-9ba2-011c48011c48_10005</uuid>
        <description>control sheet report</description>
        <parentUuid>_a-0000dc8b-8f45-8000-9ba2-011c48011c48_9449</parentUuid>
        <visibility>
            <advertise>false</advertise>
            <hierarchy>true</hierarchy>
            <indexable>true</indexable>
            <quota>false</quota>
            <searchable>true</searchable>
            <system>false</system>
            <unlogged>false</unlogged>
        </visibility>
        <definition>=load(&#xD;
&#xD;
  /* batchSize is 3 to show more than 1 page of data in this recipe. Increase it as needed. `*/&#xD;
  /*local!queryFilter: a!queryFilter(field: &quot;folderId&quot;, operator: &quot;=&quot;, value: ri!request.folderId), */&#xD;
  local!pagingInfo: #&quot;SYSTEM_SYSRULES_pagingInfo&quot;(startIndex: 1, batchSize: 3, sort: #&quot;SYSTEM_SYSRULES_sortInfo&quot;(field: &quot;id&quot;, ascending: true)),&#xD;
  local!notepagingInfo: #&quot;SYSTEM_SYSRULES_pagingInfo&quot;(startIndex: 1, batchSize: 3, sort: #&quot;SYSTEM_SYSRULES_sortInfo&quot;(field: &quot;id&quot;, ascending: true)),&#xD;
  local!assignmentpagingInfo: #&quot;SYSTEM_SYSRULES_pagingInfo&quot;(startIndex: 1, batchSize: 3, sort: #&quot;SYSTEM_SYSRULES_sortInfo&quot;(field: &quot;id&quot;, ascending: true)),  &#xD;
  &#xD;
  local!selectedFolderId:0,&#xD;
  local!caseFilter,&#xD;
&#xD;
  with(&#xD;
    &#xD;
    local!selectsubset: #&quot;SYSTEM_SYSRULES_queryEntity&quot;(&#xD;
      entity: #&quot;_a-0000dc7a-bcb3-8000-9ba2-011c48011c48_6257&quot;,&#xD;
      query: #&quot;SYSTEM_SYSRULES_query&quot;(&#xD;
        pagingInfo: local!pagingInfo,&#xD;
        filter: #&quot;SYSTEM_SYSRULES_queryFilter&quot;(&#xD;
          field: &quot;description&quot;,&#xD;
          operator: &quot;includes&quot;,&#xD;
          value: if(isnull(local!caseFilter),&quot; &quot;, local!caseFilter)&#xD;
        )&#xD;
&#xD;
      )&#xD;
    ),&#xD;
    local!selectNoteSubset: #&quot;SYSTEM_SYSRULES_queryEntity&quot;(&#xD;
      entity: #&quot;_a-0000dc8b-8f45-8000-9ba2-011c48011c48_9529&quot;,&#xD;
      query: #&quot;SYSTEM_SYSRULES_query&quot;(&#xD;
        pagingInfo: local!notepagingInfo,&#xD;
        filter: #&quot;SYSTEM_SYSRULES_queryFilter&quot;(&#xD;
        field: &quot;folderId&quot;,&#xD;
        operator: &quot;=&quot;,&#xD;
        value: local!selectedFolderId&#xD;
        )        &#xD;
      )&#xD;
    ),&#xD;
    /*local!data: index(local!selectsubset, &quot;data&quot;, {}),    */&#xD;
&#xD;
&#xD;
    local!assignmentsubset: #&quot;SYSTEM_SYSRULES_queryEntity&quot;(&#xD;
      entity: #&quot;_a-0000dc8d-7dbf-8000-9ba2-011c48011c48_10000&quot;,&#xD;
      query: #&quot;SYSTEM_SYSRULES_query&quot;(pagingInfo: local!assignmentpagingInfo,&#xD;
      filter: #&quot;SYSTEM_SYSRULES_queryFilter&quot;(&#xD;
        field: &quot;folderId&quot;,&#xD;
        operator: &quot;=&quot;,&#xD;
        value: local!selectedFolderId&#xD;
      )&#xD;
      )&#xD;
    ),&#xD;
    local!notessubset: #&quot;SYSTEM_SYSRULES_queryEntity&quot;(&#xD;
      entity: #&quot;_a-0000dc8b-8f45-8000-9ba2-011c48011c48_9529&quot;,&#xD;
      query: #&quot;SYSTEM_SYSRULES_query&quot;(pagingInfo: local!pagingInfo,&#xD;
      filter: #&quot;SYSTEM_SYSRULES_queryFilter&quot;(&#xD;
        field: &quot;folderId&quot;,&#xD;
        operator: &quot;=&quot;,&#xD;
        value: local!selectedFolderId&#xD;
      )&#xD;
      )&#xD;
    ),    &#xD;
   &#xD;
    &#xD;
 #&quot;SYSTEM_SYSRULES_formLayout&quot;(&#xD;
   firstColumnContents:{&#xD;
     #&quot;SYSTEM_SYSRULES_sectionLayout&quot;(&#xD;
       label: &quot;Case Selection&quot;,&#xD;
       firstColumnContents:{&#xD;
         #&quot;SYSTEM_SYSRULES_textField&quot;(&#xD;
           label: &quot;Case Description Search Field&quot;,&#xD;
           value: local!caseFilter,&#xD;
           saveInto: local!caseFilter&#xD;
         ),&#xD;
        #&quot;SYSTEM_SYSRULES_gridField&quot;(&#xD;
          label: &quot;&quot;,&#xD;
          totalCount: local!selectsubset.totalCount,&#xD;
          columns: {&#xD;
            #&quot;SYSTEM_SYSRULES_gridTextColumn&quot;(&#xD;
              label: &quot;ID&quot;,&#xD;
              field: &quot;id&quot;,&#xD;
              data: index(local!selectsubset.data,&quot;id&quot;, null),&#xD;
              links: if(isnull(index(local!selectsubset.data, &quot;folderId&quot;, null)), {}, &#xD;
                    apply(&#xD;
                      #&quot;SYSTEM_SYSRULES_dynamicLink&quot;(&#xD;
                        value:_,&#xD;
                        saveInto: local!selectedFolderId&#xD;
                      ),&#xD;
                      index(local!selectsubset.data, &quot;id&quot;, null)&#xD;
                    )&#xD;
                  )&#xD;
                ),&#xD;
            #&quot;SYSTEM_SYSRULES_gridTextColumn&quot;(&#xD;
              label: &quot;Description&quot;,&#xD;
              field: &quot;description&quot;,&#xD;
              data: index(local!selectsubset.data, &quot;description&quot; , {})),&#xD;
            #&quot;SYSTEM_SYSRULES_gridTextColumn&quot;(&#xD;
              label: &quot;Addressee&quot;,&#xD;
              field: &quot;adresseeText&quot;,&#xD;
              data: index(local!selectsubset.data, &quot;adresseeText&quot; , {}))&#xD;
          },&#xD;
          value: local!pagingInfo,&#xD;
          saveInto: {local!pagingInfo, a!save(local!selectedFolderId,0)}&#xD;
          &#xD;
        )&#xD;
       }&#xD;
     ),&#xD;
     if(&#xD;
       local!selectedFolderId=0,{},&#xD;
       with(&#xD;
         local!selectedFolder: displayvalue(&#xD;
           local!selectedFolderId,&#xD;
           local!selectsubset.data.id,&#xD;
           local!selectsubset.data,&#xD;
           null&#xD;
         ),&#xD;
          &#xD;
     &#xD;
     #&quot;SYSTEM_SYSRULES_sectionLayout&quot;(&#xD;
       label: &quot;Control Sheet&quot;,&#xD;
       firstColumnContents:{&#xD;
&#xD;
         #&quot;SYSTEM_SYSRULES_integerField&quot;(&#xD;
           label: &quot;Folder Id&quot;,&#xD;
           labelPosition: &quot;ADJACENT&quot;,&#xD;
           value: local!selectedFolderId,&#xD;
           readOnly: true&#xD;
         ),&#xD;
         #&quot;SYSTEM_SYSRULES_textField&quot;(&#xD;
           label: &quot;Create Date&quot;,&#xD;
           labelPosition: &quot;ADJACENT&quot;,&#xD;
           value: index(local!selectedFolder,&quot;createdOn&quot;,{}),&#xD;
           readOnly: true&#xD;
         ),&#xD;
         #&quot;SYSTEM_SYSRULES_dateField&quot;(&#xD;
           label: &quot;Received Date&quot;,&#xD;
           labelPosition: &quot;ADJACENT&quot;,&#xD;
           value: index(local!selectedFolder,&quot;receivedDate&quot;,{}),&#xD;
           readOnly: true&#xD;
         ),&#xD;
         #&quot;SYSTEM_SYSRULES_dateField&quot;(&#xD;
           label: &quot;Due Date&quot;,&#xD;
           labelPosition: &quot;ADJACENT&quot;,&#xD;
           value: index(local!selectedFolder,&quot;dueOn&quot;,{}),&#xD;
           readOnly: true&#xD;
         ),&#xD;
         #&quot;SYSTEM_SYSRULES_textField&quot;(&#xD;
           label: &quot;Update Date&quot;,&#xD;
           labelPosition: &quot;ADJACENT&quot;,&#xD;
           value: index(local!selectedFolder,&quot;lastModifiedOn&quot;,{}),&#xD;
           readOnly: true&#xD;
         ),&#xD;
         #&quot;SYSTEM_SYSRULES_textField&quot;(&#xD;
           label: &quot;Assignee Name&quot;,&#xD;
           labelPosition: &quot;ADJACENT&quot;,&#xD;
           value: index(local!assignmentsubset.data,&quot;assignee&quot;,{}),&#xD;
           readOnly: true&#xD;
         ),&#xD;
         #&quot;SYSTEM_SYSRULES_textField&quot;(&#xD;
           label: &quot;Tasked Date&quot;,&#xD;
           labelPosition: &quot;ADJACENT&quot;,&#xD;
           value: index(local!selectedFolder,&quot;createdOn&quot;,{}),&#xD;
           readOnly: true&#xD;
         ),&#xD;
         #&quot;SYSTEM_SYSRULES_textField&quot;(&#xD;
           label: &quot;Due Date&quot;,&#xD;
           labelPosition: &quot;ADJACENT&quot;,&#xD;
           value: index(local!selectedFolder,&quot;dueOn&quot;,{}),&#xD;
           readOnly: true&#xD;
         ),&#xD;
         #&quot;SYSTEM_SYSRULES_textField&quot;(&#xD;
           label: &quot;Completed Date&quot;,&#xD;
           labelPosition: &quot;ADJACENT&quot;,&#xD;
           value: index(local!selectedFolder,&quot;closedOn&quot;,{}),&#xD;
           readOnly: true&#xD;
         ),&#xD;
         #&quot;SYSTEM_SYSRULES_pickerFieldGroups&quot;(&#xD;
           label: &quot;Assignment Office&quot;,&#xD;
           labelPosition: &quot;ADJACENT&quot;,&#xD;
           value: index(local!assignmentsubset.data,&quot;groupId&quot;,{}),&#xD;
           readOnly: true&#xD;
         ),&#xD;
         #&quot;SYSTEM_SYSRULES_textField&quot;(&#xD;
           label: &quot;Assignment Status&quot;,&#xD;
           labelPosition: &quot;ADJACENT&quot;,&#xD;
           value: #&quot;_a-0000dc7a-bcb3-8000-9ba2-011c48011c48_6393&quot;(id: index(local!assignmentsubset.data,&quot;statusId&quot;,{})).data.value,&#xD;
           readOnly: true&#xD;
         )         &#xD;
       },&#xD;
       secondColumnContents:{&#xD;
         #&quot;SYSTEM_SYSRULES_textField&quot;(&#xD;
           label: &quot;Folder Originator Text&quot;,&#xD;
           labelPosition: &quot;ADJACENT&quot;,&#xD;
           value: index(local!selectedFolder,&quot;originator&quot;,{}),&#xD;
           readOnly: true&#xD;
         ),&#xD;
    #&quot;SYSTEM_SYSRULES_textField&quot;(&#xD;
           label: &quot;Subject Text&quot;,&#xD;
           labelPosition: &quot;ADJACENT&quot;,&#xD;
           value: index(local!selectedFolder,&quot;subject&quot;,{}),&#xD;
           readOnly: true&#xD;
         ),&#xD;
         #&quot;SYSTEM_SYSRULES_textField&quot;(&#xD;
           label: &quot;Primary Type Description&quot;,&#xD;
           labelPosition: &quot;ADJACENT&quot;,&#xD;
           value: #&quot;_a-0000dc7a-bcb3-8000-9ba2-011c48011c48_6595&quot;(id: index(local!selectedFolder,&quot;typeId&quot;,{})).data.code,&#xD;
           readOnly: true&#xD;
         ),&#xD;
         #&quot;SYSTEM_SYSRULES_textField&quot;(&#xD;
           label: &quot;Secondary Type Description&quot;,&#xD;
           labelPosition: &quot;ADJACENT&quot;,&#xD;
           value: if(isnull(index(local!selectedFolder,&quot;secondaryTypeId&quot;,{})),{},#&quot;_a-0000dc7a-bcb3-8000-9ba2-011c48011c48_6516&quot;(id:index(local!selectedFolder,&quot;secondaryTypeId&quot;,{})).data.value),&#xD;
           readOnly: true&#xD;
         ),&#xD;
         #&quot;SYSTEM_SYSRULES_pickerFieldUsers&quot;(&#xD;
           label: &quot;Primary Owner&quot;,&#xD;
           labelPosition: &quot;ADJACENT&quot;,&#xD;
           value: index(local!selectedFolder,&quot;owner&quot;,{}),&#xD;
           readOnly: true&#xD;
         ),         &#xD;
         #&quot;SYSTEM_SYSRULES_textField&quot;(&#xD;
           label: &quot;Signature Office Name&quot;,&#xD;
           labelPosition: &quot;ADJACENT&quot;,&#xD;
           value: if(isnull(index(local!selectedFolder,&quot;signatureOfficeId&quot;,{})),{},#&quot;_a-0000dc7a-bcb3-8000-9ba2-011c48011c48_6528&quot;(id: index(local!selectedFolder,&quot;signatureOfficeId&quot;,{})).data.value),&#xD;
           readOnly: true&#xD;
         ),&#xD;
         #&quot;SYSTEM_SYSRULES_textField&quot;(&#xD;
           label: &quot;Instructions Text&quot;,&#xD;
           labelPosition: &quot;ADJACENT&quot;,&#xD;
           value: index(local!assignmentsubset.data,&quot;instructions&quot;,{}),&#xD;
           readOnly: true&#xD;
         ),&#xD;
         #&quot;SYSTEM_SYSRULES_textField&quot;(&#xD;
           label: &quot;Note Comments&quot;,&#xD;
           labelPosition: &quot;ADJACENT&quot;,&#xD;
           value: index(local!selectNoteSubset.data,&quot;note&quot;,{}),&#xD;
           readOnly: true&#xD;
         ),&#xD;
         #&quot;SYSTEM_SYSRULES_textField&quot;(&#xD;
           label: &quot;Note Author&quot;,&#xD;
           labelPosition: &quot;ADJACENT&quot;,&#xD;
           value: index(local!selectNoteSubset.data,&quot;createdBy&quot;,{}),&#xD;
           readOnly: true&#xD;
         ),&#xD;
         #&quot;SYSTEM_SYSRULES_textField&quot;(&#xD;
           label: &quot;Note Create Date&quot;,&#xD;
           labelPosition: &quot;ADJACENT&quot;,&#xD;
           value: index(local!selectNoteSubset.data,&quot;createdOn&quot;,{}),&#xD;
           readOnly: true&#xD;
         )         &#xD;
       }&#xD;
     )&#xD;
         &#xD;
       )&#xD;
       &#xD;
     ),&#xD;
&#xD;
&#xD;
   }&#xD;
   )&#xD;
&#xD;
  )&#xD;
)</definition>
        <preferredEditor>interface</preferredEditor>
        <offlineEnabled>false</offlineEnabled>
    </rule>
    <roleMap public="true">
        <role allowForAll="false" inherit="true" name="readers">
            <users/>
            <groups/>
        </role>
        <role allowForAll="false" inherit="true" name="authors">
            <users/>
            <groups/>
        </role>
        <role allowForAll="false" inherit="true" name="administrators">
            <users/>
            <groups/>
        </role>
        <role allowForAll="false" inherit="false" name="denyReaders">
            <users/>
            <groups/>
        </role>
        <role allowForAll="false" inherit="false" name="denyAuthors">
            <users/>
            <groups/>
        </role>
        <role allowForAll="false" inherit="false" name="denyAdministrators">
            <users/>
            <groups/>
        </role>
    </roleMap>
</contentHaul>
