<?xml version="1.0" encoding="UTF-8" standalone="yes"?>
<contentHaul xmlns:a="http://www.appian.com/ae/types/2009">
    <rule>
        <name>CTS_FRM_Doc_create</name>
        <uuid>_a-0000dc8b-8f45-8000-9ba2-011c48011c48_9225</uuid>
        <description>Create document form</description>
        <parentUuid>_a-0000dc7a-bcb3-8000-9ba2-011c48011c48_6625</parentUuid>
        <visibility>
            <advertise>false</advertise>
            <hierarchy>true</hierarchy>
            <indexable>true</indexable>
            <quota>false</quota>
            <searchable>true</searchable>
            <system>false</system>
            <unlogged>false</unlogged>
        </visibility>
        <definition>=load(
  local!acceptedClassified:false,
  #&quot;SYSTEM_SYSRULES_formLayout&quot;(
    label: ri!formTitle,
    firstColumnContents: {
      #&quot;_a-0000dc8b-8f45-8000-9ba2-011c48011c48_9161&quot;(
        document: ri!document,
        readOnly: false,
        uploadedDocument: ri!uploadedDocument,
        hideUploadFieldFlag: false,
        acceptedClassified:local!acceptedClassified
      ),
      #&quot;74e3dd59-9d2b-40d5-bd90-e0b37d3e3c08&quot;(
        document: ri!document,
        readOnly: false,
        acceptedClassified: local!acceptedClassified
      )
    },
    buttons: #&quot;SYSTEM_SYSRULES_ButtonLayout&quot;(
      primaryButtons: {
        #&quot;SYSTEM_SYSRULES_ButtonWidgetSubmit&quot;(
          label: #&quot;_a-0000dc7a-bcb3-8000-9ba2-011c48011c48_6628&quot;,
          style: &quot;PRIMARY&quot;,
          value: #&quot;_a-0000dc7a-bcb3-8000-9ba2-011c48011c48_6628&quot;,
          disabled: not(local!acceptedClassified),
          saveInto: {ri!buttonClicked,
            a!save(ri!document.createdOn, now()),
            a!save(ri!document.createdBy, loggedInUser()),
            a!save(ri!document.templateFlag, if(isnull(ri!document.templateFlag), false, ri!document.templateFlag))
          }
        )
      },
      secondaryButtons: {
        #&quot;SYSTEM_SYSRULES_ButtonWidgetSubmit&quot;(
          label: #&quot;_a-0000dc7a-bcb3-8000-9ba2-011c48011c48_6629&quot;,
          style: &quot;NORMAL&quot;,
          value: #&quot;_a-0000dc7a-bcb3-8000-9ba2-011c48011c48_6629&quot;,
          saveInto: {ri!buttonClicked,
            a!save(ri!uploadedDocument, null)
          },
          skipValidation: true
        )
      }
    )
  )
)</definition>
        <namedTypedValue>
            <name>formTitle</name>
            <type>
                <name>string</name>
                <namespace>http://www.w3.org/2001/XMLSchema</namespace>
            </type>
            <value/>
        </namedTypedValue>
        <namedTypedValue>
            <name>buttonClicked</name>
            <type>
                <name>string</name>
                <namespace>http://www.w3.org/2001/XMLSchema</namespace>
            </type>
            <value/>
        </namedTypedValue>
        <namedTypedValue>
            <name>document</name>
            <type>
                <name>CTS_Doc</name>
                <namespace>urn:com:appian:types:CTS</namespace>
            </type>
        </namedTypedValue>
        <namedTypedValue>
            <name>uploadedDocument</name>
            <type>
                <name>CollaborationDocument</name>
                <namespace>http://www.appian.com/ae/types/2009</namespace>
            </type>
        </namedTypedValue>
        <preferredEditor>interface</preferredEditor>
        <offlineEnabled>false</offlineEnabled>
    </rule>
    <roleMap public="true">
        <role allowForAll="false" inherit="true" name="readers">
            <users/>
            <groups/>
        </role>
        <role allowForAll="false" inherit="true" name="authors">
            <users/>
            <groups/>
        </role>
        <role allowForAll="false" inherit="true" name="administrators">
            <users/>
            <groups/>
        </role>
        <role allowForAll="false" inherit="false" name="denyReaders">
            <users/>
            <groups/>
        </role>
        <role allowForAll="false" inherit="false" name="denyAuthors">
            <users/>
            <groups/>
        </role>
        <role allowForAll="false" inherit="false" name="denyAdministrators">
            <users/>
            <groups/>
        </role>
    </roleMap>
</contentHaul>
