<?xml version="1.0" encoding="UTF-8" standalone="yes"?>
<contentHaul xmlns:a="http://www.appian.com/ae/types/2009">
    <rule>
        <name>CTS_FRM_QFR_create</name>
        <uuid>_a-0000dcee-c5ac-8000-9ba2-011c48011c48_15585</uuid>
        <description>Create a QFR Set</description>
        <parentUuid>_a-0000dc7a-bcb3-8000-9ba2-011c48011c48_6625</parentUuid>
        <visibility>
            <advertise>false</advertise>
            <hierarchy>true</hierarchy>
            <indexable>true</indexable>
            <quota>false</quota>
            <searchable>true</searchable>
            <system>false</system>
            <unlogged>false</unlogged>
        </visibility>
        <definition>=#&quot;SYSTEM_SYSRULES_formLayout&quot;(
  label: ri!formTitle,
  firstColumnContents: {
    /*if(ri!workflowTypeId=cons!CTS_INT_R_WORKFLOW_TASKING, */
    /*  rule!CTS_CMPT_Tasking_milestone(milestoneIndex: 1),*/
    /*  {}*/
    /*),*/
    #&quot;_a-0000dcee-c5ac-8000-9ba2-011c48011c48_15586&quot;(
      readOnly: false
    )
  },
  buttons: #&quot;SYSTEM_SYSRULES_ButtonLayout&quot;(
    primaryButtons: {
      #&quot;SYSTEM_SYSRULES_ButtonWidgetSubmit&quot;(
        label: if(ri!workflowTypeId=#&quot;_a-0000dc93-c482-8000-9ba2-011c48011c48_10359&quot;, 
              #&quot;_a-0000dc93-c482-8000-9ba2-011c48011c48_10961&quot;, #&quot;_a-0000dc7a-bcb3-8000-9ba2-011c48011c48_6628&quot;),
        style: &quot;PRIMARY&quot;,
        value: #&quot;_a-0000dc7a-bcb3-8000-9ba2-011c48011c48_6628&quot;,
        saveInto: {ri!buttonClicked/*,
          a!save(ri!folder.openFlag, true),
          a!save(ri!folder.stageId, cons!CTS_INT_R_FOLDER_STAGES[1]),
          a!save(ri!folder.createdOn, now()),
          a!save(ri!folder.createdBy, loggedInUser()),
          if(isnull(ri!folder.owner),a!save(ri!folder.owner, loggedInUser()),
          {}
          )*/
        }
      )
    },
    secondaryButtons: {
      #&quot;SYSTEM_SYSRULES_ButtonWidgetSubmit&quot;(
        label: #&quot;_a-0000dc7a-bcb3-8000-9ba2-011c48011c48_6629&quot;,
        style: &quot;NORMAL&quot;,
        value: #&quot;_a-0000dc7a-bcb3-8000-9ba2-011c48011c48_6629&quot;,
        saveInto: ri!buttonClicked,
        skipValidation: true
      )
    }
  )
)</definition>
        <namedTypedValue>
            <name>buttonClicked</name>
            <type>
                <name>string</name>
                <namespace>http://www.w3.org/2001/XMLSchema</namespace>
            </type>
            <value/>
        </namedTypedValue>
        <namedTypedValue>
            <name>formTitle</name>
            <type>
                <name>string</name>
                <namespace>http://www.w3.org/2001/XMLSchema</namespace>
            </type>
            <value/>
        </namedTypedValue>
        <namedTypedValue>
            <name>workflowTypeId</name>
            <type>
                <name>int</name>
                <namespace>http://www.w3.org/2001/XMLSchema</namespace>
            </type>
        </namedTypedValue>
        <preferredEditor>interface</preferredEditor>
        <offlineEnabled>false</offlineEnabled>
    </rule>
    <roleMap public="true">
        <role allowForAll="false" inherit="true" name="readers">
            <users/>
            <groups/>
        </role>
        <role allowForAll="false" inherit="true" name="authors">
            <users/>
            <groups/>
        </role>
        <role allowForAll="false" inherit="true" name="administrators">
            <users>
                <userUuid>katie.hsu</userUuid>
            </users>
            <groups/>
        </role>
        <role allowForAll="false" inherit="false" name="denyReaders">
            <users/>
            <groups/>
        </role>
        <role allowForAll="false" inherit="false" name="denyAuthors">
            <users/>
            <groups/>
        </role>
        <role allowForAll="false" inherit="false" name="denyAdministrators">
            <users/>
            <groups/>
        </role>
    </roleMap>
</contentHaul>
