<?xml version="1.0" encoding="UTF-8" standalone="yes"?>
<contentHaul xmlns:a="http://www.appian.com/ae/types/2009">
    <rule>
        <name>CTS_CMPT_General_chartSeries</name>
        <uuid>_a-0000dc8b-8f45-8000-9ba2-011c48011c48_9507</uuid>
        <description>Will return the chart series</description>
        <parentUuid>_a-0000dc7a-bcb3-8000-9ba2-011c48011c48_6536</parentUuid>
        <visibility>
            <advertise>false</advertise>
            <hierarchy>true</hierarchy>
            <indexable>true</indexable>
            <quota>false</quota>
            <searchable>true</searchable>
            <system>false</system>
            <unlogged>false</unlogged>
        </visibility>
        <definition>=#&quot;SYSTEM_SYSRULES_chartSeries&quot;(&#xD;
  label: ri!label,&#xD;
  /* Loop over list of categories to find each datapoint that matches both   */&#xD;
  /* the series label and the category. This will ensure that the datapoints */&#xD;
  /* are in the correct order to display in the chart.                       */&#xD;
  data: apply(&#xD;
    #&quot;_a-0000dc8d-7dbf-8000-9ba2-011c48011c48_9817&quot;(&#xD;
      data: ri!data,&#xD;
      categoryField: ri!categoryField,&#xD;
      labelField: ri!labelField,&#xD;
      datapointField: ri!datapointField,&#xD;
      category: _,&#xD;
      label: ri!label&#xD;
    ),&#xD;
    ri!categories&#xD;
  )&#xD;
)</definition>
        <namedTypedValue>
            <name>data</name>
            <type>
                <name>Variant</name>
                <namespace>http://www.appian.com/ae/types/2009</namespace>
            </type>
        </namedTypedValue>
        <namedTypedValue>
            <name>categoryField</name>
            <type>
                <name>string</name>
                <namespace>http://www.w3.org/2001/XMLSchema</namespace>
            </type>
            <value/>
        </namedTypedValue>
        <namedTypedValue>
            <name>labelField</name>
            <type>
                <name>string</name>
                <namespace>http://www.w3.org/2001/XMLSchema</namespace>
            </type>
            <value/>
        </namedTypedValue>
        <namedTypedValue>
            <name>datapointField</name>
            <type>
                <name>string</name>
                <namespace>http://www.w3.org/2001/XMLSchema</namespace>
            </type>
            <value/>
        </namedTypedValue>
        <namedTypedValue>
            <name>categories</name>
            <type>
                <name>Variant</name>
                <namespace>http://www.appian.com/ae/types/2009</namespace>
            </type>
        </namedTypedValue>
        <namedTypedValue>
            <name>label</name>
            <type>
                <name>Variant</name>
                <namespace>http://www.appian.com/ae/types/2009</namespace>
            </type>
        </namedTypedValue>
        <preferredEditor>legacy</preferredEditor>
        <offlineEnabled>false</offlineEnabled>
    </rule>
    <roleMap public="true">
        <role allowForAll="false" inherit="true" name="readers">
            <users/>
            <groups/>
        </role>
        <role allowForAll="false" inherit="true" name="authors">
            <users/>
            <groups/>
        </role>
        <role allowForAll="false" inherit="true" name="administrators">
            <users/>
            <groups/>
        </role>
        <role allowForAll="false" inherit="false" name="denyReaders">
            <users/>
            <groups/>
        </role>
        <role allowForAll="false" inherit="false" name="denyAuthors">
            <users/>
            <groups/>
        </role>
        <role allowForAll="false" inherit="false" name="denyAdministrators">
            <users/>
            <groups/>
        </role>
    </roleMap>
</contentHaul>
