<?xml version="1.0" encoding="UTF-8" standalone="yes"?>
<contentHaul xmlns:a="http://www.appian.com/ae/types/2009">
    <rule>
        <name>CTS_RPT_StartPage_Cmo</name>
        <uuid>_a-0000dcf6-bb7e-8000-9ba2-011c48011c48_19027</uuid>
        <description>Landing page for CTS Correspondence Management Officer</description>
        <parentUuid>_a-0000dc8b-8f45-8000-9ba2-011c48011c48_9449</parentUuid>
        <visibility>
            <advertise>false</advertise>
            <hierarchy>true</hierarchy>
            <indexable>true</indexable>
            <quota>false</quota>
            <searchable>true</searchable>
            <system>false</system>
            <unlogged>false</unlogged>
        </visibility>
        <definition>=load(
  /*Assumes Director users are only associated to one program office and one role*/
  local!tabToShow: 1,
  local!selectedStatus,
  local!selectedDeadlineStart,
  local!selectedDeadlineEnd,
  local!selectedTaskDeadlineStart,
  local!selectedTaskDeadlineEnd,
  local!selectedUser: loggedInUser(),
  local!nestedPagingInfo: #&quot;SYSTEM_SYSRULES_pagingInfo&quot;(
    startIndex: 1,
    batchSize: #&quot;_a-0000dc8b-8f45-8000-9ba2-011c48011c48_9457&quot;,
    sort: #&quot;SYSTEM_SYSRULES_sortInfo&quot;(
      field: &quot;dueOn&quot;,
      ascending: true)),
  local!nestedTaskPagingInfo: #&quot;SYSTEM_SYSRULES_pagingInfo&quot;(
    startIndex: 1,
    batchSize: #&quot;_a-0000dc8b-8f45-8000-9ba2-011c48011c48_9457&quot;,
    sort: #&quot;SYSTEM_SYSRULES_sortInfo&quot;(
      field: if(isnull(local!selectedUser), &quot;c3&quot;, &quot;c1&quot;),
      ascending: true)),
  #&quot;SYSTEM_SYSRULES_dashboardLayout&quot;(
    firstColumnContents: {
      #&quot;SYSTEM_SYSRULES_richTextDisplayField&quot;(
        labelPostion: &quot;COLLAPSED&quot;,
        value: #&quot;SYSTEM_SYSRULES_richTextItem&quot;(
          text: &quot;Welcome&quot;,
          style: &quot;HEADER_LARGE&quot;
          )
      ),
      #&quot;_a-0000dc8b-8f45-8000-9ba2-011c48011c48_9514&quot;(
          labels: {&quot;My Folders&quot;, &quot;My Tasks&quot;},
          tabToShow: local!tabToShow,
          saveIntos: local!tabToShow
        ),
      choose(local!tabToShow,  
      /* Folder tab to show */
      {#&quot;SYSTEM_SYSRULES_sectionLayout&quot;(
        firstColumnContents: {
          #&quot;bc7343cb-310e-404b-baa4-e111a3c46e97&quot;(
            owner: loggedInUser(),
            selectedStatus: local!selectedStatus,
            dateStart: local!selectedDeadlineStart,
            dateEnd: local!selectedDeadlineEnd
          )
        },
        secondColumnContents: {
          #&quot;ae58cd54-2c3b-4422-875d-5aec6e4a8ecf&quot;(
            dateStart: local!selectedDeadlineStart,
            dateEnd: local!selectedDeadlineEnd,
            owner: loggedInUser(),
            selectedStatus: local!selectedStatus
          )
        }
      ),
      if(and(isnull(local!selectedStatus), isnull(local!selectedDeadlineStart), isnull(local!selectedDeadlineEnd)), {},
        #&quot;ec2a51c4-e66d-47a6-a88b-b4fc996b6398&quot;(
          pagingInfo: local!nestedPagingInfo,
          owner: loggedInUser(),
          stageId: local!selectedStatus,
          deadlineStart: local!selectedDeadlineStart,
          deadlineEnd: local!selectedDeadlineEnd
        )
      )},
      /*Tasks tab to show*/
      {#&quot;SYSTEM_SYSRULES_sectionLayout&quot;(
        firstColumnContents: {
          #&quot;SYSTEM_SYSRULES_richTextDisplayField&quot;(
            labelPosition: &quot;COLLAPSED&quot;,
            value: {
              #&quot;SYSTEM_SYSRULES_richTextItem&quot;(
              text: &quot;Create Document&quot;,
              style: &quot;HEADER_SMALL&quot;,
              link: #&quot;_a-0000dc7a-bcb3-8000-9ba2-011c48011c48_6537&quot;(
                label: &quot;Create Document&quot;, 
                uri: #&quot;_a-0000d690-12fb-8000-0f1a-010000010000_1310&quot;() &amp; &quot;tempo/actions/item/koBTi7JRW9zkx3kh2slzDnblrwWyZL7uPFeo7FeQGS72z1xFTOS2d0_zk2Gz7wn9cedn9DLgx7zp81l6-ymxiKVD8Hf1FBCktxAmQ&quot;)
              ),/*}),
          a!richTextDisplayField(
            labelPosition: &quot;COLLAPSED&quot;,
            value: {*/    
              #&quot;SYSTEM_SYSRULES_richTextItem&quot;(
              text: &quot;Create Folder&quot;,
              style: &quot;HEADER_SMALL&quot;,
              link: #&quot;_a-0000dc7a-bcb3-8000-9ba2-011c48011c48_6537&quot;(
                label: &quot;Create Folder&quot;, 
                uri: #&quot;_a-0000d690-12fb-8000-0f1a-010000010000_1310&quot;() &amp; &quot;tempo/actions/item/koBTi7JRW9zkx3kh2slzDnbkKaxflKr1tzBIWm48xDdznOKUqHvw0-t1Iuq6ai6MF8DDJxLhckWkT3iDU0_AEwaVI6e6C5RgqgpnA&quot;)
              ),
              #&quot;SYSTEM_SYSRULES_richTextItem&quot;(
              text: &quot;Search Documents&quot;,
              style: &quot;HEADER_SMALL&quot;,
              link: #&quot;_a-0000dc7a-bcb3-8000-9ba2-011c48011c48_6537&quot;(
                label: &quot;Search Documents&quot;, 
                uri: #&quot;_a-0000d690-12fb-8000-0f1a-010000010000_1310&quot;() &amp; &quot;tempo/reports/view/R9awOQ&quot;)
              )
            }  
          )
        },
        secondColumnContents: {
          #&quot;_a-0000dcf6-bb7e-8000-9ba2-011c48011c48_18990&quot;(
            dateStart: local!selectedTaskDeadlineStart,
            dateEnd: local!selectedTaskDeadlineEnd,
            user: local!selectedUser
          )
        }),
        #&quot;740ebebf-8f49-483d-aa9c-91b2073bedd1&quot;(
          user: local!selectedUser,
          deadlineStart: local!selectedTaskDeadlineStart,
          deadlineEnd: local!selectedTaskDeadlineEnd,
          pagingInfo: local!nestedTaskPagingInfo
        )
      }
    )}
  )  
)</definition>
        <preferredEditor>interface</preferredEditor>
        <offlineEnabled>false</offlineEnabled>
    </rule>
    <roleMap public="true">
        <role allowForAll="false" inherit="true" name="readers">
            <users/>
            <groups/>
        </role>
        <role allowForAll="false" inherit="true" name="authors">
            <users/>
            <groups/>
        </role>
        <role allowForAll="false" inherit="true" name="administrators">
            <users>
                <userUuid>katie.hsu</userUuid>
            </users>
            <groups/>
        </role>
        <role allowForAll="false" inherit="false" name="denyReaders">
            <users/>
            <groups/>
        </role>
        <role allowForAll="false" inherit="false" name="denyAuthors">
            <users/>
            <groups/>
        </role>
        <role allowForAll="false" inherit="false" name="denyAdministrators">
            <users/>
            <groups/>
        </role>
    </roleMap>
</contentHaul>
