<?xml version="1.0" encoding="UTF-8" standalone="yes"?>
<contentHaul xmlns:a="http://www.appian.com/ae/types/2009">
    <rule>
        <name>CTS_CMPT_General_tabLinkHelper</name>
        <uuid>_a-0000dc8b-8f45-8000-9ba2-011c48011c48_9512</uuid>
        <description>Tab link helper</description>
        <parentUuid>_a-0000dc7a-bcb3-8000-9ba2-011c48011c48_6536</parentUuid>
        <visibility>
            <advertise>false</advertise>
            <hierarchy>true</hierarchy>
            <indexable>true</indexable>
            <quota>false</quota>
            <searchable>true</searchable>
            <system>false</system>
            <unlogged>false</unlogged>
        </visibility>
        <definition>{
	#&quot;SYSTEM_SYSRULES_richTextItem&quot;(
		text: #&quot;SYSTEM_SYSRULES_richTextItem&quot;(
text: ri!labels[ri!index] &amp; if(
			ri!index=ri!tabToShow,
			&quot; &quot; &amp; char(
				9662
			),
			null
		),
style: if(
			ri!tabToShow=ri!index,
			&quot;NORMAL&quot;,
			&quot;UNDERLINE&quot;
		) ),
		style: if(
			ri!tabToShow=ri!index,
			&quot;NORMAL&quot;,
			&quot;STRONG&quot;
		),
		link: if(
			ri!tabToShow=ri!index,
			null,
			#&quot;SYSTEM_SYSRULES_dynamicLink&quot;(
				value: ri!index,
				saveInto: {ri!tabToShow, index(ri!saveIntos, ri!index, null)}
			)
		)
	),
	if(count(ri!labels)=ri!index, {}, &quot;  |   &quot;)
}</definition>
        <namedTypedValue>
            <name>labels</name>
            <type>
                <name>Text?list</name>
                <namespace>http://www.appian.com/ae/types/2009</namespace>
            </type>
        </namedTypedValue>
        <namedTypedValue>
            <name>index</name>
            <type>
                <name>int</name>
                <namespace>http://www.w3.org/2001/XMLSchema</namespace>
            </type>
        </namedTypedValue>
        <namedTypedValue>
            <name>tabToShow</name>
            <type>
                <name>int</name>
                <namespace>http://www.w3.org/2001/XMLSchema</namespace>
            </type>
        </namedTypedValue>
        <namedTypedValue>
            <name>saveIntos</name>
            <type>
                <name>Variant</name>
                <namespace>http://www.appian.com/ae/types/2009</namespace>
            </type>
        </namedTypedValue>
        <preferredEditor>legacy</preferredEditor>
        <offlineEnabled>false</offlineEnabled>
    </rule>
    <roleMap public="true">
        <role allowForAll="false" inherit="true" name="readers">
            <users/>
            <groups/>
        </role>
        <role allowForAll="false" inherit="true" name="authors">
            <users/>
            <groups/>
        </role>
        <role allowForAll="false" inherit="true" name="administrators">
            <users/>
            <groups/>
        </role>
        <role allowForAll="false" inherit="false" name="denyReaders">
            <users/>
            <groups/>
        </role>
        <role allowForAll="false" inherit="false" name="denyAuthors">
            <users/>
            <groups/>
        </role>
        <role allowForAll="false" inherit="false" name="denyAdministrators">
            <users/>
            <groups/>
        </role>
    </roleMap>
</contentHaul>
