<?xml version="1.0" encoding="UTF-8" standalone="yes"?>
<contentHaul xmlns:a="http://www.appian.com/ae/types/2009">
    <rule>
        <name>CTS_SCT_Folder_newAssignment</name>
        <uuid>_a-0000dc8d-7dbf-8000-9ba2-011c48011c48_9932</uuid>
        <description>Assignment details for a new assignment to a folder</description>
        <parentUuid>_a-0000dc7a-bcb3-8000-9ba2-011c48011c48_6437</parentUuid>
        <visibility>
            <advertise>false</advertise>
            <hierarchy>true</hierarchy>
            <indexable>true</indexable>
            <quota>false</quota>
            <searchable>true</searchable>
            <system>false</system>
            <unlogged>false</unlogged>
        </visibility>
        <definition>=load(local!priorities: #&quot;_a-0000dc7a-bcb3-8000-9ba2-011c48011c48_6383&quot;(activeFlag: true).data,
  {
  #&quot;SYSTEM_SYSRULES_sectionLayout&quot;(
    label: &quot;Assignment Details&quot;,
    firstColumnContents: {
      #&quot;_a-0000dc8d-7dbf-8000-9ba2-011c48011c48_9920&quot;(
        saveInto: ri!assignment.assignee,
        label: &quot;Assignee(s)&quot;
      ),
      
      #&quot;SYSTEM_SYSRULES_dateTimeField&quot;(
        label: &quot;Due Date&quot;,
        labelPosition: #&quot;_a-0000dc7a-bcb3-8000-9ba2-011c48011c48_6439&quot;(readOnly: ri!readOnly),
        value: ri!assignment.dueOn,
        saveInto: ri!assignment.dueOn,
        required: true,
        readOnly: ri!readOnly
        /*validations: if(ri!folder.dueOn&lt;ri!assignment.dueOn, &quot;Assignment Due Date must be less than the folder due date (&quot; &amp; ri!folder.dueOn &amp; &quot;)&quot;, null)*/
      ),
      
      
      /*a!dateField(*/
      /*  label: &quot;Due Date&quot;,*/
      /*  labelPosition: rule!CTS_RULE_General_getLabelPosition(readOnly: ri!readOnly),*/
      /*  value: ri!assignment.dueOn,*/
      /*  saveInto: ri!assignment.dueOn,*/
      /*  required: true,*/
      /*  readOnly: ri!readOnly*/
        /*validations: if(ri!folder.dueOn&lt;ri!assignment.dueOn, &quot;Assignment Due Date must be less than the folder due date (&quot; &amp; ri!folder.dueOn &amp; &quot;)&quot;, null)*/
      /*),*/
      #&quot;SYSTEM_SYSRULES_dropdownField&quot;(
        label: &quot;Priority&quot;,
        labelPosition: #&quot;_a-0000dc7a-bcb3-8000-9ba2-011c48011c48_6439&quot;(readOnly: ri!readOnly),
        placeholderLabel: #&quot;_a-0000dc7a-bcb3-8000-9ba2-011c48011c48_6622&quot;,
        choiceLabels: local!priorities.value,
        choiceValues: local!priorities.id,
        value: ri!assignment.priorityId,
        saveInto: ri!assignment.priorityId,
        required: true,
        disabled: ri!readOnly
      ),
      #&quot;0998b364-40cc-479d-b619-0fa180a6f39b&quot;(
        label: &quot;Role&quot;,
        readOnly: ri!readOnly,
        required: true,
        choicevalues: #&quot;_a-0000dcee-c5ac-8000-9ba2-011c48011c48_15620&quot;,
        choicelabels: #&quot;_a-0000dcee-c5ac-8000-9ba2-011c48011c48_15620&quot;,
        value: ri!assignment.subject,
        saveInto: ri!assignment.subject
      ),
      #&quot;SYSTEM_SYSRULES_paragraphField&quot;(
        label: &quot;Instructions&quot;,
        labelPosition: #&quot;_a-0000dc7a-bcb3-8000-9ba2-011c48011c48_6439&quot;(readOnly: ri!readOnly),
        value: ri!assignment.instructions,
        saveInto: ri!assignment.instructions,
        required: true,
        readOnly: ri!readOnly
      )
      
    }
  )
}
)</definition>
        <namedTypedValue>
            <name>readOnly</name>
            <type>
                <name>boolean</name>
                <namespace>http://www.w3.org/2001/XMLSchema</namespace>
            </type>
        </namedTypedValue>
        <namedTypedValue>
            <name>assignment</name>
            <type>
                <name>CTS_Assign</name>
                <namespace>urn:com:appian:types:CTS</namespace>
            </type>
        </namedTypedValue>
        <namedTypedValue>
            <name>folder</name>
            <type>
                <name>CTS_Folder</name>
                <namespace>urn:com:appian:types:CTS</namespace>
            </type>
        </namedTypedValue>
        <preferredEditor>interface</preferredEditor>
        <offlineEnabled>false</offlineEnabled>
    </rule>
    <roleMap public="true">
        <role allowForAll="false" inherit="true" name="readers">
            <users/>
            <groups/>
        </role>
        <role allowForAll="false" inherit="true" name="authors">
            <users/>
            <groups/>
        </role>
        <role allowForAll="false" inherit="true" name="administrators">
            <users>
                <userUuid>sarah.eade</userUuid>
            </users>
            <groups/>
        </role>
        <role allowForAll="false" inherit="false" name="denyReaders">
            <users/>
            <groups/>
        </role>
        <role allowForAll="false" inherit="false" name="denyAuthors">
            <users/>
            <groups/>
        </role>
        <role allowForAll="false" inherit="false" name="denyAdministrators">
            <users/>
            <groups/>
        </role>
    </roleMap>
</contentHaul>
