<?xml version="1.0" encoding="UTF-8" standalone="yes"?>
<contentHaul xmlns:a="http://www.appian.com/ae/types/2009">
    <rule>
        <name>CTS_GRID_General_dateRange</name>
        <uuid>_a-0000dc8b-8f45-8000-9ba2-011c48011c48_9474</uuid>
        <description>Grid to capture a date range</description>
        <parentUuid>_a-0000dc7a-bcb3-8000-9ba2-011c48011c48_6486</parentUuid>
        <visibility>
            <advertise>false</advertise>
            <hierarchy>true</hierarchy>
            <indexable>true</indexable>
            <quota>false</quota>
            <searchable>true</searchable>
            <system>false</system>
            <unlogged>false</unlogged>
        </visibility>
        <definition>=#&quot;SYSTEM_SYSRULES_gridLayout&quot;(
  label: ri!label,
  headerCells: {#&quot;SYSTEM_SYSRULES_gridLayoutHeaderCell&quot;(label: &quot;From&quot;),
  #&quot;SYSTEM_SYSRULES_gridLayoutHeaderCell&quot;(label: &quot;To&quot;)
  },
  rows: #&quot;SYSTEM_SYSRULES_gridRowLayout&quot;(
    contents: {
      #&quot;SYSTEM_SYSRULES_dateField&quot;(
        label: &quot;From&quot;,
        value: ri!from,
        saveInto: ri!from
      ),
      #&quot;SYSTEM_SYSRULES_dateField&quot;(
        label: &quot;To&quot;,
        value: ri!to,
        saveInto: ri!to
      )
    },
    id: 1
  )
)</definition>
        <namedTypedValue>
            <name>label</name>
            <type>
                <name>string</name>
                <namespace>http://www.w3.org/2001/XMLSchema</namespace>
            </type>
            <value/>
        </namedTypedValue>
        <namedTypedValue>
            <name>from</name>
            <type>
                <name>date</name>
                <namespace>http://www.w3.org/2001/XMLSchema</namespace>
            </type>
        </namedTypedValue>
        <namedTypedValue>
            <name>to</name>
            <type>
                <name>date</name>
                <namespace>http://www.w3.org/2001/XMLSchema</namespace>
            </type>
        </namedTypedValue>
        <preferredEditor>interface</preferredEditor>
        <offlineEnabled>false</offlineEnabled>
    </rule>
    <roleMap public="true">
        <role allowForAll="false" inherit="true" name="readers">
            <users/>
            <groups/>
        </role>
        <role allowForAll="false" inherit="true" name="authors">
            <users/>
            <groups/>
        </role>
        <role allowForAll="false" inherit="true" name="administrators">
            <users/>
            <groups/>
        </role>
        <role allowForAll="false" inherit="false" name="denyReaders">
            <users/>
            <groups/>
        </role>
        <role allowForAll="false" inherit="false" name="denyAuthors">
            <users/>
            <groups/>
        </role>
        <role allowForAll="false" inherit="false" name="denyAdministrators">
            <users/>
            <groups/>
        </role>
    </roleMap>
</contentHaul>
