<?xml version="1.0" encoding="UTF-8" standalone="yes"?>
<contentHaul xmlns:a="http://www.appian.com/ae/types/2009">
    <rule>
        <name>CTS_GRID_User_tasks</name>
        <uuid>_a-0000dcf6-bb7e-8000-9ba2-011c48011c48_19007</uuid>
        <description>Tasks for user</description>
        <parentUuid>_a-0000dc7a-bcb3-8000-9ba2-011c48011c48_6486</parentUuid>
        <visibility>
            <advertise>false</advertise>
            <hierarchy>true</hierarchy>
            <indexable>true</indexable>
            <quota>false</quota>
            <searchable>true</searchable>
            <system>false</system>
            <unlogged>false</unlogged>
        </visibility>
        <definition>={load(
  local!pagingInfo: #&quot;SYSTEM_SYSRULES_pagingInfo&quot;(
  startIndex: 1,
  batchSize: #&quot;_a-0000dc7a-bcb3-8000-9ba2-011c48011c48_6489&quot;),
  local!priorities: #&quot;_a-0000dc7a-bcb3-8000-9ba2-011c48011c48_6383&quot;(activeFlag: true).data,
  with(local!datasubset: 
    #&quot;0b8ba938-e859-4a19-a2bc-64fc61258805&quot;(user: ri!user, 
      deadlineStart: ri!deadlineStart, 
      deadlineEnd: ri!deadlineEnd, 
      pagingInfo: if(isnull(ri!pagingInfo), local!pagingInfo, ri!pagingInfo)),
    {
      #&quot;SYSTEM_SYSRULES_gridField&quot;(
      label: &quot;Current Assignments/Active Tasks&quot;,
      labelPosition: &quot;COLLAPSED&quot;,
      totalCount: local!datasubset.totalCount,
      columns: {
        with(local!links: apply(#&quot;_a-0000dc7a-bcb3-8000-9ba2-011c48011c48_6537&quot;(label:
            _, uri: _
            ), merge(
              index(local!datasubset.data, &quot;c6&quot;, {}),
              apply(urlforrecord(#&quot;_a-0000dc8d-7dbf-8000-9ba2-011c48011c48_9668&quot;, _), index(local!datasubset.data, &quot;c6&quot;, {}))
            )),
              #&quot;SYSTEM_SYSRULES_gridTextColumn&quot;(
                label: &quot;Folder Id&quot;,
                field: &quot;c6&quot;,
                data: index(local!links, &quot;label&quot;, {}),
                links: local!links
              )
            ),
        #&quot;SYSTEM_SYSRULES_gridTextColumn&quot;(
          label: &quot;Start Time&quot;,
          field: &quot;c2&quot;,
          data: apply(#&quot;_a-0000dc8d-7dbf-8000-9ba2-011c48011c48_9562&quot;(datetime: _),
            index(local!datasubset.data, &quot;c2&quot;, {}) )
        ),
        #&quot;SYSTEM_SYSRULES_gridImageColumn&quot;(
          label: &quot;Priority&quot;,
          field: &quot;c4&quot;,
          data: apply(#&quot;295dc579-c34f-475c-8664-9b04c7340348&quot;(priorityId: _, priorities: local!priorities),
              index(local!datasubset.data, &quot;c4&quot;, {})),
          size: &quot;ICON&quot;
        ),
        #&quot;SYSTEM_SYSRULES_gridLinkColumn&quot;(
          label: &quot;Task Name&quot;,
          field: &quot;dp0&quot;,
          data: apply(#&quot;17f48c97-4378-4714-9694-46f531cd8aee&quot;(taskName:_, appianTaskId:_), 
            merge(
              index(local!datasubset.data, &quot;c0&quot;, {}), 
              index(local!datasubset.data, &quot;dp0&quot;, {}))),
          alignment: &quot;LEFT&quot;
        ),
        /*a!gridTextColumn(
          label: &quot;Assignee(s)&quot;,
          field: &quot;c6&quot;,
          data: apply(rule!CTS_RULE_General_displayConcatenatedUserGroupNames(text:_),
            substitute(index(local!datasubset.data, &quot;c6&quot;, {}), &quot;; &quot;, &quot;%&quot;))
        ),*/
        #&quot;SYSTEM_SYSRULES_gridImageColumn&quot;(
          label: &quot;Status&quot;,
          field: &quot;c5&quot;,
          data: apply(#&quot;_a-0000dc8d-7dbf-8000-9ba2-011c48011c48_9573&quot;(
            taskStatusId: _), index(local!datasubset.data, &quot;c5&quot;, {}) ),
          size: &quot;ICON&quot;
        ),
        /*rule!CTS_CMPT_General_userGridColumn(
          users: index(local!datasubset.data, &quot;c1&quot;, {}),
          label: &quot;Owner&quot;,
          field: &quot;c1&quot;
        ),*/
        #&quot;SYSTEM_SYSRULES_gridTextColumn&quot;(
          label: &quot;Deadline&quot;,
          field: &quot;c1&quot;,
          data: apply(#&quot;_a-0000dc8d-7dbf-8000-9ba2-011c48011c48_9562&quot;(datetime: _),
            index(local!datasubset.data, &quot;c1&quot;, {}) )
        ),
        #&quot;SYSTEM_SYSRULES_gridImageColumn&quot;(
          label: &quot;Overdue&quot;,
          field: &quot;c3&quot;,
          data: if(index(local!datasubset.data, &quot;c3&quot;, {}), 
            #&quot;SYSTEM_SYSRULES_documentImage&quot;(
              document: #&quot;_a-0000dc7a-bcb3-8000-9ba2-011c48011c48_6444&quot;[4],
              altText: &quot;Overdue&quot;,
              caption: &quot;Overdue&quot;), 
            #&quot;SYSTEM_SYSRULES_documentImage&quot;(
              document: #&quot;_a-0000dc8b-8f45-8000-9ba2-011c48011c48_9146&quot;,
              altText: &quot;Normal&quot;,
              caption: &quot;Normal&quot;)),
          size: &quot;ICON&quot;
        )
      },
      emptyGridMessage: &quot;There are no active tasks for this user&quot;,
      value: if(isnull(ri!pagingInfo), local!pagingInfo, ri!pagingInfo),
      saveInto: if(isnull(ri!pagingInfo), local!pagingInfo, ri!pagingInfo)
    )}
  )
)}</definition>
        <namedTypedValue>
            <name>user</name>
            <type>
                <name>User</name>
                <namespace>http://www.appian.com/ae/types/2009</namespace>
            </type>
        </namedTypedValue>
        <namedTypedValue>
            <name>deadlineStart</name>
            <type>
                <name>dateTime</name>
                <namespace>http://www.w3.org/2001/XMLSchema</namespace>
            </type>
        </namedTypedValue>
        <namedTypedValue>
            <name>deadlineEnd</name>
            <type>
                <name>dateTime</name>
                <namespace>http://www.w3.org/2001/XMLSchema</namespace>
            </type>
        </namedTypedValue>
        <namedTypedValue>
            <name>pagingInfo</name>
            <type>
                <name>PagingInfo</name>
                <namespace>http://www.appian.com/ae/types/2009</namespace>
            </type>
        </namedTypedValue>
        <preferredEditor>interface</preferredEditor>
        <offlineEnabled>false</offlineEnabled>
    </rule>
    <roleMap public="true">
        <role allowForAll="false" inherit="true" name="readers">
            <users/>
            <groups/>
        </role>
        <role allowForAll="false" inherit="true" name="authors">
            <users/>
            <groups/>
        </role>
        <role allowForAll="false" inherit="true" name="administrators">
            <users>
                <userUuid>katie.hsu</userUuid>
            </users>
            <groups/>
        </role>
        <role allowForAll="false" inherit="false" name="denyReaders">
            <users/>
            <groups/>
        </role>
        <role allowForAll="false" inherit="false" name="denyAuthors">
            <users/>
            <groups/>
        </role>
        <role allowForAll="false" inherit="false" name="denyAdministrators">
            <users/>
            <groups/>
        </role>
    </roleMap>
    <typedValue>
        <type>
            <name>RuleTestConfig?list</name>
            <namespace>http://www.appian.com/ae/types/2009</namespace>
        </type>
        <value>
            <el>
                <a:name/>
                <a:ruleInputTestConfigs>
                    <a:value xmlns:xsi="http://www.w3.org/2001/XMLSchema-instance" xsi:nil="true" xsi:type="a:User"/>
                    <a:nameRef>user</a:nameRef>
                    <a:id/>
                </a:ruleInputTestConfigs>
                <a:ruleInputTestConfigs>
                    <a:value xmlns:xsd="http://www.w3.org/2001/XMLSchema" xmlns:xsi="http://www.w3.org/2001/XMLSchema-instance" xsi:nil="true" xsi:type="xsd:dateTime"/>
                    <a:nameRef>deadlineStart</a:nameRef>
                    <a:id/>
                </a:ruleInputTestConfigs>
                <a:ruleInputTestConfigs>
                    <a:value xmlns:xsd="http://www.w3.org/2001/XMLSchema" xmlns:xsi="http://www.w3.org/2001/XMLSchema-instance" xsi:nil="true" xsi:type="xsd:dateTime"/>
                    <a:nameRef>deadlineEnd</a:nameRef>
                    <a:id/>
                </a:ruleInputTestConfigs>
                <a:ruleInputTestConfigs>
                    <a:value xmlns:xsi="http://www.w3.org/2001/XMLSchema-instance" xsi:nil="true" xsi:type="a:PagingInfo"/>
                    <a:nameRef>pagingInfo</a:nameRef>
                    <a:id/>
                </a:ruleInputTestConfigs>
                <a:assertions xmlns:xsi="http://www.w3.org/2001/XMLSchema-instance" xsi:nil="true"/>
            </el>
        </value>
    </typedValue>
</contentHaul>
