<?xml version="1.0" encoding="UTF-8" standalone="yes"?>
<contentHaul xmlns:a="http://www.appian.com/ae/types/2009">
    <rule>
        <name>CTS_SCT_Folder_additionalInfo</name>
        <uuid>_a-0000dcee-c5ac-8000-9ba2-011c48011c48_15641</uuid>
        <description>Enter additional folder details</description>
        <parentUuid>_a-0000dc7a-bcb3-8000-9ba2-011c48011c48_6437</parentUuid>
        <visibility>
            <advertise>false</advertise>
            <hierarchy>true</hierarchy>
            <indexable>true</indexable>
            <quota>false</quota>
            <searchable>true</searchable>
            <system>false</system>
            <unlogged>false</unlogged>
        </visibility>
        <definition>=load(&#xD;
  /* This can be a load variable since you only need to evaluate it once */&#xD;
  local!folderCategory: #&quot;_a-0000dc7a-bcb3-8000-9ba2-011c48011c48_6248&quot;( activeFlag: 1),&#xD;
  local!typeDescription: #&quot;_a-0000dc7a-bcb3-8000-9ba2-011c48011c48_6595&quot;( categoryId: ri!folder.categoryId, activeFlag: 1),&#xD;
  local!subTypes: if(isnull(ri!folder.subtypeId), {}, #&quot;_a-0000dc7a-bcb3-8000-9ba2-011c48011c48_6617&quot;(typeId: ri!folder.typeId, activeFlag: 1).data),&#xD;
  local!fileSeries: #&quot;_a-0000dc8b-8f45-8000-9ba2-011c48011c48_9315&quot;(activeFlag: 1).data,&#xD;
  local!secondaryType: #&quot;_a-0000dc7a-bcb3-8000-9ba2-011c48011c48_6516&quot;(activeFlag: 1).data,&#xD;
  local!originatorTitle: #&quot;_a-0000dc7a-bcb3-8000-9ba2-011c48011c48_6578&quot;( activeFlag: 1),&#xD;
  local!referredOffice: #&quot;_a-0000dc7a-bcb3-8000-9ba2-011c48011c48_6551&quot;(activeFlag:1).data,&#xD;
&#xD;
{&#xD;
#&quot;SYSTEM_SYSRULES_sectionLayout&quot;(&#xD;
  label: &quot;Additional Information&quot;,&#xD;
  firstColumnContents: {&#xD;
    #&quot;_a-0000dc93-c482-8000-9ba2-011c48011c48_10909&quot;(&#xD;
        label: &quot;Category&quot;,&#xD;
        readOnly: ri!readOnly,&#xD;
        required: true,&#xD;
        choiceValues: local!folderCategory.data.id,&#xD;
        choiceLabels: local!folderCategory.data.value,&#xD;
        value: ri!folder.categoryId,&#xD;
        saveInto: {ri!folder.categoryId,&#xD;
          a!save({ri!folder.typeId, local!subTypes, ri!folder.subtypeId}, null),&#xD;
          a!save(local!typeDescription, #&quot;_a-0000dc7a-bcb3-8000-9ba2-011c48011c48_6595&quot;( categoryId: save!value, activeFlag: 1))&#xD;
        }&#xD;
      ),&#xD;
    #&quot;0998b364-40cc-479d-b619-0fa180a6f39b&quot;(&#xD;
        label: &quot;Type&quot;,&#xD;
        readOnly: ri!readOnly,&#xD;
        required: true,&#xD;
        choiceValues: local!typeDescription.data.id,&#xD;
        choiceLabels: local!typeDescription.data.code,&#xD;
        value: ri!folder.typeId,&#xD;
        saveInto: {ri!folder.typeId,&#xD;
          a!save(ri!folder.subtypeId,null),&#xD;
          a!save(local!subTypes, #&quot;_a-0000dc7a-bcb3-8000-9ba2-011c48011c48_6617&quot;(typeId: save!value, activeFlag: 1).data)},&#xD;
        disabled: isnull(ri!folder.categoryId)&#xD;
      ),&#xD;
      if(and(isnull(ri!folder.subtypeId), #&quot;_a-0000d62a-67b3-8000-da6f-010000010000_951&quot;(local!subTypes)), &#xD;
        {},&#xD;
        #&quot;0998b364-40cc-479d-b619-0fa180a6f39b&quot;(&#xD;
          label: &quot;Sub Type&quot;,&#xD;
          readOnly: ri!readOnly,&#xD;
          required: false,&#xD;
          choiceValues: local!subTypes.id,&#xD;
          choiceLabels: local!subTypes.code,&#xD;
          value: ri!folder.subtypeId,&#xD;
          saveInto: {a!save(ri!folder.subtypeId,save!value)}&#xD;
        )&#xD;
      )&#xD;
  },&#xD;
  secondColumnContents: {&#xD;
    #&quot;0998b364-40cc-479d-b619-0fa180a6f39b&quot;(&#xD;
      label: &quot;Secondary Type&quot;,&#xD;
      readOnly: ri!readOnly,&#xD;
      choiceValues: local!secondaryType.id,&#xD;
      choiceLabels: local!secondaryType.value,&#xD;
      value: ri!folder.secondaryTypeId,&#xD;
      saveInto: ri!folder.secondaryTypeId          &#xD;
    ),&#xD;
    #&quot;0998b364-40cc-479d-b619-0fa180a6f39b&quot;(&#xD;
      label: &quot;File Series Description&quot;,&#xD;
      readOnly: ri!readOnly,&#xD;
      choiceValues: local!fileSeries.id,&#xD;
      choiceLabels: local!fileSeries.value,&#xD;
      value: ri!folder.fileSeriesId,&#xD;
      saveInto: ri!folder.fileSeriesId          &#xD;
    )&#xD;
    &#xD;
  }&#xD;
  ),&#xD;
#&quot;SYSTEM_SYSRULES_sectionLayout&quot;(&#xD;
  firstColumnContents: {&#xD;
    #&quot;_a-0000dc93-c482-8000-9ba2-011c48011c48_10895&quot;(&#xD;
      label: &quot;Instructions&quot;,&#xD;
      readOnly: ri!readOnly,&#xD;
      required: true,&#xD;
      height: &quot;MEDIUM&quot;,&#xD;
      value: ri!folder.instructions,&#xD;
      saveInto: ri!folder.instructions&#xD;
    )&#xD;
  }&#xD;
),&#xD;
  #&quot;SYSTEM_SYSRULES_sectionLayout&quot;(&#xD;
    firstColumnContents:{&#xD;
      #&quot;_a-0000dc93-c482-8000-9ba2-011c48011c48_10692&quot;(&#xD;
        label: &quot;Originator&quot;,&#xD;
        readOnly: ri!readOnly,&#xD;
        required: true,&#xD;
        value: ri!folder.originator,&#xD;
        saveInto: ri!folder.originator&#xD;
      ),&#xD;
      #&quot;0998b364-40cc-479d-b619-0fa180a6f39b&quot;(&#xD;
        label: &quot;Originator Title&quot;,&#xD;
        choiceLabels: local!originatorTitle.data.value,&#xD;
        choiceValues: local!originatorTitle.data.id,&#xD;
        readOnly: ri!readOnly,&#xD;
        value: ri!folder.originatorTitleId,&#xD;
        saveInto: ri!folder.originatorTitleId&#xD;
      )&#xD;
    },&#xD;
    secondColumnContents:{&#xD;
      load(&#xD;
        local!labels: apply(#&quot;_a-0000dc93-c482-8000-9ba2-011c48011c48_10242&quot;(value1: _, value2: _),&#xD;
        merge(local!referredOffice.code, local!referredOffice.value)&#xD;
        ),&#xD;
      #&quot;0998b364-40cc-479d-b619-0fa180a6f39b&quot;(&#xD;
        label: &quot;Referred Office&quot;,&#xD;
        readOnly: ri!readOnly,&#xD;
        choiceLabels: local!labels,&#xD;
        choiceValues: local!referredOffice.id,&#xD;
        value: ri!folder.referredOfficeId,&#xD;
        saveInto: ri!folder.referredOfficeId        &#xD;
      )),&#xD;
      #&quot;_a-0000dc93-c482-8000-9ba2-011c48011c48_10692&quot;(&#xD;
      label: &quot;Addressee&quot;,&#xD;
      readOnly: ri!readOnly,&#xD;
      required: true,&#xD;
      value: ri!folder.addressee,&#xD;
      saveInto: ri!folder.addressee&#xD;
    )&#xD;
    }&#xD;
  )&#xD;
  }&#xD;
)  </definition>
        <namedTypedValue>
            <name>folder</name>
            <type>
                <name>CTS_Folder</name>
                <namespace>urn:com:appian:types:CTS</namespace>
            </type>
        </namedTypedValue>
        <namedTypedValue>
            <name>readOnly</name>
            <type>
                <name>boolean</name>
                <namespace>http://www.w3.org/2001/XMLSchema</namespace>
            </type>
        </namedTypedValue>
        <preferredEditor>interface</preferredEditor>
        <offlineEnabled>false</offlineEnabled>
    </rule>
    <roleMap public="true">
        <role allowForAll="false" inherit="true" name="readers">
            <users/>
            <groups/>
        </role>
        <role allowForAll="false" inherit="true" name="authors">
            <users/>
            <groups/>
        </role>
        <role allowForAll="false" inherit="true" name="administrators">
            <users>
                <userUuid>katie.hsu</userUuid>
            </users>
            <groups/>
        </role>
        <role allowForAll="false" inherit="false" name="denyReaders">
            <users/>
            <groups/>
        </role>
        <role allowForAll="false" inherit="false" name="denyAuthors">
            <users/>
            <groups/>
        </role>
        <role allowForAll="false" inherit="false" name="denyAdministrators">
            <users/>
            <groups/>
        </role>
    </roleMap>
    <typedValue>
        <type>
            <name>RuleTestConfig?list</name>
            <namespace>http://www.appian.com/ae/types/2009</namespace>
        </type>
        <value>
            <el>
                <a:name/>
                <a:ruleInputTestConfigs>
                    <a:value xmlns:xsi="http://www.w3.org/2001/XMLSchema-instance" xsi:type="a:Expression">#&quot;_a-0000dc7a-bcb3-8000-9ba2-011c48011c48_6256&quot;(id: 4)</a:value>
                    <a:nameRef>folder</a:nameRef>
                    <a:id/>
                </a:ruleInputTestConfigs>
                <a:ruleInputTestConfigs>
                    <a:value xmlns:xsd="http://www.w3.org/2001/XMLSchema" xmlns:xsi="http://www.w3.org/2001/XMLSchema-instance" xsi:nil="true" xsi:type="xsd:boolean"/>
                    <a:nameRef>readOnly</a:nameRef>
                    <a:id/>
                </a:ruleInputTestConfigs>
                <a:assertions xmlns:xsi="http://www.w3.org/2001/XMLSchema-instance" xsi:nil="true"/>
            </el>
        </value>
    </typedValue>
</contentHaul>
