<?xml version="1.0" encoding="UTF-8" standalone="yes"?>
<contentHaul xmlns:a="http://www.appian.com/ae/types/2009">
    <rule>
        <name>CTS_SCT_Folder_search</name>
        <uuid>_a-0000dcf6-bb7e-8000-9ba2-011c48011c48_19046</uuid>
        <description>Search for all folders</description>
        <parentUuid>_a-0000dc7a-bcb3-8000-9ba2-011c48011c48_6437</parentUuid>
        <visibility>
            <advertise>false</advertise>
            <hierarchy>true</hierarchy>
            <indexable>true</indexable>
            <quota>false</quota>
            <searchable>true</searchable>
            <system>false</system>
            <unlogged>false</unlogged>
        </visibility>
        <definition>=load(
  /* Reference Data */
  local!categories: #&quot;_a-0000dc7a-bcb3-8000-9ba2-011c48011c48_6248&quot;(activeFlag: true).data,
  local!types: #&quot;_a-0000dc7a-bcb3-8000-9ba2-011c48011c48_6595&quot;(activeFlag: true).data,
  local!subTypes: #&quot;_a-0000dc7a-bcb3-8000-9ba2-011c48011c48_6617&quot;(activeFlag: true).data,
  local!secondaryTypes: #&quot;_a-0000dc7a-bcb3-8000-9ba2-011c48011c48_6516&quot;(activeFlag: true).data,
  local!startOffices: #&quot;_a-0000dc7a-bcb3-8000-9ba2-011c48011c48_6566&quot;(activeFlag:1).data,
  local!stages: #&quot;_a-0000dc7a-bcb3-8000-9ba2-011c48011c48_6406&quot;(activeFlag: 1).data,
  local!fileSeries: #&quot;_a-0000dc8b-8f45-8000-9ba2-011c48011c48_9315&quot;(activeFlag: 1).data,
  local!referredOffice: #&quot;_a-0000dc7a-bcb3-8000-9ba2-011c48011c48_6551&quot;(activeFlag:1).data,
  
  /* Search Fields */
  local!startOfficeId,
  local!categoryId,
  local!typeId,
  local!subTypeId,
  local!secondaryTypeId,
  local!fileSeriesId,
  local!referredOfficeId,
  local!stageId,
  local!subject,
  local!description,
  local!primaryOwner,
  local!addressee,
  local!originator,
  local!dueDate_from,
  local!dueDate_to,
  local!receivedDate_from,
  local!receivedDate_to,
  
  /* Temporary Search Fields */
  local!startOfficeId_search,
  local!categoryId_search,
  local!typeId_search,
  local!subTypeId_search,
  local!secondaryTypeId_search,
  local!fileSeriesId_search,
  local!referredOfficeId_search,
  local!stageId_search: 0, 
  local!subject_search,
  local!description_search,
  local!primaryOwner_search,
  local!addressee_search,
  local!originator_search,
  local!dueDate_from_search,
  local!dueDate_to_search,
  local!receivedDate_from_search,
  local!receivedDate_to_search,
  
  local!openFlag: true,
  local!gridSelection: #&quot;SYSTEM_SYSRULES_gridSelection&quot;(
    selected: index( ri!selections, &quot;id&quot;, {}),
    pagingInfo: #&quot;SYSTEM_SYSRULES_pagingInfo&quot;(
      startIndex: 1,
      batchSize: #&quot;_a-0000dc8b-8f45-8000-9ba2-011c48011c48_9457&quot;,
      sort: #&quot;SYSTEM_SYSRULES_sortInfo&quot;(
        field: &quot;id&quot;,
        ascending: true
      )
    )
  ),
  local!choiceLabels: {&quot;Id&quot;, &quot;Subject&quot;, &quot;Description&quot;, &quot;Type&quot;, &quot;Start Office&quot;, &quot;Primary Owner&quot;, &quot;Stage&quot;, &quot;Last Modified On&quot;, &quot;Last Modified By&quot;},
  local!showColumn: local!choiceLabels[{1,2,5,6}],
  
  {
    #&quot;SYSTEM_SYSRULES_sectionLayout&quot;(
    label: &quot;Filters&quot;,
    isCollapsible: true,
    isInitiallyCollapsed: true,
    firstColumnContents: {
      #&quot;0998b364-40cc-479d-b619-0fa180a6f39b&quot;(
        label: &quot;Start Office&quot;,
        readOnly: false,
        choiceValues: local!startOffices.id,
        choiceLabels: local!startOffices.value,
        value: local!startOfficeId_search,
        saveInto: local!startOfficeId_search
      ),
      #&quot;_a-0000dc93-c482-8000-9ba2-011c48011c48_10909&quot;(
        label: &quot;Category&quot;,
        readOnly: false,
        choiceValues: local!categories.id,
        choiceLabels: local!categories.value,
        choiceLayout: &quot;COMPACT&quot;,
        value: local!categoryId_search,
        saveInto: {local!categoryId_search,
          a!save({local!typeId_search, local!subTypeId_search}, null),
          a!save(local!types, #&quot;_a-0000dc7a-bcb3-8000-9ba2-011c48011c48_6595&quot;( categoryId: save!value, activeFlag: 1).data)
        }
      ),
      #&quot;0998b364-40cc-479d-b619-0fa180a6f39b&quot;(
        label: &quot;Type&quot;,
        readOnly: false,
        choiceValues: local!types.id,
        choiceLabels: local!types.code,
        value: local!typeId_search,
        saveInto: {local!typeId_search,
          a!save(local!subTypeId_search,null),
          a!save(local!subTypes, #&quot;_a-0000dc7a-bcb3-8000-9ba2-011c48011c48_6617&quot;(typeId: save!value, activeFlag: 1).data)},
        disabled: isnull(local!categoryId_search)
      ),
      #&quot;0998b364-40cc-479d-b619-0fa180a6f39b&quot;(
        label: &quot;Sub Type&quot;,
        readOnly: false,
        choiceValues: if(#&quot;_a-0000d62a-67b3-8000-da6f-010000010000_951&quot;(local!subTypes),{},local!subTypes.id),
        choiceLabels: if(#&quot;_a-0000d62a-67b3-8000-da6f-010000010000_951&quot;(local!subTypes),{},local!subTypes.code),
        value: local!subTypeId_search,
        saveInto: {a!save(local!subTypeId_search,save!value)},
        disabled: or(
        isnull(local!typeId_search),
        #&quot;_a-0000d62a-67b3-8000-da6f-010000010000_951&quot;(local!subTypes)
        )
      ),
      #&quot;0998b364-40cc-479d-b619-0fa180a6f39b&quot;(
        label: &quot;Secondary Type&quot;,
        readOnly: false,
        choiceValues: local!secondaryTypes.id,
        choiceLabels: local!secondaryTypes.value,
        value: local!secondaryTypeId_search,
        saveInto: local!secondaryTypeId_search
      ),
      #&quot;0998b364-40cc-479d-b619-0fa180a6f39b&quot;(
        label: &quot;File Series&quot;,
        readOnly: false,
        choiceValues: local!fileSeries.id,
        choiceLabels: local!fileSeries.value,
        value: local!fileSeriesId_search,
        saveInto: local!fileSeriesId_search
      ),
      #&quot;0998b364-40cc-479d-b619-0fa180a6f39b&quot;(
        label: &quot;Referred Office&quot;,
        readOnly: false,
        choiceValues: local!referredOffice.id,
        choiceLabels: local!referredOffice.value,
        value: local!referredOfficeId_search,
        saveInto: local!referredOfficeId_search
      ),
      #&quot;_a-0000dc93-c482-8000-9ba2-011c48011c48_10909&quot;(
        label: &quot;Stage&quot;,
        readOnly: false,
        choiceValues: {0, #&quot;_a-0000dc8d-7dbf-8000-9ba2-011c48011c48_10020&quot;[3], #&quot;_a-0000dc8d-7dbf-8000-9ba2-011c48011c48_10020&quot;[4]},
        choiceLabels: {&quot;Open&quot;, &quot;Closed&quot;, &quot;Archived&quot;},
        choiceLayout: &quot;COMPACT&quot;,
        value: local!stageId_search,
        saveInto: local!stageId_search
      )
    },
    secondColumnContents: {
      #&quot;_a-0000dc93-c482-8000-9ba2-011c48011c48_10692&quot;(
        label: &quot;Subject&quot;,
        readOnly: false,
        value: local!subject_search,
        saveInto: local!subject_search
      ),
      #&quot;_a-0000dc93-c482-8000-9ba2-011c48011c48_10692&quot;(
        label: &quot;Description&quot;,
        readOnly: false,
        value: local!description_search,
        saveInto: local!description_search
      ),
      #&quot;SYSTEM_SYSRULES_pickerFieldUsers&quot;(
        label: &quot;Primary Owner&quot;,
        labelPosition: #&quot;_a-0000dc7a-bcb3-8000-9ba2-011c48011c48_6439&quot;(readOnly: false),
        groupFilter: #&quot;_a-0000dc8b-8f45-8000-9ba2-011c48011c48_9370&quot;,
        value: local!primaryOwner_search,
        saveInto: local!primaryOwner_search
      ),
      #&quot;_a-0000dc93-c482-8000-9ba2-011c48011c48_10692&quot;(
        label: &quot;Addressee&quot;,
        readOnly: false,
        value: local!addressee_search,
        saveInto: local!addressee_search
      ),
      #&quot;_a-0000dc93-c482-8000-9ba2-011c48011c48_10692&quot;(
        label: &quot;Originator&quot;,
        readOnly: false,
        value: local!originator_search,
        saveInto: local!originator_search
      ),
      #&quot;_a-0000dc8b-8f45-8000-9ba2-011c48011c48_9474&quot;(
        label: &quot;Due Date&quot;,
        from: local!dueDate_from_search,
        to: local!dueDate_to_search
      ),
      #&quot;_a-0000dc8b-8f45-8000-9ba2-011c48011c48_9474&quot;(
        label: &quot;Received Date&quot;,
        from: local!receivedDate_from_search,
        to: local!receivedDate_to_search
      ),
      
      
      #&quot;3033962c-19c2-459c-a95b-91dd3713f7e5&quot;(
        resetSaveInto: {
              a!save({
                local!startOfficeId,
                local!categoryId,
                local!typeId,
                local!subTypeId,
                local!secondaryTypeId,
                local!fileSeriesId,
                local!referredOfficeId,
                local!stageId,
                local!subject,
                local!description,
                local!primaryOwner,
                local!addressee,
                local!originator,
                local!dueDate_from,
                local!dueDate_to,
                local!receivedDate_from,
                local!receivedDate_to,
                local!startOfficeId_search,
                local!categoryId_search,
                local!typeId_search,
                local!subTypeId_search,
                local!secondaryTypeId_search,
                local!fileSeriesId_search,
                local!referredOfficeId_search,
                local!subject_search,
                local!description_search,
                local!primaryOwner_search,
                local!addressee_search,
                local!originator_search,
                local!dueDate_from_search,
                local!dueDate_to_search,
                local!receivedDate_from_search,
                local!receivedDate_to_search
                }, null),
                a!save(local!stageId_search, 0),
                a!save(local!openFlag, true)},
        searchSaveInto: {
              a!save(local!startOfficeId, local!startOfficeId_search),
              a!save(local!categoryId, local!categoryId_search),
              a!save(local!typeId, local!typeId_search),
              a!save(local!subTypeId, local!subTypeId_search),
              a!save(local!secondaryTypeId, local!secondaryTypeId_search),
              a!save(local!fileSeriesId, local!fileSeriesId_search),
              a!save(local!referredOfficeId, local!referredOfficeId_search),
              a!save(local!stageId, if(local!stageId_search=0, null, local!stageId_search)),
              a!save(local!openFlag, if(local!stageId_search=0, true, null)),
              a!save(local!subject, local!subject_search),
              a!save(local!description, local!description_search),
              a!save(local!primaryOwner, local!primaryOwner_search),
              a!save(local!addressee, local!addressee_search),
              a!save(local!originator, local!originator_search),
              a!save(local!dueDate_from, local!dueDate_from_search),
              a!save(local!dueDate_to, local!dueDate_to_search),
              a!save(local!receivedDate_from, local!receivedDate_from_search),
              a!save(local!receivedDate_to, local!receivedDate_to_search),
              a!save(local!gridSelection, #&quot;SYSTEM_SYSRULES_gridSelection&quot;(
                selected: index( ri!selections, &quot;id&quot;, {}),
                pagingInfo: #&quot;SYSTEM_SYSRULES_pagingInfo&quot;(
                  startIndex: 1,
                  batchSize: #&quot;_a-0000dc8b-8f45-8000-9ba2-011c48011c48_9457&quot;,
                  sort: #&quot;SYSTEM_SYSRULES_sortInfo&quot;(
                    field: &quot;id&quot;,
                    ascending: true
                  )
                )
              ))}
      )
    }
  ),
  load(
    with(local!datasubset: 
        #&quot;_a-0000dc7a-bcb3-8000-9ba2-011c48011c48_6256&quot;( 
          pagingInfo: local!gridSelection.pagingInfo,
          openFlag: local!openFlag,
          startOfficeId: local!startOfficeId,
          categoryId: local!categoryId,
          typeId: local!typeId,
          subtypeId: local!subTypeId,
          secondaryTypeId: local!secondaryTypeId,
          fileSeriesId: local!fileSeriesId,
          referredOfficeId: local!referredOfficeId,
          stageId: local!stageId,
          subject: local!subject,
          description: local!description,
          owner: local!primaryOwner,
          addressee: local!addressee,
          originator: local!originator,
          deadlineStart: local!dueDate_from,
          deadlineEnd: local!dueDate_to,
          receivedDateStart: local!receivedDate_from,
          receivedDateEnd: local!receivedDate_to,
          notInIds: ri!hideFolderIds),
      #&quot;SYSTEM_SYSRULES_sectionLayout&quot;(
        label: &quot;Folders&quot;,
        firstColumnContents: {
          #&quot;SYSTEM_SYSRULES_gridField&quot;(
            labelPosition: &quot;COLLAPSED&quot;,
            totalCount: local!datasubset.totalCount,
            columns: {
              with(local!links: apply(#&quot;_a-0000dc7a-bcb3-8000-9ba2-011c48011c48_6537&quot;(label:
                _, uri: _
                ), merge(
                  index(local!datasubset.data, &quot;id&quot;, {}),
                  apply(urlforrecord(#&quot;_a-0000dc8d-7dbf-8000-9ba2-011c48011c48_9668&quot;, _), index(local!datasubset.data, &quot;id&quot;, {}))
                )),
                  #&quot;SYSTEM_SYSRULES_gridTextColumn&quot;(
                    label: &quot;Id&quot;,
                    field: &quot;id&quot;,
                    data: index(local!links, &quot;label&quot;, {}),
                    links: local!links
                  )
                ),
                if(contains(local!showColumn, &quot;Subject&quot;),
                #&quot;SYSTEM_SYSRULES_gridTextColumn&quot;(
                  label: &quot;Subject&quot;,
                  field: &quot;subject&quot;,
                  data: index(local!datasubset.data, &quot;subject&quot;, {})
                ), {}),
                
                if(contains(local!showColumn, &quot;Description&quot;),
                #&quot;SYSTEM_SYSRULES_gridTextColumn&quot;(
                  label: &quot;Description&quot;,
                  field: &quot;description&quot;,
                  data: index(local!datasubset.data, &quot;description&quot;, {})
                ), {}),
                
                if(contains(local!showColumn, &quot;Type&quot;),
                #&quot;SYSTEM_SYSRULES_gridTextColumn&quot;(
                  label: &quot;Type&quot;,
                  field: &quot;typeId&quot;,
                  data: apply(displayvalue(_, local!types.id, local!types.code, {}), index(local!datasubset.data, &quot;typeId&quot;, {}))
                ), {}),
                
                if(contains(local!showColumn, &quot;Start Office&quot;),
                #&quot;SYSTEM_SYSRULES_gridTextColumn&quot;(
                  label: &quot;Start Office&quot;,
                  field: &quot;startOfficeId&quot;,
                  data: apply(displayvalue(_, local!startOffices.id, local!startOffices.value, {}), index(local!datasubset.data, &quot;startOfficeId&quot;, {}))
                ), {}),
                
                if(contains(local!showColumn, &quot;Primary Owner&quot;),
                  #&quot;_a-0000dc8d-7dbf-8000-9ba2-011c48011c48_9645&quot;(
                    users: index(local!datasubset.data, &quot;owner&quot;, {}),
                    label: &quot;Primary Owner&quot;,
                    field: &quot;owner&quot;
                  ),
                {}),
                
                if(contains(local!showColumn, &quot;Stage&quot;),
                #&quot;SYSTEM_SYSRULES_gridTextColumn&quot;(
                  label: &quot;Stage&quot;,
                  field: &quot;stageId&quot;,
                  data: apply(displayvalue(_, local!stages.id, local!stages.value, {}),
                    index(local!datasubset.data, &quot;stageId&quot;, {}) )
                ), {}),
              
                if(contains(local!showColumn, &quot;Last Modified On&quot;),
                #&quot;SYSTEM_SYSRULES_gridTextColumn&quot;(
                  label: &quot;Last Modified On&quot;,
                  field: &quot;lastModifiedOn&quot;,
                  data: apply(#&quot;_a-0000dc8d-7dbf-8000-9ba2-011c48011c48_9562&quot;(datetime: _),
                    index(local!datasubset.data, &quot;lastModifiedOn&quot;, {}) )
                ), {}),
                
                if(contains(local!showColumn, &quot;Last Modified By&quot;),
                  #&quot;_a-0000dc8d-7dbf-8000-9ba2-011c48011c48_9645&quot;(
                    users: index(local!datasubset.data, &quot;lastModifiedBy&quot;, {}),
                    label: &quot;Last Modified By&quot;,
                    field: &quot;lastModifiedBy&quot;
                  ),
                {})
  
            },
            identifiers: index(local!datasubset.data, &quot;id&quot;, {}),
            selection: not(ri!readOnly),
            value: local!gridSelection,
            saveInto: {local!gridSelection,
              a!save(ri!selections, index( local!datasubset.data, wherecontains(save!value.selected, local!datasubset.data.id), null) )
            }
          ),
          load(
          local!showColumns: false,
            {#&quot;SYSTEM_SYSRULES_richTextDisplayField&quot;(
              labelPosition: &quot;COLLAPSED&quot;,
              value: #&quot;SYSTEM_SYSRULES_richTextItem&quot;(
                text: if(local!showColumns, &quot;- Hide &quot;, &quot;+ Show &quot;) &amp; &quot;Columns&quot;,
                style: &quot;EMPHASIS&quot;,
                link: #&quot;SYSTEM_SYSRULES_dynamicLink&quot;(
                  value: not(local!showColumns),
                  saveInto: local!showColumns
                )
              )
            ),
            if(local!showColumns,
              {#&quot;SYSTEM_SYSRULES_checkboxField&quot;(
                labelPosition: &quot;COLLAPSED&quot;,
                choiceLabels: local!choiceLabels,
                choiceValues: local!choiceLabels,
                value: local!showColumn,
                saveInto: local!showColumn
              ),
              #&quot;SYSTEM_SYSRULES_richTextDisplayField&quot;(
                labelPosition: &quot;COLLAPSED&quot;,
                value: {#&quot;SYSTEM_SYSRULES_richTextItem&quot;(
                  text: char(9745) &amp; &quot; All&quot;,
                  link: #&quot;SYSTEM_SYSRULES_dynamicLink&quot;(
                    value: local!choiceLabels,
                    saveInto: local!showColumn
                  )
                ), &quot;   |  &quot;,
                #&quot;SYSTEM_SYSRULES_richTextItem&quot;(
                  text: char(9744) &amp; &quot; All&quot;,
                  link: #&quot;SYSTEM_SYSRULES_dynamicLink&quot;(
                    value: tostring({}),
                    saveInto: local!showColumn
                  )
                )
                }
              )
            }, {})}
          )
        }
      )
    )
  )
  }
)</definition>
        <namedTypedValue>
            <name>readOnly</name>
            <type>
                <name>boolean</name>
                <namespace>http://www.w3.org/2001/XMLSchema</namespace>
            </type>
        </namedTypedValue>
        <namedTypedValue>
            <name>selections</name>
            <type>
                <name>CollaborationFolder?list</name>
                <namespace>http://www.appian.com/ae/types/2009</namespace>
            </type>
        </namedTypedValue>
        <namedTypedValue>
            <name>hideFolderIds</name>
            <type>
                <name>Integer?list</name>
                <namespace>http://www.appian.com/ae/types/2009</namespace>
            </type>
        </namedTypedValue>
        <preferredEditor>interface</preferredEditor>
        <offlineEnabled>false</offlineEnabled>
    </rule>
    <roleMap public="true">
        <role allowForAll="false" inherit="true" name="readers">
            <users/>
            <groups/>
        </role>
        <role allowForAll="false" inherit="true" name="authors">
            <users/>
            <groups/>
        </role>
        <role allowForAll="false" inherit="true" name="administrators">
            <users>
                <userUuid>katie.hsu</userUuid>
            </users>
            <groups/>
        </role>
        <role allowForAll="false" inherit="false" name="denyReaders">
            <users/>
            <groups/>
        </role>
        <role allowForAll="false" inherit="false" name="denyAuthors">
            <users/>
            <groups/>
        </role>
        <role allowForAll="false" inherit="false" name="denyAdministrators">
            <users/>
            <groups/>
        </role>
    </roleMap>
</contentHaul>
