<?xml version="1.0" encoding="UTF-8" standalone="yes"?>
<contentHaul xmlns:a="http://www.appian.com/ae/types/2009">
    <rule>
        <name>CTS_FRM_Folder_notes</name>
        <uuid>_a-0000dc8b-8f45-8000-9ba2-011c48011c48_9534</uuid>
        <description>Folder notes form</description>
        <parentUuid>_a-0000dc7a-bcb3-8000-9ba2-011c48011c48_6625</parentUuid>
        <visibility>
            <advertise>false</advertise>
            <hierarchy>true</hierarchy>
            <indexable>true</indexable>
            <quota>false</quota>
            <searchable>true</searchable>
            <system>false</system>
            <unlogged>false</unlogged>
        </visibility>
        <definition>=#&quot;SYSTEM_SYSRULES_formLayout&quot;(
  label: ri!formTitle,
  firstColumnContents: {
    #&quot;_a-0000dc8b-8f45-8000-9ba2-011c48011c48_9527&quot;(
      notes: ri!notes,
      folderId: ri!folderId,
      deleted_notes: ri!deleted_notes,
      readOnly: false
    )
  },
  buttons: #&quot;SYSTEM_SYSRULES_ButtonLayout&quot;(
    primaryButtons: {
      #&quot;SYSTEM_SYSRULES_ButtonWidgetSubmit&quot;(
        label: #&quot;_a-0000dc7a-bcb3-8000-9ba2-011c48011c48_6628&quot;,
        style: &quot;PRIMARY&quot;,
        value: #&quot;_a-0000dc7a-bcb3-8000-9ba2-011c48011c48_6628&quot;,
        saveInto: {ri!buttonClicked
        }
      )
    },
    secondaryButtons: {
      #&quot;SYSTEM_SYSRULES_ButtonWidgetSubmit&quot;(
        label: #&quot;_a-0000dc7a-bcb3-8000-9ba2-011c48011c48_6629&quot;,
        style: &quot;NORMAL&quot;,
        value: #&quot;_a-0000dc7a-bcb3-8000-9ba2-011c48011c48_6629&quot;,
        saveInto: {ri!buttonClicked
        },
        skipValidation: true
      )
    }
  )
)</definition>
        <namedTypedValue>
            <name>formTitle</name>
            <type>
                <name>string</name>
                <namespace>http://www.w3.org/2001/XMLSchema</namespace>
            </type>
            <value/>
        </namedTypedValue>
        <namedTypedValue>
            <name>notes</name>
            <type>
                <name>CTS_Folder_Note?list</name>
                <namespace>urn:com:appian:types:CTS</namespace>
            </type>
        </namedTypedValue>
        <namedTypedValue>
            <name>buttonClicked</name>
            <type>
                <name>string</name>
                <namespace>http://www.w3.org/2001/XMLSchema</namespace>
            </type>
            <value/>
        </namedTypedValue>
        <namedTypedValue>
            <name>folderId</name>
            <type>
                <name>int</name>
                <namespace>http://www.w3.org/2001/XMLSchema</namespace>
            </type>
        </namedTypedValue>
        <namedTypedValue>
            <name>deleted_notes</name>
            <type>
                <name>CTS_Folder_Note?list</name>
                <namespace>urn:com:appian:types:CTS</namespace>
            </type>
        </namedTypedValue>
        <preferredEditor>interface</preferredEditor>
        <offlineEnabled>false</offlineEnabled>
    </rule>
    <roleMap public="true">
        <role allowForAll="false" inherit="true" name="readers">
            <users/>
            <groups/>
        </role>
        <role allowForAll="false" inherit="true" name="authors">
            <users/>
            <groups/>
        </role>
        <role allowForAll="false" inherit="true" name="administrators">
            <users>
                <userUuid>sarah.eade</userUuid>
            </users>
            <groups/>
        </role>
        <role allowForAll="false" inherit="false" name="denyReaders">
            <users/>
            <groups/>
        </role>
        <role allowForAll="false" inherit="false" name="denyAuthors">
            <users/>
            <groups/>
        </role>
        <role allowForAll="false" inherit="false" name="denyAdministrators">
            <users/>
            <groups/>
        </role>
    </roleMap>
    <typedValue>
        <type>
            <name>RuleTestConfig?list</name>
            <namespace>http://www.appian.com/ae/types/2009</namespace>
        </type>
        <value>
            <el>
                <a:name/>
                <a:ruleInputTestConfigs>
                    <a:value xmlns:xsd="http://www.w3.org/2001/XMLSchema" xmlns:xsi="http://www.w3.org/2001/XMLSchema-instance" xsi:type="xsd:string"/>
                    <a:nameRef>formTitle</a:nameRef>
                    <a:id/>
                </a:ruleInputTestConfigs>
                <a:ruleInputTestConfigs>
                    <a:nameRef>notes</a:nameRef>
                    <a:id/>
                </a:ruleInputTestConfigs>
                <a:ruleInputTestConfigs>
                    <a:value xmlns:xsd="http://www.w3.org/2001/XMLSchema" xmlns:xsi="http://www.w3.org/2001/XMLSchema-instance" xsi:type="xsd:string"/>
                    <a:nameRef>buttonClicked</a:nameRef>
                    <a:id/>
                </a:ruleInputTestConfigs>
                <a:ruleInputTestConfigs>
                    <a:value xmlns:xsd="http://www.w3.org/2001/XMLSchema" xmlns:xsi="http://www.w3.org/2001/XMLSchema-instance" xsi:nil="true" xsi:type="xsd:int"/>
                    <a:nameRef>folderId</a:nameRef>
                    <a:id/>
                </a:ruleInputTestConfigs>
                <a:ruleInputTestConfigs>
                    <a:nameRef>deleted_notes</a:nameRef>
                    <a:id/>
                </a:ruleInputTestConfigs>
                <a:assertions xmlns:xsi="http://www.w3.org/2001/XMLSchema-instance" xsi:nil="true"/>
            </el>
        </value>
    </typedValue>
</contentHaul>
