<?xml version="1.0" encoding="UTF-8" standalone="yes"?>
<contentHaul xmlns:a="http://www.appian.com/ae/types/2009">
    <rule>
        <name>CTS_SCT_Folder_details</name>
        <uuid>_a-0000dc7a-bcb3-8000-9ba2-011c48011c48_6621</uuid>
        <description>Enter folder details</description>
        <parentUuid>_a-0000dc7a-bcb3-8000-9ba2-011c48011c48_6437</parentUuid>
        <visibility>
            <advertise>false</advertise>
            <hierarchy>true</hierarchy>
            <indexable>true</indexable>
            <quota>false</quota>
            <searchable>true</searchable>
            <system>false</system>
            <unlogged>false</unlogged>
        </visibility>
        <definition>=load(&#xD;
  /* This can be a load variable since you only need to evaluate it once */&#xD;
  /*local!folderCategory: rule!CTS_QRY_R_Folder_category( activeFlag: 1),&#xD;
  local!typeDescription: rule!CTS_QRY_R_Folder_Type( activeFlag: 1),&#xD;
  local!subTypes,&#xD;
  local!fileSeries: rule!CTS_QRY_R_Folder_File_Series(activeFlag: 1).data,&#xD;
  local!internalOffice: rule!CTS_QRY_R_Office_InternalOriginating(activeFlag:1).data,&#xD;
  local!startOffice:  rule!CTS_QRY_R_Office_Start(activeFlag:1).data,&#xD;
  local!secondaryType: rule!CTS_QRY_R_Folder_SecondaryType(activeFlag: 1).data,&#xD;
  local!originatorTitle: rule!CTS_QRY_R_OriginatorTitle( activeFlag: 1),&#xD;
  local!referredOffice: rule!CTS_QRY_R_Office_Referred(activeFlag:1).data,*/&#xD;
  &#xD;
&#xD;
{#&quot;_a-0000dc93-c482-8000-9ba2-011c48011c48_10505&quot;(&#xD;
  folder: ri!folder,&#xD;
  readOnly: ri!readOnly&#xD;
),&#xD;
&#xD;
if(isnull(ri!folder.startOfficeId),&#xD;
  {},&#xD;
  #&quot;_a-0000dcee-c5ac-8000-9ba2-011c48011c48_15641&quot;(&#xD;
    folder: ri!folder,&#xD;
    readOnly: ri!readOnly&#xD;
  )&#xD;
)&#xD;
&#xD;
/*Temporarily commenting out for sake of getting screenshots by 5/16*/&#xD;
/*a!sectionLayout(&#xD;
  label: &quot;Routing Info&quot;,&#xD;
  firstColumnContents: {&#xD;
    if(isnull(ri!folder.openFlag),&#xD;
      {},&#xD;
      rule!CTS_CMPT_General_radioButtonField(&#xD;
        label: &quot;Status&quot;,&#xD;
        readOnly: ri!readOnly,&#xD;
        choiceLabels: {&quot;Open&quot;,&quot;Closed&quot;},&#xD;
        choiceValues: {true,false},&#xD;
        value: ri!folder.openFlag,&#xD;
        saveInto: ri!folder.openFlag&#xD;
      )&#xD;
    ),&#xD;
    rule!CTS_CMPT_General_dateField(&#xD;
      label: &quot;Received On&quot;,&#xD;
      readOnly: ri!readOnly,&#xD;
      required: true,&#xD;
      value: ri!folder.receivedDate,&#xD;
      saveInto: ri!folder.receivedDate&#xD;
    ),&#xD;
    rule!CTS_CMPT_General_dateField(&#xD;
      label: &quot;Due On&quot;,&#xD;
      readOnly: ri!readOnly,&#xD;
      required: true,&#xD;
      value: ri!folder.dueOn,&#xD;
      saveInto: ri!folder.dueOn&#xD;
    ),&#xD;
    &#xD;
&#xD;
  },&#xD;
  secondColumnContents: {&#xD;
    rule!CTS_CMPT_General_userPickerField(&#xD;
      label: &quot;Primary Owner&quot;,&#xD;
      value: ri!folder.owner,&#xD;
      saveInto: ri!folder.owner,    &#xD;
      required: true,&#xD;
      readOnly: ri!readOnly&#xD;
    ),&#xD;
    rule!CTS_CMPT_General_textField(&#xD;
      label: &quot;Addressee&quot;,&#xD;
      readOnly: ri!readOnly,&#xD;
      required: true,&#xD;
      value: ri!folder.addressee,&#xD;
      saveInto: ri!folder.addressee&#xD;
    ),&#xD;
    &#xD;
  }&#xD;
  ),&#xD;
a!sectionLayout(&#xD;
  firstColumnContents: {&#xD;
    rule!CTS_CMPT_General_paragraphField(&#xD;
      label: &quot;Instructions&quot;,&#xD;
      readOnly: ri!readOnly,&#xD;
      required: true,&#xD;
      height: &quot;MEDIUM&quot;,&#xD;
      value: ri!folder.instructions,&#xD;
      saveInto: ri!folder.instructions&#xD;
    )&#xD;
  }&#xD;
),&#xD;
a!sectionLayout(&#xD;
    label: &quot;Originating Information&quot;,&#xD;
    firstColumnContents:{&#xD;
      rule!CTS_CMPT_General_textField(&#xD;
        label: &quot;Originator&quot;,&#xD;
        labelPosition: rule!CTS_RULE_General_getLabelPosition(readOnly: ri!readOnly),&#xD;
        readOnly: ri!readOnly,&#xD;
        required: true,&#xD;
        value: ri!folder.originator,&#xD;
        saveInto: ri!folder.originator&#xD;
      ),&#xD;
      rule!CTS_CMPT_General_dropdownField(&#xD;
        label: &quot;Originator Title&quot;,&#xD;
        choiceLabels: local!originatorTitle.data.value,&#xD;
        choiceValues: local!originatorTitle.data.id,&#xD;
        readOnly: ri!readOnly,&#xD;
        value: ri!folder.originatorTitleId,&#xD;
        saveInto: ri!folder.originatorTitleId&#xD;
      ),&#xD;
      if(ri!folder.categoryId=cons!CTS_INT_R_FOLDER_CATEGORY[2],&#xD;
        load(&#xD;
          local!labels: apply(rule!CTS_RULE_General_concatValues(value1: _, value2: _),&#xD;
            merge(local!internalOffice.code, local!internalOffice.value)&#xD;
          ),&#xD;
          rule!CTS_CMPT_General_dropdownField(&#xD;
            label: &quot;Internal Originating Office&quot;,&#xD;
            choiceLabels: local!labels,&#xD;
            choiceValues: local!internalOffice.id,&#xD;
            readOnly: ri!readOnly,&#xD;
            value: ri!folder.internalOriginatingOfficeId,&#xD;
            saveInto: ri!folder.internalOriginatingOfficeId        &#xD;
    &#xD;
          )&#xD;
        ),&#xD;
        {}&#xD;
      )&#xD;
  &#xD;
 &#xD;
    },&#xD;
    secondColumnContents:{&#xD;
      load(&#xD;
        local!labels: apply(rule!CTS_RULE_General_concatValues(value1: _, value2: _), &#xD;
        merge(local!startOffice.code, local!startOffice.value)),&#xD;
&#xD;
        rule!CTS_CMPT_General_dropdownField(&#xD;
          label: &quot;Start Office&quot;,&#xD;
          readOnly: ri!readOnly,&#xD;
          required: true,&#xD;
          choiceLabels: local!labels,&#xD;
          choiceValues: local!startOffice.id,&#xD;
          value: ri!folder.startOfficeId,&#xD;
          saveInto: ri!folder.startOfficeId        &#xD;
        )&#xD;
      ),&#xD;
      load(&#xD;
        local!labels: apply(rule!CTS_RULE_General_concatValues(value1: _, value2: _),&#xD;
        merge(local!referredOffice.code, local!referredOffice.value)&#xD;
        ),&#xD;
      rule!CTS_CMPT_General_dropdownField(&#xD;
        label: &quot;Referred Office&quot;,&#xD;
        readOnly: ri!readOnly,&#xD;
        choiceLabels: local!labels,&#xD;
        choiceValues: local!referredOffice.id,&#xD;
        value: ri!folder.referredOfficeId,&#xD;
        saveInto: ri!folder.referredOfficeId        &#xD;
      )),&#xD;
      &#xD;
      &#xD;
    }&#xD;
  )*/&#xD;
  &#xD;
  }&#xD;
)  </definition>
        <namedTypedValue>
            <name>folder</name>
            <type>
                <name>CTS_Folder</name>
                <namespace>urn:com:appian:types:CTS</namespace>
            </type>
        </namedTypedValue>
        <namedTypedValue>
            <name>readOnly</name>
            <type>
                <name>boolean</name>
                <namespace>http://www.w3.org/2001/XMLSchema</namespace>
            </type>
        </namedTypedValue>
        <preferredEditor>interface</preferredEditor>
        <offlineEnabled>false</offlineEnabled>
    </rule>
    <roleMap public="true">
        <role allowForAll="false" inherit="true" name="readers">
            <users/>
            <groups/>
        </role>
        <role allowForAll="false" inherit="true" name="authors">
            <users/>
            <groups/>
        </role>
        <role allowForAll="false" inherit="true" name="administrators">
            <users>
                <userUuid>sarah.eade</userUuid>
            </users>
            <groups/>
        </role>
        <role allowForAll="false" inherit="false" name="denyReaders">
            <users/>
            <groups/>
        </role>
        <role allowForAll="false" inherit="false" name="denyAuthors">
            <users/>
            <groups/>
        </role>
        <role allowForAll="false" inherit="false" name="denyAdministrators">
            <users/>
            <groups/>
        </role>
    </roleMap>
    <typedValue>
        <type>
            <name>RuleTestConfig?list</name>
            <namespace>http://www.appian.com/ae/types/2009</namespace>
        </type>
        <value>
            <el>
                <a:name/>
                <a:ruleInputTestConfigs>
                    <a:value xmlns:xsi="http://www.w3.org/2001/XMLSchema-instance" xsi:type="a:Expression">#&quot;_a-0000dc7a-bcb3-8000-9ba2-011c48011c48_6256&quot;(id: 4)</a:value>
                    <a:nameRef>folder</a:nameRef>
                    <a:id/>
                </a:ruleInputTestConfigs>
                <a:ruleInputTestConfigs>
                    <a:value xmlns:xsd="http://www.w3.org/2001/XMLSchema" xmlns:xsi="http://www.w3.org/2001/XMLSchema-instance" xsi:nil="true" xsi:type="xsd:boolean"/>
                    <a:nameRef>readOnly</a:nameRef>
                    <a:id/>
                </a:ruleInputTestConfigs>
                <a:assertions xmlns:xsi="http://www.w3.org/2001/XMLSchema-instance" xsi:nil="true"/>
            </el>
        </value>
    </typedValue>
</contentHaul>
