<?xml version="1.0" encoding="UTF-8" standalone="yes"?>
<contentHaul xmlns:a="http://www.appian.com/ae/types/2009">
    <constant>
        <name>CTS_DOC_ICON_TASK_STATUS</name>
        <uuid>_a-0000dc8d-7dbf-8000-9ba2-011c48011c48_9572</uuid>
        <description>Task statuses&#xD;
Not Active&#xD;
Active&#xD;
Completed&#xD;
Cancelled&#xD;
Paused&#xD;
Paused by Exception&#xD;
Assigned</description>
        <parentUuid>_a-0000dc7a-bcb3-8000-9ba2-011c48011c48_6430</parentUuid>
        <visibility>
            <advertise>false</advertise>
            <hierarchy>true</hierarchy>
            <indexable>true</indexable>
            <quota>false</quota>
            <searchable>true</searchable>
            <system>false</system>
            <unlogged>false</unlogged>
        </visibility>
        <typedValue>
            <type>
                <name>CollaborationDocument?list</name>
                <namespace>http://www.appian.com/ae/types/2009</namespace>
            </type>
            <value>
                <el>_a-0000d920-b4ce-8000-927a-010000010000_1856</el>
                <el>_a-0000d920-b4ce-8000-927a-010000010000_1859</el>
                <el>_a-0000d920-b4ce-8000-927a-010000010000_1858</el>
                <el>_a-0000d920-b4ce-8000-927a-010000010000_1863</el>
                <el>_a-0000d920-b4ce-8000-927a-010000010000_1862</el>
                <el>_a-0000d920-b4ce-8000-927a-010000010000_1872</el>
                <el>_a-0000dc93-c482-8000-9ba2-011c48011c48_10585</el>
            </value>
        </typedValue>
    </constant>
    <roleMap public="true">
        <role allowForAll="false" inherit="true" name="readers">
            <users/>
            <groups/>
        </role>
        <role allowForAll="false" inherit="true" name="authors">
            <users/>
            <groups/>
        </role>
        <role allowForAll="false" inherit="true" name="administrators">
            <users/>
            <groups/>
        </role>
        <role allowForAll="false" inherit="false" name="denyReaders">
            <users/>
            <groups/>
        </role>
        <role allowForAll="false" inherit="false" name="denyAuthors">
            <users/>
            <groups/>
        </role>
        <role allowForAll="false" inherit="false" name="denyAdministrators">
            <users/>
            <groups/>
        </role>
    </roleMap>
</contentHaul>
