<?xml version="1.0" encoding="UTF-8" standalone="yes"?>
<contentHaul xmlns:a="http://www.appian.com/ae/types/2009">
    <rule>
        <name>CTS_FRM_QFR_folderLinks</name>
        <uuid>_a-0000dcee-c5ac-8000-9ba2-011c48011c48_15616</uuid>
        <description>Manage folder links</description>
        <parentUuid>_a-0000dc7a-bcb3-8000-9ba2-011c48011c48_6625</parentUuid>
        <visibility>
            <advertise>false</advertise>
            <hierarchy>true</hierarchy>
            <indexable>true</indexable>
            <quota>false</quota>
            <searchable>true</searchable>
            <system>false</system>
            <unlogged>false</unlogged>
        </visibility>
        <definition>=load(local!addLinkFlag: false,
local!selections,
  #&quot;SYSTEM_SYSRULES_formLayout&quot;(
    label: ri!formTitle,
    firstColumnContents: {
      /*if(ri!workflowTypeId=cons!CTS_INT_R_WORKFLOW_TASKING, */
      /*  rule!CTS_CMPT_Tasking_milestone(milestoneIndex: 2),*/
      /*  {}*/
      /*),*/
      #&quot;_a-0000dcee-c5ac-8000-9ba2-011c48011c48_15617&quot;(
        readOnly: false,
        folder: ri!folder,
        deletedLinkIds: ri!deletedLinkIds,
        links: ri!links
      ),
      if(local!addLinkFlag,
        {#&quot;_a-0000dc8d-7dbf-8000-9ba2-011c48011c48_9607&quot;(
          readOnly: false,
          selections: local!selections,
          hideDocIds: index(ri!links, &quot;docId&quot;, null)
        ),
        #&quot;_a-0000dc8d-7dbf-8000-9ba2-011c48011c48_9989&quot;(
          saveInto: {a!save(local!addLinkFlag, false),
                a!save(ri!links, append(ri!links, 
                apply('type!{urn:com:appian:types:CTS}CTS_V_Link_FolderDoc'(
                  docId: _,
                  folderId: ri!folder.id,
                  linkCreatedBy: loggedInUser(),
                  linkCreatedOn: now(),
                  date: _,
                  subject: _,
                  typeId: _,
                  type: _,
                  author: _,
                  checkedOutTo: _,
                  title: _,
                  appianDocId: _
                ),
                  merge(
                    local!selections.docId,
                    local!selections.date,
                    local!selections.subject,
                    local!selections.typeId,
                    local!selections.type,
                    local!selections.author,
                    local!selections.checkedOutTo,
                    local!selections.title,
                    local!selections.appianDocId
                    )
                ))),
                a!save(local!selections, {})
              },
              cancelSaveInto: {a!save(local!addLinkFlag, false),
                a!save(local!selections, {})
              }
        )
        },
        #&quot;SYSTEM_SYSRULES_richTextDisplayField&quot;(
          labelPosition: &quot;COLLAPSED&quot;,
          value: {#&quot;SYSTEM_SYSRULES_richTextItem&quot;(
            text: &quot;+ Link to Existing Folder&quot;,
            style: &quot;STRONG&quot;,
            link: #&quot;SYSTEM_SYSRULES_dynamicLink&quot;(
              value: true,
              saveInto: local!addLinkFlag
            )
          ), &quot;   |   &quot;,
          #&quot;SYSTEM_SYSRULES_richTextItem&quot;(
            text: &quot;+ Add New Folder&quot;,
            style: &quot;STRONG&quot;,
            link: #&quot;SYSTEM_SYSRULES_submitLink&quot;(
              value: #&quot;_a-0000dc93-c482-8000-9ba2-011c48011c48_10112&quot;,
              skipValidation: true,
              saveInto: ri!buttonClicked
            )
          )
          }
        )
        )
    },
    
    buttons: if(local!addLinkFlag,
      null, 
      #&quot;SYSTEM_SYSRULES_ButtonLayout&quot;(
        primaryButtons: {
          #&quot;SYSTEM_SYSRULES_ButtonWidgetSubmit&quot;(
            label: if(ri!workflowTypeId=#&quot;_a-0000dc93-c482-8000-9ba2-011c48011c48_10359&quot;, 
              #&quot;_a-0000dc93-c482-8000-9ba2-011c48011c48_10961&quot;, #&quot;_a-0000dc7a-bcb3-8000-9ba2-011c48011c48_6628&quot;),
            style: &quot;PRIMARY&quot;,
            value: #&quot;_a-0000dc7a-bcb3-8000-9ba2-011c48011c48_6628&quot;,
            saveInto: {ri!buttonClicked
            }
            /* Placeholder until form is finished*/
            ,
            skipValidation: true
          )
        },
        secondaryButtons: {
          if(ri!workflowTypeId&lt;&gt;#&quot;_a-0000dc93-c482-8000-9ba2-011c48011c48_10359&quot;,
            #&quot;SYSTEM_SYSRULES_ButtonWidgetSubmit&quot;(
              label: #&quot;_a-0000dc7a-bcb3-8000-9ba2-011c48011c48_6629&quot;,
              style: &quot;NORMAL&quot;,
              confirmMessage: &quot;Are you sure you want to cancel? All changes will be losts except any created documents will not be deleted or unlinked from the folder.&quot;,
              value: #&quot;_a-0000dc7a-bcb3-8000-9ba2-011c48011c48_6629&quot;,
              saveInto: ri!buttonClicked,
              skipValidation: true
            ),
            {}
          )
        }
      )
    )
  )
)</definition>
        <namedTypedValue>
            <name>formTitle</name>
            <type>
                <name>string</name>
                <namespace>http://www.w3.org/2001/XMLSchema</namespace>
            </type>
            <value/>
        </namedTypedValue>
        <namedTypedValue>
            <name>buttonClicked</name>
            <type>
                <name>string</name>
                <namespace>http://www.w3.org/2001/XMLSchema</namespace>
            </type>
            <value/>
        </namedTypedValue>
        <namedTypedValue>
            <name>folder</name>
            <type>
                <name>CTS_Folder</name>
                <namespace>urn:com:appian:types:CTS</namespace>
            </type>
        </namedTypedValue>
        <namedTypedValue>
            <name>deletedLinkIds</name>
            <type>
                <name>Integer?list</name>
                <namespace>http://www.appian.com/ae/types/2009</namespace>
            </type>
        </namedTypedValue>
        <namedTypedValue>
            <name>links</name>
            <type>
                <name>CTS_V_Link_FolderDoc?list</name>
                <namespace>urn:com:appian:types:CTS</namespace>
            </type>
        </namedTypedValue>
        <namedTypedValue>
            <name>workflowTypeId</name>
            <type>
                <name>int</name>
                <namespace>http://www.w3.org/2001/XMLSchema</namespace>
            </type>
        </namedTypedValue>
        <preferredEditor>interface</preferredEditor>
        <offlineEnabled>false</offlineEnabled>
    </rule>
    <roleMap public="true">
        <role allowForAll="false" inherit="true" name="readers">
            <users/>
            <groups/>
        </role>
        <role allowForAll="false" inherit="true" name="authors">
            <users/>
            <groups/>
        </role>
        <role allowForAll="false" inherit="true" name="administrators">
            <users>
                <userUuid>katie.hsu</userUuid>
            </users>
            <groups/>
        </role>
        <role allowForAll="false" inherit="false" name="denyReaders">
            <users/>
            <groups/>
        </role>
        <role allowForAll="false" inherit="false" name="denyAuthors">
            <users/>
            <groups/>
        </role>
        <role allowForAll="false" inherit="false" name="denyAdministrators">
            <users/>
            <groups/>
        </role>
    </roleMap>
</contentHaul>
