<?xml version="1.0" encoding="UTF-8" standalone="yes"?>
<contentHaul xmlns:a="http://www.appian.com/ae/types/2009">
    <constant>
        <name>CTS_RECORD_CASE</name>
        <uuid>_a-0000dc93-c482-8000-9ba2-011c48011c48_10185</uuid>
        <description>link to the case records</description>
        <parentUuid>_a-0000dc8b-8f45-8000-9ba2-011c48011c48_9142</parentUuid>
        <visibility>
            <advertise>false</advertise>
            <hierarchy>true</hierarchy>
            <indexable>true</indexable>
            <quota>false</quota>
            <searchable>true</searchable>
            <system>false</system>
            <unlogged>false</unlogged>
        </visibility>
        <typedValue>
            <type>
                <name>RecordType</name>
                <namespace>http://www.appian.com/ae/types/2009</namespace>
            </type>
            <value a:id="-1" a:uuid="a9e6e3d4-4b59-45e0-a1c3-724f9bf6e9ce" name="">
                <a:pluralName/>
                <a:description/>
                <a:urlStub/>
                <a:listViewTemplateExpr/>
                <a:isSystem>false</a:isSystem>
                <a:dataSrcExpr/>
                <a:facetsListExpr/>
                <a:titleExpr/>
                <a:defaultFiltersExpr/>
                <a:layoutType/>
                <a:security>16383</a:security>
                <a:opaqueId/>
            </value>
        </typedValue>
    </constant>
    <roleMap public="true">
        <role allowForAll="false" inherit="true" name="readers">
            <users/>
            <groups/>
        </role>
        <role allowForAll="false" inherit="true" name="authors">
            <users/>
            <groups/>
        </role>
        <role allowForAll="false" inherit="true" name="administrators">
            <users/>
            <groups/>
        </role>
        <role allowForAll="false" inherit="false" name="denyReaders">
            <users/>
            <groups/>
        </role>
        <role allowForAll="false" inherit="false" name="denyAuthors">
            <users/>
            <groups/>
        </role>
        <role allowForAll="false" inherit="false" name="denyAdministrators">
            <users/>
            <groups/>
        </role>
    </roleMap>
</contentHaul>
