<?xml version="1.0" encoding="UTF-8" standalone="yes"?>
<contentHaul xmlns:a="http://www.appian.com/ae/types/2009">
    <rule>
        <name>CTS_SCT_QFR_additionalInfo</name>
        <uuid>_a-0000dcee-c5ac-8000-9ba2-011c48011c48_15597</uuid>
        <description>QFR Set additional information</description>
        <parentUuid>_a-0000dc7a-bcb3-8000-9ba2-011c48011c48_6437</parentUuid>
        <visibility>
            <advertise>false</advertise>
            <hierarchy>true</hierarchy>
            <indexable>true</indexable>
            <quota>false</quota>
            <searchable>true</searchable>
            <system>false</system>
            <unlogged>false</unlogged>
        </visibility>
        <definition>=load(&#xD;
  &#xD;
  local!hearingDate,&#xD;
  local!hearingSubject,&#xD;
  local!hearingAction,&#xD;
  local!branchOfCongress,&#xD;
  local!committee,&#xD;
  local!testifier,&#xD;
&#xD;
{#&quot;SYSTEM_SYSRULES_sectionLayout&quot;(&#xD;
  label: &quot;Additional Information&quot;,&#xD;
  firstColumnContents: {&#xD;
    #&quot;0998b364-40cc-479d-b619-0fa180a6f39b&quot;(&#xD;
      label: &quot;Branch of Congress&quot;,&#xD;
      readOnly: ri!readOnly,&#xD;
      required: false,&#xD;
      choiceValues: {1,2,3},&#xD;
      choiceLabels: {1,2,3},&#xD;
      value: local!branchOfCongress,&#xD;
      saveInto: local!branchOfCongress&#xD;
    ),&#xD;
    #&quot;0998b364-40cc-479d-b619-0fa180a6f39b&quot;(&#xD;
      label: &quot;Committee&quot;,&#xD;
      readOnly: ri!readOnly,&#xD;
      required: false,&#xD;
      choiceValues: {1,2,3},&#xD;
      choiceLabels: {1,2,3},&#xD;
      value: local!committee,&#xD;
      saveInto: local!committee&#xD;
    ),&#xD;
    #&quot;_a-0000dc93-c482-8000-9ba2-011c48011c48_10692&quot;(&#xD;
      label: &quot;Person Who Testified&quot;,&#xD;
      readOnly: ri!readOnly,&#xD;
      required: false,&#xD;
      value: local!testifier,&#xD;
      saveInto: local!testifier&#xD;
    )&#xD;
  },&#xD;
  secondColumnContents:{&#xD;
    #&quot;_a-0000dc93-c482-8000-9ba2-011c48011c48_10903&quot;(&#xD;
      label: &quot;Date of Hearing&quot;,&#xD;
      readOnly: ri!readOnly,&#xD;
      required: false,&#xD;
      value: local!hearingDate,&#xD;
      saveInto: local!hearingDate&#xD;
    ),&#xD;
    #&quot;_a-0000dc93-c482-8000-9ba2-011c48011c48_10692&quot;(&#xD;
      label: &quot;Subject of Hearing&quot;,&#xD;
      readOnly: ri!readOnly,&#xD;
      required: false,&#xD;
      value: local!hearingSubject,&#xD;
      saveInto: local!hearingSubject          &#xD;
    ),&#xD;
    #&quot;0998b364-40cc-479d-b619-0fa180a6f39b&quot;(&#xD;
      label: &quot;ICE's Action&quot;,&#xD;
      readOnly: ri!readOnly,&#xD;
      required: false,&#xD;
      choiceValues: {1,2,3},&#xD;
      choiceLabels: {1,2,3},&#xD;
      value: local!hearingAction,&#xD;
      saveInto: local!hearingAction&#xD;
    )&#xD;
        &#xD;
  }&#xD;
)}&#xD;
)  </definition>
        <namedTypedValue>
            <name>readOnly</name>
            <type>
                <name>boolean</name>
                <namespace>http://www.w3.org/2001/XMLSchema</namespace>
            </type>
        </namedTypedValue>
        <preferredEditor>interface</preferredEditor>
        <offlineEnabled>false</offlineEnabled>
    </rule>
    <roleMap public="true">
        <role allowForAll="false" inherit="true" name="readers">
            <users/>
            <groups/>
        </role>
        <role allowForAll="false" inherit="true" name="authors">
            <users/>
            <groups/>
        </role>
        <role allowForAll="false" inherit="true" name="administrators">
            <users>
                <userUuid>katie.hsu</userUuid>
                <userUuid>sarah.eade</userUuid>
            </users>
            <groups/>
        </role>
        <role allowForAll="false" inherit="false" name="denyReaders">
            <users/>
            <groups/>
        </role>
        <role allowForAll="false" inherit="false" name="denyAuthors">
            <users/>
            <groups/>
        </role>
        <role allowForAll="false" inherit="false" name="denyAdministrators">
            <users/>
            <groups/>
        </role>
    </roleMap>
</contentHaul>
