<?xml version="1.0" encoding="UTF-8" standalone="yes"?>
<contentHaul xmlns:a="http://www.appian.com/ae/types/2009">
    <rule>
        <name>CTS_SCT_Doc_folders</name>
        <uuid>_a-0000dc8d-7dbf-8000-9ba2-011c48011c48_9752</uuid>
        <description>Section containing a document's linked folder information</description>
        <parentUuid>_a-0000dc7a-bcb3-8000-9ba2-011c48011c48_6437</parentUuid>
        <visibility>
            <advertise>false</advertise>
            <hierarchy>true</hierarchy>
            <indexable>true</indexable>
            <quota>false</quota>
            <searchable>true</searchable>
            <system>false</system>
            <unlogged>false</unlogged>
        </visibility>
        <definition>=load(local!pagingInfo: #&quot;SYSTEM_SYSRULES_pagingInfo&quot;(
  startIndex: 1,
  batchSize: #&quot;_a-0000dc8b-8f45-8000-9ba2-011c48011c48_9457&quot;,
  sort: #&quot;SYSTEM_SYSRULES_sortInfo&quot;(
    field: &quot;folderId&quot;,
    ascending: false
  )
),
with(local!datasubset: #&quot;_a-0000dc8d-7dbf-8000-9ba2-011c48011c48_9764&quot;(
  pagingInfo: local!pagingInfo,
  documentId: ri!documentId
),
  #&quot;SYSTEM_SYSRULES_sectionLayout&quot;(
    label: &quot;Folders&quot;,
    firstColumnContents: {
      if(ri!readOnly,
        #&quot;SYSTEM_SYSRULES_gridField&quot;(
          labelPosition: &quot;COLLAPSED&quot;,
          totalCount: local!datasubset.totalCount,
          columns: {
            with(local!links: apply(#&quot;_a-0000dc7a-bcb3-8000-9ba2-011c48011c48_6537&quot;(label:
            _, uri: _
            ), merge(
              index(local!datasubset.data, &quot;folderId&quot;, {}),
              apply(urlforrecord(#&quot;_a-0000dc8d-7dbf-8000-9ba2-011c48011c48_9668&quot;, _), index(local!datasubset.data, &quot;folderId&quot;, {}))
            )),
              #&quot;SYSTEM_SYSRULES_gridTextColumn&quot;(
                label: &quot;Id&quot;,
                field: &quot;folderId&quot;,
                data: index(local!links, &quot;label&quot;, {}),
                links: local!links
              )
            ),
            #&quot;SYSTEM_SYSRULES_gridTextColumn&quot;(
              label: &quot;Subject&quot;,
              field: &quot;subject&quot;,
              data: index(local!datasubset.data, &quot;subject&quot;, {})
            ),
            #&quot;SYSTEM_SYSRULES_gridTextColumn&quot;(
              label: &quot;Category&quot;,
              field: &quot;category&quot;,
              data: index(local!datasubset.data, &quot;category&quot;, {})
            ),
            #&quot;SYSTEM_SYSRULES_gridTextColumn&quot;(
              label: &quot;Open&quot;,
              field: &quot;openFlag&quot;,
              data: updatearray( index(local!datasubset.data, &quot;openFlag&quot;, {}), where(index(local!datasubset.data, &quot;openFlag&quot;, {})), char(10003))
            ),
            
            #&quot;_a-0000dc8d-7dbf-8000-9ba2-011c48011c48_9645&quot;(
              label: &quot;Link Created By&quot;,
              field: &quot;linkCreatedBy&quot;,
              users: index(local!datasubset.data, &quot;linkCreatedBy&quot;, {}) 
            ),
            #&quot;SYSTEM_SYSRULES_gridTextColumn&quot;(
              label: &quot;Link Created On&quot;,
              field: &quot;linkCreatedOn&quot;,
              data: apply(#&quot;_a-0000dc8d-7dbf-8000-9ba2-011c48011c48_9562&quot;(datetime: _),
                index(local!datasubset.data, &quot;linkCreatedOn&quot;, {}) )
            ),
          },
          value: local!pagingInfo,
          saveInto: local!pagingInfo
        ),
        {}
      )
    }
  )
) )</definition>
        <namedTypedValue>
            <name>readOnly</name>
            <type>
                <name>boolean</name>
                <namespace>http://www.w3.org/2001/XMLSchema</namespace>
            </type>
        </namedTypedValue>
        <namedTypedValue>
            <name>documentId</name>
            <type>
                <name>int</name>
                <namespace>http://www.w3.org/2001/XMLSchema</namespace>
            </type>
        </namedTypedValue>
        <preferredEditor>interface</preferredEditor>
        <offlineEnabled>false</offlineEnabled>
    </rule>
    <roleMap public="true">
        <role allowForAll="false" inherit="true" name="readers">
            <users/>
            <groups/>
        </role>
        <role allowForAll="false" inherit="true" name="authors">
            <users/>
            <groups/>
        </role>
        <role allowForAll="false" inherit="true" name="administrators">
            <users>
                <userUuid>sarah.eade</userUuid>
            </users>
            <groups/>
        </role>
        <role allowForAll="false" inherit="false" name="denyReaders">
            <users/>
            <groups/>
        </role>
        <role allowForAll="false" inherit="false" name="denyAuthors">
            <users/>
            <groups/>
        </role>
        <role allowForAll="false" inherit="false" name="denyAdministrators">
            <users/>
            <groups/>
        </role>
    </roleMap>
    <typedValue>
        <type>
            <name>RuleTestConfig?list</name>
            <namespace>http://www.appian.com/ae/types/2009</namespace>
        </type>
        <value>
            <el>
                <a:name/>
                <a:ruleInputTestConfigs>
                    <a:value xmlns:xsd="http://www.w3.org/2001/XMLSchema" xmlns:xsi="http://www.w3.org/2001/XMLSchema-instance" xsi:type="xsd:boolean">true</a:value>
                    <a:nameRef>readOnly</a:nameRef>
                    <a:id/>
                </a:ruleInputTestConfigs>
                <a:ruleInputTestConfigs>
                    <a:value xmlns:xsd="http://www.w3.org/2001/XMLSchema" xmlns:xsi="http://www.w3.org/2001/XMLSchema-instance" xsi:type="xsd:int">5</a:value>
                    <a:nameRef>documentId</a:nameRef>
                    <a:id/>
                </a:ruleInputTestConfigs>
                <a:assertions xmlns:xsi="http://www.w3.org/2001/XMLSchema-instance" xsi:nil="true"/>
            </el>
        </value>
    </typedValue>
</contentHaul>
