<?xml version="1.0" encoding="UTF-8" standalone="yes"?>
<contentHaul xmlns:a="http://www.appian.com/ae/types/2009">
    <rule>
        <name>CTS_SCT_Doc_checkOut</name>
        <uuid>_a-0000dc8b-8f45-8000-9ba2-011c48011c48_9369</uuid>
        <description>Check out document to a user and/or group</description>
        <parentUuid>_a-0000dc7a-bcb3-8000-9ba2-011c48011c48_6437</parentUuid>
        <visibility>
            <advertise>false</advertise>
            <hierarchy>true</hierarchy>
            <indexable>true</indexable>
            <quota>false</quota>
            <searchable>true</searchable>
            <system>false</system>
            <unlogged>false</unlogged>
        </visibility>
        <definition> =load(
 local!browserFlag:false,
 local!path,
 local!selectionInBrowser,
 local!value,
   if(ri!readOnly,
      #&quot;SYSTEM_SYSRULES_sectionLayout&quot;(
        label: &quot;Checked Out To&quot;,
        firstColumnContents: {
          with(local!users: #&quot;_a-0000dc8b-8f45-8000-9ba2-011c48011c48_9152&quot;(
              text: ri!document.checkedOutTo,
              returnType: &quot;USER&quot;
            ),
          local!links: apply(#&quot;_a-0000dc8b-8f45-8000-9ba2-011c48011c48_9201&quot;(_), local!users),
            #&quot;SYSTEM_SYSRULES_richTextDisplayField&quot;(
              label: &quot;Users&quot;,
              labelPosition: #&quot;_a-0000dc7a-bcb3-8000-9ba2-011c48011c48_6439&quot;(readOnly: true),
              value: #&quot;SYSTEM_SYSRULES_applyComponents&quot;(
                function: #&quot;SYSTEM_SYSRULES_richTextItem&quot;(
                    text: _,
                    link: _
                ), 
                array: merge(
                  index(local!links, &quot;label&quot; , {}),
                  local!links
                )
              )
            )
          )
          
        }/*,
        secondColumnContents: {
          a!richTextDisplayField(
            label: &quot;Groups&quot;,
            labelPosition: rule!CTS_RULE_General_getLabelPosition(readOnly: true),
            value: joinarray(apply(rule!APN_displayGroupOrUsername(
                _
              ),
              rule!CTS_RULE_Utility_getUsersAndGroupsFromText(
                  text: ri!document.checkedOutTo,
                  returnType: &quot;GROUP&quot;
                )
            ), char(10)
            )
          )
        }*/
      ),
    #&quot;SYSTEM_SYSRULES_sectionLayout&quot;(
      label: &quot;Check Out Document&quot;,
      firstColumnContents: {
        #&quot;SYSTEM_SYSRULES_richTextDisplayField&quot;(
          label: &quot;Ready to Check Out Message&quot;,
          labelPosition: &quot;COLLAPSED&quot;,
          align: &quot;CENTER&quot;,
          value: #&quot;SYSTEM_SYSRULES_richTextItem&quot;(
            text: &quot;You are about to check out this document. Are you sure?&quot;,
            style: &quot;STRONG&quot;
          )
        )
      }
    )
  )
)</definition>
        <namedTypedValue>
            <name>document</name>
            <type>
                <name>CTS_Doc</name>
                <namespace>urn:com:appian:types:CTS</namespace>
            </type>
        </namedTypedValue>
        <namedTypedValue>
            <name>readOnly</name>
            <type>
                <name>boolean</name>
                <namespace>http://www.w3.org/2001/XMLSchema</namespace>
            </type>
        </namedTypedValue>
        <preferredEditor>interface</preferredEditor>
        <offlineEnabled>false</offlineEnabled>
    </rule>
    <roleMap public="true">
        <role allowForAll="false" inherit="true" name="readers">
            <users/>
            <groups/>
        </role>
        <role allowForAll="false" inherit="true" name="authors">
            <users/>
            <groups/>
        </role>
        <role allowForAll="false" inherit="true" name="administrators">
            <users>
                <userUuid>sarah.eade</userUuid>
            </users>
            <groups/>
        </role>
        <role allowForAll="false" inherit="false" name="denyReaders">
            <users/>
            <groups/>
        </role>
        <role allowForAll="false" inherit="false" name="denyAuthors">
            <users/>
            <groups/>
        </role>
        <role allowForAll="false" inherit="false" name="denyAdministrators">
            <users/>
            <groups/>
        </role>
    </roleMap>
    <typedValue>
        <type>
            <name>RuleTestConfig?list</name>
            <namespace>http://www.appian.com/ae/types/2009</namespace>
        </type>
        <value>
            <el>
                <a:name/>
                <a:ruleInputTestConfigs>
                    <a:value xmlns:xsi="http://www.w3.org/2001/XMLSchema-instance" xsi:type="a:Expression">#&quot;_a-0000dc7a-bcb3-8000-9ba2-011c48011c48_6250&quot;(
  id: 5
).data</a:value>
                    <a:nameRef>document</a:nameRef>
                    <a:id/>
                </a:ruleInputTestConfigs>
                <a:ruleInputTestConfigs>
                    <a:value xmlns:xsd="http://www.w3.org/2001/XMLSchema" xmlns:xsi="http://www.w3.org/2001/XMLSchema-instance" xsi:type="xsd:boolean">false</a:value>
                    <a:nameRef>readOnly</a:nameRef>
                    <a:id/>
                </a:ruleInputTestConfigs>
                <a:assertions xmlns:xsi="http://www.w3.org/2001/XMLSchema-instance" xsi:nil="true"/>
            </el>
        </value>
    </typedValue>
</contentHaul>
