<?xml version="1.0" encoding="UTF-8" standalone="yes"?>
<contentHaul xmlns:a="http://www.appian.com/ae/types/2009">
    <rule>
        <name>CTS_SCT_QFR_description</name>
        <uuid>_a-0000dcee-c5ac-8000-9ba2-011c48011c48_15588</uuid>
        <description>QFR Set description</description>
        <parentUuid>_a-0000dc7a-bcb3-8000-9ba2-011c48011c48_6437</parentUuid>
        <visibility>
            <advertise>false</advertise>
            <hierarchy>true</hierarchy>
            <indexable>true</indexable>
            <quota>false</quota>
            <searchable>true</searchable>
            <system>false</system>
            <unlogged>false</unlogged>
        </visibility>
        <definition>=load(&#xD;
  local!title,&#xD;
  local!description,&#xD;
  local!primaryOwners,&#xD;
  local!dueDate,&#xD;
  local!dhsWorkflowId,&#xD;
&#xD;
{#&quot;SYSTEM_SYSRULES_sectionLayout&quot;(&#xD;
  label: &quot;Description&quot;,&#xD;
  firstColumnContents:{&#xD;
    #&quot;_a-0000dc93-c482-8000-9ba2-011c48011c48_10692&quot;(&#xD;
      label: &quot;Title&quot;,&#xD;
      readOnly: ri!readOnly,&#xD;
      required: true,&#xD;
      value: local!title,&#xD;
      saveInto: local!title&#xD;
    ),&#xD;
    #&quot;_a-0000dc93-c482-8000-9ba2-011c48011c48_10895&quot;(&#xD;
      label: &quot;Description&quot;,&#xD;
      readOnly: ri!readOnly,&#xD;
      required: true,&#xD;
      height: &quot;SHORT&quot;,&#xD;
      value: local!description,&#xD;
      saveInto: local!description&#xD;
    ),&#xD;
    #&quot;_a-0000dc8d-7dbf-8000-9ba2-011c48011c48_9920&quot;(&#xD;
      label: &quot;Primary Owner(s)&quot;,&#xD;
      saveInto: local!primaryOwners&#xD;
    )&#xD;
  }&#xD;
),&#xD;
#&quot;SYSTEM_SYSRULES_sectionLayout&quot;(&#xD;
  firstColumnContents: {&#xD;
    #&quot;_a-0000dc93-c482-8000-9ba2-011c48011c48_10903&quot;(&#xD;
      label: &quot;Due Date&quot;,&#xD;
      readOnly: ri!readOnly,&#xD;
      required: true,&#xD;
      value: local!dueDate,&#xD;
      saveInto: local!dueDate&#xD;
    )&#xD;
  },&#xD;
  secondColumnContents:{&#xD;
    #&quot;_a-0000dc93-c482-8000-9ba2-011c48011c48_10692&quot;(&#xD;
      label: &quot;DHS Workflow ID&quot;,&#xD;
      readOnly: ri!readOnly,&#xD;
      required: false,&#xD;
      value: local!dhsWorkflowId,&#xD;
      saveInto: local!dhsWorkflowId          &#xD;
    )&#xD;
        &#xD;
  }&#xD;
)}&#xD;
)  </definition>
        <namedTypedValue>
            <name>readOnly</name>
            <type>
                <name>boolean</name>
                <namespace>http://www.w3.org/2001/XMLSchema</namespace>
            </type>
        </namedTypedValue>
        <preferredEditor>interface</preferredEditor>
        <offlineEnabled>false</offlineEnabled>
    </rule>
    <roleMap public="true">
        <role allowForAll="false" inherit="true" name="readers">
            <users/>
            <groups/>
        </role>
        <role allowForAll="false" inherit="true" name="authors">
            <users/>
            <groups/>
        </role>
        <role allowForAll="false" inherit="true" name="administrators">
            <users>
                <userUuid>katie.hsu</userUuid>
                <userUuid>sarah.eade</userUuid>
            </users>
            <groups/>
        </role>
        <role allowForAll="false" inherit="false" name="denyReaders">
            <users/>
            <groups/>
        </role>
        <role allowForAll="false" inherit="false" name="denyAuthors">
            <users/>
            <groups/>
        </role>
        <role allowForAll="false" inherit="false" name="denyAdministrators">
            <users/>
            <groups/>
        </role>
    </roleMap>
</contentHaul>
