<?xml version="1.0" encoding="UTF-8" standalone="yes"?>
<contentHaul xmlns:a="http://www.appian.com/ae/types/2009">
    <rule>
        <name>CTS_SCT_Folder_recordSummary</name>
        <uuid>_a-0000dc7a-bcb3-8000-9ba2-011c48011c48_6438</uuid>
        <description>Summary information for the folder record</description>
        <parentUuid>_a-0000dc7a-bcb3-8000-9ba2-011c48011c48_6437</parentUuid>
        <visibility>
            <advertise>false</advertise>
            <hierarchy>true</hierarchy>
            <indexable>true</indexable>
            <quota>false</quota>
            <searchable>true</searchable>
            <system>false</system>
            <unlogged>false</unlogged>
        </visibility>
        <definition>=load(local!stages: #&quot;_a-0000dc7a-bcb3-8000-9ba2-011c48011c48_6406&quot;(activeFlag: true).data,
  { 

  #&quot;SYSTEM_SYSRULES_sectionLayout&quot;(
    label: &quot;Summary&quot;,
    firstColumnContents: {

      #&quot;SYSTEM_SYSRULES_milestoneField&quot;(
        labelPosition: &quot;COLLAPSED&quot;,
        steps: local!stages.value,
        active: wherecontains(ri!folder.stageId, toint(local!stages.id))
      ),
      load(local!index: if(toboolean(ri!folder.openFlag)=false,
          3,
          if(#&quot;_a-0000dc93-c482-8000-9ba2-011c48011c48_10390&quot;(datetime: ri!folder.dueOn)&lt;now(),
            4,
            if(ri!folder.dueOn&gt;caladddays(ri!folder.dueOn, #&quot;_a-0000dc93-c482-8000-9ba2-011c48011c48_12846&quot;),
            2,
            1
            )
          )
        ),
      #&quot;SYSTEM_SYSRULES_imageField&quot;(
        label: &quot;Status&quot;,
        labelPosition: #&quot;_a-0000dc7a-bcb3-8000-9ba2-011c48011c48_6439&quot;(readOnly: ri!readOnly),
        images:  {#&quot;SYSTEM_SYSRULES_documentImage&quot;(
            document: #&quot;_a-0000dc7a-bcb3-8000-9ba2-011c48011c48_6444&quot;[local!index],
            altText: #&quot;_a-0000dc7a-bcb3-8000-9ba2-011c48011c48_6445&quot;[local!index],
            caption: if(
              local!index = 3,
              #&quot;_a-0000dc7a-bcb3-8000-9ba2-011c48011c48_6445&quot;[local!index],
              #&quot;_a-0000dc7a-bcb3-8000-9ba2-011c48011c48_6445&quot;[local!index] &amp; &quot; - due on &quot; &amp;  #&quot;_a-0000dc8d-7dbf-8000-9ba2-011c48011c48_9562&quot;(datetime: #&quot;_a-0000dc93-c482-8000-9ba2-011c48011c48_10390&quot;(datetime: ri!folder.dueOn))
            )
          )},
        size: &quot;ICON&quot;
      )
    )
    }
    
  )
  
}
)</definition>
        <namedTypedValue>
            <name>readOnly</name>
            <type>
                <name>boolean</name>
                <namespace>http://www.w3.org/2001/XMLSchema</namespace>
            </type>
        </namedTypedValue>
        <namedTypedValue>
            <name>folder</name>
            <type>
                <name>CTS_Folder</name>
                <namespace>urn:com:appian:types:CTS</namespace>
            </type>
        </namedTypedValue>
        <preferredEditor>interface</preferredEditor>
        <offlineEnabled>false</offlineEnabled>
    </rule>
    <roleMap public="true">
        <role allowForAll="false" inherit="true" name="readers">
            <users/>
            <groups/>
        </role>
        <role allowForAll="false" inherit="true" name="authors">
            <users/>
            <groups/>
        </role>
        <role allowForAll="false" inherit="true" name="administrators">
            <users/>
            <groups/>
        </role>
        <role allowForAll="false" inherit="false" name="denyReaders">
            <users/>
            <groups/>
        </role>
        <role allowForAll="false" inherit="false" name="denyAuthors">
            <users/>
            <groups/>
        </role>
        <role allowForAll="false" inherit="false" name="denyAdministrators">
            <users/>
            <groups/>
        </role>
    </roleMap>
    <typedValue>
        <type>
            <name>RuleTestConfig?list</name>
            <namespace>http://www.appian.com/ae/types/2009</namespace>
        </type>
        <value>
            <el>
                <a:name/>
                <a:ruleInputTestConfigs>
                    <a:value xmlns:xsd="http://www.w3.org/2001/XMLSchema" xmlns:xsi="http://www.w3.org/2001/XMLSchema-instance" xsi:type="xsd:boolean">true</a:value>
                    <a:nameRef>readOnly</a:nameRef>
                    <a:id/>
                </a:ruleInputTestConfigs>
                <a:ruleInputTestConfigs>
                    <a:value xmlns:xsi="http://www.w3.org/2001/XMLSchema-instance" xsi:type="a:Expression">#&quot;_a-0000dc7a-bcb3-8000-9ba2-011c48011c48_6256&quot;(id:4).data</a:value>
                    <a:nameRef>folder</a:nameRef>
                    <a:id/>
                </a:ruleInputTestConfigs>
                <a:assertions xmlns:xsi="http://www.w3.org/2001/XMLSchema-instance" xsi:nil="true"/>
            </el>
        </value>
    </typedValue>
</contentHaul>
