<?xml version="1.0" encoding="UTF-8" standalone="yes"?>
<contentHaul xmlns:a="http://www.appian.com/ae/types/2009">
    <rule>
        <name>CTS_RULE_Folder_generateControlSheetXML</name>
        <uuid>_a-0000dc93-c482-8000-9ba2-011c48011c48_10459</uuid>
        <description>Generates the xml for the control sheet report template. I realize that doing this in this manner is probably not best practices, but I did it for efficiency's sake</description>
        <parentUuid>_a-0000dc7a-bcb3-8000-9ba2-011c48011c48_6553</parentUuid>
        <visibility>
            <advertise>false</advertise>
            <hierarchy>true</hierarchy>
            <indexable>true</indexable>
            <quota>false</quota>
            <searchable>true</searchable>
            <system>false</system>
            <unlogged>false</unlogged>
        </visibility>
        <definition>=load(local!types: #&quot;_a-0000dc7a-bcb3-8000-9ba2-011c48011c48_6595&quot;(activeFlag: true).data,
local!sigOffices: #&quot;_a-0000dc7a-bcb3-8000-9ba2-011c48011c48_6528&quot;(activeFlag: true).data,
local!secTypes: #&quot;_a-0000dc7a-bcb3-8000-9ba2-011c48011c48_6516&quot;(activeFlag: true).data,
local!statuses: #&quot;_a-0000dc7a-bcb3-8000-9ba2-011c48011c48_6393&quot;(activeFlag: true).data,
local!folder: #&quot;_a-0000dc7a-bcb3-8000-9ba2-011c48011c48_6256&quot;(id: ri!folderId).data,
local!assignments: #&quot;_a-0000dc8d-7dbf-8000-9ba2-011c48011c48_9999&quot;(folderId: ri!folderId, deletedFlag: false).data,
local!notes: #&quot;_a-0000dc8b-8f45-8000-9ba2-011c48011c48_9539&quot;(folderId: ri!folderId, deletedFlag: false).data,
  &quot;&lt;folder&gt;&quot;
&amp; &quot;&lt;id&gt;&quot; &amp; local!folder.id &amp; &quot;&lt;/id&gt;&quot;
&amp; &quot;&lt;originator&gt;&quot; &amp; local!folder.originator &amp; &quot;&lt;/originator&gt;&quot;
&amp; &quot;&lt;createdOn&gt;&quot; &amp; #&quot;_a-0000dc8d-7dbf-8000-9ba2-011c48011c48_9562&quot;(datetime: local!folder.createdOn) &amp; &quot;&lt;/createdOn&gt;&quot;
&amp; &quot;&lt;receivedOn&gt;&quot; &amp; #&quot;_a-0000dc8d-7dbf-8000-9ba2-011c48011c48_9562&quot;(datetime: local!folder.receivedDate) &amp; &quot;&lt;/receivedOn&gt;&quot;
&amp; &quot;&lt;dueOn&gt;&quot; &amp; #&quot;_a-0000dc8d-7dbf-8000-9ba2-011c48011c48_9562&quot;(datetime: local!folder.dueOn) &amp; &quot;&lt;/dueOn&gt;&quot;
&amp; &quot;&lt;subject&gt;&quot; &amp; local!folder.subject &amp; &quot;&lt;/subject&gt;&quot;
&amp; &quot;&lt;type&gt;&quot; &amp; displayvalue(local!folder.typeId, toint(local!types.id), local!types.code, &quot;&quot;) &amp; &quot;&lt;/type&gt;&quot;
&amp; &quot;&lt;secondaryType&gt;&quot; &amp; displayvalue(local!folder.secondaryTypeId, local!secTypes.id, local!secTypes.code, &quot;&quot;) &amp; &quot;&lt;/secondaryType&gt;&quot;
&amp; &quot;&lt;signatureOffice&gt;&quot; &amp; displayvalue(local!folder.signatureOfficeId, local!sigOffices.id, local!sigOffices.value, &quot;&quot;) &amp; &quot;&lt;/signatureOffice&gt;&quot;
&amp; &quot;&lt;instructions&gt;&quot; &amp; local!folder.instructions &amp; &quot;&lt;/instructions&gt;&quot;
&amp; &quot;&lt;owner&gt;&quot; &amp; #&quot;_a-0000d690-12fb-8000-0f1a-010000010000_1352&quot;(user: local!folder.owner) &amp; &quot;&lt;/owner&gt;&quot;
  &amp; apply(fn!concat(&quot;&lt;assignee name='&quot;, _, &quot;' &quot;,
    &quot;startOn='&quot;, _, &quot;' &quot;, 
    &quot;dueOn='&quot;, _, &quot;' &quot;, 
    &quot;completedOn='&quot;, _ , &quot;' &quot;,
    &quot;status='&quot;, _, &quot;'/&gt;&quot;
    ), 
    merge(
        apply(#&quot;_a-0000dc8b-8f45-8000-9ba2-011c48011c48_9420&quot;(text: _, delimeter: &quot;, &quot;), index(local!assignments, &quot;assignee&quot;, {})), 
        apply(#&quot;_a-0000dc8d-7dbf-8000-9ba2-011c48011c48_9562&quot;(datetime: _), index(local!assignments, &quot;startOn&quot;, {})),  
        apply(#&quot;_a-0000dc8d-7dbf-8000-9ba2-011c48011c48_9562&quot;(datetime: _), index(local!assignments, &quot;dueOn&quot;, {})), 
        apply(#&quot;_a-0000dc8d-7dbf-8000-9ba2-011c48011c48_9562&quot;(datetime: _), index(local!assignments, &quot;completedOn&quot;, {})),
        apply(displayvalue(_, local!statuses.id, local!statuses.value, &quot;&quot;), index(local!assignments, &quot;statusId&quot;, {}))
    ))
  &amp; apply(fn!concat(&quot;&lt;note text='&quot;, _, &quot;' &quot;,
    &quot;createdBy='&quot;, _, &quot;' &quot;, 
    &quot;createdOn='&quot;, _, &quot;'/&gt;&quot;
    ), 
    merge(
        index(local!notes, &quot;note&quot;, {}), 
        apply(#&quot;_a-0000d690-12fb-8000-0f1a-010000010000_1352&quot;(user: _), index(local!notes, &quot;createdBy&quot;, {})),  
        apply(#&quot;_a-0000dc8d-7dbf-8000-9ba2-011c48011c48_9562&quot;(datetime: _), index(local!notes, &quot;createdOn&quot;, {}))
    ))
&amp;&quot;&lt;/folder&gt;&quot; 
)
</definition>
        <namedTypedValue>
            <name>folderId</name>
            <type>
                <name>int</name>
                <namespace>http://www.w3.org/2001/XMLSchema</namespace>
            </type>
        </namedTypedValue>
        <preferredEditor>legacy</preferredEditor>
        <offlineEnabled>false</offlineEnabled>
    </rule>
    <roleMap public="true">
        <role allowForAll="false" inherit="true" name="readers">
            <users/>
            <groups/>
        </role>
        <role allowForAll="false" inherit="true" name="authors">
            <users/>
            <groups/>
        </role>
        <role allowForAll="false" inherit="true" name="administrators">
            <users/>
            <groups/>
        </role>
        <role allowForAll="false" inherit="false" name="denyReaders">
            <users/>
            <groups/>
        </role>
        <role allowForAll="false" inherit="false" name="denyAuthors">
            <users/>
            <groups/>
        </role>
        <role allowForAll="false" inherit="false" name="denyAdministrators">
            <users/>
            <groups/>
        </role>
    </roleMap>
</contentHaul>
