<?xml version="1.0" encoding="UTF-8" standalone="yes"?>
<contentHaul xmlns:a="http://www.appian.com/ae/types/2009">
    <constant>
        <name>CTS_TEXT_ASSIGN_AUDIT_FIELDS</name>
        <uuid>_a-0000dcf6-bb7e-8000-9ba2-011c48011c48_18570</uuid>
        <description>Fields from the CTS_Assign CDT to be audited when an assignment is updated (order should correspond to reference data in DB):&#xD;
&#xD;
id&#xD;
assignee&#xD;
dueOn&#xD;
subject&#xD;
instructions&#xD;
sequenceNumber&#xD;
priorityId</description>
        <parentUuid>_a-0000dc7a-bcb3-8000-9ba2-011c48011c48_6442</parentUuid>
        <visibility>
            <advertise>false</advertise>
            <hierarchy>true</hierarchy>
            <indexable>true</indexable>
            <quota>false</quota>
            <searchable>true</searchable>
            <system>false</system>
            <unlogged>false</unlogged>
        </visibility>
        <typedValue>
            <type>
                <name>Text?list</name>
                <namespace>http://www.appian.com/ae/types/2009</namespace>
            </type>
            <value>
                <el>id</el>
                <el>assignee</el>
                <el>dueOn</el>
                <el>subject</el>
                <el>instructions</el>
                <el>sequenceNumber</el>
                <el>priorityId</el>
            </value>
        </typedValue>
    </constant>
    <roleMap public="true">
        <role allowForAll="false" inherit="true" name="readers">
            <users/>
            <groups/>
        </role>
        <role allowForAll="false" inherit="true" name="authors">
            <users/>
            <groups/>
        </role>
        <role allowForAll="false" inherit="true" name="administrators">
            <users>
                <userUuid>katie.hsu</userUuid>
            </users>
            <groups/>
        </role>
        <role allowForAll="false" inherit="false" name="denyReaders">
            <users/>
            <groups/>
        </role>
        <role allowForAll="false" inherit="false" name="denyAuthors">
            <users/>
            <groups/>
        </role>
        <role allowForAll="false" inherit="false" name="denyAdministrators">
            <users/>
            <groups/>
        </role>
    </roleMap>
</contentHaul>
