<?xml version="1.0" encoding="UTF-8" standalone="yes"?>
<contentHaul xmlns:a="http://www.appian.com/ae/types/2009">
    <rule>
        <name>CTS_SCT_Folder_description</name>
        <uuid>_a-0000dc93-c482-8000-9ba2-011c48011c48_10505</uuid>
        <description>Folder description</description>
        <parentUuid>_a-0000dc7a-bcb3-8000-9ba2-011c48011c48_6437</parentUuid>
        <visibility>
            <advertise>false</advertise>
            <hierarchy>true</hierarchy>
            <indexable>true</indexable>
            <quota>false</quota>
            <searchable>true</searchable>
            <system>false</system>
            <unlogged>false</unlogged>
        </visibility>
        <definition>=load(&#xD;
  /* This can be a load variable since you only need to evaluate it once */&#xD;
  local!startOffice:  #&quot;_a-0000dc7a-bcb3-8000-9ba2-011c48011c48_6566&quot;(activeFlag:1).data,&#xD;
&#xD;
{#&quot;SYSTEM_SYSRULES_sectionLayout&quot;(&#xD;
  label: &quot;Description&quot;,&#xD;
  firstColumnContents:{&#xD;
    #&quot;_a-0000dc93-c482-8000-9ba2-011c48011c48_10692&quot;(&#xD;
      label: &quot;Subject&quot;,&#xD;
      readOnly: ri!readOnly,&#xD;
      required: true,&#xD;
      value: ri!folder.subject,&#xD;
      saveInto: ri!folder.subject&#xD;
    ),&#xD;
    #&quot;_a-0000dc93-c482-8000-9ba2-011c48011c48_10895&quot;(&#xD;
      label: &quot;Description&quot;,&#xD;
      readOnly: ri!readOnly,&#xD;
      required: true,&#xD;
      value: ri!folder.description,&#xD;
      saveInto: ri!folder.description,&#xD;
      height: &quot;SHORT&quot;&#xD;
    )&#xD;
  }&#xD;
),&#xD;
#&quot;SYSTEM_SYSRULES_sectionLayout&quot;(&#xD;
  firstColumnContents: {&#xD;
   #&quot;_a-0000dc93-c482-8000-9ba2-011c48011c48_10903&quot;(&#xD;
      label: &quot;Received Date&quot;,&#xD;
      readOnly: ri!readOnly,&#xD;
      required: true,&#xD;
      value: ri!folder.receivedDate,&#xD;
      saveInto: ri!folder.receivedDate&#xD;
    ),&#xD;
    #&quot;_a-0000dc93-c482-8000-9ba2-011c48011c48_10903&quot;(&#xD;
      label: &quot;Due Date&quot;,&#xD;
      readOnly: ri!readOnly,&#xD;
      required: true,&#xD;
      value: ri!folder.dueOn,&#xD;
      saveInto: ri!folder.dueOn&#xD;
    )&#xD;
  },&#xD;
  secondColumnContents:{&#xD;
     #&quot;_a-0000dc93-c482-8000-9ba2-011c48011c48_10916&quot;(&#xD;
      label: &quot;Primary Owner&quot;,&#xD;
      value: ri!folder.owner,&#xD;
      saveInto: ri!folder.owner,    &#xD;
      required: true,&#xD;
      readOnly: ri!readOnly&#xD;
    ),&#xD;
&#xD;
    load(&#xD;
        local!labels: apply(#&quot;_a-0000dc93-c482-8000-9ba2-011c48011c48_10242&quot;(value1: _, value2: _), &#xD;
        merge(local!startOffice.code, local!startOffice.value)),&#xD;
&#xD;
        #&quot;0998b364-40cc-479d-b619-0fa180a6f39b&quot;(&#xD;
          label: &quot;Start Office&quot;,&#xD;
          readOnly: ri!readOnly,&#xD;
          required: true,&#xD;
          choiceLabels: local!labels,&#xD;
          choiceValues: local!startOffice.id,&#xD;
          value: ri!folder.startOfficeId,&#xD;
          saveInto: ri!folder.startOfficeId        &#xD;
        )&#xD;
      )&#xD;
  }&#xD;
)}&#xD;
)  </definition>
        <namedTypedValue>
            <name>folder</name>
            <type>
                <name>CTS_Folder</name>
                <namespace>urn:com:appian:types:CTS</namespace>
            </type>
        </namedTypedValue>
        <namedTypedValue>
            <name>readOnly</name>
            <type>
                <name>boolean</name>
                <namespace>http://www.w3.org/2001/XMLSchema</namespace>
            </type>
        </namedTypedValue>
        <preferredEditor>interface</preferredEditor>
        <offlineEnabled>false</offlineEnabled>
    </rule>
    <roleMap public="true">
        <role allowForAll="false" inherit="true" name="readers">
            <users/>
            <groups/>
        </role>
        <role allowForAll="false" inherit="true" name="authors">
            <users/>
            <groups/>
        </role>
        <role allowForAll="false" inherit="true" name="administrators">
            <users>
                <userUuid>sarah.eade</userUuid>
            </users>
            <groups/>
        </role>
        <role allowForAll="false" inherit="false" name="denyReaders">
            <users/>
            <groups/>
        </role>
        <role allowForAll="false" inherit="false" name="denyAuthors">
            <users/>
            <groups/>
        </role>
        <role allowForAll="false" inherit="false" name="denyAdministrators">
            <users/>
            <groups/>
        </role>
    </roleMap>
    <typedValue>
        <type>
            <name>RuleTestConfig?list</name>
            <namespace>http://www.appian.com/ae/types/2009</namespace>
        </type>
        <value>
            <el>
                <a:name/>
                <a:ruleInputTestConfigs>
                    <a:value xmlns:xsi="http://www.w3.org/2001/XMLSchema-instance" xsi:type="a:Expression">#&quot;_a-0000dc7a-bcb3-8000-9ba2-011c48011c48_6256&quot;(id: 4)</a:value>
                    <a:nameRef>folder</a:nameRef>
                    <a:id/>
                </a:ruleInputTestConfigs>
                <a:ruleInputTestConfigs>
                    <a:value xmlns:xsd="http://www.w3.org/2001/XMLSchema" xmlns:xsi="http://www.w3.org/2001/XMLSchema-instance" xsi:nil="true" xsi:type="xsd:boolean"/>
                    <a:nameRef>readOnly</a:nameRef>
                    <a:id/>
                </a:ruleInputTestConfigs>
                <a:assertions xmlns:xsi="http://www.w3.org/2001/XMLSchema-instance" xsi:nil="true"/>
            </el>
        </value>
    </typedValue>
</contentHaul>
