<?xml version="1.0" encoding="UTF-8" standalone="yes"?>
<contentHaul xmlns:a="http://www.appian.com/ae/types/2009">
    <rule>
        <name>CTS_FRM_Folder_completeAssignment</name>
        <uuid>_a-0000dc93-c482-8000-9ba2-011c48011c48_10075</uuid>
        <description>Complete folder assignment during the routing process</description>
        <parentUuid>_a-0000dc7a-bcb3-8000-9ba2-011c48011c48_6625</parentUuid>
        <visibility>
            <advertise>false</advertise>
            <hierarchy>true</hierarchy>
            <indexable>true</indexable>
            <quota>false</quota>
            <searchable>true</searchable>
            <system>false</system>
            <unlogged>false</unlogged>
        </visibility>
        <definition>=#&quot;SYSTEM_SYSRULES_formLayout&quot;(
  label: ri!formTitle,
  firstColumnContents: {
    #&quot;_a-0000dc93-c482-8000-9ba2-011c48011c48_10076&quot;(
      readOnly: false,
      assignment: ri!assignment,
      folder: ri!folder
    ),
    #&quot;SYSTEM_SYSRULES_sectionLayout&quot;(
      label: &quot;Comments&quot;,
      firstColumnContents: {
        #&quot;SYSTEM_SYSRULES_paragraphField&quot;(
          label: &quot;Comments&quot;,
          labelPosition: &quot;COLLAPSED&quot;,
          readOnly: false,
          required: true,
          value: ri!note.note,
          saveInto: {ri!note.note,
            a!save(ri!note.folderId, ri!folder.id),
            a!save(ri!note.createdBy, loggedInUser()),
            a!save(ri!note.createdOn, now())
          }
        )
      }
    ), 
      #&quot;_a-0000dc8d-7dbf-8000-9ba2-011c48011c48_9581&quot;(
        readOnly: true,
        folder: ri!folder
      ),
    #&quot;SYSTEM_SYSRULES_linkField&quot;(
      labelPosition: &quot;COLLAPSED&quot;,
      links: #&quot;SYSTEM_SYSRULES_submitLink&quot;(
        label: &quot;Manage Documents&quot;,
        value: &quot;Manage Documents&quot;,
        skipValidation: true,
        saveInto: ri!buttonClicked
      )
    )
      
  },
  buttons: #&quot;SYSTEM_SYSRULES_ButtonLayout&quot;(
    primaryButtons: {
      #&quot;SYSTEM_SYSRULES_ButtonWidgetSubmit&quot;(
        label: #&quot;_a-0000dc7a-bcb3-8000-9ba2-011c48011c48_6628&quot;,
        style: &quot;PRIMARY&quot;,
        value: #&quot;_a-0000dc7a-bcb3-8000-9ba2-011c48011c48_6628&quot;,
        saveInto: {ri!buttonClicked,
          a!save(ri!assignment.statusId, #&quot;_a-0000dc8d-7dbf-8000-9ba2-011c48011c48_10033&quot;),
          a!save(ri!assignment.completedOn, now()),
          a!save(ri!assignment.completedBy, loggedInUser())
        }
      )
    },
    secondaryButtons: {
    }
  )
)</definition>
        <namedTypedValue>
            <name>buttonClicked</name>
            <type>
                <name>string</name>
                <namespace>http://www.w3.org/2001/XMLSchema</namespace>
            </type>
            <value/>
        </namedTypedValue>
        <namedTypedValue>
            <name>formTitle</name>
            <type>
                <name>string</name>
                <namespace>http://www.w3.org/2001/XMLSchema</namespace>
            </type>
            <value/>
        </namedTypedValue>
        <namedTypedValue>
            <name>folder</name>
            <type>
                <name>CTS_Folder</name>
                <namespace>urn:com:appian:types:CTS</namespace>
            </type>
        </namedTypedValue>
        <namedTypedValue>
            <name>assignment</name>
            <type>
                <name>CTS_Assign</name>
                <namespace>urn:com:appian:types:CTS</namespace>
            </type>
        </namedTypedValue>
        <namedTypedValue>
            <name>note</name>
            <type>
                <name>CTS_Folder_Note</name>
                <namespace>urn:com:appian:types:CTS</namespace>
            </type>
        </namedTypedValue>
        <preferredEditor>interface</preferredEditor>
        <offlineEnabled>false</offlineEnabled>
    </rule>
    <roleMap public="true">
        <role allowForAll="false" inherit="true" name="readers">
            <users/>
            <groups/>
        </role>
        <role allowForAll="false" inherit="true" name="authors">
            <users/>
            <groups/>
        </role>
        <role allowForAll="false" inherit="true" name="administrators">
            <users>
                <userUuid>sarah.eade</userUuid>
            </users>
            <groups/>
        </role>
        <role allowForAll="false" inherit="false" name="denyReaders">
            <users/>
            <groups/>
        </role>
        <role allowForAll="false" inherit="false" name="denyAuthors">
            <users/>
            <groups/>
        </role>
        <role allowForAll="false" inherit="false" name="denyAdministrators">
            <users/>
            <groups/>
        </role>
    </roleMap>
    <typedValue>
        <type>
            <name>RuleTestConfig?list</name>
            <namespace>http://www.appian.com/ae/types/2009</namespace>
        </type>
        <value>
            <el>
                <a:name/>
                <a:ruleInputTestConfigs>
                    <a:value xmlns:xsd="http://www.w3.org/2001/XMLSchema" xmlns:xsi="http://www.w3.org/2001/XMLSchema-instance" xsi:type="xsd:string"/>
                    <a:nameRef>buttonClicked</a:nameRef>
                    <a:id/>
                </a:ruleInputTestConfigs>
                <a:ruleInputTestConfigs>
                    <a:value xmlns:xsd="http://www.w3.org/2001/XMLSchema" xmlns:xsi="http://www.w3.org/2001/XMLSchema-instance" xsi:type="xsd:string"/>
                    <a:nameRef>formTitle</a:nameRef>
                    <a:id/>
                </a:ruleInputTestConfigs>
                <a:ruleInputTestConfigs>
                    <a:value xmlns:n1="urn:com:appian:types:CTS" xmlns:xsi="http://www.w3.org/2001/XMLSchema-instance" xsi:nil="true" xsi:type="n1:CTS_Folder"/>
                    <a:nameRef>folder</a:nameRef>
                    <a:id/>
                </a:ruleInputTestConfigs>
                <a:ruleInputTestConfigs>
                    <a:value xmlns:xsi="http://www.w3.org/2001/XMLSchema-instance" xsi:type="a:Expression">#&quot;_a-0000dc8d-7dbf-8000-9ba2-011c48011c48_9999&quot;(id: 1).data</a:value>
                    <a:nameRef>assignment</a:nameRef>
                    <a:id/>
                </a:ruleInputTestConfigs>
                <a:ruleInputTestConfigs>
                    <a:value xmlns:n1="urn:com:appian:types:CTS" xmlns:xsi="http://www.w3.org/2001/XMLSchema-instance" xsi:nil="true" xsi:type="n1:CTS_Folder_Note"/>
                    <a:nameRef>note</a:nameRef>
                    <a:id/>
                </a:ruleInputTestConfigs>
                <a:assertions xmlns:xsi="http://www.w3.org/2001/XMLSchema-instance" xsi:nil="true"/>
            </el>
        </value>
    </typedValue>
</contentHaul>
