<?xml version="1.0" encoding="UTF-8" standalone="yes"?>
<contentHaul xmlns:a="http://www.appian.com/ae/types/2009">
    <rule>
        <name>CTS_SCT_Folder_audit</name>
        <uuid>_a-0000dcf6-bb7e-8000-9ba2-011c48011c48_18658</uuid>
        <description>Folder audit</description>
        <parentUuid>_a-0000dc7a-bcb3-8000-9ba2-011c48011c48_6437</parentUuid>
        <visibility>
            <advertise>false</advertise>
            <hierarchy>true</hierarchy>
            <indexable>true</indexable>
            <quota>false</quota>
            <searchable>true</searchable>
            <system>false</system>
            <unlogged>false</unlogged>
        </visibility>
        <definition>load(&#xD;
    /*Local Types Data*/&#xD;
  local!actionTypes: #&quot;_a-0000dcf6-bb7e-8000-9ba2-011c48011c48_18671&quot;(activeFlag: true).data,&#xD;
  local!startOffice:  #&quot;_a-0000dc7a-bcb3-8000-9ba2-011c48011c48_6566&quot;(activeFlag: true).data,&#xD;
  local!folderSecondaryType: #&quot;_a-0000dc7a-bcb3-8000-9ba2-011c48011c48_6516&quot;(activeFlag: true).data,&#xD;
  local!folderCategory: #&quot;_a-0000dc7a-bcb3-8000-9ba2-011c48011c48_6248&quot;(activeFlag: true).data,&#xD;
  local!fileSeries: #&quot;_a-0000dc8b-8f45-8000-9ba2-011c48011c48_9315&quot;(activeFlag: true).data,&#xD;
  local!originatorTitle: #&quot;_a-0000dc7a-bcb3-8000-9ba2-011c48011c48_6578&quot;(activeFlag: true).data,&#xD;
  local!referredOffice: #&quot;_a-0000dc7a-bcb3-8000-9ba2-011c48011c48_6551&quot;(activeFlag: true).data,&#xD;
  local!folderType: #&quot;_a-0000dc7a-bcb3-8000-9ba2-011c48011c48_6595&quot;(activeFlag: true).data,&#xD;
  local!signatureOffice: #&quot;_a-0000dc7a-bcb3-8000-9ba2-011c48011c48_6528&quot;(activeFlag: true).data,&#xD;
  local!signatureType: #&quot;_a-0000dc7a-bcb3-8000-9ba2-011c48011c48_6415&quot;(activeFlag: true).data,&#xD;
  &#xD;
  #&quot;SYSTEM_SYSRULES_sectionLayout&quot;(&#xD;
    firstColumnContents:{&#xD;
      load(local!pagingInfo: #&quot;SYSTEM_SYSRULES_pagingInfo&quot;(&#xD;
          startIndex: 1,&#xD;
          batchSize: #&quot;_a-0000dc8b-8f45-8000-9ba2-011c48011c48_9457&quot;,&#xD;
          sort: #&quot;SYSTEM_SYSRULES_sortInfo&quot;(&#xD;
            field: &quot;actionDatetime&quot;,&#xD;
            ascending: false&#xD;
          )&#xD;
        ),&#xD;
        with(local!datasubset: #&quot;_a-0000dcf6-bb7e-8000-9ba2-011c48011c48_18672&quot;(&#xD;
          folderId: ri!folderId,&#xD;
          taskMetricId: ri!taskMetricId,&#xD;
          pagingInfo: if(isnull(ri!pagingInfo), local!pagingInfo, ri!pagingInfo)&#xD;
        ),&#xD;
        #&quot;SYSTEM_SYSRULES_gridField&quot;(&#xD;
          totalCount: local!datasubset.totalCount,&#xD;
          columns: {&#xD;
            #&quot;_a-0000dc8d-7dbf-8000-9ba2-011c48011c48_9645&quot;(&#xD;
              label: &quot;Who&quot;,&#xD;
              field: &quot;actionBy&quot;,&#xD;
              users: index(local!datasubset.data, &quot;actionBy&quot;, {})&#xD;
            ),&#xD;
            #&quot;SYSTEM_SYSRULES_gridTextColumn&quot;(&#xD;
              label: &quot;When&quot;,&#xD;
              field: &quot;actionDatetime&quot;,&#xD;
              data: apply(#&quot;_a-0000dc8d-7dbf-8000-9ba2-011c48011c48_9562&quot;(datetime: _), index(local!datasubset.data, &quot;actionDatetime&quot;, {}))&#xD;
            ),&#xD;
            #&quot;SYSTEM_SYSRULES_gridTextColumn&quot;(&#xD;
              label: &quot;What&quot;,&#xD;
              field: &quot;actionTypeId&quot;,&#xD;
              data: apply(displayvalue(_, local!actionTypes.id, local!actionTypes.value, &quot;&quot;), index(local!datasubset.data, &quot;actionTypeId&quot;, {}))&#xD;
            ),&#xD;
            #&quot;SYSTEM_SYSRULES_gridTextColumn&quot;(&#xD;
              label: &quot;Original&quot;,&#xD;
              field: &quot;oldValue&quot;,&#xD;
              data: if(&#xD;
                #&quot;_a-0000d62a-67b3-8000-da6f-010000010000_951&quot;(local!datasubset.data),&#xD;
                apply(#&quot;3400128d-46e4-4824-832b-801207a088e1&quot;, index(local!datasubset.data, &quot;oldValue&quot;, {})),&#xD;
                if(&#xD;
                  tointeger(local!datasubset.data.actionTypeId) = 3,&#xD;
                  apply(displayvalue(_, local!folderCategory.id, local!folderCategory.value, &quot;&quot;), tointeger(index(local!datasubset.data, &quot;oldValue&quot;, {}))),&#xD;
                  if(&#xD;
                    tointeger(local!datasubset.data.actionTypeId) = 5,&#xD;
                    apply(displayvalue(_, local!fileSeries.id, local!fileSeries.value, &quot;&quot;), tointeger(index(local!datasubset.data, &quot;oldValue&quot;, {}))),&#xD;
                    if(&#xD;
                      tointeger(local!datasubset.data.actionTypeId) = 8,&#xD;
                      apply(displayvalue(_, local!originatorTitle.id, local!originatorTitle.value, &quot;&quot;), tointeger(index(local!datasubset.data, &quot;oldValue&quot;, {}))),&#xD;
                      if(&#xD;
                        tointeger(local!datasubset.data.actionTypeId) = 10,&#xD;
                        apply(displayvalue(_, local!referredOffice.id, local!referredOffice.value, &quot;&quot;), tointeger(index(local!datasubset.data, &quot;oldValue&quot;, {}))),&#xD;
                        if(&#xD;
                          tointeger(local!datasubset.data.actionTypeId) = 11,&#xD;
                          apply(displayvalue(_, local!startOffice.id, local!startOffice.value, &quot;&quot;), tointeger(index(local!datasubset.data, &quot;oldValue&quot;, {}))),&#xD;
                          if(&#xD;
                            tointeger(local!datasubset.data.actionTypeId) = 13,&#xD;
                            apply(displayvalue(_, local!folderType.id, local!folderType.code, &quot;&quot;), tointeger(index(local!datasubset.data, &quot;oldValue&quot;, {}))),&#xD;
                            if(&#xD;
                              tointeger(local!datasubset.data.actionTypeId) = 15,&#xD;
                              apply(displayvalue(_, local!folderSecondaryType.id, local!folderSecondaryType.value, &quot;&quot;), tointeger(index(local!datasubset.data, &quot;oldValue&quot;, {}))),&#xD;
                              if(&#xD;
                                tointeger(local!datasubset.data.actionTypeId) = 20,&#xD;
                                apply(displayvalue(_, local!signatureOffice.id, local!signatureOffice.value, &quot;&quot;), tointeger(index(local!datasubset.data, &quot;oldValue&quot;, {}))),&#xD;
                                if(&#xD;
                                  tointeger(local!datasubset.data.actionTypeId) = 21,&#xD;
                                  apply(displayvalue(_, local!signatureType.id, local!signatureType.value, &quot;&quot;), tointeger(index(local!datasubset.data, &quot;oldValue&quot;, {}))),&#xD;
                                  apply(#&quot;3400128d-46e4-4824-832b-801207a088e1&quot;, index(local!datasubset.data, &quot;oldValue&quot;, {}))&#xD;
                                )&#xD;
                              )&#xD;
                            )&#xD;
                          )&#xD;
                        )&#xD;
                      )&#xD;
                    )&#xD;
                  )&#xD;
                )&#xD;
              )&#xD;
            ),&#xD;
            #&quot;SYSTEM_SYSRULES_gridTextColumn&quot;(&#xD;
              label: &quot;Current&quot;,&#xD;
              field: &quot;newValue&quot;,&#xD;
              data: if(&#xD;
                #&quot;_a-0000d62a-67b3-8000-da6f-010000010000_951&quot;(local!datasubset.data),&#xD;
                apply(#&quot;3400128d-46e4-4824-832b-801207a088e1&quot;, index(local!datasubset.data, &quot;oldValue&quot;, {})),&#xD;
                if(&#xD;
                  tointeger(local!datasubset.data.actionTypeId) = 3,&#xD;
                  apply(displayvalue(_, local!folderCategory.id, local!folderCategory.value, &quot;&quot;), tointeger(index(local!datasubset.data, &quot;newValue&quot;, {}))),&#xD;
                  if(&#xD;
                    tointeger(local!datasubset.data.actionTypeId) = 5,&#xD;
                    apply(displayvalue(_, local!fileSeries.id, local!fileSeries.value, &quot;&quot;), tointeger(index(local!datasubset.data, &quot;newValue&quot;, {}))),&#xD;
                    if(&#xD;
                      tointeger(local!datasubset.data.actionTypeId) = 8,&#xD;
                      apply(displayvalue(_, local!originatorTitle.id, local!originatorTitle.value, &quot;&quot;), tointeger(index(local!datasubset.data, &quot;newValue&quot;, {}))),&#xD;
                      if(&#xD;
                        tointeger(local!datasubset.data.actionTypeId) = 10,&#xD;
                        apply(displayvalue(_, local!referredOffice.id, local!referredOffice.value, &quot;&quot;), tointeger(index(local!datasubset.data, &quot;newValue&quot;, {}))),&#xD;
                        if(&#xD;
                          tointeger(local!datasubset.data.actionTypeId) = 11,&#xD;
                          apply(displayvalue(_, local!startOffice.id, local!startOffice.value, &quot;&quot;), tointeger(index(local!datasubset.data, &quot;newValue&quot;, {}))),&#xD;
                          if(&#xD;
                            tointeger(local!datasubset.data.actionTypeId) = 13,&#xD;
                            apply(displayvalue(_, local!folderType.id, local!folderType.code, &quot;&quot;), tointeger(index(local!datasubset.data, &quot;newValue&quot;, {}))),&#xD;
                            if(&#xD;
                              tointeger(local!datasubset.data.actionTypeId) = 15,&#xD;
                              apply(displayvalue(_, local!folderSecondaryType.id, local!folderSecondaryType.value, &quot;&quot;), tointeger(index(local!datasubset.data, &quot;newValue&quot;, {}))),&#xD;
                              if(&#xD;
                                tointeger(local!datasubset.data.actionTypeId) = 20,&#xD;
                                apply(displayvalue(_, local!signatureOffice.id, local!signatureOffice.value, &quot;&quot;), tointeger(index(local!datasubset.data, &quot;newValue&quot;, {}))),&#xD;
                                if(&#xD;
                                  tointeger(local!datasubset.data.actionTypeId) = 21,&#xD;
                                  apply(displayvalue(_, local!signatureType.id, local!signatureType.value, &quot;&quot;), tointeger(index(local!datasubset.data, &quot;newValue&quot;, {}))),&#xD;
                                  apply(#&quot;3400128d-46e4-4824-832b-801207a088e1&quot;, index(local!datasubset.data, &quot;newValue&quot;, {}))&#xD;
                                )&#xD;
                              )&#xD;
                            )&#xD;
                          )&#xD;
                        )&#xD;
                      )&#xD;
                    )&#xD;
                  )&#xD;
                )&#xD;
              )&#xD;
            )&#xD;
          },&#xD;
          value: if(isnull(ri!pagingInfo), local!pagingInfo, ri!pagingInfo),&#xD;
          saveInto: if(isnull(ri!pagingInfo), local!pagingInfo, ri!pagingInfo)&#xD;
        )&#xD;
        )&#xD;
      )&#xD;
    }&#xD;
  )&#xD;
)</definition>
        <namedTypedValue>
            <name>folderId</name>
            <type>
                <name>int</name>
                <namespace>http://www.w3.org/2001/XMLSchema</namespace>
            </type>
        </namedTypedValue>
        <namedTypedValue>
            <name>taskMetricId</name>
            <type>
                <name>int</name>
                <namespace>http://www.w3.org/2001/XMLSchema</namespace>
            </type>
        </namedTypedValue>
        <namedTypedValue>
            <name>pagingInfo</name>
            <type>
                <name>PagingInfo</name>
                <namespace>http://www.appian.com/ae/types/2009</namespace>
            </type>
        </namedTypedValue>
        <preferredEditor>interface</preferredEditor>
        <offlineEnabled>false</offlineEnabled>
    </rule>
    <roleMap public="true">
        <role allowForAll="false" inherit="true" name="readers">
            <users/>
            <groups/>
        </role>
        <role allowForAll="false" inherit="true" name="authors">
            <users/>
            <groups/>
        </role>
        <role allowForAll="false" inherit="true" name="administrators">
            <users>
                <userUuid>katie.hsu</userUuid>
            </users>
            <groups/>
        </role>
        <role allowForAll="false" inherit="false" name="denyReaders">
            <users/>
            <groups/>
        </role>
        <role allowForAll="false" inherit="false" name="denyAuthors">
            <users/>
            <groups/>
        </role>
        <role allowForAll="false" inherit="false" name="denyAdministrators">
            <users/>
            <groups/>
        </role>
    </roleMap>
</contentHaul>
