<?xml version="1.0" encoding="UTF-8" standalone="yes"?>
<contentHaul xmlns:a="http://www.appian.com/ae/types/2009">
    <constant>
        <name>CTS_TEXT_TASK_STATUS</name>
        <uuid>_a-0000dc7a-bcb3-8000-9ba2-011c48011c48_6654</uuid>
        <description>Task statuses&#xD;
&#xD;
Not Active&#xD;
Active&#xD;
Completed&#xD;
Cancelled&#xD;
Paused&#xD;
Paused by Exception&#xD;
Assigned</description>
        <parentUuid>_a-0000dc7a-bcb3-8000-9ba2-011c48011c48_6442</parentUuid>
        <visibility>
            <advertise>false</advertise>
            <hierarchy>true</hierarchy>
            <indexable>true</indexable>
            <quota>false</quota>
            <searchable>true</searchable>
            <system>false</system>
            <unlogged>false</unlogged>
        </visibility>
        <typedValue>
            <type>
                <name>Text?list</name>
                <namespace>http://www.appian.com/ae/types/2009</namespace>
            </type>
            <value>
                <el>Not Active</el>
                <el>Active</el>
                <el>Completed</el>
                <el>Cancelled</el>
                <el>Paused</el>
                <el>Paused by Exception</el>
                <el>Assigned</el>
            </value>
        </typedValue>
    </constant>
    <roleMap public="true">
        <role allowForAll="false" inherit="true" name="readers">
            <users/>
            <groups/>
        </role>
        <role allowForAll="false" inherit="true" name="authors">
            <users/>
            <groups/>
        </role>
        <role allowForAll="false" inherit="true" name="administrators">
            <users/>
            <groups/>
        </role>
        <role allowForAll="false" inherit="false" name="denyReaders">
            <users/>
            <groups/>
        </role>
        <role allowForAll="false" inherit="false" name="denyAuthors">
            <users/>
            <groups/>
        </role>
        <role allowForAll="false" inherit="false" name="denyAdministrators">
            <users/>
            <groups/>
        </role>
    </roleMap>
</contentHaul>
