<?xml version="1.0" encoding="UTF-8" standalone="yes"?>
<contentHaul xmlns:a="http://www.appian.com/ae/types/2009">
    <rule>
        <name>CTS_SCT_User_groupMembership</name>
        <uuid>bd7dfaeb-0cfa-49a4-bab2-9a4402bada8f</uuid>
        <description>User group membership details</description>
        <parentUuid>_a-0000dc7a-bcb3-8000-9ba2-011c48011c48_6437</parentUuid>
        <visibility>
            <advertise>false</advertise>
            <hierarchy>true</hierarchy>
            <indexable>true</indexable>
            <quota>false</quota>
            <searchable>true</searchable>
            <system>false</system>
            <unlogged>false</unlogged>
        </visibility>
        <definition>=load(
  local!isGroupManager: isusermemberofgroup(loggedInUser(), #&quot;_a-0000dcf6-bb7e-8000-9ba2-011c48011c48_18794&quot;),
  local!programOffices: if(local!isGroupManager, getgroupsoftypeforuser(loggedInUser(), #&quot;_a-0000dcf6-bb7e-8000-9ba2-011c48011c48_18795&quot;), getgroupsoftype(#&quot;_a-0000dcf6-bb7e-8000-9ba2-011c48011c48_18795&quot;)),
  local!validRoles: if(local!isGroupManager, apply(fn!getmembergroups, local!programOffices), {}),
  local!filterRoles: if(local!isGroupManager, append(getmembergroups(#&quot;_a-0000dcf6-bb7e-8000-9ba2-011c48011c48_18794&quot;), getmembergroups(#&quot;_a-0000dc8d-7dbf-8000-9ba2-011c48011c48_9802&quot;), getdirectmembergroups(#&quot;_a-0000dcf6-bb7e-8000-9ba2-011c48011c48_19609&quot;)), {}),
  local!isValidGroupManager,
  local!isValidToRemove,
  local!selectedProgramOffice,
  local!roles,
  local!selectedRole,
  local!groupsToRemove,
  {
  #&quot;SYSTEM_SYSRULES_sectionLayout&quot;(
    label: &quot;Group Membership&quot;
  ),
  if(ri!readOnly, {},
    #&quot;SYSTEM_SYSRULES_sectionLayout&quot;(
      firstColumnContents: {
       #&quot;0998b364-40cc-479d-b619-0fa180a6f39b&quot;(
        label: &quot;Program Office&quot;,
        readOnly: ri!readOnly,
        required: false,
        choiceValues: local!programOffices,
        choiceLabels: apply(fn!group, local!programOffices, &quot;groupName&quot;),
        value: local!selectedProgramOffice,
        saveInto: {local!selectedProgramOffice,
          a!save({local!selectedRole}, null),
          a!save(local!roles, if(isnull(save!value), {}, if(#&quot;_a-0000d62a-67b3-8000-da6f-010000010000_951&quot;(ri!groups), difference(getmembergroups(save!value), local!filterRoles), difference(difference(getmembergroups(save!value), local!filterRoles), ri!groups))))}
      ),
      #&quot;SYSTEM_SYSRULES_richTextDisplayField&quot;(
          labelposition: &quot;COLLAPSED&quot;,
          value: 
            #&quot;SYSTEM_SYSRULES_richTextItem&quot;(
              text: &quot;+ Add Selection&quot;,
              link: #&quot;SYSTEM_SYSRULES_dynamicLink&quot;(
                value: local!selectedRole,
                saveInto: if(isnull(local!selectedRole), {}, 
                {a!save(ri!groups, if(#&quot;_a-0000d62a-67b3-8000-da6f-010000010000_951&quot;(ri!groups), local!selectedRole, append(ri!groups, local!selectedRole))),
                a!save(local!roles, difference(local!roles, local!selectedRole)),
                a!save(local!selectedRole, null)
                }))
              )
        )
      },
      secondColumnContents: {
        #&quot;0998b364-40cc-479d-b619-0fa180a6f39b&quot;(
          label: &quot;Role&quot;,
          readOnly: ri!readOnly,
          required: false,
          choiceValues: local!roles,
          choiceLabels: if(isnull(local!roles), local!roles, apply(fn!group, local!roles, &quot;groupName&quot;)),
          value: local!selectedRole,
          saveInto: local!selectedRole,
          disabled: isnull(local!selectedProgramOffice)
        )
        
      }
    )
  ),
  #&quot;SYSTEM_SYSRULES_sectionLayout&quot;(
    firstColumnContents: {
      #&quot;SYSTEM_SYSRULES_multipleDropdownField&quot;(
        label: &quot;Group(s)&quot;,
        labelPosition: if(ri!readOnly, &quot;COLLAPSED&quot;, &quot;ABOVE&quot;),
        choiceLabels: if(isnull(ri!groups), ri!groups, apply(fn!group, ri!groups, &quot;groupName&quot;)),
        choiceValues: ri!groups,
        value: local!groupsToRemove,
        saveInto: {local!groupsToRemove, 
          a!save(local!isValidGroupManager, not(#&quot;_a-0000d62a-67b3-8000-da6f-010000010000_951&quot;(wherecontains(togroup(save!value), togroup(local!validRoles))))),
          a!save(local!isValidToRemove, #&quot;_a-0000d62a-67b3-8000-da6f-010000010000_951&quot;(wherecontains(togroup(save!value), togroup(local!filterRoles))))
          },
        validations: {if(#&quot;_a-0000d806-c17f-8000-5892-010000010000_3484&quot;(local!groupsToRemove)&gt;1, &quot;Please remove one group at a time&quot;, &quot;&quot;),
        if(not(local!isGroupManager), &quot;&quot;, if(#&quot;_a-0000d806-c17f-8000-5892-010000010000_3484&quot;(local!groupsToRemove)&gt;1, &quot;&quot;, if(local!isValidGroupManager, &quot;&quot;, &quot;You are not a group manager of the selected program office&quot;))),
        if(not(local!isGroupManager), &quot;&quot;, if(#&quot;_a-0000d806-c17f-8000-5892-010000010000_3484&quot;(local!groupsToRemove)&gt;1, &quot;&quot;, if(not(local!isValidGroupManager), &quot;&quot;, if(local!isValidToRemove, &quot;&quot;, &quot;You do not have permissions to remove this group&quot;))))
        }
      ),
      if(ri!readOnly, {},
        #&quot;SYSTEM_SYSRULES_richTextDisplayField&quot;(
          labelposition: &quot;COLLAPSED&quot;,
          value: 
            #&quot;SYSTEM_SYSRULES_richTextItem&quot;(
              text: &quot;+ Remove Selection&quot;,
              link: #&quot;SYSTEM_SYSRULES_dynamicLink&quot;(
                value: local!groupsToRemove,
                saveInto: if(isnull(local!groupsToRemove), {}, 
                if(#&quot;_a-0000d806-c17f-8000-5892-010000010000_3484&quot;(local!groupsToRemove)&gt;1, {},
                if(not(local!isValidGroupManager), {},
                if(not(local!isValidToRemove), {},
                {a!save(ri!groups, difference(ri!groups, local!groupsToRemove)),
                a!save(local!roles, if(isnull(local!selectedProgramOffice), {}, if(#&quot;_a-0000d62a-67b3-8000-da6f-010000010000_951&quot;(ri!groups), difference(getmembergroups(local!selectedProgramOffice), local!filterRoles), difference(difference(getmembergroups(local!selectedProgramOffice), local!filterRoles), ri!groups)))),
                a!save(local!groupsToRemove, null),
                a!save(local!isValidGroupManager, null),
                a!save(local!isValidToRemove, null)
                })))))
              )
        ))
      }),
  }
)</definition>
        <namedTypedValue>
            <name>readOnly</name>
            <type>
                <name>boolean</name>
                <namespace>http://www.w3.org/2001/XMLSchema</namespace>
            </type>
        </namedTypedValue>
        <namedTypedValue>
            <name>username</name>
            <type>
                <name>string</name>
                <namespace>http://www.w3.org/2001/XMLSchema</namespace>
            </type>
            <value/>
        </namedTypedValue>
        <namedTypedValue>
            <name>groups</name>
            <type>
                <name>Group?list</name>
                <namespace>http://www.appian.com/ae/types/2009</namespace>
            </type>
        </namedTypedValue>
        <preferredEditor>interface</preferredEditor>
        <offlineEnabled>false</offlineEnabled>
    </rule>
    <roleMap public="true">
        <role allowForAll="false" inherit="true" name="readers">
            <users/>
            <groups/>
        </role>
        <role allowForAll="false" inherit="true" name="authors">
            <users/>
            <groups/>
        </role>
        <role allowForAll="false" inherit="true" name="administrators">
            <users>
                <userUuid>katie.hsu</userUuid>
            </users>
            <groups/>
        </role>
        <role allowForAll="false" inherit="false" name="denyReaders">
            <users/>
            <groups/>
        </role>
        <role allowForAll="false" inherit="false" name="denyAuthors">
            <users/>
            <groups/>
        </role>
        <role allowForAll="false" inherit="false" name="denyAdministrators">
            <users/>
            <groups/>
        </role>
    </roleMap>
    <typedValue>
        <type>
            <name>RuleTestConfig?list</name>
            <namespace>http://www.appian.com/ae/types/2009</namespace>
        </type>
        <value>
            <el>
                <a:name/>
                <a:ruleInputTestConfigs>
                    <a:value xmlns:xsd="http://www.w3.org/2001/XMLSchema" xmlns:xsi="http://www.w3.org/2001/XMLSchema-instance" xsi:nil="true" xsi:type="xsd:boolean"/>
                    <a:nameRef>readOnly</a:nameRef>
                    <a:id/>
                </a:ruleInputTestConfigs>
                <a:ruleInputTestConfigs>
                    <a:value xmlns:xsd="http://www.w3.org/2001/XMLSchema" xmlns:xsi="http://www.w3.org/2001/XMLSchema-instance" xsi:type="xsd:string"/>
                    <a:nameRef>username</a:nameRef>
                    <a:id/>
                </a:ruleInputTestConfigs>
                <a:ruleInputTestConfigs>
                    <a:nameRef>groups</a:nameRef>
                    <a:id/>
                </a:ruleInputTestConfigs>
                <a:assertions xmlns:xsi="http://www.w3.org/2001/XMLSchema-instance" xsi:nil="true"/>
            </el>
        </value>
    </typedValue>
</contentHaul>
