<?xml version="1.0" encoding="UTF-8" standalone="yes"?>
<contentHaul xmlns:a="http://www.appian.com/ae/types/2009">
    <rule>
        <name>CTS_SCT_Folder_startGrid</name>
        <uuid>ec2a51c4-e66d-47a6-a88b-b4fc996b6398</uuid>
        <description>Folders grid to display on start pages</description>
        <parentUuid>_a-0000dc7a-bcb3-8000-9ba2-011c48011c48_6437</parentUuid>
        <visibility>
            <advertise>false</advertise>
            <hierarchy>true</hierarchy>
            <indexable>true</indexable>
            <quota>false</quota>
            <searchable>true</searchable>
            <system>false</system>
            <unlogged>false</unlogged>
        </visibility>
        <definition>=load(
  local!folderStatus: #&quot;_a-0000dc7a-bcb3-8000-9ba2-011c48011c48_6406&quot;(activeFlag: true).data,
  local!thisMonday: today()-fn!weekday(today(), 3),
  local!pagingInfo: #&quot;SYSTEM_SYSRULES_pagingInfo&quot;(
    startIndex: 1,
    batchSize: #&quot;_a-0000dc8b-8f45-8000-9ba2-011c48011c48_9457&quot;,
    sort: #&quot;SYSTEM_SYSRULES_sortInfo&quot;(
      field: &quot;dueOn&quot;,
      ascending: true)),
  with(
    local!datasubset: #&quot;_a-0000dc7a-bcb3-8000-9ba2-011c48011c48_6256&quot;(
      stageId: ri!stageId,
      startOfficeId: ri!startOfficeId,
      owner: ri!owner,
      deadlineStart: ri!deadlineStart,
      deadlineEnd: ri!deadlineEnd,
      openFlag: if(isnull(ri!stageId), true, null),
      pagingInfo: if(isnull(ri!pagingInfo), local!pagingInfo, ri!pagingInfo)),
    {
    if(and(#&quot;_a-0000d62a-67b3-8000-da6f-010000010000_950&quot;(ri!stageId), #&quot;_a-0000d62a-67b3-8000-da6f-010000010000_950&quot;(ri!deadlineStart), #&quot;_a-0000d62a-67b3-8000-da6f-010000010000_950&quot;(ri!deadlineEnd)), {},
        #&quot;SYSTEM_SYSRULES_richTextDisplayField&quot;(
          labelPosition: &quot;COLLAPSED&quot;,
          value: {
            #&quot;SYSTEM_SYSRULES_richTextItem&quot;(
              text: &quot;Hide Folders&quot;,
              style: &quot;STRONG&quot;,
              link: #&quot;SYSTEM_SYSRULES_dynamicLink&quot;(
                value: null, 
                saveInto: {ri!stageId,
                a!save(ri!deadlineStart, save!value),
                a!save(ri!deadlineEnd, save!value),
                a!save(ri!pagingInfo, #&quot;SYSTEM_SYSRULES_pagingInfo&quot;(
                  startIndex: 1,
                  batchSize: #&quot;_a-0000dc8b-8f45-8000-9ba2-011c48011c48_9457&quot;,
                  sort: #&quot;SYSTEM_SYSRULES_sortInfo&quot;(
                    field: &quot;dueOn&quot;,
                    ascending: true
                  )))
                })
            ),
            &quot; / Folder &quot; &amp; if(not(isnull(ri!stageId)), &quot;Status: &quot; &amp; displayvalue(ri!stageId, local!folderStatus.id, local!folderStatus.value, {}),
              if(isnull(ri!deadlineStart), &quot;Deadline: Overdue&quot;,
                if(ri!deadlineEnd=today()+1, &quot;Deadline: Today&quot;,
                  if(ri!deadlineEnd=local!thisMonday+7, &quot;Deadline: This Week&quot;, &quot;Deadline: Next Week&quot;)
                )
              )
            )
          }
        )
    ),
    #&quot;SYSTEM_SYSRULES_gridField&quot;(
      totalCount: local!datasubset.totalCount,
      columns: {
        with(local!links: apply(#&quot;_a-0000dc7a-bcb3-8000-9ba2-011c48011c48_6537&quot;(label:
            _, uri: _
            ), merge(
              index(local!datasubset.data, &quot;id&quot;, {}),
              apply(urlforrecord(#&quot;_a-0000dc8d-7dbf-8000-9ba2-011c48011c48_9668&quot;, _), index(local!datasubset.data, &quot;id&quot;, {}))
            )),
              #&quot;SYSTEM_SYSRULES_gridTextColumn&quot;(
                label: &quot;Id&quot;,
                field: &quot;id&quot;,
                data: index(local!links, &quot;label&quot;, {}),
                links: local!links
              )
            ),
        #&quot;SYSTEM_SYSRULES_gridTextColumn&quot;(
          label: &quot;Subject&quot;,
          field: &quot;subject&quot;,
          data: index(local!datasubset.data, &quot;subject&quot;, {})
        ),
        #&quot;SYSTEM_SYSRULES_gridTextColumn&quot;(
          label: &quot;Due Date&quot;,
          field: &quot;dueOn&quot;,
          data: apply(#&quot;_a-0000dc8d-7dbf-8000-9ba2-011c48011c48_9562&quot;(datetime: _), index(local!datasubset.data, &quot;dueOn&quot;, {}))
        ),
        if(#&quot;_a-0000d62a-67b3-8000-da6f-010000010000_950&quot;(ri!owner), #&quot;_a-0000dc8d-7dbf-8000-9ba2-011c48011c48_9645&quot;(
          label: &quot;Primary Owner&quot;,
          field: &quot;owner&quot;,
          users: index(local!datasubset.data, &quot;owner&quot;, {})
        ), {})
      },
      value: if(isnull(ri!pagingInfo), local!pagingInfo, ri!pagingInfo),
      saveInto: if(isnull(ri!pagingInfo), local!pagingInfo, ri!pagingInfo)
    )}
  )    
)</definition>
        <namedTypedValue>
            <name>pagingInfo</name>
            <type>
                <name>PagingInfo</name>
                <namespace>http://www.appian.com/ae/types/2009</namespace>
            </type>
        </namedTypedValue>
        <namedTypedValue>
            <name>stageId</name>
            <type>
                <name>int</name>
                <namespace>http://www.w3.org/2001/XMLSchema</namespace>
            </type>
        </namedTypedValue>
        <namedTypedValue>
            <name>startOfficeId</name>
            <type>
                <name>int</name>
                <namespace>http://www.w3.org/2001/XMLSchema</namespace>
            </type>
        </namedTypedValue>
        <namedTypedValue>
            <name>deadlineStart</name>
            <type>
                <name>dateTime</name>
                <namespace>http://www.w3.org/2001/XMLSchema</namespace>
            </type>
        </namedTypedValue>
        <namedTypedValue>
            <name>deadlineEnd</name>
            <type>
                <name>dateTime</name>
                <namespace>http://www.w3.org/2001/XMLSchema</namespace>
            </type>
        </namedTypedValue>
        <namedTypedValue>
            <name>owner</name>
            <type>
                <name>string</name>
                <namespace>http://www.w3.org/2001/XMLSchema</namespace>
            </type>
            <value/>
        </namedTypedValue>
        <preferredEditor>interface</preferredEditor>
        <offlineEnabled>false</offlineEnabled>
    </rule>
    <roleMap public="true">
        <role allowForAll="false" inherit="true" name="readers">
            <users/>
            <groups/>
        </role>
        <role allowForAll="false" inherit="true" name="authors">
            <users/>
            <groups/>
        </role>
        <role allowForAll="false" inherit="true" name="administrators">
            <users>
                <userUuid>katie.hsu</userUuid>
            </users>
            <groups/>
        </role>
        <role allowForAll="false" inherit="false" name="denyReaders">
            <users/>
            <groups/>
        </role>
        <role allowForAll="false" inherit="false" name="denyAuthors">
            <users/>
            <groups/>
        </role>
        <role allowForAll="false" inherit="false" name="denyAdministrators">
            <users/>
            <groups/>
        </role>
    </roleMap>
    <typedValue>
        <type>
            <name>RuleTestConfig?list</name>
            <namespace>http://www.appian.com/ae/types/2009</namespace>
        </type>
        <value>
            <el>
                <a:name/>
                <a:ruleInputTestConfigs>
                    <a:value xmlns:xsi="http://www.w3.org/2001/XMLSchema-instance" xsi:nil="true" xsi:type="a:PagingInfo"/>
                    <a:nameRef>pagingInfo</a:nameRef>
                    <a:id/>
                </a:ruleInputTestConfigs>
                <a:ruleInputTestConfigs>
                    <a:value xmlns:xsd="http://www.w3.org/2001/XMLSchema" xmlns:xsi="http://www.w3.org/2001/XMLSchema-instance" xsi:nil="true" xsi:type="xsd:int"/>
                    <a:nameRef>stageId</a:nameRef>
                    <a:id/>
                </a:ruleInputTestConfigs>
                <a:ruleInputTestConfigs>
                    <a:value xmlns:xsd="http://www.w3.org/2001/XMLSchema" xmlns:xsi="http://www.w3.org/2001/XMLSchema-instance" xsi:nil="true" xsi:type="xsd:int"/>
                    <a:nameRef>startOfficeId</a:nameRef>
                    <a:id/>
                </a:ruleInputTestConfigs>
                <a:ruleInputTestConfigs>
                    <a:value xmlns:xsd="http://www.w3.org/2001/XMLSchema" xmlns:xsi="http://www.w3.org/2001/XMLSchema-instance" xsi:nil="true" xsi:type="xsd:dateTime"/>
                    <a:nameRef>deadlineStart</a:nameRef>
                    <a:id/>
                </a:ruleInputTestConfigs>
                <a:ruleInputTestConfigs>
                    <a:value xmlns:xsd="http://www.w3.org/2001/XMLSchema" xmlns:xsi="http://www.w3.org/2001/XMLSchema-instance" xsi:nil="true" xsi:type="xsd:dateTime"/>
                    <a:nameRef>deadlineEnd</a:nameRef>
                    <a:id/>
                </a:ruleInputTestConfigs>
                <a:ruleInputTestConfigs>
                    <a:value xmlns:xsd="http://www.w3.org/2001/XMLSchema" xmlns:xsi="http://www.w3.org/2001/XMLSchema-instance" xsi:type="xsd:string"/>
                    <a:nameRef>owner</a:nameRef>
                    <a:id/>
                </a:ruleInputTestConfigs>
                <a:assertions xmlns:xsi="http://www.w3.org/2001/XMLSchema-instance" xsi:nil="true"/>
            </el>
        </value>
    </typedValue>
</contentHaul>
