<?xml version="1.0" encoding="UTF-8" standalone="yes"?>
<contentHaul xmlns:a="http://www.appian.com/ae/types/2009">
    <rule>
        <name>CTS_RPT_TaskCalendar_Row</name>
        <uuid>f49f813f-562d-44e2-b063-d1af751dc1b2</uuid>
        <description></description>
        <parentUuid>_a-0000dc8b-8f45-8000-9ba2-011c48011c48_9449</parentUuid>
        <visibility>
            <advertise>false</advertise>
            <hierarchy>true</hierarchy>
            <indexable>true</indexable>
            <quota>false</quota>
            <searchable>true</searchable>
            <system>false</system>
            <unlogged>false</unlogged>
        </visibility>
        <definition>#&quot;SYSTEM_SYSRULES_gridRowLayout&quot;(
  contents: {
    #&quot;SYSTEM_SYSRULES_richTextDisplayField&quot;(
      align: &quot;LEFT&quot;,
      value: {if(
        index(
          ri!currentCalendar.sundays,
          ri!id,
          &quot;&quot;
        ) =- 1,
        &quot;&quot;,
        index(
          ri!currentCalendar.sundays,
          ri!id,
          &quot;&quot;
        )
      ),
        char(
          10
        ),
        &quot;  &quot;}
    ),
    #&quot;SYSTEM_SYSRULES_richTextDisplayField&quot;(
      align: &quot;LEFT&quot;,
      value: {if(
        index(
          ri!currentCalendar.mondays,
          ri!id,
          &quot;&quot;
        ) =- 1,
        &quot;&quot;,
          {
            index(
            ri!currentCalendar.mondays,
            ri!id,
            &quot;&quot;
          ),
          if(index(ri!currentCalendar.mondays,ri!id,&quot;&quot;)=25,
            {#&quot;SYSTEM_SYSRULES_richTextItem&quot;(text:char(10)&amp;char(9)&amp;&quot;1 Task &quot;,style:&quot;STRONG&quot;,link:#&quot;SYSTEM_SYSRULES_dynamicLink&quot;(value:1:ri!id))}
            ,char(10))
          }
      ),
        &quot;&quot;,
        &quot;  &quot;}
    ),
    #&quot;SYSTEM_SYSRULES_richTextDisplayField&quot;(
      align: &quot;LEFT&quot;,
      value: {if(
        index(
          ri!currentCalendar.tuesdays,
          ri!id,
          &quot;&quot;
        ) =- 1,
        &quot;&quot;,
        index(
          ri!currentCalendar.tuesdays,
          ri!id,
          &quot;&quot;
        )
      ),
        char(
          10
        ),
        &quot;  &quot;}
    ),
    #&quot;SYSTEM_SYSRULES_richTextDisplayField&quot;(
      align: &quot;LEFT&quot;,
      value: {
        if(
          index(
            ri!currentCalendar.wednesdays,
            ri!id,
            &quot;&quot;
          ) =- 1,
          &quot;&quot;,
          {
            index(
            ri!currentCalendar.wednesdays,
            ri!id,
            &quot;&quot;
          ),
        
          if(index(ri!currentCalendar.wednesdays,ri!id,&quot;&quot;)=27,
            {#&quot;SYSTEM_SYSRULES_richTextItem&quot;(text:char(10)&amp;char(9)&amp;&quot;1 Task &quot;,style:&quot;STRONG&quot;,link:#&quot;SYSTEM_SYSRULES_dynamicLink&quot;(value:1:ri!id))}
            ,          if(index(ri!currentCalendar.wednesdays,ri!id,&quot;&quot;)=29,
            {#&quot;SYSTEM_SYSRULES_richTextItem&quot;(text:char(10)&amp;char(9)&amp;&quot;1 Task &quot;,style:&quot;EMPHASIS&quot;,link:#&quot;SYSTEM_SYSRULES_dynamicLink&quot;(value:1:ri!id))}
            ,char(10)))
          }
        ),
        &quot;&quot;,
        &quot;  &quot;
      }
    ),
    #&quot;SYSTEM_SYSRULES_richTextDisplayField&quot;(
      align: &quot;LEFT&quot;,
      value: {
        if(
          index(
            ri!currentCalendar.thursdays,
            ri!id,
            &quot;&quot;
          ) =- 1,
          &quot;&quot;,
          {
            index(
            ri!currentCalendar.thursdays,
            ri!id,
            &quot;&quot;
          ),
          if(index(ri!currentCalendar.thursdays,ri!id,&quot;&quot;)=27,
            {#&quot;SYSTEM_SYSRULES_richTextItem&quot;(text:char(10)&amp;char(9)&amp;&quot;1 Event &quot;,style:&quot;EMPHASIS&quot;,link:#&quot;SYSTEM_SYSRULES_dynamicLink&quot;(value:1:ri!id))}
            ,          if(index(ri!currentCalendar.thursdays,ri!id,&quot;&quot;)=29,
            {#&quot;SYSTEM_SYSRULES_richTextItem&quot;(text:char(10)&amp;char(9)&amp;&quot;2 Events &quot;,style:&quot;EMPHASIS&quot;,link:#&quot;SYSTEM_SYSRULES_dynamicLink&quot;(value:1:ri!id))}
            ,char(10)))
          }
        ),
        &quot;&quot;,
        &quot;  &quot;
      }
    ),
    #&quot;SYSTEM_SYSRULES_richTextDisplayField&quot;(
      align: &quot;LEFT&quot;,
      value: {
        if(
          index(
            ri!currentCalendar.fridays,
            ri!id,
            &quot;&quot;
          ) =- 1,
          &quot;&quot;,
          {
            index(
            ri!currentCalendar.fridays,
            ri!id,
            &quot;&quot;
          ),
          if(index(ri!currentCalendar.fridays,ri!id,&quot;&quot;)=27,
            {#&quot;SYSTEM_SYSRULES_richTextItem&quot;(text:char(10)&amp;char(9)&amp;&quot;1 Event &quot;,style:&quot;EMPHASIS&quot;,link:#&quot;SYSTEM_SYSRULES_dynamicLink&quot;(value:1:ri!id)),
            #&quot;SYSTEM_SYSRULES_richTextItem&quot;(text:char(10082),style:&quot;NORMAL&quot;)}
            ,          if(index(ri!currentCalendar.fridays,ri!id,&quot;&quot;)=29,
            {#&quot;SYSTEM_SYSRULES_richTextItem&quot;(text:char(10)&amp;char(9)&amp;&quot;1 Task &quot;,style:&quot;STRONG&quot;,link:#&quot;SYSTEM_SYSRULES_dynamicLink&quot;(value:1:ri!id)),
            }
            ,char(10)))
          }
        ),
        &quot;&quot;,
        &quot;  &quot;
      }
    ),
    #&quot;SYSTEM_SYSRULES_richTextDisplayField&quot;(
      align: &quot;LEFT&quot;,
      value: {index(
        ri!currentCalendar.saturdays,
        ri!id,
        &quot;&quot;
      ),
        char(
          10
        ),
        &quot;  &quot;}
    )
  },
  id: ri!id
)</definition>
        <namedTypedValue>
            <name>currentCalendar</name>
            <type>
                <name>Variant</name>
                <namespace>http://www.appian.com/ae/types/2009</namespace>
            </type>
        </namedTypedValue>
        <namedTypedValue>
            <name>calendarData</name>
            <type>
                <name>Variant</name>
                <namespace>http://www.appian.com/ae/types/2009</namespace>
            </type>
        </namedTypedValue>
        <namedTypedValue>
            <name>id</name>
            <type>
                <name>int</name>
                <namespace>http://www.w3.org/2001/XMLSchema</namespace>
            </type>
        </namedTypedValue>
        <preferredEditor>interface</preferredEditor>
        <offlineEnabled>false</offlineEnabled>
    </rule>
    <roleMap public="true">
        <role allowForAll="false" inherit="true" name="readers">
            <users/>
            <groups/>
        </role>
        <role allowForAll="false" inherit="true" name="authors">
            <users/>
            <groups/>
        </role>
        <role allowForAll="false" inherit="true" name="administrators">
            <users>
                <userUuid>justin.watts</userUuid>
            </users>
            <groups/>
        </role>
        <role allowForAll="false" inherit="false" name="denyReaders">
            <users/>
            <groups/>
        </role>
        <role allowForAll="false" inherit="false" name="denyAuthors">
            <users/>
            <groups/>
        </role>
        <role allowForAll="false" inherit="false" name="denyAdministrators">
            <users/>
            <groups/>
        </role>
    </roleMap>
</contentHaul>
