<?xml version="1.0" encoding="UTF-8" standalone="yes"?>
<recordTypeHaul xmlns:a="http://www.appian.com/ae/types/2009">
    <recordType name="Folder" a:uuid="a9e6e3d4-4b59-45e0-a1c3-724f9bf6e9ce">
        <a:pluralName>Folders</a:pluralName>
        <a:description>Case folders to group related correspondence</a:description>
        <a:urlStub>toyU3A</a:urlStub>
        <a:source xmlns:xsi="http://www.w3.org/2001/XMLSchema-instance" xsi:type="a:DataStoreEntity" a:uuid="d4fd48e6-0137-4e7d-ab77-4778a2f2ea64@_a-0000dd17-9077-8000-9ba2-011c48011c48_10096"/>
        <a:listViewTemplateExpr>#&quot;SYSTEM_SYSRULES_recordGridLayoutColumns&quot;(
  columns: {
    #&quot;SYSTEM_SYSRULES_gridLayoutColumn&quot;(
      label: &quot;Id&quot;,
      width: &quot;ICON&quot;,
      field: &quot;id&quot;,
      component: #&quot;SYSTEM_SYSRULES_recordGrid_integerField&quot;(
        displayvalue: rf!id
      )
    ),
    #&quot;SYSTEM_SYSRULES_gridLayoutColumn&quot;(
      label: &quot;Subject&quot;,
      width: &quot;DISTRIBUTE&quot;,
      weight: 2,
      field: &quot;subject&quot;,
      component: #&quot;SYSTEM_SYSRULES_recordGrid_linkField&quot;(
        links: #&quot;SYSTEM_SYSRULES_recordLink&quot;(   
          label: rf!subject,
          recordType: #&quot;_a-0000dc8d-7dbf-8000-9ba2-011c48011c48_9668&quot;,
          identifier: rf!id
        )
      )
    ),
    #&quot;SYSTEM_SYSRULES_gridLayoutColumn&quot;(
      label: &quot;Type&quot;,
      weight: 1,
      field: &quot;type&quot;,
      component: #&quot;SYSTEM_SYSRULES_recordGrid_textField&quot;(
        displayvalue: rf!type
      )
    ),
    #&quot;SYSTEM_SYSRULES_gridLayoutColumn&quot;(
      label: &quot;Created On&quot;,
      width: &quot;DISTRIBUTE&quot;,
      weight: 1,
      field: &quot;createdOn&quot;,
      component: #&quot;SYSTEM_SYSRULES_recordGrid_dateTimeField&quot;(
        displayvalue: rf!createdOn
      )
    ),
    #&quot;SYSTEM_SYSRULES_gridLayoutColumn&quot;(
      label: &quot;&quot;,
      helptooltip: &quot;Folder Stage&quot;,
      width: &quot;ICON&quot;,
      field: &quot;stageId&quot;,
      align: &quot;CENTER&quot;,
      component: #&quot;SYSTEM_SYSRULES_recordGrid_imageField&quot;(
        images: {
          #&quot;SYSTEM_SYSRULES_documentImage&quot;(
            document: #&quot;_a-0000dc7a-bcb3-8000-9ba2-011c48011c48_6432&quot;(
              stageId: rf!stageId
            ),
            altText: rf!stage,
            caption: rf!stage)
        },
        size: &quot;ICON&quot;
      )
    )  
  },
  pageSize: 50,
  defaultSort: #&quot;SYSTEM_SYSRULES_sortInfo&quot;(
    field: &quot;id&quot;,
    ascending: false
  )
)</a:listViewTemplateExpr>
        <a:fieldCfg name="Status">
            <a:description></a:description>
            <a:sourceRef>openFlag</a:sourceRef>
            <a:isSortable>false</a:isSortable>
            <a:isSearchable>false</a:isSearchable>
            <a:isFacet>true</a:isFacet>
            <a:facetType>CUSTOM_BUCKETS_CLOSED</a:facetType>
            <a:isExclusiveFacet>true</a:isExclusiveFacet>
            <a:facetLabelExpr>=&quot;Status&quot;</a:facetLabelExpr>
            <a:facetOption>
                <a:labelExpr>=&quot;Open&quot;</a:labelExpr>
                <a:facetOperator>IN</a:facetOperator>
                <a:lowerLimitExpr></a:lowerLimitExpr>
                <a:upperLimitExpr></a:upperLimitExpr>
                <a:values>=true</a:values>
            </a:facetOption>
            <a:facetOption>
                <a:labelExpr>=&quot;Closed&quot;</a:labelExpr>
                <a:facetOperator>IN</a:facetOperator>
                <a:lowerLimitExpr></a:lowerLimitExpr>
                <a:upperLimitExpr></a:upperLimitExpr>
                <a:values>=false</a:values>
            </a:facetOption>
            <a:sortOrderIndex>0</a:sortOrderIndex>
            <a:facetOrderIndex>0</a:facetOrderIndex>
            <a:visibilityExpr></a:visibilityExpr>
            <a:defaultOptionExpr>=&quot;Open&quot;</a:defaultOptionExpr>
        </a:fieldCfg>
        <a:fieldCfg name="Stage">
            <a:isSortable>false</a:isSortable>
            <a:isSearchable>false</a:isSearchable>
            <a:isFacet>true</a:isFacet>
            <a:facetType>EXPRESSION</a:facetType>
            <a:isExclusiveFacet>true</a:isExclusiveFacet>
            <a:facetExpr>#&quot;SYSTEM_SYSRULES_facet&quot;(
  name: &quot;Stage&quot;,
  options: {
    load(local!stages: #&quot;_a-0000dc7a-bcb3-8000-9ba2-011c48011c48_6406&quot;(activeFlag: true).data,
      apply(
        #&quot;SYSTEM_SYSRULES_facetOption&quot;(
        id: _,
        name: _,
        filter: _
      ), merge(local!stages.id, local!stages.value, apply
      (#&quot;SYSTEM_SYSRULES_queryFilter&quot;(field: &quot;stageId&quot;, operator: &quot;=&quot;, value: _), local!stages.id)))
  )
  }
)</a:facetExpr>
            <a:sortOrderIndex>1</a:sortOrderIndex>
            <a:facetOrderIndex>1</a:facetOrderIndex>
            <a:visibilityExpr></a:visibilityExpr>
            <a:defaultOptionExpr></a:defaultOptionExpr>
        </a:fieldCfg>
        <a:fieldCfg name="Owner">
            <a:description></a:description>
            <a:sourceRef>owner</a:sourceRef>
            <a:isSortable>false</a:isSortable>
            <a:isSearchable>false</a:isSearchable>
            <a:isFacet>true</a:isFacet>
            <a:facetType>CUSTOM_BUCKETS_CLOSED</a:facetType>
            <a:isExclusiveFacet>true</a:isExclusiveFacet>
            <a:facetLabelExpr>=&quot;Owner&quot;</a:facetLabelExpr>
            <a:facetOption>
                <a:labelExpr>=&quot;Me&quot;</a:labelExpr>
                <a:facetOperator>IN</a:facetOperator>
                <a:lowerLimitExpr></a:lowerLimitExpr>
                <a:upperLimitExpr></a:upperLimitExpr>
                <a:values>=loggedInUser()</a:values>
            </a:facetOption>
            <a:sortOrderIndex>2</a:sortOrderIndex>
            <a:facetOrderIndex>2</a:facetOrderIndex>
            <a:visibilityExpr></a:visibilityExpr>
            <a:defaultOptionExpr>=&quot;Me&quot;</a:defaultOptionExpr>
        </a:fieldCfg>
        <a:fieldCfg name="Category">
            <a:isSortable>false</a:isSortable>
            <a:isSearchable>false</a:isSearchable>
            <a:isFacet>true</a:isFacet>
            <a:facetType>EXPRESSION</a:facetType>
            <a:isExclusiveFacet>true</a:isExclusiveFacet>
            <a:facetExpr>#&quot;SYSTEM_SYSRULES_facet&quot;(&#xD;
  name: &quot;Category&quot;,&#xD;
  options:&#xD;
    apply(#&quot;SYSTEM_SYSRULES_facetOption&quot;(&#xD;
      id: _,&#xD;
      name: _,&#xD;
      filter: _&#xD;
    ), merge(&#xD;
      #&quot;_a-0000dc93-c482-8000-9ba2-011c48011c48_10224&quot;,&#xD;
      #&quot;_a-0000dd17-9077-8000-9ba2-011c48011c48_10953&quot;,&#xD;
      apply(#&quot;SYSTEM_SYSRULES_queryFilter&quot;(&#xD;
        field: &quot;categoryId&quot;,&#xD;
        operator: &quot;=&quot;,&#xD;
        value: _&#xD;
      ), #&quot;_a-0000dc93-c482-8000-9ba2-011c48011c48_10224&quot;)&#xD;
    ))&#xD;
)</a:facetExpr>
            <a:sortOrderIndex>3</a:sortOrderIndex>
            <a:facetOrderIndex>3</a:facetOrderIndex>
            <a:visibilityExpr></a:visibilityExpr>
            <a:defaultOptionExpr></a:defaultOptionExpr>
        </a:fieldCfg>
        <a:fieldCfg name="Start Office">
            <a:isSortable>false</a:isSortable>
            <a:isSearchable>false</a:isSearchable>
            <a:isFacet>true</a:isFacet>
            <a:facetType>EXPRESSION</a:facetType>
            <a:isExclusiveFacet>true</a:isExclusiveFacet>
            <a:facetExpr>#&quot;SYSTEM_SYSRULES_facet&quot;(&#xD;
  name: &quot;Start Office&quot;,&#xD;
  options:&#xD;
    apply(#&quot;SYSTEM_SYSRULES_facetOption&quot;(&#xD;
      id: _,&#xD;
      name: _,&#xD;
      filter: _&#xD;
    ), merge(&#xD;
      #&quot;_a-0000dd17-9077-8000-9ba2-011c48011c48_10994&quot;,&#xD;
      #&quot;_a-0000dd17-9077-8000-9ba2-011c48011c48_10992&quot;,&#xD;
      apply(&#xD;
        #&quot;SYSTEM_SYSRULES_queryFilter&quot;(&#xD;
        field: &quot;startOfficeId&quot;,&#xD;
        operator: &quot;=&quot;,&#xD;
        value: _&#xD;
      ), #&quot;_a-0000dd17-9077-8000-9ba2-011c48011c48_10994&quot;)&#xD;
    ))&#xD;
)</a:facetExpr>
            <a:sortOrderIndex>4</a:sortOrderIndex>
            <a:facetOrderIndex>4</a:facetOrderIndex>
            <a:visibilityExpr></a:visibilityExpr>
            <a:defaultOptionExpr></a:defaultOptionExpr>
        </a:fieldCfg>
        <a:detailViewCfg>
            <a:nameExpr>=&quot;Summary&quot;</a:nameExpr>
            <a:uiExpr>=#&quot;_a-0000dc7a-bcb3-8000-9ba2-011c48011c48_6435&quot;(
  folderId: rf!id
)</a:uiExpr>
            <a:visibilityExpr>=true()</a:visibilityExpr>
            <a:urlStub>summary</a:urlStub>
            <a:headerExpr></a:headerExpr>
            <a:relatedActionCfg>a0b37693-5fe2-4c93-970b-7cd19ec87d42</a:relatedActionCfg>
        </a:detailViewCfg>
        <a:detailViewCfg>
            <a:nameExpr>=&quot;Details&quot;</a:nameExpr>
            <a:uiExpr>=#&quot;_a-0000dc93-c482-8000-9ba2-011c48011c48_10199&quot;(
  folderId: rf!id
)</a:uiExpr>
            <a:visibilityExpr>=true()</a:visibilityExpr>
            <a:urlStub>_aZUyFw</a:urlStub>
            <a:headerExpr></a:headerExpr>
            <a:relatedActionCfg>8848ed4d-69b0-4c5e-bd61-2bf96512fea5</a:relatedActionCfg>
        </a:detailViewCfg>
        <a:detailViewCfg>
            <a:nameExpr>=&quot;Documents&quot;</a:nameExpr>
            <a:uiExpr>=#&quot;_a-0000dc8d-7dbf-8000-9ba2-011c48011c48_9578&quot;(
  folderId: rf!id,
  stageId: rf!stageId
)</a:uiExpr>
            <a:visibilityExpr>=true()</a:visibilityExpr>
            <a:urlStub>_kwR0bw</a:urlStub>
            <a:headerExpr></a:headerExpr>
            <a:relatedActionCfg>1c4bd334-73c9-4faf-b69c-24ac2768e409</a:relatedActionCfg>
        </a:detailViewCfg>
        <a:detailViewCfg>
            <a:nameExpr>=&quot;Assignments&quot;</a:nameExpr>
            <a:uiExpr>=#&quot;_a-0000dc8d-7dbf-8000-9ba2-011c48011c48_10013&quot;(
  folderId: rf!id
)</a:uiExpr>
            <a:visibilityExpr>=true()</a:visibilityExpr>
            <a:urlStub>_k-fn6A</a:urlStub>
            <a:headerExpr></a:headerExpr>
            <a:relatedActionCfg>8be454dc-45bb-4b51-83f4-cea267909224</a:relatedActionCfg>
            <a:relatedActionCfg>68d437f5-ea76-4296-97f4-d9e5b1680c18</a:relatedActionCfg>
        </a:detailViewCfg>
        <a:detailViewCfg>
            <a:nameExpr>=&quot;Notes&quot;</a:nameExpr>
            <a:uiExpr>=#&quot;_a-0000dc8d-7dbf-8000-9ba2-011c48011c48_9548&quot;(
  folderId: rf!id,
  stageId: rf!stageId
)</a:uiExpr>
            <a:visibilityExpr>=true()</a:visibilityExpr>
            <a:urlStub>_Ev_-Mg</a:urlStub>
            <a:headerExpr></a:headerExpr>
            <a:relatedActionCfg>e5079b8d-70b7-4b42-bdfe-e7d4aa4f1d79</a:relatedActionCfg>
        </a:detailViewCfg>
        <a:detailViewCfg>
            <a:nameExpr>=&quot;History&quot;</a:nameExpr>
            <a:uiExpr>=#&quot;_a-0000dcf6-bb7e-8000-9ba2-011c48011c48_18653&quot;(
  folderId: rf!id
)</a:uiExpr>
            <a:visibilityExpr>=true()</a:visibilityExpr>
            <a:urlStub>_jtUBGA</a:urlStub>
            <a:headerExpr></a:headerExpr>
        </a:detailViewCfg>
        <a:relatedActionCfg>
            <a:target xmlns:xsi="http://www.w3.org/2001/XMLSchema-instance" xsi:type="a:ProcessModel" a:uuid="0002dc8d-4545-8000-f92f-7f0000014e7a"/>
            <a:contextExpr>={
  folderId: rf!id
}</a:contextExpr>
            <a:visibilityExpr>=rf!openFlag</a:visibilityExpr>
            <a:refId>8848ed4d-69b0-4c5e-bd61-2bf96512fea5</a:refId>
        </a:relatedActionCfg>
        <a:relatedActionCfg>
            <a:target xmlns:xsi="http://www.w3.org/2001/XMLSchema-instance" xsi:type="a:ProcessModel" a:uuid="0005dc92-9889-8000-f92f-7f0000014e7a"/>
            <a:contextExpr>={&#xD;
folderId: rf!id&#xD;
}</a:contextExpr>
            <a:visibilityExpr>=and(rf!openFlag, rf!stageId&lt;&gt;#&quot;_a-0000dc8d-7dbf-8000-9ba2-011c48011c48_10020&quot;[5])</a:visibilityExpr>
            <a:refId>8be454dc-45bb-4b51-83f4-cea267909224</a:refId>
        </a:relatedActionCfg>
        <a:relatedActionCfg>
            <a:target xmlns:xsi="http://www.w3.org/2001/XMLSchema-instance" xsi:type="a:ProcessModel" a:uuid="0005dc91-4b65-8000-f92f-7f0000014e7a"/>
            <a:contextExpr>={
  folderId: rf!id
}</a:contextExpr>
            <a:visibilityExpr>=rf!openFlag</a:visibilityExpr>
            <a:refId>1c4bd334-73c9-4faf-b69c-24ac2768e409</a:refId>
        </a:relatedActionCfg>
        <a:relatedActionCfg>
            <a:target xmlns:xsi="http://www.w3.org/2001/XMLSchema-instance" xsi:type="a:ProcessModel" a:uuid="0004dc8d-621a-8000-f92f-7f0000014e7a"/>
            <a:contextExpr>={
  folderId: rf!id
}</a:contextExpr>
            <a:visibilityExpr>=rf!openFlag</a:visibilityExpr>
            <a:refId>e5079b8d-70b7-4b42-bdfe-e7d4aa4f1d79</a:refId>
        </a:relatedActionCfg>
        <a:relatedActionCfg>
            <a:target xmlns:xsi="http://www.w3.org/2001/XMLSchema-instance" xsi:type="a:ProcessModel" a:uuid="0005dc93-8899-8000-f92f-7f0000014e7a"/>
            <a:contextExpr>={
  folderId: rf!id
}</a:contextExpr>
            <a:visibilityExpr>=and(
  rf!stageId=#&quot;_a-0000dc8d-7dbf-8000-9ba2-011c48011c48_10020&quot;[1],
  not(#&quot;_a-0000d62a-67b3-8000-da6f-010000010000_951&quot;(
    #&quot;_a-0000dc8d-7dbf-8000-9ba2-011c48011c48_9999&quot;(
    folderId: rf!id,
    deletedFlag: false
  ).data) 
 )
)</a:visibilityExpr>
            <a:refId>68d437f5-ea76-4296-97f4-d9e5b1680c18</a:refId>
        </a:relatedActionCfg>
        <a:relatedActionCfg>
            <a:target xmlns:xsi="http://www.w3.org/2001/XMLSchema-instance" xsi:type="a:ProcessModel" a:uuid="0002dc9b-e26f-8000-f92f-7f0000014e7a"/>
            <a:contextExpr>={&#xD;
 folderId: rf!id&#xD;
}</a:contextExpr>
            <a:visibilityExpr>=true()</a:visibilityExpr>
            <a:refId>a0b37693-5fe2-4c93-970b-7cd19ec87d42</a:refId>
        </a:relatedActionCfg>
        <a:relatedActionCfg>
            <a:target xmlns:xsi="http://www.w3.org/2001/XMLSchema-instance" xsi:type="a:ProcessModel" a:uuid="0005dcfc-1dea-8000-f92f-7f0000014e7a"/>
            <a:contextExpr>={&#xD;
 folderId: rf!id&#xD;
}</a:contextExpr>
            <a:visibilityExpr>=rf!stageId=#&quot;_a-0000dc8d-7dbf-8000-9ba2-011c48011c48_10020&quot;[3]</a:visibilityExpr>
            <a:refId>a1eabddf-5dd9-4625-9ca5-216c610b5e35</a:refId>
        </a:relatedActionCfg>
        <a:isSystem>false</a:isSystem>
        <a:dataSrcExpr></a:dataSrcExpr>
        <a:facetsListExpr></a:facetsListExpr>
        <a:titleExpr>=#&quot;_a-0000dc7a-bcb3-8000-9ba2-011c48011c48_6423&quot;(
    folderId: rf!id,
    subject: rf!subject
  )</a:titleExpr>
        <a:defaultFiltersExpr></a:defaultFiltersExpr>
        <a:layoutType>GRID</a:layoutType>
        <a:security>16383</a:security>
    </recordType>
    <roleMap>
        <role name="record_type_administrator">
            <users/>
            <groups>
                <groupUuid>_e-0000dc7a-bc14-8000-9aee-01075c01075c_35</groupUuid>
            </groups>
        </role>
        <role name="record_type_viewer">
            <users/>
            <groups>
                <groupUuid>_e-0000dc7a-bc14-8000-9aee-01075c01075c_36</groupUuid>
            </groups>
        </role>
    </roleMap>
</recordTypeHaul>
