<?xml version="1.0" encoding="UTF-8" standalone="yes"?>
<recordTypeHaul xmlns:a="http://www.appian.com/ae/types/2009">
    <recordType name="Document" a:uuid="e447ef58-2d88-44e9-a0ed-576b97259bff">
        <a:pluralName>Documents</a:pluralName>
        <a:description>Repository of all documents in the system</a:description>
        <a:urlStub>cSMuxQ</a:urlStub>
        <a:source xmlns:xsi="http://www.w3.org/2001/XMLSchema-instance" xsi:type="a:DataStoreEntity" a:uuid="c1ae538e-f76c-4f4d-a686-26a9cbb24b07@_a-0000dc7a-bcb3-8000-9ba2-011c48011c48_6142"/>
        <a:listViewTemplateExpr>#&quot;SYSTEM_SYSRULES_recordGridLayoutColumns&quot;(
  emptygridmessage: &quot;No Documents in System&quot;,
  columns: {
    #&quot;SYSTEM_SYSRULES_gridLayoutColumn&quot;(
      label: &quot;Id&quot;,
      width: &quot;ICON&quot;,
      weight: null,
      field: &quot;docId&quot;,
      component: #&quot;SYSTEM_SYSRULES_recordGrid_integerField&quot;(
        displayValue: rf!docId,
        align: &quot;RIGHT&quot;
      )
    ),
    #&quot;SYSTEM_SYSRULES_gridLayoutColumn&quot;(
      label: &quot;Title&quot;,
      width: &quot;DISTRIBUTE&quot;,
      weight: 2,
      field: &quot;title&quot;,
      component: #&quot;SYSTEM_SYSRULES_recordGrid_linkField&quot;(
        links: {
          #&quot;SYSTEM_SYSRULES_recordLink&quot;(
            label: rf!title,
            recordtype: #&quot;_a-0000dc8b-8f45-8000-9ba2-011c48011c48_9143&quot;,
            identifier: rf!docId
          )
        }
      )
    ),
    #&quot;SYSTEM_SYSRULES_gridLayoutColumn&quot;(
      label: &quot;Type&quot;,
      weight: 1,
      field: &quot;type&quot;,
      component: #&quot;SYSTEM_SYSRULES_recordGrid_textField&quot;(
        displayValue: rf!type
      )
    ),
    #&quot;SYSTEM_SYSRULES_gridLayoutColumn&quot;(
      label: &quot;Tags&quot;,
      width: &quot;DISTRIBUTE&quot;,
      component: #&quot;SYSTEM_SYSRULES_recordGrid_textField&quot;(
        displayvalue: if(#&quot;_a-0000d62a-67b3-8000-da6f-010000010000_951&quot;(index(rf!tags, &quot;tag&quot;, {})), null, joinarray( index(rf!tags, &quot;tag&quot;, {}), char(10)) )
      )
    ),
    #&quot;SYSTEM_SYSRULES_gridLayoutColumn&quot;(
      label: &quot;Created On&quot;,
      width: &quot;DISTRIBUTE&quot;,
      weight: 1,
      field: &quot;createdOn&quot;,
      component: #&quot;SYSTEM_SYSRULES_recordGrid_dateTimeField&quot;(
        displayvalue: rf!createdOn
      )
    ),
    #&quot;SYSTEM_SYSRULES_gridLayoutColumn&quot;(
      label: &quot;&quot;,
      helptooltip: &quot;Checked Out Indicator&quot;,
      width: &quot;ICON&quot;,
      component: #&quot;SYSTEM_SYSRULES_recordGrid_imageField&quot;(
        images: {
          #&quot;SYSTEM_SYSRULES_documentImage&quot;(
            document: #&quot;_a-0000dc8b-8f45-8000-9ba2-011c48011c48_9148&quot;(
              text: rf!checkedOutTo
            ),
            altText: apply(#&quot;_a-0000d62a-67b3-8000-da6f-010000010000_934&quot;(_), #&quot;_a-0000dc8b-8f45-8000-9ba2-011c48011c48_9152&quot;(text: rf!checkedOutTo)),
            caption: joinarray(apply(#&quot;_a-0000d62a-67b3-8000-da6f-010000010000_934&quot;(text: _), #&quot;_a-0000dc8b-8f45-8000-9ba2-011c48011c48_9152&quot;(text: rf!checkedOutTo)), &quot;, &quot;))
        },
        size: &quot;ICON&quot;
      )
    ),
    #&quot;SYSTEM_SYSRULES_gridLayoutColumn&quot;(
      label: &quot;Subject&quot;,
      width: &quot;DISTRIBUTE&quot;,
      field: &quot;subject&quot;,
      component: #&quot;SYSTEM_SYSRULES_recordGrid_textField&quot;(
        displayvalue: rf!subject
      ),
      visible: false()
    )  
  },
  pageSize: 50,
  defaultSort: #&quot;SYSTEM_SYSRULES_sortInfo&quot;(
    field: &quot;docId&quot;,
    ascending: fn!true()
  )
)</a:listViewTemplateExpr>
        <a:fieldCfg name="Created By">
            <a:description></a:description>
            <a:sourceRef>createdBy</a:sourceRef>
            <a:isSortable>false</a:isSortable>
            <a:isSearchable>false</a:isSearchable>
            <a:isFacet>true</a:isFacet>
            <a:facetType>CUSTOM_BUCKETS_CLOSED</a:facetType>
            <a:isExclusiveFacet>true</a:isExclusiveFacet>
            <a:facetLabelExpr>=&quot;Created By&quot;</a:facetLabelExpr>
            <a:facetOption>
                <a:labelExpr>&quot;Me&quot;</a:labelExpr>
                <a:facetOperator>IN</a:facetOperator>
                <a:lowerLimitExpr></a:lowerLimitExpr>
                <a:upperLimitExpr></a:upperLimitExpr>
                <a:values>loggedInUser()</a:values>
            </a:facetOption>
            <a:sortOrderIndex>0</a:sortOrderIndex>
            <a:facetOrderIndex>0</a:facetOrderIndex>
            <a:visibilityExpr></a:visibilityExpr>
            <a:defaultOptionExpr>=&quot;Me&quot;</a:defaultOptionExpr>
        </a:fieldCfg>
        <a:fieldCfg name="Created On">
            <a:description></a:description>
            <a:sourceRef>createdOn</a:sourceRef>
            <a:isSortable>false</a:isSortable>
            <a:isSearchable>false</a:isSearchable>
            <a:isFacet>true</a:isFacet>
            <a:facetType>CUSTOM_BUCKETS_CLOSED</a:facetType>
            <a:isExclusiveFacet>true</a:isExclusiveFacet>
            <a:facetLabelExpr>=&quot;Created&quot;</a:facetLabelExpr>
            <a:facetOption>
                <a:labelExpr>=&quot;Last Week&quot;</a:labelExpr>
                <a:facetOperator>BETWEEN</a:facetOperator>
                <a:lowerLimitExpr>=now()-7</a:lowerLimitExpr>
                <a:upperLimitExpr>
=now()</a:upperLimitExpr>
            </a:facetOption>
            <a:facetOption>
                <a:labelExpr>=&quot;Last Month&quot;</a:labelExpr>
                <a:facetOperator>BETWEEN</a:facetOperator>
                <a:lowerLimitExpr>=now()-30</a:lowerLimitExpr>
                <a:upperLimitExpr>=now()</a:upperLimitExpr>
            </a:facetOption>
            <a:facetOption>
                <a:labelExpr>=&quot;Last Year&quot;</a:labelExpr>
                <a:facetOperator>BETWEEN</a:facetOperator>
                <a:lowerLimitExpr>=now()-365</a:lowerLimitExpr>
                <a:upperLimitExpr>=now()</a:upperLimitExpr>
            </a:facetOption>
            <a:sortOrderIndex>1</a:sortOrderIndex>
            <a:facetOrderIndex>1</a:facetOrderIndex>
            <a:visibilityExpr></a:visibilityExpr>
            <a:defaultOptionExpr></a:defaultOptionExpr>
        </a:fieldCfg>
        <a:fieldCfg name="Doc Types">
            <a:isSortable>false</a:isSortable>
            <a:isSearchable>false</a:isSearchable>
            <a:isFacet>true</a:isFacet>
            <a:facetType>EXPRESSION</a:facetType>
            <a:isExclusiveFacet>true</a:isExclusiveFacet>
            <a:facetExpr>#&quot;SYSTEM_SYSRULES_facet&quot;(&#xD;
  name: &quot;Type&quot;,&#xD;
  options: {&#xD;
    load(local!types: #&quot;_a-0000dc7a-bcb3-8000-9ba2-011c48011c48_6232&quot;(activeFlag: true).data,&#xD;
      apply(&#xD;
        #&quot;SYSTEM_SYSRULES_facetOption&quot;(&#xD;
        id: _,&#xD;
        name: _,&#xD;
        filter: _&#xD;
      ), merge(local!types.id, local!types.value, apply(#&quot;SYSTEM_SYSRULES_queryFilter&quot;(field: &quot;typeId&quot;, operator: &quot;=&quot;, value: _), local!types.id)))&#xD;
  )&#xD;
  }&#xD;
)</a:facetExpr>
            <a:sortOrderIndex>2</a:sortOrderIndex>
            <a:facetOrderIndex>2</a:facetOrderIndex>
            <a:visibilityExpr></a:visibilityExpr>
            <a:defaultOptionExpr></a:defaultOptionExpr>
        </a:fieldCfg>
        <a:fieldCfg name="Templates">
            <a:description></a:description>
            <a:sourceRef>templateFlag</a:sourceRef>
            <a:isSortable>false</a:isSortable>
            <a:isSearchable>false</a:isSearchable>
            <a:isFacet>true</a:isFacet>
            <a:facetType>CUSTOM_BUCKETS_CLOSED</a:facetType>
            <a:isExclusiveFacet>true</a:isExclusiveFacet>
            <a:facetLabelExpr>=&quot;Templates&quot;</a:facetLabelExpr>
            <a:facetOption>
                <a:labelExpr>=&quot;Verified Template Response&quot;</a:labelExpr>
                <a:facetOperator>IN</a:facetOperator>
                <a:lowerLimitExpr></a:lowerLimitExpr>
                <a:upperLimitExpr></a:upperLimitExpr>
                <a:values>=true()</a:values>
            </a:facetOption>
            <a:sortOrderIndex>3</a:sortOrderIndex>
            <a:facetOrderIndex>3</a:facetOrderIndex>
            <a:visibilityExpr></a:visibilityExpr>
            <a:defaultOptionExpr></a:defaultOptionExpr>
        </a:fieldCfg>
        <a:detailViewCfg>
            <a:nameExpr>=&quot;Summary&quot;</a:nameExpr>
            <a:uiExpr>=#&quot;_a-0000dc8b-8f45-8000-9ba2-011c48011c48_9185&quot;(
  documentId: rf!docId
)</a:uiExpr>
            <a:visibilityExpr>=true()</a:visibilityExpr>
            <a:urlStub>summary</a:urlStub>
            <a:headerExpr></a:headerExpr>
            <a:relatedActionCfg>e14daaa4-d9c4-4452-813a-4b7c6c0bca0e</a:relatedActionCfg>
        </a:detailViewCfg>
        <a:detailViewCfg>
            <a:nameExpr>=&quot;Folders&quot;</a:nameExpr>
            <a:uiExpr>=#&quot;_a-0000dc8d-7dbf-8000-9ba2-011c48011c48_9770&quot;(
  documentId: rf!docId
)</a:uiExpr>
            <a:visibilityExpr>=true()</a:visibilityExpr>
            <a:urlStub>_O8sw4g</a:urlStub>
            <a:headerExpr></a:headerExpr>
        </a:detailViewCfg>
        <a:detailViewCfg>
            <a:nameExpr>=&quot;History&quot;</a:nameExpr>
            <a:uiExpr>=#&quot;_a-0000dcf6-bb7e-8000-9ba2-011c48011c48_18450&quot;(
  documentId: rf!docId
)</a:uiExpr>
            <a:visibilityExpr>=true()</a:visibilityExpr>
            <a:urlStub>_piRQ6g</a:urlStub>
            <a:headerExpr></a:headerExpr>
        </a:detailViewCfg>
        <a:relatedActionCfg>
            <a:target xmlns:xsi="http://www.w3.org/2001/XMLSchema-instance" xsi:type="a:ProcessModel" a:uuid="0004dc8c-1576-8000-f92f-7f0000014e7a"/>
            <a:contextExpr>={documentId: rf!docId}</a:contextExpr>
            <a:visibilityExpr>=or(&#xD;
  isnull(rf!checkedOutTo),&#xD;
  #&quot;_a-0000dc8b-8f45-8000-9ba2-011c48011c48_9389&quot;(&#xD;
  list: #&quot;_a-0000dc8b-8f45-8000-9ba2-011c48011c48_9152&quot;(&#xD;
    text: rf!checkedOutTo&#xD;
  ),&#xD;
  user: loggedInUser()&#xD;
)&#xD;
)</a:visibilityExpr>
            <a:refId>e14daaa4-d9c4-4452-813a-4b7c6c0bca0e</a:refId>
        </a:relatedActionCfg>
        <a:relatedActionCfg>
            <a:target xmlns:xsi="http://www.w3.org/2001/XMLSchema-instance" xsi:type="a:ProcessModel" a:uuid="0007dc8d-0213-8000-f92f-7f0000014e7a"/>
            <a:contextExpr>={
  documentId: rf!docId
}</a:contextExpr>
            <a:visibilityExpr>=isnull(rf!checkedOutTo)</a:visibilityExpr>
            <a:refId>1594c5f2-a4c7-47f3-9da5-fb53d2510c84</a:refId>
        </a:relatedActionCfg>
        <a:isSystem>false</a:isSystem>
        <a:dataSrcExpr></a:dataSrcExpr>
        <a:facetsListExpr></a:facetsListExpr>
        <a:titleExpr>=#&quot;_a-0000dc8b-8f45-8000-9ba2-011c48011c48_9159&quot;(
  docId: rf!docId,
  title: rf!title
)</a:titleExpr>
        <a:defaultFiltersExpr></a:defaultFiltersExpr>
        <a:layoutType>GRID</a:layoutType>
        <a:security>16383</a:security>
    </recordType>
    <roleMap>
        <role name="record_type_administrator">
            <users/>
            <groups>
                <groupUuid>_e-0000dc7a-bc14-8000-9aee-01075c01075c_35</groupUuid>
            </groups>
        </role>
        <role name="record_type_viewer">
            <users/>
            <groups>
                <groupUuid>_e-0000dc7a-bc14-8000-9aee-01075c01075c_36</groupUuid>
            </groups>
        </role>
    </roleMap>
</recordTypeHaul>
