<?xml version="1.0" encoding="UTF-8" standalone="yes"?>
<applicationHaul xmlns:a="http://www.appian.com/ae/types/2009">
    <application>
        <name>AF Common Objects</name>
        <uuid>_a-0000dd0d-462c-8000-9ba2-011c48011c48_3658</uuid>
        <description>All objects that are common across acceleration frameworks</description>
        <parentUuid>SYSTEM_APPLICATIONS_ROOT</parentUuid>
        <visibility>
            <advertise>false</advertise>
            <hierarchy>true</hierarchy>
            <indexable>true</indexable>
            <quota>false</quota>
            <searchable>true</searchable>
            <system>false</system>
            <unlogged>false</unlogged>
        </visibility>
        <urlIdentifier>YwKLkw</urlIdentifier>
        <published>false</published>
        <public>false</public>
        <associatedObjects>
            <globalIdMap>
                <item>
                    <type>datatype</type>
                    <uuids>
                        <uuid>{urn:com:appian:types:AF}AF_Bulletin_Message</uuid>
                        <uuid>{urn:com:appian:types:AF}AF_User</uuid>
                    </uuids>
                </item>
                <item>
                    <type>dataStore</type>
                    <uuids>
                        <uuid>_a-0000dd17-9077-8000-9ba2-011c48011c48_10289</uuid>
                    </uuids>
                </item>
                <item>
                    <type>user</type>
                    <uuids/>
                </item>
                <item>
                    <type>groupType</type>
                    <uuids/>
                </item>
                <item>
                    <type>group</type>
                    <uuids>
                        <uuid>_e-0000dd29-17a1-8000-9aee-01075c01075c_98</uuid>
                        <uuid>_e-0000dd29-17a1-8000-9aee-01075c01075c_99</uuid>
                    </uuids>
                </item>
                <item>
                    <type>content</type>
                    <uuids>
                        <uuid>_a-0000dd0d-462c-8000-9ba2-011c48011c48_3622</uuid>
                        <uuid>_a-0000dd0d-462c-8000-9ba2-011c48011c48_3667</uuid>
                        <uuid>_a-0000dd0d-462c-8000-9ba2-011c48011c48_3631</uuid>
                        <uuid>_a-0000dd0d-462c-8000-9ba2-011c48011c48_3624</uuid>
                        <uuid>_a-0000dd0d-462c-8000-9ba2-011c48011c48_3623</uuid>
                        <uuid>_a-0000dd0d-462c-8000-9ba2-011c48011c48_3639</uuid>
                        <uuid>_a-0000dd0d-462c-8000-9ba2-011c48011c48_3640</uuid>
                        <uuid>_a-0000dd0d-462c-8000-9ba2-011c48011c48_3641</uuid>
                        <uuid>_a-0000dd0d-462c-8000-9ba2-011c48011c48_3642</uuid>
                        <uuid>_a-0000dd0d-462c-8000-9ba2-011c48011c48_3643</uuid>
                        <uuid>_a-0000dd0d-462c-8000-9ba2-011c48011c48_3644</uuid>
                        <uuid>_a-0000dd0d-462c-8000-9ba2-011c48011c48_3645</uuid>
                        <uuid>_a-0000dd0d-462c-8000-9ba2-011c48011c48_3646</uuid>
                        <uuid>_a-0000dd0d-462c-8000-9ba2-011c48011c48_3647</uuid>
                        <uuid>73395716-12a2-4363-b454-cca042a95a62</uuid>
                        <uuid>083ca748-92d6-4080-9f02-017797355143</uuid>
                        <uuid>455dd2e0-db08-4a39-b20e-6f0550299572</uuid>
                        <uuid>fa8d3278-99cb-48cb-b4c8-5602158660a9</uuid>
                        <uuid>_a-0000dd0d-462c-8000-9ba2-011c48011c48_3625</uuid>
                        <uuid>_a-0000dd0d-462c-8000-9ba2-011c48011c48_3626</uuid>
                        <uuid>_a-0000dd0d-462c-8000-9ba2-011c48011c48_3627</uuid>
                        <uuid>_a-0000dd0d-462c-8000-9ba2-011c48011c48_3628</uuid>
                        <uuid>_a-0000dd0d-462c-8000-9ba2-011c48011c48_3629</uuid>
                        <uuid>_a-0000dd0d-462c-8000-9ba2-011c48011c48_3630</uuid>
                        <uuid>_a-0000dd0d-462c-8000-9ba2-011c48011c48_3632</uuid>
                        <uuid>_a-0000dd0d-462c-8000-9ba2-011c48011c48_3633</uuid>
                        <uuid>062e67eb-1413-4d5b-9717-42de322d70ce</uuid>
                        <uuid>64f07310-4544-413c-96ea-2bd500ad735e</uuid>
                        <uuid>7515f385-6042-4961-b666-89d55ce8534e</uuid>
                        <uuid>_a-0000dd0d-462c-8000-9ba2-011c48011c48_3648</uuid>
                        <uuid>_a-0000dd0d-462c-8000-9ba2-011c48011c48_3649</uuid>
                        <uuid>_a-0000dd0d-462c-8000-9ba2-011c48011c48_3650</uuid>
                        <uuid>_a-0000dd0d-462c-8000-9ba2-011c48011c48_3651</uuid>
                        <uuid>_a-0000dd0d-462c-8000-9ba2-011c48011c48_3652</uuid>
                        <uuid>_a-0000dd0d-462c-8000-9ba2-011c48011c48_3656</uuid>
                        <uuid>_a-0000dd0d-462c-8000-9ba2-011c48011c48_3657</uuid>
                        <uuid>_a-0000dd0d-462c-8000-9ba2-011c48011c48_3634</uuid>
                        <uuid>_a-0000dd0d-462c-8000-9ba2-011c48011c48_3635</uuid>
                        <uuid>_a-0000dd0d-462c-8000-9ba2-011c48011c48_3636</uuid>
                        <uuid>_a-0000dd0d-462c-8000-9ba2-011c48011c48_3637</uuid>
                        <uuid>_a-0000dd0d-462c-8000-9ba2-011c48011c48_3638</uuid>
                        <uuid>_a-0000dd0d-462c-8000-9ba2-011c48011c48_3653</uuid>
                        <uuid>_a-0000dd0d-462c-8000-9ba2-011c48011c48_3654</uuid>
                        <uuid>_a-0000dd0d-462c-8000-9ba2-011c48011c48_3655</uuid>
                        <uuid>_a-0000dd0d-462c-8000-9ba2-011c48011c48_3683</uuid>
                        <uuid>_a-0000dd0d-462c-8000-9ba2-011c48011c48_3685</uuid>
                        <uuid>_a-0000dd0d-462c-8000-9ba2-011c48011c48_3687</uuid>
                        <uuid>_a-0000dd0d-462c-8000-9ba2-011c48011c48_3690</uuid>
                        <uuid>_a-0000dd0d-462c-8000-9ba2-011c48011c48_3692</uuid>
                        <uuid>_a-0000dd0d-462c-8000-9ba2-011c48011c48_3708</uuid>
                        <uuid>366e6de6-c357-4dcf-b200-caa7e4449868</uuid>
                        <uuid>2168a5de-fb70-4d66-8b97-b547e3ac6e57</uuid>
                        <uuid>d53ac46f-51ce-4502-8ae5-3435ca0d27aa</uuid>
                        <uuid>e57d1b56-e5e7-4299-971b-a957bf16eafa</uuid>
                        <uuid>8ccdcd71-ddd7-400d-b67a-5f60ed4bdfbd</uuid>
                        <uuid>b454db67-6211-40e7-9591-49b09bffedd5</uuid>
                        <uuid>f4e6ce56-6c25-4681-a9f4-258b21f68bd7</uuid>
                        <uuid>f88f006f-fd23-4b34-a0e5-901f5a13773d</uuid>
                        <uuid>19861acc-8dea-4861-9744-8eb98c50547d</uuid>
                        <uuid>e7de4ffc-a7f2-49c6-aeda-ce1ec9e549af</uuid>
                        <uuid>c6f522bb-1135-4412-b313-e7f51dfaf826</uuid>
                        <uuid>f067585f-f0b7-4a2e-afc8-cddb032ba103</uuid>
                        <uuid>_a-0000dd0d-462c-8000-9ba2-011c48011c48_3706</uuid>
                        <uuid>1e8e4603-0e74-49f3-97cf-d03ca641057f</uuid>
                        <uuid>ec1839c6-de8f-4834-8397-681ea3dbeed5</uuid>
                        <uuid>0a6ee9ea-8c0f-4e16-871d-f5f408011cc7</uuid>
                        <uuid>5303a729-3db5-4275-aa5d-12177d348dce</uuid>
                        <uuid>e3a37a1b-0acc-46d5-a7bc-42eec7fb6691</uuid>
                        <uuid>0f9206cb-102e-4996-a4ae-4f5e428c121b</uuid>
                        <uuid>4c0833a9-0127-4d25-9d6d-cb881c688e7d</uuid>
                        <uuid>fdea6255-5ee8-42a2-bdb1-aace3c917d86</uuid>
                        <uuid>_a-0000dd0d-462c-8000-9ba2-011c48011c48_3897</uuid>
                        <uuid>_a-0000dd0d-462c-8000-9ba2-011c48011c48_4238</uuid>
                        <uuid>_a-0000dd0d-462c-8000-9ba2-011c48011c48_4053</uuid>
                        <uuid>_a-0000dd0d-462c-8000-9ba2-011c48011c48_5334</uuid>
                        <uuid>_a-0000dd0d-462c-8000-9ba2-011c48011c48_5526</uuid>
                        <uuid>_a-0000dd0d-462c-8000-9ba2-011c48011c48_5609</uuid>
                        <uuid>_a-0000dd0d-462c-8000-9ba2-011c48011c48_5656</uuid>
                        <uuid>_a-0000dd0d-462c-8000-9ba2-011c48011c48_5659</uuid>
                        <uuid>_a-0000dd0d-462c-8000-9ba2-011c48011c48_6270</uuid>
                        <uuid>_a-0000dd0d-462c-8000-9ba2-011c48011c48_7204</uuid>
                        <uuid>_a-0000dd0d-462c-8000-9ba2-011c48011c48_7205</uuid>
                        <uuid>_a-0000dd0d-462c-8000-9ba2-011c48011c48_7223</uuid>
                        <uuid>_a-0000dd0d-462c-8000-9ba2-011c48011c48_7224</uuid>
                        <uuid>10f9fdab-d17d-4fa1-b26b-c67b4ebd32cd</uuid>
                        <uuid>5f00b42c-495b-4858-868b-01a3c2bdc17a</uuid>
                        <uuid>_a-0000dd0d-462c-8000-9ba2-011c48011c48_5711</uuid>
                        <uuid>_a-0000dd0d-462c-8000-9ba2-011c48011c48_5748</uuid>
                        <uuid>_a-0000dd0d-462c-8000-9ba2-011c48011c48_5920</uuid>
                        <uuid>2d786626-f8a4-4c46-a2a6-c0c8fe96a4ad</uuid>
                        <uuid>e1fe5887-9233-4dbf-aac8-131a3942b47c</uuid>
                        <uuid>3baf4f2d-1abb-4501-b386-2457c1912cda</uuid>
                        <uuid>_a-0000dd0d-462c-8000-9ba2-011c48011c48_4728</uuid>
                        <uuid>_a-0000dd0d-462c-8000-9ba2-011c48011c48_5511</uuid>
                        <uuid>_a-0000dd0d-462c-8000-9ba2-011c48011c48_5512</uuid>
                        <uuid>_a-0000dd0d-462c-8000-9ba2-011c48011c48_5426</uuid>
                        <uuid>_a-0000dd0d-462c-8000-9ba2-011c48011c48_5544</uuid>
                        <uuid>_a-0000dd0d-462c-8000-9ba2-011c48011c48_4038</uuid>
                        <uuid>_a-0000dd0d-462c-8000-9ba2-011c48011c48_4039</uuid>
                        <uuid>_a-0000dd0d-462c-8000-9ba2-011c48011c48_4041</uuid>
                        <uuid>_a-0000dd0d-462c-8000-9ba2-011c48011c48_4043</uuid>
                        <uuid>_a-0000dd0d-462c-8000-9ba2-011c48011c48_4044</uuid>
                        <uuid>_a-0000dd0d-462c-8000-9ba2-011c48011c48_4045</uuid>
                        <uuid>_a-0000dd0d-462c-8000-9ba2-011c48011c48_4046</uuid>
                        <uuid>_a-0000dd0d-462c-8000-9ba2-011c48011c48_4047</uuid>
                        <uuid>_a-0000dd0d-462c-8000-9ba2-011c48011c48_4048</uuid>
                        <uuid>_a-0000dd0d-462c-8000-9ba2-011c48011c48_4049</uuid>
                        <uuid>_a-0000dd0d-462c-8000-9ba2-011c48011c48_4037</uuid>
                        <uuid>_a-0000dd17-9077-8000-9ba2-011c48011c48_9546</uuid>
                        <uuid>_a-0000dd17-9077-8000-9ba2-011c48011c48_9549</uuid>
                        <uuid>_a-0000dd17-9077-8000-9ba2-011c48011c48_10649</uuid>
                        <uuid>9823d8d3-91e0-4161-841e-921952e4b7e3</uuid>
                        <uuid>_a-0000d18b-27a4-8000-3ca7-0a000064044c_2029</uuid>
                        <uuid>_a-0000da8e-f7c3-8000-927a-010000010000_6239</uuid>
                        <uuid>_a-0000dd3a-bcbf-8000-9ba2-011c48011c48_14693</uuid>
                        <uuid>_a-0000dd3a-bcbf-8000-9ba2-011c48011c48_14694</uuid>
                        <uuid>_a-0000dd3a-bcbf-8000-9ba2-011c48011c48_14849</uuid>
                        <uuid>_a-0000dd3a-bcbf-8000-9ba2-011c48011c48_14854</uuid>
                        <uuid>_a-0000dd3a-bcbf-8000-9ba2-011c48011c48_14855</uuid>
                        <uuid>_a-0000dd3a-bcbf-8000-9ba2-011c48011c48_14859</uuid>
                        <uuid>_a-0000dd3a-bcbf-8000-9ba2-011c48011c48_14866</uuid>
                        <uuid>_a-0000dd3a-bcbf-8000-9ba2-011c48011c48_14869</uuid>
                        <uuid>_a-0000dd3a-bcbf-8000-9ba2-011c48011c48_14870</uuid>
                        <uuid>_a-0000dd3a-bcbf-8000-9ba2-011c48011c48_14882</uuid>
                        <uuid>_a-0000dd3a-bcbf-8000-9ba2-011c48011c48_14921</uuid>
                        <uuid>_a-0000dd17-9077-8000-9ba2-011c48011c48_10253</uuid>
                        <uuid>9883829a-f08b-4dc1-892d-8b34fc49265c</uuid>
                        <uuid>b5f227c1-4d80-4f72-b7a4-ac16e8a44f9e</uuid>
                        <uuid>3874edde-eccf-4456-b254-15ab97dbdf6b</uuid>
                        <uuid>_a-0000dd17-9077-8000-9ba2-011c48011c48_10957</uuid>
                        <uuid>_a-0000dd17-9077-8000-9ba2-011c48011c48_10291</uuid>
                        <uuid>_a-0000dd3a-bcbf-8000-9ba2-011c48011c48_14839</uuid>
                        <uuid>abf38d4b-ffa3-4601-a134-12cc679807f3</uuid>
                        <uuid>610f392e-8f57-499d-a441-85f0ff347aad</uuid>
                        <uuid>_a-0000dd4b-0482-8000-9ba2-011c48011c48_15884</uuid>
                        <uuid>395e446b-5820-446e-92bd-93aa1cc474c7</uuid>
                        <uuid>_a-0000dd4b-0482-8000-9ba2-011c48011c48_16466</uuid>
                        <uuid>_a-0000dd4b-0482-8000-9ba2-011c48011c48_16467</uuid>
                        <uuid>fd7f0153-200f-406a-9488-d6b510151591</uuid>
                        <uuid>_a-0000dd4b-0482-8000-9ba2-011c48011c48_17354</uuid>
                        <uuid>_a-0000dd4b-0482-8000-9ba2-011c48011c48_17493</uuid>
                        <uuid>_a-0000dd4b-0482-8000-9ba2-011c48011c48_17494</uuid>
                    </uuids>
                </item>
                <item>
                    <type>forum</type>
                    <uuids/>
                </item>
                <item>
                    <type>processModelFolder</type>
                    <uuids>
                        <uuid>_g-0000dd0b-a9d7-8000-f92f-7f0000014e7a_17</uuid>
                        <uuid>_g-0000dd0b-a9d7-8000-f92f-7f0000014e7a_18</uuid>
                        <uuid>_g-0000dd0b-a9d7-8000-f92f-7f0000014e7a_19</uuid>
                        <uuid>_g-0000dd0b-a9d7-8000-f92f-7f0000014e7a_20</uuid>
                        <uuid>_g-0000dd0b-a9d7-8000-f92f-7f0000014e7a_16</uuid>
                    </uuids>
                </item>
                <item>
                    <type>processModel</type>
                    <uuids>
                        <uuid>0002dd40-79e7-8000-f92f-7f0000014e7a</uuid>
                        <uuid>0002dd40-7a38-8000-f92f-7f0000014e7a</uuid>
                        <uuid>0002dd40-7b2e-8000-f92f-7f0000014e7a</uuid>
                        <uuid>0003dd30-fbba-8000-f92f-7f0000014e7a</uuid>
                    </uuids>
                </item>
                <item>
                    <type>portlet</type>
                    <uuids/>
                </item>
                <item>
                    <type>page</type>
                    <uuids/>
                </item>
                <item>
                    <type>application</type>
                    <uuids/>
                </item>
                <item>
                    <type>tempoFeed</type>
                    <uuids>
                        <uuid>e6983a1c-5385-4670-8ba8-6a2bdcd85d0a</uuid>
                    </uuids>
                </item>
                <item>
                    <type>recordType</type>
                    <uuids>
                        <uuid>SYSTEM_RECORD_TYPE_USER</uuid>
                    </uuids>
                </item>
                <item>
                    <type>tempoReport</type>
                    <uuids/>
                </item>
                <item>
                    <type>taskReport</type>
                    <uuids/>
                </item>
                <item>
                    <type>webApi</type>
                    <uuids/>
                </item>
                <item>
                    <type>site</type>
                    <uuids/>
                </item>
                <item>
                    <type>adminSetting</type>
                    <uuids/>
                </item>
                <item>
                    <type>thirdPartyCredentials</type>
                    <uuids/>
                </item>
                <item>
                    <type>dataSource</type>
                    <uuids/>
                </item>
            </globalIdMap>
        </associatedObjects>
        <applicationNavigation/>
        <applicationActions/>
        <associatedApplications>
            <globalIdMap>
                <item>
                    <type>datatype</type>
                    <uuids/>
                </item>
                <item>
                    <type>dataStore</type>
                    <uuids/>
                </item>
                <item>
                    <type>user</type>
                    <uuids/>
                </item>
                <item>
                    <type>groupType</type>
                    <uuids/>
                </item>
                <item>
                    <type>group</type>
                    <uuids/>
                </item>
                <item>
                    <type>content</type>
                    <uuids/>
                </item>
                <item>
                    <type>forum</type>
                    <uuids/>
                </item>
                <item>
                    <type>processModelFolder</type>
                    <uuids/>
                </item>
                <item>
                    <type>processModel</type>
                    <uuids/>
                </item>
                <item>
                    <type>portlet</type>
                    <uuids/>
                </item>
                <item>
                    <type>page</type>
                    <uuids/>
                </item>
                <item>
                    <type>application</type>
                    <uuids/>
                </item>
                <item>
                    <type>tempoFeed</type>
                    <uuids/>
                </item>
                <item>
                    <type>recordType</type>
                    <uuids/>
                </item>
                <item>
                    <type>tempoReport</type>
                    <uuids/>
                </item>
                <item>
                    <type>taskReport</type>
                    <uuids/>
                </item>
                <item>
                    <type>webApi</type>
                    <uuids/>
                </item>
                <item>
                    <type>site</type>
                    <uuids/>
                </item>
                <item>
                    <type>adminSetting</type>
                    <uuids/>
                </item>
                <item>
                    <type>thirdPartyCredentials</type>
                    <uuids/>
                </item>
                <item>
                    <type>dataSource</type>
                    <uuids/>
                </item>
            </globalIdMap>
        </associatedApplications>
    </application>
    <roleMap>
        <contentRoleMap public="true">
            <role allowForAll="false" inherit="false" name="readers">
                <users/>
                <groups>
                    <groupUuid>_e-0000dd29-17a1-8000-9aee-01075c01075c_98</groupUuid>
                </groups>
            </role>
            <role allowForAll="false" inherit="false" name="authors">
                <users/>
                <groups/>
            </role>
            <role allowForAll="false" inherit="false" name="administrators">
                <users/>
                <groups>
                    <groupUuid>_e-0000dd29-17a1-8000-9aee-01075c01075c_99</groupUuid>
                </groups>
            </role>
            <role allowForAll="false" inherit="false" name="denyReaders">
                <users/>
                <groups/>
            </role>
            <role allowForAll="false" inherit="false" name="denyAuthors">
                <users/>
                <groups/>
            </role>
            <role allowForAll="false" inherit="false" name="denyAdministrators">
                <users/>
                <groups/>
            </role>
        </contentRoleMap>
    </roleMap>
</applicationHaul>
