<?xml version="1.0" encoding="UTF-8" standalone="yes"?>
<applicationHaul xmlns:a="http://www.appian.com/ae/types/2009">
    <application>
        <name>Enterprise Fleet Management</name>
        <uuid>_a-0000dd16-247e-8000-9ba2-011c48011c48_6184</uuid>
        <description>All objects for the Enterprise Fleet Management (EFM) application</description>
        <parentUuid>SYSTEM_APPLICATIONS_ROOT</parentUuid>
        <visibility>
            <advertise>false</advertise>
            <hierarchy>true</hierarchy>
            <indexable>true</indexable>
            <quota>false</quota>
            <searchable>true</searchable>
            <system>false</system>
            <unlogged>false</unlogged>
        </visibility>
        <urlIdentifier>X_nlHQ</urlIdentifier>
        <published>true</published>
        <public>false</public>
        <associatedObjects>
            <globalIdMap>
                <item>
                    <type>datatype</type>
                    <uuids>
                        <uuid>{urn:com:appian:types:EFM}EFM_Vehicle</uuid>
                        <uuid>{urn:com:appian:types:EFM}EFM_Fleet</uuid>
                        <uuid>{urn:com:appian:types:EFM}EFM_V_User_Trips</uuid>
                        <uuid>{urn:com:appian:types:EFM}EFM_Location</uuid>
                        <uuid>{urn:com:appian:types:EFM}EFM_Trip</uuid>
                        <uuid>{urn:com:appian:types:EFM}EFM_HTW_Expenses</uuid>
                        <uuid>{urn:com:appian:types:EFM}EFM_R_Expense_Category</uuid>
                        <uuid>{urn:com:appian:types:EFM}EFM_R_Veh_Status</uuid>
                        <uuid>{urn:com:appian:types:EFM}EFM_R_Veh_Type</uuid>
                        <uuid>{urn:com:appian:types:EFM}EFM_Maintenance_Log</uuid>
                        <uuid>{urn:com:appian:types:EFM}EFM_V_UsageMetrics</uuid>
                        <uuid>{urn:com:appian:types:EFM}EFM_V_MaintenanceMetrics</uuid>
                        <uuid>{urn:com:appian:types:EFM}EFM_Vehicle_Usage</uuid>
                        <uuid>{urn:com:appian:types:EFM}EFM_Incident</uuid>
                        <uuid>{urn:com:appian:types:EFM}EFM_V_Vehicle</uuid>
                        <uuid>{urn:com:appian:types:EFM}EFM_Expense</uuid>
                        <uuid>{urn:com:appian:types:EFM}EFM_R_Event_Category</uuid>
                        <uuid>{urn:com:appian:types:EFM}EFM_V_VehicleExpense</uuid>
                    </uuids>
                </item>
                <item>
                    <type>dataStore</type>
                    <uuids>
                        <uuid>_a-0000dd16-5d72-8000-9ba2-011c48011c48_6219</uuid>
                        <uuid>_a-0000dd17-9077-8000-9ba2-011c48011c48_6529</uuid>
                        <uuid>_a-0000dd17-9077-8000-9ba2-011c48011c48_10757</uuid>
                    </uuids>
                </item>
                <item>
                    <type>user</type>
                    <uuids/>
                </item>
                <item>
                    <type>groupType</type>
                    <uuids/>
                </item>
                <item>
                    <type>group</type>
                    <uuids>
                        <uuid>_e-0000dd29-17a1-8000-9aee-01075c01075c_100</uuid>
                        <uuid>_e-0000dd29-17a1-8000-9aee-01075c01075c_101</uuid>
                    </uuids>
                </item>
                <item>
                    <type>content</type>
                    <uuids>
                        <uuid>_a-0000dd16-247e-8000-9ba2-011c48011c48_6183</uuid>
                        <uuid>_a-0000dd16-5d72-8000-9ba2-011c48011c48_6221</uuid>
                        <uuid>_a-0000dd16-5d72-8000-9ba2-011c48011c48_6222</uuid>
                        <uuid>_a-0000dd16-5d72-8000-9ba2-011c48011c48_6223</uuid>
                        <uuid>_a-0000dd16-5d72-8000-9ba2-011c48011c48_6224</uuid>
                        <uuid>_a-0000dd17-9077-8000-9ba2-011c48011c48_6345</uuid>
                        <uuid>_a-0000dd16-5d72-8000-9ba2-011c48011c48_6201</uuid>
                        <uuid>_a-0000dd16-5d72-8000-9ba2-011c48011c48_6207</uuid>
                        <uuid>95347629-632b-4cc5-bf2d-bea3e0e2b025</uuid>
                        <uuid>769ad0b2-ae5c-4c83-8d4a-2ce24f1ec78a</uuid>
                        <uuid>_a-0000dd16-247e-8000-9ba2-011c48011c48_6192</uuid>
                        <uuid>_a-0000dd16-785e-8000-9ba2-011c48011c48_6259</uuid>
                        <uuid>_a-0000dd16-5d72-8000-9ba2-011c48011c48_6197</uuid>
                        <uuid>_a-0000dd16-247e-8000-9ba2-011c48011c48_6191</uuid>
                        <uuid>_a-0000dd16-5d72-8000-9ba2-011c48011c48_6193</uuid>
                        <uuid>_a-0000dd16-5d72-8000-9ba2-011c48011c48_6194</uuid>
                        <uuid>_a-0000dd16-5d72-8000-9ba2-011c48011c48_6195</uuid>
                        <uuid>_a-0000dd16-5d72-8000-9ba2-011c48011c48_6196</uuid>
                        <uuid>_a-0000dd16-5d72-8000-9ba2-011c48011c48_6198</uuid>
                        <uuid>_a-0000dd16-5d72-8000-9ba2-011c48011c48_6199</uuid>
                        <uuid>_a-0000dd16-5d72-8000-9ba2-011c48011c48_6200</uuid>
                        <uuid>_a-0000dd16-5d72-8000-9ba2-011c48011c48_6202</uuid>
                        <uuid>_a-0000dd16-5d72-8000-9ba2-011c48011c48_6203</uuid>
                        <uuid>_a-0000dd16-5d72-8000-9ba2-011c48011c48_6204</uuid>
                        <uuid>_a-0000dd16-5d72-8000-9ba2-011c48011c48_6205</uuid>
                        <uuid>_a-0000dd16-5d72-8000-9ba2-011c48011c48_6206</uuid>
                        <uuid>_a-0000dd16-5d72-8000-9ba2-011c48011c48_6209</uuid>
                        <uuid>_a-0000dd16-5d72-8000-9ba2-011c48011c48_6210</uuid>
                        <uuid>_a-0000dd16-785e-8000-9ba2-011c48011c48_6260</uuid>
                        <uuid>_a-0000dd17-9077-8000-9ba2-011c48011c48_6348</uuid>
                        <uuid>_a-0000dd17-9077-8000-9ba2-011c48011c48_6431</uuid>
                        <uuid>_a-0000dd17-9077-8000-9ba2-011c48011c48_6478</uuid>
                        <uuid>_a-0000dd17-9077-8000-9ba2-011c48011c48_6480</uuid>
                        <uuid>7f28ea60-693a-4952-bbbc-effd6fd06858</uuid>
                        <uuid>_a-0000dd17-9077-8000-9ba2-011c48011c48_6439</uuid>
                        <uuid>_a-0000dd17-9077-8000-9ba2-011c48011c48_6466</uuid>
                        <uuid>_a-0000dd17-9077-8000-9ba2-011c48011c48_6467</uuid>
                        <uuid>11c2a43b-a659-4b39-b986-4f273d444f61</uuid>
                        <uuid>_a-0000dd17-9077-8000-9ba2-011c48011c48_6382</uuid>
                        <uuid>_a-0000dd17-9077-8000-9ba2-011c48011c48_6371</uuid>
                        <uuid>_a-0000dd17-9077-8000-9ba2-011c48011c48_6536</uuid>
                        <uuid>_a-0000dd17-9077-8000-9ba2-011c48011c48_6538</uuid>
                        <uuid>_a-0000dd17-9077-8000-9ba2-011c48011c48_6560</uuid>
                        <uuid>_a-0000dd17-9077-8000-9ba2-011c48011c48_6582</uuid>
                        <uuid>_a-0000dd17-9077-8000-9ba2-011c48011c48_6675</uuid>
                        <uuid>_a-0000dd17-9077-8000-9ba2-011c48011c48_6681</uuid>
                        <uuid>_a-0000dd17-9077-8000-9ba2-011c48011c48_6383</uuid>
                        <uuid>_a-0000dd17-9077-8000-9ba2-011c48011c48_6579</uuid>
                        <uuid>_a-0000dd17-9077-8000-9ba2-011c48011c48_6617</uuid>
                        <uuid>_a-0000dd0d-462c-8000-9ba2-011c48011c48_3645</uuid>
                        <uuid>_a-0000dd17-9077-8000-9ba2-011c48011c48_6616</uuid>
                        <uuid>_a-0000dd17-9077-8000-9ba2-011c48011c48_6698</uuid>
                        <uuid>_a-0000dd17-9077-8000-9ba2-011c48011c48_6703</uuid>
                        <uuid>_a-0000dd17-9077-8000-9ba2-011c48011c48_6715</uuid>
                        <uuid>_a-0000dd17-9077-8000-9ba2-011c48011c48_6728</uuid>
                        <uuid>_a-0000dd17-9077-8000-9ba2-011c48011c48_6737</uuid>
                        <uuid>_a-0000dd17-9077-8000-9ba2-011c48011c48_10707</uuid>
                        <uuid>_a-0000dd17-9077-8000-9ba2-011c48011c48_10708</uuid>
                        <uuid>_a-0000dd17-9077-8000-9ba2-011c48011c48_10710</uuid>
                        <uuid>_a-0000dd17-9077-8000-9ba2-011c48011c48_10785</uuid>
                        <uuid>_a-0000dd17-9077-8000-9ba2-011c48011c48_10786</uuid>
                        <uuid>_a-0000dd17-9077-8000-9ba2-011c48011c48_10787</uuid>
                        <uuid>_a-0000dd17-9077-8000-9ba2-011c48011c48_10798</uuid>
                        <uuid>_a-0000dd17-9077-8000-9ba2-011c48011c48_10804</uuid>
                        <uuid>_a-0000dd17-9077-8000-9ba2-011c48011c48_10837</uuid>
                        <uuid>_a-0000dd17-9077-8000-9ba2-011c48011c48_10840</uuid>
                        <uuid>_a-0000dd17-9077-8000-9ba2-011c48011c48_10844</uuid>
                        <uuid>_a-0000dc7a-bcb3-8000-9ba2-011c48011c48_6243</uuid>
                        <uuid>_a-0000dd17-9077-8000-9ba2-011c48011c48_10851</uuid>
                        <uuid>_a-0000dd17-9077-8000-9ba2-011c48011c48_10854</uuid>
                        <uuid>_a-0000dd17-9077-8000-9ba2-011c48011c48_10859</uuid>
                        <uuid>_a-0000dd17-9077-8000-9ba2-011c48011c48_10889</uuid>
                        <uuid>_a-0000dd17-9077-8000-9ba2-011c48011c48_10892</uuid>
                        <uuid>_a-0000dd17-9077-8000-9ba2-011c48011c48_10907</uuid>
                        <uuid>_a-0000dd17-9077-8000-9ba2-011c48011c48_10908</uuid>
                        <uuid>_a-0000dd17-9077-8000-9ba2-011c48011c48_10917</uuid>
                        <uuid>_a-0000dd17-9077-8000-9ba2-011c48011c48_11317</uuid>
                        <uuid>97653baa-1dec-48c2-96d2-75e613075f14</uuid>
                        <uuid>ea413e81-a177-41c0-b00d-d5fc33da8076</uuid>
                        <uuid>5bee599e-5e20-4c3a-b51a-51b1d0ed2693</uuid>
                        <uuid>_a-0000dd17-9077-8000-9ba2-011c48011c48_11314</uuid>
                        <uuid>6074d2b3-5d95-44f2-9a76-359b3ab785cf</uuid>
                        <uuid>b8c368ed-7975-4480-a12a-f8e5fe54a75e</uuid>
                        <uuid>4aa68a57-7053-4a0f-b871-18f8e665d0eb</uuid>
                        <uuid>d21eeabd-4dac-404e-9059-e75f6a9296f2</uuid>
                        <uuid>c7696a47-aa34-4704-8a98-174e9429d06a</uuid>
                        <uuid>_a-0000dd3a-bcbf-8000-9ba2-011c48011c48_14225</uuid>
                        <uuid>_a-0000dd3a-bcbf-8000-9ba2-011c48011c48_14370</uuid>
                        <uuid>_a-0000dd3a-bcbf-8000-9ba2-011c48011c48_14602</uuid>
                        <uuid>_a-0000dd3a-bcbf-8000-9ba2-011c48011c48_14341</uuid>
                        <uuid>_a-0000dd3a-bcbf-8000-9ba2-011c48011c48_14340</uuid>
                        <uuid>_a-0000dd3a-bcbf-8000-9ba2-011c48011c48_14306</uuid>
                        <uuid>_a-0000dd3a-bcbf-8000-9ba2-011c48011c48_14350</uuid>
                        <uuid>_a-0000dd3a-bcbf-8000-9ba2-011c48011c48_14348</uuid>
                        <uuid>_a-0000dd3a-bcbf-8000-9ba2-011c48011c48_14479</uuid>
                        <uuid>1a96e918-f3dc-4634-8afb-a33df7c5e283</uuid>
                        <uuid>35afe779-9c54-4495-8f07-b8da8319295c</uuid>
                        <uuid>e90ab4bd-24b8-49ab-8789-ca3e65b4571d</uuid>
                        <uuid>3ef4f44c-1743-4674-98ff-e9d2d711d3ed</uuid>
                        <uuid>224566e0-e2ee-482d-a7b5-fb31c27854f8</uuid>
                        <uuid>68a09f9a-5b5b-410e-b9b3-913c6e3c6f0c</uuid>
                        <uuid>_a-0000dd3a-bcbf-8000-9ba2-011c48011c48_15147</uuid>
                        <uuid>_a-0000dd3a-bcbf-8000-9ba2-011c48011c48_15148</uuid>
                        <uuid>259b2820-4ef7-424a-b372-c4c0fed920e6</uuid>
                        <uuid>_a-0000dd3a-bcbf-8000-9ba2-011c48011c48_15151</uuid>
                        <uuid>_a-0000dd3a-bcbf-8000-9ba2-011c48011c48_15152</uuid>
                        <uuid>_a-0000dd3a-bcbf-8000-9ba2-011c48011c48_15587</uuid>
                        <uuid>_a-0000dd3a-bcbf-8000-9ba2-011c48011c48_15588</uuid>
                        <uuid>_a-0000dd3a-bcbf-8000-9ba2-011c48011c48_15589</uuid>
                        <uuid>9aab9601-8c6d-4945-8903-d4908f3007b2</uuid>
                        <uuid>0a8c05e1-baf7-446a-bd22-d97719b8595f</uuid>
                        <uuid>_a-0000dd17-9077-8000-9ba2-011c48011c48_10789</uuid>
                        <uuid>_a-0000dd3a-bcbf-8000-9ba2-011c48011c48_15118</uuid>
                        <uuid>26619556-2ea2-45eb-9156-ad045f9de197</uuid>
                        <uuid>ff34266e-5c5a-44eb-9c92-5de68ba0ce14</uuid>
                        <uuid>2d948d60-492f-44f6-8af0-97272bff613f</uuid>
                        <uuid>_a-0000dd4b-0482-8000-9ba2-011c48011c48_18338</uuid>
                        <uuid>_a-0000dd4b-0482-8000-9ba2-011c48011c48_18350</uuid>
                        <uuid>_a-0000dd4b-0482-8000-9ba2-011c48011c48_18433</uuid>
                        <uuid>_a-0000dd4b-0482-8000-9ba2-011c48011c48_18449</uuid>
                        <uuid>_a-0000dd4b-0482-8000-9ba2-011c48011c48_18477</uuid>
                        <uuid>_a-0000dd4b-0482-8000-9ba2-011c48011c48_18501</uuid>
                        <uuid>_a-0000dd4b-0482-8000-9ba2-011c48011c48_18521</uuid>
                        <uuid>_a-0000dd4b-0482-8000-9ba2-011c48011c48_18522</uuid>
                        <uuid>_a-0000dd4b-0482-8000-9ba2-011c48011c48_18573</uuid>
                        <uuid>_a-0000dd4b-0482-8000-9ba2-011c48011c48_18596</uuid>
                        <uuid>_a-0000dd4b-0482-8000-9ba2-011c48011c48_18599</uuid>
                        <uuid>_a-0000dd4b-0482-8000-9ba2-011c48011c48_18630</uuid>
                        <uuid>_a-0000dd4b-0482-8000-9ba2-011c48011c48_18876</uuid>
                        <uuid>_a-0000dd4b-0482-8000-9ba2-011c48011c48_18877</uuid>
                        <uuid>_a-0000dd3a-bcbf-8000-9ba2-011c48011c48_15590</uuid>
                        <uuid>_a-0000dd3a-bcbf-8000-9ba2-011c48011c48_15591</uuid>
                        <uuid>43f10350-fe5f-4325-ac5a-6c13d049b285</uuid>
                        <uuid>e1fb0c43-9af8-4cdd-bbf1-bf97893ecb83</uuid>
                        <uuid>6f2d5e4b-0e11-4422-a440-2a184624e73f</uuid>
                        <uuid>c80a3de3-a7a9-4cb0-9f85-916c82a88fd0</uuid>
                        <uuid>4f3048bf-1870-4d82-bcb2-b91fc73c0a26</uuid>
                        <uuid>45d6696b-2f83-4ebe-a151-a294c988bede</uuid>
                        <uuid>0573d4fe-fcb5-4251-ad0e-081f618a4796</uuid>
                        <uuid>a70fde9e-02c9-4666-9403-5cf68c825fe2</uuid>
                        <uuid>8e5f4804-dbf5-4479-a963-d3981688aa3b</uuid>
                        <uuid>0c0b6242-00e8-455b-a0b6-0218494653ef</uuid>
                        <uuid>cd40b66b-5191-458c-a464-c9d51baebb4a</uuid>
                        <uuid>c391527e-f0cd-44b1-99c8-2d0c5ef48b02</uuid>
                        <uuid>_a-0000dd4b-0482-8000-9ba2-011c48011c48_18909</uuid>
                        <uuid>_a-0000dd4b-0482-8000-9ba2-011c48011c48_18913</uuid>
                        <uuid>_a-0000dd4b-0482-8000-9ba2-011c48011c48_18919</uuid>
                        <uuid>_a-0000dd4b-0482-8000-9ba2-011c48011c48_18922</uuid>
                        <uuid>_a-0000dd4b-0482-8000-9ba2-011c48011c48_18924</uuid>
                        <uuid>7c98133d-c841-4ff7-ab87-803e62aab0c1</uuid>
                        <uuid>60049f0e-bb06-4263-bc31-02bed043c9e0</uuid>
                        <uuid>8c29ccb3-91ab-422d-98c7-93cc1a8d6282</uuid>
                        <uuid>51c9ee7e-d413-4fbb-80ac-73c5e29381c6</uuid>
                        <uuid>abe97b64-adb3-44c1-ae8f-492a7cba079a</uuid>
                        <uuid>83216625-4c10-41a9-b646-2504a468113c</uuid>
                        <uuid>_a-0000dd16-785e-8000-9ba2-011c48011c48_6279</uuid>
                        <uuid>_a-0000dd17-9077-8000-9ba2-011c48011c48_6384</uuid>
                        <uuid>_a-0000dd4b-0482-8000-9ba2-011c48011c48_18189</uuid>
                        <uuid>_a-0000dd4b-0482-8000-9ba2-011c48011c48_18190</uuid>
                        <uuid>_a-0000dd4b-0482-8000-9ba2-011c48011c48_18415</uuid>
                    </uuids>
                </item>
                <item>
                    <type>forum</type>
                    <uuids/>
                </item>
                <item>
                    <type>processModelFolder</type>
                    <uuids>
                        <uuid>_g-0000dd16-76eb-8000-f92f-7f0000014e7a_13</uuid>
                        <uuid>_g-0000dd16-76eb-8000-f92f-7f0000014e7a_11</uuid>
                        <uuid>_g-0000dd16-76eb-8000-f92f-7f0000014e7a_19</uuid>
                        <uuid>_g-0000dd16-76eb-8000-f92f-7f0000014e7a_51</uuid>
                        <uuid>_g-0000dd16-76eb-8000-f92f-7f0000014e7a_14</uuid>
                    </uuids>
                </item>
                <item>
                    <type>processModel</type>
                    <uuids>
                        <uuid>0002dd1d-41bf-8000-f92f-7f0000014e7a</uuid>
                        <uuid>0002dd1d-41da-8000-f92f-7f0000014e7a</uuid>
                        <uuid>0002dd1d-4268-8000-f92f-7f0000014e7a</uuid>
                        <uuid>0002dd1e-1d66-8000-f92f-7f0000014e7a</uuid>
                        <uuid>0002dd1f-8b81-8000-f92f-7f0000014e7a</uuid>
                        <uuid>0005dd21-190c-8000-f92f-7f0000014e7a</uuid>
                        <uuid>0002dd38-871e-8000-f92f-7f0000014e7a</uuid>
                        <uuid>0002dd38-902b-8000-f92f-7f0000014e7a</uuid>
                        <uuid>0002dd39-fd0d-8000-f92f-7f0000014e7a</uuid>
                        <uuid>0006dd3a-bade-8000-f92f-7f0000014e7a</uuid>
                        <uuid>0003dd3c-96f5-8000-f92f-7f0000014e7a</uuid>
                        <uuid>0003dd3c-971d-8000-f92f-7f0000014e7a</uuid>
                        <uuid>0003dd3c-972e-8000-f92f-7f0000014e7a</uuid>
                        <uuid>0003dd3b-38ef-8000-f92f-7f0000014e7a</uuid>
                        <uuid>0003dd3b-3941-8000-f92f-7f0000014e7a</uuid>
                        <uuid>0003dd3b-398f-8000-f92f-7f0000014e7a</uuid>
                        <uuid>0003dd3b-3a15-8000-f92f-7f0000014e7a</uuid>
                        <uuid>0003dd3c-867f-8000-f92f-7f0000014e7a</uuid>
                        <uuid>0002dd5f-1023-8000-f92f-7f0000014e7a</uuid>
                        <uuid>0002dd5f-16c3-8000-f92f-7f0000014e7a</uuid>
                        <uuid>0002dd5f-1868-8000-f92f-7f0000014e7a</uuid>
                        <uuid>0003dd61-860d-8000-f92f-7f0000014e7a</uuid>
                    </uuids>
                </item>
                <item>
                    <type>portlet</type>
                    <uuids/>
                </item>
                <item>
                    <type>page</type>
                    <uuids/>
                </item>
                <item>
                    <type>application</type>
                    <uuids/>
                </item>
                <item>
                    <type>tempoFeed</type>
                    <uuids/>
                </item>
                <item>
                    <type>recordType</type>
                    <uuids>
                        <uuid>74e39b97-ced7-48df-b80e-a2007d32b4b1</uuid>
                        <uuid>bdab2494-1e1c-4d75-ae98-013290c12d4e</uuid>
                        <uuid>37d7a923-8077-479f-98c9-df878ca8ce89</uuid>
                    </uuids>
                </item>
                <item>
                    <type>tempoReport</type>
                    <uuids>
                        <uuid>76582b8d-2daa-4173-b46a-9fd399e780dd</uuid>
                        <uuid>e8fc8d8d-3b32-44a6-8b2d-67e418df0ce1</uuid>
                    </uuids>
                </item>
                <item>
                    <type>taskReport</type>
                    <uuids>
                        <uuid>f2f952f0-119f-4aa4-b7e6-44d4c820afb2</uuid>
                    </uuids>
                </item>
                <item>
                    <type>webApi</type>
                    <uuids/>
                </item>
                <item>
                    <type>site</type>
                    <uuids>
                        <uuid>4e1ab4eb-22b8-4eae-a7d4-eb3f97433210</uuid>
                    </uuids>
                </item>
                <item>
                    <type>adminSetting</type>
                    <uuids/>
                </item>
                <item>
                    <type>thirdPartyCredentials</type>
                    <uuids/>
                </item>
                <item>
                    <type>dataSource</type>
                    <uuids/>
                </item>
            </globalIdMap>
        </associatedObjects>
        <applicationNavigation/>
        <applicationActions>
            <action>
                <displayLabel>Add a Trip (HtW)</displayLabel>
                <description>Create a home-to-work trip</description>
                <processModelUuid>0002dd1e-1d66-8000-f92f-7f0000014e7a</processModelUuid>
                <actionUuid>2f0428d6-d584-4504-bbb4-f7d93ad22026</actionUuid>
            </action>
            <action>
                <displayLabel>Request Vehicle Access</displayLabel>
                <description>Request Access for Home to Work</description>
                <processModelUuid>0003dd61-860d-8000-f92f-7f0000014e7a</processModelUuid>
                <actionUuid>9b3da608-fa83-4255-a90d-9393135ed999</actionUuid>
            </action>
            <action>
                <displayLabel>Add Vehicle (EFM)</displayLabel>
                <description>Add a vehicle to the inventory</description>
                <processModelUuid>0002dd38-871e-8000-f92f-7f0000014e7a</processModelUuid>
                <actionUuid>51c1576e-80fd-4619-a2fd-4269e8bff765</actionUuid>
            </action>
        </applicationActions>
        <associatedApplications>
            <globalIdMap>
                <item>
                    <type>datatype</type>
                    <uuids/>
                </item>
                <item>
                    <type>dataStore</type>
                    <uuids/>
                </item>
                <item>
                    <type>user</type>
                    <uuids/>
                </item>
                <item>
                    <type>groupType</type>
                    <uuids/>
                </item>
                <item>
                    <type>group</type>
                    <uuids/>
                </item>
                <item>
                    <type>content</type>
                    <uuids/>
                </item>
                <item>
                    <type>forum</type>
                    <uuids/>
                </item>
                <item>
                    <type>processModelFolder</type>
                    <uuids/>
                </item>
                <item>
                    <type>processModel</type>
                    <uuids/>
                </item>
                <item>
                    <type>portlet</type>
                    <uuids/>
                </item>
                <item>
                    <type>page</type>
                    <uuids/>
                </item>
                <item>
                    <type>application</type>
                    <uuids/>
                </item>
                <item>
                    <type>tempoFeed</type>
                    <uuids/>
                </item>
                <item>
                    <type>recordType</type>
                    <uuids/>
                </item>
                <item>
                    <type>tempoReport</type>
                    <uuids/>
                </item>
                <item>
                    <type>taskReport</type>
                    <uuids/>
                </item>
                <item>
                    <type>webApi</type>
                    <uuids/>
                </item>
                <item>
                    <type>site</type>
                    <uuids/>
                </item>
                <item>
                    <type>adminSetting</type>
                    <uuids/>
                </item>
                <item>
                    <type>thirdPartyCredentials</type>
                    <uuids/>
                </item>
                <item>
                    <type>dataSource</type>
                    <uuids/>
                </item>
            </globalIdMap>
        </associatedApplications>
    </application>
    <roleMap>
        <contentRoleMap public="true">
            <role allowForAll="false" inherit="false" name="readers">
                <users/>
                <groups/>
            </role>
            <role allowForAll="false" inherit="false" name="authors">
                <users/>
                <groups/>
            </role>
            <role allowForAll="false" inherit="false" name="administrators">
                <users>
                    <userUuid>justin.watts</userUuid>
                </users>
                <groups/>
            </role>
            <role allowForAll="false" inherit="false" name="denyReaders">
                <users/>
                <groups/>
            </role>
            <role allowForAll="false" inherit="false" name="denyAuthors">
                <users/>
                <groups/>
            </role>
            <role allowForAll="false" inherit="false" name="denyAdministrators">
                <users/>
                <groups/>
            </role>
        </contentRoleMap>
    </roleMap>
</applicationHaul>
