<?xml version="1.0" encoding="UTF-8" standalone="yes"?>
<contentHaul xmlns:a="http://www.appian.com/ae/types/2009">
    <rule>
        <name>AF_QRY_getUser</name>
        <uuid>395e446b-5820-446e-92bd-93aa1cc474c7</uuid>
        <description>Gets users from the AF_USER table</description>
        <parentUuid>_a-0000dd0d-462c-8000-9ba2-011c48011c48_3654</parentUuid>
        <visibility>
            <advertise>false</advertise>
            <hierarchy>true</hierarchy>
            <indexable>true</indexable>
            <quota>false</quota>
            <searchable>true</searchable>
            <system>false</system>
            <unlogged>false</unlogged>
        </visibility>
        <definition>#&quot;fdea6255-5ee8-42a2-bdb1-aace3c917d86&quot;(
  entity: #&quot;_a-0000dd4b-0482-8000-9ba2-011c48011c48_15884&quot;,
  columns: ri!columns,
  logicalExpression: #&quot;SYSTEM_SYSRULES_queryLogicalExpression&quot;(
    operator: &quot;AND&quot;,
    logicalExpressions: {
      if(isnull(ri!fullName),
        {},
        #&quot;SYSTEM_SYSRULES_queryLogicalExpression&quot;(
          operator: &quot;OR&quot;,
          filters: {
            if(isnull(ri!fullName), {}, #&quot;SYSTEM_SYSRULES_queryFilter&quot;(field: &quot;firstName&quot;, operator: &quot;includes&quot;, value: ri!fullName)),
            if(isnull(ri!fullName), {}, #&quot;SYSTEM_SYSRULES_queryFilter&quot;(field: &quot;lastName&quot;, operator: &quot;includes&quot;, value: ri!fullName))
          }
        )
      )
    },
    filters: {
      #&quot;SYSTEM_SYSRULES_queryFilter&quot;(field: &quot;id&quot;, operator: &quot;not null&quot;),
      if(isnull(ri!appianUsername), {}, #&quot;SYSTEM_SYSRULES_queryFilter&quot;(field: &quot;appianUsername&quot;, operator: &quot;includes&quot;, value: ri!appianUsername)),
      if(#&quot;2168a5de-fb70-4d66-8b97-b547e3ac6e57&quot;(ri!userId), {}, #&quot;SYSTEM_SYSRULES_queryFilter&quot;(field: &quot;id&quot;, operator: &quot;in&quot;, value: ri!userId))
    }
  ),
  pagingInfo: ri!pagingInfo
)</definition>
        <namedTypedValue>
            <name>columns</name>
            <type>
                <name>Text?list</name>
                <namespace>http://www.appian.com/ae/types/2009</namespace>
            </type>
        </namedTypedValue>
        <namedTypedValue>
            <name>pagingInfo</name>
            <type>
                <name>PagingInfo</name>
                <namespace>http://www.appian.com/ae/types/2009</namespace>
            </type>
        </namedTypedValue>
        <namedTypedValue>
            <name>appianUsername</name>
            <type>
                <name>string</name>
                <namespace>http://www.w3.org/2001/XMLSchema</namespace>
            </type>
            <value/>
        </namedTypedValue>
        <namedTypedValue>
            <name>userId</name>
            <type>
                <name>Integer?list</name>
                <namespace>http://www.appian.com/ae/types/2009</namespace>
            </type>
        </namedTypedValue>
        <namedTypedValue>
            <name>fullName</name>
            <type>
                <name>string</name>
                <namespace>http://www.w3.org/2001/XMLSchema</namespace>
            </type>
            <value/>
        </namedTypedValue>
        <preferredEditor>legacy</preferredEditor>
        <offlineEnabled>false</offlineEnabled>
    </rule>
    <roleMap public="true">
        <role allowForAll="true" inherit="false" name="readers">
            <users/>
            <groups/>
        </role>
        <role allowForAll="true" inherit="false" name="authors">
            <users/>
            <groups/>
        </role>
        <role allowForAll="false" inherit="false" name="administrators">
            <users/>
            <groups>
                <groupUuid>_e-0000dd29-17a1-8000-9aee-01075c01075c_99</groupUuid>
            </groups>
        </role>
        <role allowForAll="false" inherit="false" name="denyReaders">
            <users/>
            <groups/>
        </role>
        <role allowForAll="false" inherit="false" name="denyAuthors">
            <users/>
            <groups/>
        </role>
        <role allowForAll="false" inherit="false" name="denyAdministrators">
            <users/>
            <groups/>
        </role>
    </roleMap>
</contentHaul>
