<?xml version="1.0" encoding="UTF-8" standalone="yes"?>
<contentHaul xmlns:a="http://www.appian.com/ae/types/2009">
    <rule>
        <name>AF_SCT_News_bulletinMessageDetails</name>
        <uuid>_a-0000dd3a-bcbf-8000-9ba2-011c48011c48_14870</uuid>
        <description>Bulletin Message details</description>
        <parentUuid>_a-0000dd0d-462c-8000-9ba2-011c48011c48_3646</parentUuid>
        <visibility>
            <advertise>false</advertise>
            <hierarchy>true</hierarchy>
            <indexable>true</indexable>
            <quota>false</quota>
            <searchable>true</searchable>
            <system>false</system>
            <unlogged>false</unlogged>
        </visibility>
        <definition>=load(
    {#&quot;SYSTEM_SYSRULES_sectionLayout&quot;(
      label: &quot;Bulletin Message Details&quot;,
      firstColumnContents: {
        #&quot;fa8d3278-99cb-48cb-b4c8-5602158660a9&quot;(
          label: &quot;Start Date&quot;,
          value: ri!bulletinMessage.start,
          saveInto: ri!bulletinMessage.start,
          validations: if(#&quot;2168a5de-fb70-4d66-8b97-b547e3ac6e57&quot;(ri!bulletinMessage.start), &quot;&quot;, if(ri!bulletinMessage.start&lt;today(), &quot;Value cannot be a past date&quot;, &quot;&quot;))
        ),
        #&quot;fa8d3278-99cb-48cb-b4c8-5602158660a9&quot;(
          label: &quot;End Date&quot;,
          value: ri!bulletinMessage.end,
          saveInto: ri!bulletinMessage.end,
          validations: if(#&quot;2168a5de-fb70-4d66-8b97-b547e3ac6e57&quot;(ri!bulletinMessage.end), &quot;&quot;, if(ri!bulletinMessage.end&lt;ri!bulletinMessage.start, &quot;Value must be greater than Start Date&quot;, &quot;&quot;))
        )
      },
      secondColumnContents: {
        #&quot;_a-0000dd0d-462c-8000-9ba2-011c48011c48_3690&quot;(
          label: &quot;Source&quot;,
          readOnly: false,
          required: true,
          value: ri!source,
          saveInto: ri!source,
          validations: #&quot;b454db67-6211-40e7-9591-49b09bffedd5&quot;(
            value: ri!source,
            maxLength: 50
          )
        ),
        #&quot;SYSTEM_SYSRULES_pickerFieldUsersAndGroups&quot;(
          label: &quot;Viewers&quot;,
          readOnly: false,
          required: true,
          groupFilter: #&quot;_a-0000dd3a-bcbf-8000-9ba2-011c48011c48_14882&quot;,
          value: ri!viewers,
          saveInto: ri!viewers
        )
      }
    ),
    #&quot;SYSTEM_SYSRULES_sectionLayout&quot;(
      firstColumnContents: {
        #&quot;_a-0000dd0d-462c-8000-9ba2-011c48011c48_3687&quot;(
          label: &quot;Message&quot;,
          readOnly: false,
          required: true,
          height: &quot;TALL&quot;,
          value: ri!bulletinMessage.text,
          saveInto: ri!bulletinMessage.text,
          validations: #&quot;b454db67-6211-40e7-9591-49b09bffedd5&quot;(
            value: ri!bulletinMessage.text,
            maxLength: 4000
          )
        ),
        #&quot;SYSTEM_SYSRULES_applyComponents&quot;(
          function: #&quot;_a-0000dd3a-bcbf-8000-9ba2-011c48011c48_14855&quot;(
            label: &quot;Attachments&quot;,
            files: ri!attachments,
            index: _,
            target: #&quot;_a-0000dd3a-bcbf-8000-9ba2-011c48011c48_14869&quot;
          ),
          array: 1 + fn!enumerate(1 + length({ri!attachments})) 
        )
      },
      secondColumnContents: {}
    )
    }
)</definition>
        <namedTypedValue>
            <name>bulletinMessage</name>
            <type>
                <name>AF_Bulletin_Message</name>
                <namespace>urn:com:appian:types:AF</namespace>
            </type>
        </namedTypedValue>
        <namedTypedValue>
            <name>source</name>
            <type>
                <name>string</name>
                <namespace>http://www.w3.org/2001/XMLSchema</namespace>
            </type>
            <value/>
        </namedTypedValue>
        <namedTypedValue>
            <name>viewers</name>
            <type>
                <name>UserOrGroup?list</name>
                <namespace>http://www.appian.com/ae/types/2009</namespace>
            </type>
        </namedTypedValue>
        <namedTypedValue>
            <name>attachments</name>
            <type>
                <name>CollaborationDocument?list</name>
                <namespace>http://www.appian.com/ae/types/2009</namespace>
            </type>
        </namedTypedValue>
        <preferredEditor>interface</preferredEditor>
        <offlineEnabled>false</offlineEnabled>
    </rule>
    <roleMap public="true">
        <role allowForAll="true" inherit="false" name="readers">
            <users/>
            <groups/>
        </role>
        <role allowForAll="true" inherit="false" name="authors">
            <users/>
            <groups/>
        </role>
        <role allowForAll="false" inherit="false" name="administrators">
            <users/>
            <groups>
                <groupUuid>_e-0000dd29-17a1-8000-9aee-01075c01075c_99</groupUuid>
            </groups>
        </role>
        <role allowForAll="false" inherit="false" name="denyReaders">
            <users/>
            <groups/>
        </role>
        <role allowForAll="false" inherit="false" name="denyAuthors">
            <users/>
            <groups/>
        </role>
        <role allowForAll="false" inherit="false" name="denyAdministrators">
            <users/>
            <groups/>
        </role>
    </roleMap>
    <typedValue>
        <type>
            <name>RuleTestConfig?list</name>
            <namespace>http://www.appian.com/ae/types/2009</namespace>
        </type>
        <value>
            <el>
                <a:name/>
                <a:ruleInputTestConfigs>
                    <a:value xmlns:n1="urn:com:appian:types:AF" xmlns:xsi="http://www.w3.org/2001/XMLSchema-instance" xsi:nil="true" xsi:type="n1:AF_Bulletin_Message"/>
                    <a:nameRef>bulletinMessage</a:nameRef>
                    <a:id/>
                </a:ruleInputTestConfigs>
                <a:ruleInputTestConfigs>
                    <a:value xmlns:xsd="http://www.w3.org/2001/XMLSchema" xmlns:xsi="http://www.w3.org/2001/XMLSchema-instance" xsi:type="xsd:string"/>
                    <a:nameRef>source</a:nameRef>
                    <a:id/>
                </a:ruleInputTestConfigs>
                <a:ruleInputTestConfigs>
                    <a:nameRef>viewers</a:nameRef>
                    <a:id/>
                </a:ruleInputTestConfigs>
                <a:ruleInputTestConfigs>
                    <a:nameRef>attachments</a:nameRef>
                    <a:id/>
                </a:ruleInputTestConfigs>
                <a:assertions xmlns:xsi="http://www.w3.org/2001/XMLSchema-instance" xsi:nil="true"/>
            </el>
        </value>
    </typedValue>
</contentHaul>
