<?xml version="1.0" encoding="UTF-8" standalone="yes"?>
<contentHaul xmlns:a="http://www.appian.com/ae/types/2009">
    <rule>
        <name>AF_RULE_Utility_getUsersAndGroupsFromText</name>
        <uuid>_a-0000dd72-ed8d-8000-9ba2-011c48011c48_25470</uuid>
        <description>Given text, it will return the corresponding users and groups.
returnType is optional and it can be USER, GROUP, or BOTH</description>
        <parentUuid>_a-0000dd0d-462c-8000-9ba2-011c48011c48_3647</parentUuid>
        <visibility>
            <advertise>false</advertise>
            <hierarchy>true</hierarchy>
            <indexable>true</indexable>
            <quota>false</quota>
            <searchable>true</searchable>
            <system>false</system>
            <unlogged>false</unlogged>
        </visibility>
        <definition>=with(
  local!array: split(stripwith(ri!text, &quot; &quot;), #&quot;_a-0000dd0d-462c-8000-9ba2-011c48011c48_4238&quot;),
  
  if(#&quot;2168a5de-fb70-4d66-8b97-b547e3ac6e57&quot;(ri!text), {},
    {
      if(ri!returnType=&quot;USER&quot;,
        {},
        togroup(extract(ri!text, &quot;[Group:&quot;, &quot;]&quot;))
      ),
      if(ri!returnType=&quot;GROUP&quot;,
        {},
        touser(index(local!array, 
        where(apply(isusernametaken(_), local!array)), {}))
      )
    }
  )
)</definition>
        <namedTypedValue>
            <name>text</name>
            <type>
                <name>string</name>
                <namespace>http://www.w3.org/2001/XMLSchema</namespace>
            </type>
            <value/>
        </namedTypedValue>
        <namedTypedValue>
            <name>returnType</name>
            <type>
                <name>string</name>
                <namespace>http://www.w3.org/2001/XMLSchema</namespace>
            </type>
            <value/>
        </namedTypedValue>
        <preferredEditor>legacy</preferredEditor>
        <offlineEnabled>false</offlineEnabled>
    </rule>
    <roleMap public="true">
        <role allowForAll="false" inherit="true" name="readers">
            <users/>
            <groups/>
        </role>
        <role allowForAll="false" inherit="true" name="authors">
            <users/>
            <groups/>
        </role>
        <role allowForAll="false" inherit="true" name="administrators">
            <users/>
            <groups/>
        </role>
        <role allowForAll="false" inherit="false" name="denyReaders">
            <users/>
            <groups/>
        </role>
        <role allowForAll="false" inherit="false" name="denyAuthors">
            <users/>
            <groups/>
        </role>
        <role allowForAll="false" inherit="false" name="denyAdministrators">
            <users/>
            <groups/>
        </role>
    </roleMap>
</contentHaul>
