<?xml version="1.0" encoding="UTF-8" standalone="yes"?>
<contentHaul xmlns:a="http://www.appian.com/ae/types/2009">
    <rule>
        <name>AF_FRM_DocBrowser_uploadDocument</name>
        <uuid>_a-0000dd8b-d239-8000-9ba2-011c48011c48_27034</uuid>
        <description>The form used for upload a new document or uploading a new version of the document.</description>
        <parentUuid>_a-0000dd0d-462c-8000-9ba2-011c48011c48_3640</parentUuid>
        <visibility>
            <advertise>false</advertise>
            <hierarchy>true</hierarchy>
            <indexable>true</indexable>
            <quota>false</quota>
            <searchable>true</searchable>
            <system>false</system>
            <unlogged>false</unlogged>
        </visibility>
        <definition>=load(
  local!documents,
  #&quot;SYSTEM_SYSRULES_formLayout&quot;(
    label: &quot;File Upload&quot;,
    instructions: 
      if(#&quot;2168a5de-fb70-4d66-8b97-b547e3ac6e57&quot;(ri!selectedVal),
        &quot;Select a file to upload&quot;,
        if(#&quot;_a-0000dd8b-d239-8000-9ba2-011c48011c48_26910&quot;(ri!selectedVal),
          concat(
            &quot;Select a file to upload to &quot;,
            folder(tofolder(ri!selectedVal), &quot;name&quot;)
          ),
          concat(
            &quot;Upload a new version of &quot;,
            document(todocument(ri!selectedVal), &quot;name&quot;),
            &quot;.  Note: the file's extension must be .&quot;,
            document(todocument(ri!selectedVal), &quot;extension&quot;)
          )
        )
      ) &amp;&quot;.  To cancel and return to the document browser, please remove any previously selected file(s).&quot;,
    firstColumnContents: {
      #&quot;SYSTEM_SYSRULES_sectionLayout&quot;(
        firstColumnContents: {
          if(#&quot;_a-0000dd8b-d239-8000-9ba2-011c48011c48_26910&quot;(ri!selectedVal),
            #&quot;SYSTEM_SYSRULES_applyComponents&quot;(
              function: #&quot;_a-0000dd3a-bcbf-8000-9ba2-011c48011c48_14855&quot;(
                labelPosition: &quot;COLLAPSED&quot;,
                files: local!documents,
                index: _,
                target: ri!selectedVal
              ),
              array: 1 + fn!enumerate(1 + length({local!documents})) 
            ),
            #&quot;SYSTEM_SYSRULES_fileUploadField&quot;(
              labelPosition: &quot;COLLAPSED&quot;,
              target: ri!selectedVal,
              value: local!documents,
              saveInto: local!documents
            )
          )
        }
      ),
      if(#&quot;2168a5de-fb70-4d66-8b97-b547e3ac6e57&quot;(ri!selectedVal),
        {},
        if(#&quot;_a-0000dd8b-d239-8000-9ba2-011c48011c48_26910&quot;(ri!selectedVal),
          {},
          #&quot;_a-0000ddb3-1b8d-8000-9ba2-011c48011c48_35026&quot;(document: todocument(ri!selectedVal))
        )
      )
    },
    secondColumnContents: {},
    buttons: #&quot;SYSTEM_SYSRULES_ButtonLayout&quot;(
      primaryButtons: {
        #&quot;SYSTEM_SYSRULES_ButtonWidgetSubmit&quot;(
          label: #&quot;_a-0000ddb3-1b8d-8000-9ba2-011c48011c48_34982&quot;,
          style: &quot;PRIMARY&quot;,
          value: #&quot;_a-0000ddb3-1b8d-8000-9ba2-011c48011c48_34982&quot;,
          saveInto: ri!buttonClicked,
          disabled: #&quot;2168a5de-fb70-4d66-8b97-b547e3ac6e57&quot;(local!documents)
        )
      },
      secondaryButtons: {
        #&quot;SYSTEM_SYSRULES_ButtonWidgetSubmit&quot;(
          label: #&quot;_a-0000dd0d-462c-8000-9ba2-011c48011c48_5426&quot;,
          value: #&quot;_a-0000dd0d-462c-8000-9ba2-011c48011c48_5426&quot;,
          saveInto: ri!buttonClicked,
          disabled: not(#&quot;2168a5de-fb70-4d66-8b97-b547e3ac6e57&quot;(local!documents))
        )
      }
    ),
    validations: {}
  )
)</definition>
        <namedTypedValue>
            <name>selectedVal</name>
            <type>
                <name>CollaborationDocumentOrFolder</name>
                <namespace>http://www.appian.com/ae/types/2009</namespace>
            </type>
        </namedTypedValue>
        <namedTypedValue>
            <name>buttonClicked</name>
            <type>
                <name>string</name>
                <namespace>http://www.w3.org/2001/XMLSchema</namespace>
            </type>
            <value/>
        </namedTypedValue>
        <preferredEditor>interface</preferredEditor>
        <offlineEnabled>false</offlineEnabled>
    </rule>
    <roleMap public="true">
        <role allowForAll="false" inherit="true" name="readers">
            <users/>
            <groups/>
        </role>
        <role allowForAll="false" inherit="true" name="authors">
            <users/>
            <groups/>
        </role>
        <role allowForAll="false" inherit="true" name="administrators">
            <users>
                <userUuid>bilal.ali</userUuid>
            </users>
            <groups/>
        </role>
        <role allowForAll="false" inherit="false" name="denyReaders">
            <users/>
            <groups/>
        </role>
        <role allowForAll="false" inherit="false" name="denyAuthors">
            <users/>
            <groups/>
        </role>
        <role allowForAll="false" inherit="false" name="denyAdministrators">
            <users/>
            <groups/>
        </role>
    </roleMap>
    <typedValue>
        <type>
            <name>RuleTestConfig?list</name>
            <namespace>http://www.appian.com/ae/types/2009</namespace>
        </type>
        <value>
            <el>
                <a:name/>
                <a:ruleInputTestConfigs>
                    <a:nameRef>selectedVal</a:nameRef>
                    <a:id/>
                </a:ruleInputTestConfigs>
                <a:ruleInputTestConfigs>
                    <a:value xmlns:xsd="http://www.w3.org/2001/XMLSchema" xmlns:xsi="http://www.w3.org/2001/XMLSchema-instance" xsi:type="xsd:string"/>
                    <a:nameRef>buttonClicked</a:nameRef>
                    <a:id/>
                </a:ruleInputTestConfigs>
                <a:assertions xmlns:xsi="http://www.w3.org/2001/XMLSchema-instance" xsi:nil="true"/>
            </el>
        </value>
    </typedValue>
</contentHaul>
