<?xml version="1.0" encoding="UTF-8" standalone="yes"?>
<contentHaul xmlns:a="http://www.appian.com/ae/types/2009">
    <rule>
        <name>AF_RULE_General_safeSortPrimitiveArray</name>
        <uuid>_a-0000dd72-ed8d-8000-9ba2-011c48011c48_26154</uuid>
        <description>Will sort a primitive array. Null-safe. Ascending is optional</description>
        <parentUuid>_a-0000dd0d-462c-8000-9ba2-011c48011c48_3645</parentUuid>
        <visibility>
            <advertise>false</advertise>
            <hierarchy>true</hierarchy>
            <indexable>true</indexable>
            <quota>false</quota>
            <searchable>true</searchable>
            <system>false</system>
            <unlogged>false</unlogged>
        </visibility>
        <definition>if(&#xD;
  or(isnull(ri!array), count(ri!array)=0, len(ri!array)=0, length({ri!array})=0),&#xD;
  {},&#xD;
  with(&#xD;
    local!listTypeId: typeof(ri!array),&#xD;
    local!typeId: typeof(ri!array[1]),&#xD;
    local!dictionaries: apply(&#xD;
      #&quot;_a-0000ddb3-1b8d-8000-9ba2-011c48011c48_35211&quot;(&#xD;
        arrayToSort: ri!array,&#xD;
        typeId: local!typeId,&#xD;
        index: _&#xD;
      ),&#xD;
      1+enumerate(length(ri!array))&#xD;
    ),&#xD;
    cast(&#xD;
      local!listTypeId,&#xD;
      todatasubset(&#xD;
        local!dictionaries,&#xD;
        #&quot;SYSTEM_SYSRULES_pagingInfo&quot;(&#xD;
          startIndex: 1,&#xD;
          batchSize: length(ri!array),&#xD;
          sort: #&quot;SYSTEM_SYSRULES_sortInfo&quot;(&#xD;
            field: &quot;toSort&quot;,&#xD;
            ascending: ri!ascending&#xD;
          )&#xD;
        )&#xD;
      ).data.toSort&#xD;
    )&#xD;
  )&#xD;
)</definition>
        <namedTypedValue>
            <name>array</name>
            <type>
                <name>Variant</name>
                <namespace>http://www.appian.com/ae/types/2009</namespace>
            </type>
        </namedTypedValue>
        <namedTypedValue>
            <name>ascending</name>
            <type>
                <name>boolean</name>
                <namespace>http://www.w3.org/2001/XMLSchema</namespace>
            </type>
        </namedTypedValue>
        <preferredEditor>legacy</preferredEditor>
        <offlineEnabled>false</offlineEnabled>
    </rule>
    <roleMap public="true">
        <role allowForAll="false" inherit="true" name="readers">
            <users/>
            <groups/>
        </role>
        <role allowForAll="false" inherit="true" name="authors">
            <users/>
            <groups/>
        </role>
        <role allowForAll="false" inherit="true" name="administrators">
            <users/>
            <groups/>
        </role>
        <role allowForAll="false" inherit="false" name="denyReaders">
            <users/>
            <groups/>
        </role>
        <role allowForAll="false" inherit="false" name="denyAuthors">
            <users/>
            <groups/>
        </role>
        <role allowForAll="false" inherit="false" name="denyAdministrators">
            <users/>
            <groups/>
        </role>
    </roleMap>
</contentHaul>
