<?xml version="1.0" encoding="UTF-8" standalone="yes"?>
<contentHaul xmlns:a="http://www.appian.com/ae/types/2009">
    <rule>
        <name>AF_RULE_General_resizeMultipleFileUploadArray</name>
        <uuid>_a-0000dd3a-bcbf-8000-9ba2-011c48011c48_14859</uuid>
        <description>Add or remove files from an array of applied file upload components</description>
        <parentUuid>_a-0000dd0d-462c-8000-9ba2-011c48011c48_3645</parentUuid>
        <visibility>
            <advertise>false</advertise>
            <hierarchy>true</hierarchy>
            <indexable>true</indexable>
            <quota>false</quota>
            <searchable>true</searchable>
            <system>false</system>
            <unlogged>false</unlogged>
        </visibility>
        <definition>=if(                                &#xD;
  and(&#xD;
    not(isnull(ri!value)),          &#xD;
    ri!index = 1 + length({ri!array}) &#xD;
  ),&#xD;
  append(&#xD;
    ri!array,&#xD;
    ri!value                        &#xD;
  ),&#xD;
  if(                               &#xD;
    isnull(ri!value),&#xD;
	if(isnull(ri!array),{},&#xD;
	if(length(ri!array)&lt;ri!index,ri!array,remove(ri!array, ri!index))),&#xD;
    insert(                         &#xD;
      ri!array,&#xD;
      ri!value,&#xD;
      ri!index&#xD;
    )&#xD;
  )&#xD;
)</definition>
        <namedTypedValue>
            <name>array</name>
            <type>
                <name>CollaborationDocument?list</name>
                <namespace>http://www.appian.com/ae/types/2009</namespace>
            </type>
        </namedTypedValue>
        <namedTypedValue>
            <name>index</name>
            <type>
                <name>int</name>
                <namespace>http://www.w3.org/2001/XMLSchema</namespace>
            </type>
        </namedTypedValue>
        <namedTypedValue>
            <name>value</name>
            <type>
                <name>CollaborationDocument</name>
                <namespace>http://www.appian.com/ae/types/2009</namespace>
            </type>
        </namedTypedValue>
        <preferredEditor>legacy</preferredEditor>
        <offlineEnabled>false</offlineEnabled>
    </rule>
    <roleMap public="true">
        <role allowForAll="true" inherit="false" name="readers">
            <users/>
            <groups/>
        </role>
        <role allowForAll="true" inherit="false" name="authors">
            <users/>
            <groups/>
        </role>
        <role allowForAll="false" inherit="false" name="administrators">
            <users/>
            <groups>
                <groupUuid>_e-0000dd29-17a1-8000-9aee-01075c01075c_99</groupUuid>
            </groups>
        </role>
        <role allowForAll="false" inherit="false" name="denyReaders">
            <users/>
            <groups/>
        </role>
        <role allowForAll="false" inherit="false" name="denyAuthors">
            <users/>
            <groups/>
        </role>
        <role allowForAll="false" inherit="false" name="denyAdministrators">
            <users/>
            <groups/>
        </role>
    </roleMap>
</contentHaul>
