<?xml version="1.0" encoding="UTF-8" standalone="yes"?>
<contentHaul xmlns:a="http://www.appian.com/ae/types/2009">
    <constant>
        <name>AF_TEXT_CHART_COLORS</name>
        <uuid>_a-0000dd8b-d239-8000-9ba2-011c48011c48_27638</uuid>
        <description>PURPLE;GOLD;GREEN;VIOLETRED;ORANGE;BLUEGRAY;RED;SKYBLUE;LIMEGREEN;YELLOW;AMBER;PINK</description>
        <parentUuid>_a-0000dd0d-462c-8000-9ba2-011c48011c48_3632</parentUuid>
        <visibility>
            <advertise>false</advertise>
            <hierarchy>true</hierarchy>
            <indexable>true</indexable>
            <quota>false</quota>
            <searchable>true</searchable>
            <system>false</system>
            <unlogged>false</unlogged>
        </visibility>
        <typedValue>
            <type>
                <name>Text?list</name>
                <namespace>http://www.appian.com/ae/types/2009</namespace>
            </type>
            <value>
                <el>PURPLE</el>
                <el>GOLD</el>
                <el>GREEN</el>
                <el>VIOLETRED</el>
                <el>ORANGE</el>
                <el>BLUEGRAY</el>
                <el>RED</el>
                <el>SKYBLUE</el>
                <el>LIMEGREEN</el>
                <el>YELLOW</el>
                <el>AMBER</el>
                <el>PINK</el>
            </value>
        </typedValue>
    </constant>
    <roleMap public="true">
        <role allowForAll="false" inherit="true" name="readers">
            <users/>
            <groups/>
        </role>
        <role allowForAll="false" inherit="true" name="authors">
            <users/>
            <groups/>
        </role>
        <role allowForAll="false" inherit="true" name="administrators">
            <users/>
            <groups/>
        </role>
        <role allowForAll="false" inherit="false" name="denyReaders">
            <users/>
            <groups/>
        </role>
        <role allowForAll="false" inherit="false" name="denyAuthors">
            <users/>
            <groups/>
        </role>
        <role allowForAll="false" inherit="false" name="denyAdministrators">
            <users/>
            <groups/>
        </role>
    </roleMap>
</contentHaul>
