<?xml version="1.0" encoding="UTF-8" standalone="yes"?>
<contentHaul xmlns:a="http://www.appian.com/ae/types/2009">
    <constant>
        <name>AF_TEXT_COUNTRY_NAMES</name>
        <uuid>_a-0000dd8b-d239-8000-9ba2-011c48011c48_30000</uuid>
        <description>United States of America;Afghanistan;Albania;Algeria;Andorra;Angola;Antigua and Barbuda;Argentina;Armenia;Aruba;Australia;Austria;Azerbaijan;The Bahamas;Bahrain;Bangladesh;Barbados;Belarus;Belgium;Belize;Benin;Bermuda;Bhutan;Bolivia;Bosnia and Herzegovina;Botswana;Brazil;Brunei;Bulgaria;Burkina Faso;Burundi;Cambodia;Cameroon;Canada;Cape Verde;Central African Republic;Chad;Chile;People's Republic of China;Republic of China (Taiwan);Colombia;Comoros;Democratic Republic of the Congo;Republic of the Congo;Costa Rica;Croatia;Cuba;Republic of Cyprus;Czech Republic;Denmark;Djibouti;Dominica;Dominican Republic;East Timor;Ecuador;Egypt;El Salvador;Equatorial Guinea;Eritrea;Estonia;Ethiopia;Fiji;Finland;France;Faroe Islands;Gabon;The Gambia;Georgia;Germany;Ghana;Greece;Grenada;Guatemala;Guinea;Guinea-Bissau;Guyana;Haiti;Honduras;Hungary;Iceland;India;Indonesia;Iran;Iraq;Ireland;Israel;Italy;Ivory Coast;Jamaica;Japan;Jordan;Kazakhstan;Kenya;Kiribati;Kuwait;Kyrgyzstan;Laos;Latvia;Lebanon;Lesotho;Liberia;Libya;Liechtenstein;Lithuania;Luxembourg;Republic of Macedonia;Madagascar;Malawi;Malaysia;Maldives;Mali;Malta;Marshall Islands;Mauritania;Mauritius;Mexico;Federated States of Micronesia;Moldova;Monaco;Mongolia;Montenegro;Morocco;Mozambique;Myanmar;Namibia;Nauru;Nepal;Netherlands;New Zealand;Nicaragua;Niger;Nigeria;Niue;North Korea;Norway;Oman;Pakistan;Palau;Panama;Papua New Guinea;Paraguay;Peru;Philippines;Poland;Portugal;Puerto Rico;Qatar;Romania;Russia;Rwanda;Saint Kitts and Nevis;Saint Lucia;Saint Vincent and the Grenadines;Samoa;San Marino;São Tomé and Príncipe;Saudi Arabia;Senegal;Serbia;Seychelles;Sierra Leone;Singapore;Slovakia;Slovenia;Solomon Islands;Somalia;South Africa;South Korea;South Sudan;Spain;Sri Lanka;Sudan;Suriname;Swaziland;Sweden;Switzerland;Syria;Tajikistan;Tanzania;Tatarstan;Thailand;Tibet;Togo;Tonga;Trinidad and Tobago;Tunisia;Turkey;Turkmenistan;Tuvalu;Uganda;Ukraine;United Arab Emirates;United Kingdom;Uruguay;Uzbekistan;Vanuatu;Vatican City;Venezuela;Vietnam;Yemen;Zambia;Zimbabwe</description>
        <parentUuid>_a-0000dd0d-462c-8000-9ba2-011c48011c48_3632</parentUuid>
        <visibility>
            <advertise>false</advertise>
            <hierarchy>true</hierarchy>
            <indexable>true</indexable>
            <quota>false</quota>
            <searchable>true</searchable>
            <system>false</system>
            <unlogged>false</unlogged>
        </visibility>
        <typedValue>
            <type>
                <name>Text?list</name>
                <namespace>http://www.appian.com/ae/types/2009</namespace>
            </type>
            <value>
                <el>United States of America</el>
                <el>Afghanistan</el>
                <el>Albania</el>
                <el>Algeria</el>
                <el>Andorra</el>
                <el>Angola</el>
                <el>Antigua and Barbuda</el>
                <el>Argentina</el>
                <el>Armenia</el>
                <el>Aruba</el>
                <el>Australia</el>
                <el>Austria</el>
                <el>Azerbaijan</el>
                <el>The Bahamas</el>
                <el>Bahrain</el>
                <el>Bangladesh</el>
                <el>Barbados</el>
                <el>Belarus</el>
                <el>Belgium</el>
                <el>Belize</el>
                <el>Benin</el>
                <el>Bermuda</el>
                <el>Bhutan</el>
                <el>Bolivia</el>
                <el>Bosnia and Herzegovina</el>
                <el>Botswana</el>
                <el>Brazil</el>
                <el>Brunei</el>
                <el>Bulgaria</el>
                <el>Burkina Faso</el>
                <el>Burundi</el>
                <el>Cambodia</el>
                <el>Cameroon</el>
                <el>Canada</el>
                <el>Cape Verde</el>
                <el>Central African Republic</el>
                <el>Chad</el>
                <el>Chile</el>
                <el>People's Republic of China</el>
                <el>Republic of China (Taiwan)</el>
                <el>Colombia</el>
                <el>Comoros</el>
                <el>Democratic Republic of the Congo</el>
                <el>Republic of the Congo</el>
                <el>Costa Rica</el>
                <el>Croatia</el>
                <el>Cuba</el>
                <el>Republic of Cyprus</el>
                <el>Czech Republic</el>
                <el>Denmark</el>
                <el>Djibouti</el>
                <el>Dominica</el>
                <el>Dominican Republic</el>
                <el>East Timor</el>
                <el>Ecuador</el>
                <el>Egypt</el>
                <el>El Salvador</el>
                <el>Equatorial Guinea</el>
                <el>Eritrea</el>
                <el>Estonia</el>
                <el>Ethiopia</el>
                <el>Fiji</el>
                <el>Finland</el>
                <el>France</el>
                <el>Faroe Islands</el>
                <el>Gabon</el>
                <el>The Gambia</el>
                <el>Georgia</el>
                <el>Germany</el>
                <el>Ghana</el>
                <el>Greece</el>
                <el>Grenada</el>
                <el>Guatemala</el>
                <el>Guinea</el>
                <el>Guinea-Bissau</el>
                <el>Guyana</el>
                <el>Haiti</el>
                <el>Honduras</el>
                <el>Hungary</el>
                <el>Iceland</el>
                <el>India</el>
                <el>Indonesia</el>
                <el>Iran</el>
                <el>Iraq</el>
                <el>Ireland</el>
                <el>Israel</el>
                <el>Italy</el>
                <el>Ivory Coast</el>
                <el>Jamaica</el>
                <el>Japan</el>
                <el>Jordan</el>
                <el>Kazakhstan</el>
                <el>Kenya</el>
                <el>Kiribati</el>
                <el>Kuwait</el>
                <el>Kyrgyzstan</el>
                <el>Laos</el>
                <el>Latvia</el>
                <el>Lebanon</el>
                <el>Lesotho</el>
                <el>Liberia</el>
                <el>Libya</el>
                <el>Liechtenstein</el>
                <el>Lithuania</el>
                <el>Luxembourg</el>
                <el>Republic of Macedonia</el>
                <el>Madagascar</el>
                <el>Malawi</el>
                <el>Malaysia</el>
                <el>Maldives</el>
                <el>Mali</el>
                <el>Malta</el>
                <el>Marshall Islands</el>
                <el>Mauritania</el>
                <el>Mauritius</el>
                <el>Mexico</el>
                <el>Federated States of Micronesia</el>
                <el>Moldova</el>
                <el>Monaco</el>
                <el>Mongolia</el>
                <el>Montenegro</el>
                <el>Morocco</el>
                <el>Mozambique</el>
                <el>Myanmar</el>
                <el>Namibia</el>
                <el>Nauru</el>
                <el>Nepal</el>
                <el>Netherlands</el>
                <el>New Zealand</el>
                <el>Nicaragua</el>
                <el>Niger</el>
                <el>Nigeria</el>
                <el>Niue</el>
                <el>North Korea</el>
                <el>Norway</el>
                <el>Oman</el>
                <el>Pakistan</el>
                <el>Palau</el>
                <el>Panama</el>
                <el>Papua New Guinea</el>
                <el>Paraguay</el>
                <el>Peru</el>
                <el>Philippines</el>
                <el>Poland</el>
                <el>Portugal</el>
                <el>Puerto Rico</el>
                <el>Qatar</el>
                <el>Romania</el>
                <el>Russia</el>
                <el>Rwanda</el>
                <el>Saint Kitts and Nevis</el>
                <el>Saint Lucia</el>
                <el>Saint Vincent and the Grenadines</el>
                <el>Samoa</el>
                <el>San Marino</el>
                <el>São Tomé and Príncipe</el>
                <el>Saudi Arabia</el>
                <el>Senegal</el>
                <el>Serbia</el>
                <el>Seychelles</el>
                <el>Sierra Leone</el>
                <el>Singapore</el>
                <el>Slovakia</el>
                <el>Slovenia</el>
                <el>Solomon Islands</el>
                <el>Somalia</el>
                <el>South Africa</el>
                <el>South Korea</el>
                <el>South Sudan</el>
                <el>Spain</el>
                <el>Sri Lanka</el>
                <el>Sudan</el>
                <el>Suriname</el>
                <el>Swaziland</el>
                <el>Sweden</el>
                <el>Switzerland</el>
                <el>Syria</el>
                <el>Tajikistan</el>
                <el>Tanzania</el>
                <el>Tatarstan</el>
                <el>Thailand</el>
                <el>Tibet</el>
                <el>Togo</el>
                <el>Tonga</el>
                <el>Trinidad and Tobago</el>
                <el>Tunisia</el>
                <el>Turkey</el>
                <el>Turkmenistan</el>
                <el>Tuvalu</el>
                <el>Uganda</el>
                <el>Ukraine</el>
                <el>United Arab Emirates</el>
                <el>United Kingdom</el>
                <el>Uruguay</el>
                <el>Uzbekistan</el>
                <el>Vanuatu</el>
                <el>Vatican City</el>
                <el>Venezuela</el>
                <el>Vietnam</el>
                <el>Yemen</el>
                <el>Zambia</el>
                <el>Zimbabwe</el>
            </value>
        </typedValue>
    </constant>
    <roleMap public="true">
        <role allowForAll="false" inherit="true" name="readers">
            <users/>
            <groups/>
        </role>
        <role allowForAll="false" inherit="true" name="authors">
            <users/>
            <groups/>
        </role>
        <role allowForAll="false" inherit="true" name="administrators">
            <users>
                <userUuid>eric.schiavo</userUuid>
            </users>
            <groups/>
        </role>
        <role allowForAll="false" inherit="false" name="denyReaders">
            <users/>
            <groups/>
        </role>
        <role allowForAll="false" inherit="false" name="denyAuthors">
            <users/>
            <groups/>
        </role>
        <role allowForAll="false" inherit="false" name="denyAdministrators">
            <users/>
            <groups/>
        </role>
    </roleMap>
</contentHaul>
