<?xml version="1.0" encoding="UTF-8" standalone="yes"?>
<contentHaul xmlns:a="http://www.appian.com/ae/types/2009">
    <rule>
        <name>AF_FRM_DocBrowser_editable</name>
        <uuid>_a-0000dd8b-d239-8000-9ba2-011c48011c48_26909</uuid>
        <description>The main interface for navigating through documents</description>
        <parentUuid>_a-0000dd0d-462c-8000-9ba2-011c48011c48_3640</parentUuid>
        <visibility>
            <advertise>false</advertise>
            <hierarchy>true</hierarchy>
            <indexable>true</indexable>
            <quota>false</quota>
            <searchable>true</searchable>
            <system>false</system>
            <unlogged>false</unlogged>
        </visibility>
        <definition>= #&quot;SYSTEM_SYSRULES_formLayout&quot;(
  label: &quot;Document Browser&quot;,
  instructions: &quot;Navigate through the column browser to interact with documents or directories&quot;,
  firstColumnContents: {
    #&quot;_a-0000dd8b-d239-8000-9ba2-011c48011c48_26914&quot;(
      rootFolder: ri!rootFolder,
      readOnly: true,
      selectedPath: ri!selectedPath,
      selectedVal: ri!selectedVal
    )
  },
  secondColumnContents: {},
  buttons: {
    #&quot;SYSTEM_SYSRULES_ButtonLayout&quot;(
      primaryButtons: {
        if(#&quot;2168a5de-fb70-4d66-8b97-b547e3ac6e57&quot;(ri!selectedVal),
          {},
          if(#&quot;_a-0000dd8b-d239-8000-9ba2-011c48011c48_26910&quot;(ri!selectedVal),
            #&quot;SYSTEM_SYSRULES_ButtonWidgetSubmit&quot;(
              label: #&quot;_a-0000ddb3-1b8d-8000-9ba2-011c48011c48_34982&quot; &amp; &quot; File&quot;,
              value: #&quot;_a-0000ddb3-1b8d-8000-9ba2-011c48011c48_34982&quot;,
              saveInto: ri!buttonClicked
            ),
            {
              #&quot;SYSTEM_SYSRULES_ButtonWidgetSubmit&quot;(
                label: #&quot;_a-0000ddb3-1b8d-8000-9ba2-011c48011c48_34982&quot; &amp; &quot; New Version&quot;,
                value: #&quot;_a-0000ddb3-1b8d-8000-9ba2-011c48011c48_34982&quot;,
                saveInto: ri!buttonClicked
              ),
              #&quot;SYSTEM_SYSRULES_ButtonWidgetSubmit&quot;(
                label: #&quot;_a-0000dd72-ed8d-8000-9ba2-011c48011c48_23384&quot; &amp; &quot; File&quot;,
                style: &quot;DESTRUCTIVE&quot;,
                confirmMessage: concat(
                  &quot;WARNING: You are about to permanently delete &quot;,
                  document(todocument(ri!selectedVal), &quot;name&quot;),
                  &quot; from the system!&quot;
                ),
                value: #&quot;_a-0000dd72-ed8d-8000-9ba2-011c48011c48_23384&quot;,
                saveInto: ri!buttonClicked
              )
            }
          )
        )
      },
      secondaryButtons: {
        #&quot;SYSTEM_SYSRULES_ButtonWidgetSubmit&quot;(
          label: #&quot;_a-0000ddb3-1b8d-8000-9ba2-011c48011c48_35002&quot;,
          value: #&quot;_a-0000ddb3-1b8d-8000-9ba2-011c48011c48_35002&quot;,
          saveInto: ri!buttonClicked
        )
      }
    )
  }
)</definition>
        <namedTypedValue>
            <name>rootFolder</name>
            <type>
                <name>CollaborationFolder</name>
                <namespace>http://www.appian.com/ae/types/2009</namespace>
            </type>
        </namedTypedValue>
        <namedTypedValue>
            <name>buttonClicked</name>
            <type>
                <name>string</name>
                <namespace>http://www.w3.org/2001/XMLSchema</namespace>
            </type>
            <value/>
        </namedTypedValue>
        <namedTypedValue>
            <name>selectedPath</name>
            <type>
                <name>CollaborationDocumentOrFolder?list</name>
                <namespace>http://www.appian.com/ae/types/2009</namespace>
            </type>
        </namedTypedValue>
        <namedTypedValue>
            <name>selectedVal</name>
            <type>
                <name>CollaborationDocumentOrFolder</name>
                <namespace>http://www.appian.com/ae/types/2009</namespace>
            </type>
        </namedTypedValue>
        <preferredEditor>interface</preferredEditor>
        <offlineEnabled>false</offlineEnabled>
    </rule>
    <roleMap public="true">
        <role allowForAll="false" inherit="true" name="readers">
            <users/>
            <groups/>
        </role>
        <role allowForAll="false" inherit="true" name="authors">
            <users/>
            <groups/>
        </role>
        <role allowForAll="false" inherit="true" name="administrators">
            <users>
                <userUuid>bilal.ali</userUuid>
            </users>
            <groups/>
        </role>
        <role allowForAll="false" inherit="false" name="denyReaders">
            <users/>
            <groups/>
        </role>
        <role allowForAll="false" inherit="false" name="denyAuthors">
            <users/>
            <groups/>
        </role>
        <role allowForAll="false" inherit="false" name="denyAdministrators">
            <users/>
            <groups/>
        </role>
    </roleMap>
    <typedValue>
        <type>
            <name>RuleTestConfig?list</name>
            <namespace>http://www.appian.com/ae/types/2009</namespace>
        </type>
        <value>
            <el>
                <a:name/>
                <a:ruleInputTestConfigs>
                    <a:value xmlns:xsi="http://www.w3.org/2001/XMLSchema-instance" xsi:nil="true" xsi:type="a:CollaborationFolder"/>
                    <a:nameRef>rootFolder</a:nameRef>
                    <a:id/>
                </a:ruleInputTestConfigs>
                <a:ruleInputTestConfigs>
                    <a:value xmlns:xsd="http://www.w3.org/2001/XMLSchema" xmlns:xsi="http://www.w3.org/2001/XMLSchema-instance" xsi:type="xsd:string"/>
                    <a:nameRef>buttonClicked</a:nameRef>
                    <a:id/>
                </a:ruleInputTestConfigs>
                <a:ruleInputTestConfigs>
                    <a:nameRef>selectedPath</a:nameRef>
                    <a:id/>
                </a:ruleInputTestConfigs>
                <a:ruleInputTestConfigs>
                    <a:nameRef>selectedVal</a:nameRef>
                    <a:id/>
                </a:ruleInputTestConfigs>
                <a:assertions xmlns:xsi="http://www.w3.org/2001/XMLSchema-instance" xsi:nil="true"/>
            </el>
        </value>
    </typedValue>
</contentHaul>
