<?xml version="1.0" encoding="UTF-8" standalone="yes"?>
<contentHaul xmlns:a="http://www.appian.com/ae/types/2009">
    <rule>
        <name>AF_RULE_General_formatPhoneNumber</name>
        <uuid>_a-0000dd72-ed8d-8000-9ba2-011c48011c48_23533</uuid>
        <description>Returns a formatted 10-digit phone number. Ex: (123) 456-7890</description>
        <parentUuid>_a-0000dd0d-462c-8000-9ba2-011c48011c48_3639</parentUuid>
        <visibility>
            <advertise>false</advertise>
            <hierarchy>true</hierarchy>
            <indexable>true</indexable>
            <quota>false</quota>
            <searchable>true</searchable>
            <system>false</system>
            <unlogged>false</unlogged>
        </visibility>
        <definition>if(
  len(
    ri!phoneNumber
  ) = 10,
  text(
    ri!phoneNumber,
    &quot;(###) ###-####&quot;
  ),
  if(
    len(
      ri!phoneNumber
    ) = 7,
    text(
      ri!phoneNumber,
      &quot;###-####&quot;
    ),
    ri!phoneNumber
  )
)</definition>
        <namedTypedValue>
            <name>phoneNumber</name>
            <type>
                <name>string</name>
                <namespace>http://www.w3.org/2001/XMLSchema</namespace>
            </type>
            <value/>
        </namedTypedValue>
        <preferredEditor>legacy</preferredEditor>
        <offlineEnabled>false</offlineEnabled>
    </rule>
    <roleMap public="true">
        <role allowForAll="true" inherit="true" name="readers">
            <users/>
            <groups/>
        </role>
        <role allowForAll="true" inherit="true" name="authors">
            <users/>
            <groups/>
        </role>
        <role allowForAll="false" inherit="true" name="administrators">
            <users/>
            <groups/>
        </role>
        <role allowForAll="false" inherit="false" name="denyReaders">
            <users/>
            <groups/>
        </role>
        <role allowForAll="false" inherit="false" name="denyAuthors">
            <users/>
            <groups/>
        </role>
        <role allowForAll="false" inherit="false" name="denyAdministrators">
            <users/>
            <groups/>
        </role>
    </roleMap>
</contentHaul>
