<?xml version="1.0" encoding="UTF-8" standalone="yes"?>
<contentHaul xmlns:a="http://www.appian.com/ae/types/2009">
    <rule>
        <name>AF_RULE_General_validateURLLeadingChars</name>
        <uuid>_a-0000dd8b-d239-8000-9ba2-011c48011c48_29046</uuid>
        <description>Validates that a URL text string does not contain invalid leading characters. Returns a validation message text string.</description>
        <parentUuid>_a-0000dd0d-462c-8000-9ba2-011c48011c48_3645</parentUuid>
        <visibility>
            <advertise>false</advertise>
            <hierarchy>true</hierarchy>
            <indexable>true</indexable>
            <quota>false</quota>
            <searchable>true</searchable>
            <system>false</system>
            <unlogged>false</unlogged>
        </visibility>
        <definition>if(&#xD;
  contains(&#xD;
    #&quot;_a-0000dd8b-d239-8000-9ba2-011c48011c48_28986&quot;,&#xD;
    index(ri!linkURL_txt,search(&quot;//&quot;,ri!linkURL_txt,1)+2,null)&#xD;
  ),&#xD;
  #&quot;SYSTEM_SYSRULES_validationMessage&quot;(&#xD;
    message: #&quot;_a-0000dd8b-d239-8000-9ba2-011c48011c48_28998&quot;,&#xD;
    validateAfter: &quot;REFRESH&quot;&#xD;
  ).message,&#xD;
  {}&#xD;
)</definition>
        <namedTypedValue>
            <name>linkURL_txt</name>
            <type>
                <name>string</name>
                <namespace>http://www.w3.org/2001/XMLSchema</namespace>
            </type>
            <value/>
        </namedTypedValue>
        <preferredEditor>legacy</preferredEditor>
        <offlineEnabled>false</offlineEnabled>
    </rule>
    <roleMap public="true">
        <role allowForAll="false" inherit="true" name="readers">
            <users/>
            <groups/>
        </role>
        <role allowForAll="false" inherit="true" name="authors">
            <users/>
            <groups/>
        </role>
        <role allowForAll="false" inherit="true" name="administrators">
            <users/>
            <groups/>
        </role>
        <role allowForAll="false" inherit="false" name="denyReaders">
            <users/>
            <groups/>
        </role>
        <role allowForAll="false" inherit="false" name="denyAuthors">
            <users/>
            <groups/>
        </role>
        <role allowForAll="false" inherit="false" name="denyAdministrators">
            <users/>
            <groups/>
        </role>
    </roleMap>
</contentHaul>
