<?xml version="1.0" encoding="UTF-8" standalone="yes"?>
<contentHaul xmlns:a="http://www.appian.com/ae/types/2009">
    <rule>
        <name>AF_CMPT_General_documentBrowser</name>
        <uuid>_a-0000dd8b-d239-8000-9ba2-011c48011c48_26914</uuid>
        <description>Component for the working document browser.</description>
        <parentUuid>_a-0000dd0d-462c-8000-9ba2-011c48011c48_3623</parentUuid>
        <visibility>
            <advertise>false</advertise>
            <hierarchy>true</hierarchy>
            <indexable>true</indexable>
            <quota>false</quota>
            <searchable>true</searchable>
            <system>false</system>
            <unlogged>false</unlogged>
        </visibility>
        <definition>load(
  local!path: ri!selectedpath,
  local!selection: ri!selectedVal,
  local!root: folder(ri!rootFolder, &quot;folderChildren&quot;),
  if(ri!readonly,
    {
      #&quot;SYSTEM_SYSRULES_hierarchyBrowserFieldColumns&quot;(
        firstColumnValues: local!root,
        nodeConfigs: if(#&quot;_a-0000dd8b-d239-8000-9ba2-011c48011c48_26910&quot;(fv!nodeValue),
          #&quot;SYSTEM_SYSRULES_hierarchyBrowserFieldColumnsNode&quot;(
            id: fv!nodeValue,
            label: folder(fv!nodeValue,&quot;name&quot;),
            image: #&quot;SYSTEM_SYSRULES_documentImage&quot;(
              document: #&quot;SYSTEM_SYSRULES_iconIndicator&quot;(icon: &quot;FOLDER&quot;)
            )
          ),
          #&quot;SYSTEM_SYSRULES_hierarchyBrowserFieldColumnsNode&quot;(
            id: fv!nodeValue,
            label: document(fv!nodeValue,&quot;name&quot;),
            image: #&quot;SYSTEM_SYSRULES_documentImage&quot;(
              document: #&quot;SYSTEM_SYSRULES_iconIndicator&quot;(icon: &quot;DOC_GENERIC&quot;)
            ),
            link: #&quot;455dd2e0-db08-4a39-b20e-6f0550299572&quot;(
              label: document(fv!nodeValue,&quot;name&quot;),
              document: fv!nodeValue
            ),
            isDrillable: false
          )
        ),
        pathValue: local!path,
        pathSaveInto: {local!path,ri!selectedPath},
        nextColumnValues: {
          folder(fv!nodeValue, &quot;folderChildren&quot;),
          folder(fv!nodeValue, &quot;documentChildren&quot;)
        },
        selectionValue: local!selection,
        selectionSaveInto: {local!selection, ri!selectedVal},
        height: &quot;MEDIUM&quot;
      ),
      /* Displays metadata for files */
      if(#&quot;2168a5de-fb70-4d66-8b97-b547e3ac6e57&quot;(ri!selectedVal),
        {},
        if(#&quot;_a-0000dd8b-d239-8000-9ba2-011c48011c48_26910&quot;(ri!selectedVal),
          {},
          #&quot;_a-0000ddb3-1b8d-8000-9ba2-011c48011c48_35026&quot;(document: todocument(ri!selectedVal))
        )
      )
    },
    /*if readOnly is false*/
    #&quot;SYSTEM_SYSRULES_linkField&quot;(
      label: #&quot;_a-0000dd8b-d239-8000-9ba2-011c48011c48_31119&quot;,
      labelPosition: &quot;COLLAPSED&quot;,
      links: {
        #&quot;SYSTEM_SYSRULES_submitLink&quot;(
          label: #&quot;_a-0000dd8b-d239-8000-9ba2-011c48011c48_31119&quot;,
          saveInto: ri!saveInTo
        )
      }
    )
  )
)</definition>
        <namedTypedValue>
            <name>rootFolder</name>
            <type>
                <name>CollaborationFolder</name>
                <namespace>http://www.appian.com/ae/types/2009</namespace>
            </type>
        </namedTypedValue>
        <namedTypedValue>
            <name>readOnly</name>
            <type>
                <name>boolean</name>
                <namespace>http://www.w3.org/2001/XMLSchema</namespace>
            </type>
        </namedTypedValue>
        <namedTypedValue>
            <name>saveInTo</name>
            <type>
                <name>Variant</name>
                <namespace>http://www.appian.com/ae/types/2009</namespace>
            </type>
        </namedTypedValue>
        <namedTypedValue>
            <name>selectedVal</name>
            <type>
                <name>CollaborationDocumentOrFolder</name>
                <namespace>http://www.appian.com/ae/types/2009</namespace>
            </type>
        </namedTypedValue>
        <namedTypedValue>
            <name>selectedPath</name>
            <type>
                <name>CollaborationDocumentOrFolder?list</name>
                <namespace>http://www.appian.com/ae/types/2009</namespace>
            </type>
        </namedTypedValue>
        <preferredEditor>interface</preferredEditor>
        <offlineEnabled>false</offlineEnabled>
    </rule>
    <roleMap public="true">
        <role allowForAll="false" inherit="true" name="readers">
            <users/>
            <groups/>
        </role>
        <role allowForAll="false" inherit="true" name="authors">
            <users/>
            <groups/>
        </role>
        <role allowForAll="false" inherit="true" name="administrators">
            <users>
                <userUuid>bilal.ali</userUuid>
            </users>
            <groups/>
        </role>
        <role allowForAll="false" inherit="false" name="denyReaders">
            <users/>
            <groups/>
        </role>
        <role allowForAll="false" inherit="false" name="denyAuthors">
            <users/>
            <groups/>
        </role>
        <role allowForAll="false" inherit="false" name="denyAdministrators">
            <users/>
            <groups/>
        </role>
    </roleMap>
    <typedValue>
        <type>
            <name>RuleTestConfig?list</name>
            <namespace>http://www.appian.com/ae/types/2009</namespace>
        </type>
        <value>
            <el>
                <a:name/>
                <a:ruleInputTestConfigs>
                    <a:value xmlns:xsi="http://www.w3.org/2001/XMLSchema-instance" xsi:nil="true" xsi:type="a:CollaborationFolder"/>
                    <a:nameRef>rootFolder</a:nameRef>
                    <a:id/>
                </a:ruleInputTestConfigs>
                <a:ruleInputTestConfigs>
                    <a:value xmlns:xsd="http://www.w3.org/2001/XMLSchema" xmlns:xsi="http://www.w3.org/2001/XMLSchema-instance" xsi:type="xsd:boolean">true</a:value>
                    <a:nameRef>readOnly</a:nameRef>
                    <a:id/>
                </a:ruleInputTestConfigs>
                <a:ruleInputTestConfigs>
                    <a:value xmlns:xsd="http://www.w3.org/2001/XMLSchema" xmlns:xsi="http://www.w3.org/2001/XMLSchema-instance" xsi:type="xsd:string"/>
                    <a:nameRef>saveInTo</a:nameRef>
                    <a:id/>
                </a:ruleInputTestConfigs>
                <a:ruleInputTestConfigs>
                    <a:nameRef>selectedVal</a:nameRef>
                    <a:id/>
                </a:ruleInputTestConfigs>
                <a:ruleInputTestConfigs>
                    <a:nameRef>selectedPath</a:nameRef>
                    <a:id/>
                </a:ruleInputTestConfigs>
                <a:assertions xmlns:xsi="http://www.w3.org/2001/XMLSchema-instance" xsi:nil="true"/>
            </el>
        </value>
    </typedValue>
</contentHaul>
