<?xml version="1.0" encoding="UTF-8" standalone="yes"?>
<contentHaul xmlns:a="http://www.appian.com/ae/types/2009">
    <rule>
        <name>AF_RULE_General_validateURLProtocol</name>
        <uuid>_a-0000dd8b-d239-8000-9ba2-011c48011c48_29171</uuid>
        <description>Validates that a passed text URL contains a valid protocol. Returns a validation message text string.</description>
        <parentUuid>_a-0000dd0d-462c-8000-9ba2-011c48011c48_3645</parentUuid>
        <visibility>
            <advertise>false</advertise>
            <hierarchy>true</hierarchy>
            <indexable>true</indexable>
            <quota>false</quota>
            <searchable>true</searchable>
            <system>false</system>
            <unlogged>false</unlogged>
        </visibility>
        <definition>if(
  or(
    like(
      ri!linkURL_txt,
      &quot;http://?*&quot;
    ),
    like(
      ri!linkURL_txt,
      &quot;https://?*&quot;
    ),
    like(
      ri!linkURL_txt,
      &quot;ftp://?*&quot;
    )
  ),
  {},
  #&quot;SYSTEM_SYSRULES_validationMessage&quot;(
    message: #&quot;_a-0000dd8b-d239-8000-9ba2-011c48011c48_28995&quot;,
    validateAfter: &quot;REFRESH&quot;
  ).message
)</definition>
        <namedTypedValue>
            <name>linkURL_txt</name>
            <type>
                <name>string</name>
                <namespace>http://www.w3.org/2001/XMLSchema</namespace>
            </type>
            <value/>
        </namedTypedValue>
        <preferredEditor>legacy</preferredEditor>
        <offlineEnabled>false</offlineEnabled>
    </rule>
    <roleMap public="true">
        <role allowForAll="false" inherit="true" name="readers">
            <users/>
            <groups/>
        </role>
        <role allowForAll="false" inherit="true" name="authors">
            <users/>
            <groups/>
        </role>
        <role allowForAll="false" inherit="true" name="administrators">
            <users>
                <userUuid>eric.schiavo</userUuid>
            </users>
            <groups/>
        </role>
        <role allowForAll="false" inherit="false" name="denyReaders">
            <users/>
            <groups/>
        </role>
        <role allowForAll="false" inherit="false" name="denyAuthors">
            <users/>
            <groups/>
        </role>
        <role allowForAll="false" inherit="false" name="denyAdministrators">
            <users/>
            <groups/>
        </role>
    </roleMap>
</contentHaul>
