<?xml version="1.0" encoding="UTF-8" standalone="yes"?>
<contentHaul xmlns:a="http://www.appian.com/ae/types/2009">
    <rule>
        <name>AF_RULE_General_afUserSuggestFunction</name>
        <uuid>_a-0000dd4b-0482-8000-9ba2-011c48011c48_17494</uuid>
        <description>Suggest function for the AF User custom picker</description>
        <parentUuid>_a-0000dd0d-462c-8000-9ba2-011c48011c48_3645</parentUuid>
        <visibility>
            <advertise>false</advertise>
            <hierarchy>true</hierarchy>
            <indexable>true</indexable>
            <quota>false</quota>
            <searchable>true</searchable>
            <system>false</system>
            <unlogged>false</unlogged>
        </visibility>
        <definition>with(
  local!users: #&quot;395e446b-5820-446e-92bd-93aa1cc474c7&quot;(
    columns: {&quot;firstName&quot;, &quot;lastName&quot;},
    pagingInfo: #&quot;SYSTEM_SYSRULES_pagingInfo&quot;(
        startIndex: 1,
        batchSize: 10,
        sort: #&quot;SYSTEM_SYSRULES_sortInfo&quot;(
          field: &quot;firstName&quot;,
          ascending: true
        )
      ),
      fullName: ri!fullName
  ),
  #&quot;SYSTEM_SYSRULES_dataSubset&quot;(
    data: if(local!users.totalCount &gt; 0,
      apply(
        concat(_, &quot; &quot;, _),
        merge(
          local!users.data.firstName,
          local!users.data.lastName
        )
      ),
      {}
    ),
    identifiers: local!users.identifiers
  )
)</definition>
        <namedTypedValue>
            <name>fullName</name>
            <type>
                <name>string</name>
                <namespace>http://www.w3.org/2001/XMLSchema</namespace>
            </type>
            <value/>
        </namedTypedValue>
        <preferredEditor>legacy</preferredEditor>
        <offlineEnabled>false</offlineEnabled>
    </rule>
    <roleMap public="true">
        <role allowForAll="true" inherit="false" name="readers">
            <users/>
            <groups/>
        </role>
        <role allowForAll="true" inherit="false" name="authors">
            <users/>
            <groups/>
        </role>
        <role allowForAll="false" inherit="false" name="administrators">
            <users/>
            <groups>
                <groupUuid>_e-0000dd29-17a1-8000-9aee-01075c01075c_99</groupUuid>
            </groups>
        </role>
        <role allowForAll="false" inherit="false" name="denyReaders">
            <users/>
            <groups/>
        </role>
        <role allowForAll="false" inherit="false" name="denyAuthors">
            <users/>
            <groups/>
        </role>
        <role allowForAll="false" inherit="false" name="denyAdministrators">
            <users/>
            <groups/>
        </role>
    </roleMap>
</contentHaul>
