<?xml version="1.0" encoding="UTF-8" standalone="yes"?>
<contentHaul xmlns:a="http://www.appian.com/ae/types/2009">
    <rule>
        <name>AF_CMPT_General_modifyGridIcons</name>
        <uuid>_a-0000dd8b-d239-8000-9ba2-011c48011c48_28597</uuid>
        <description>A set of icons that will move items up, down, or delete them from a grid. The index parameter is the index of the cdt that you are displaying in the row. The orderField parameter is the field name in the cdt that tracks what order of the array. This field must be an int</description>
        <parentUuid>_a-0000dd0d-462c-8000-9ba2-011c48011c48_3623</parentUuid>
        <visibility>
            <advertise>false</advertise>
            <hierarchy>true</hierarchy>
            <indexable>true</indexable>
            <quota>false</quota>
            <searchable>true</searchable>
            <system>false</system>
            <unlogged>false</unlogged>
        </visibility>
        <definition>with(&#xD;
  local!previousIndex: if(ri!firstRow,&#xD;
    null,&#xD;
    wherecontains(ri!cdt[ri!index][ri!orderField] - 1, ri!cdt[ri!orderField])[1]&#xD;
  ),&#xD;
  local!nextIndex: if(ri!lastRow,&#xD;
    null,&#xD;
    wherecontains(ri!cdt[ri!index][ri!orderField] + 1, ri!cdt[ri!orderField])[1]&#xD;
  ),&#xD;
  {&#xD;
    #&quot;SYSTEM_SYSRULES_imageField&quot;(&#xD;
      label: &quot;Move Up&quot;,&#xD;
      images: if(ri!firstRow,&#xD;
        #&quot;SYSTEM_SYSRULES_documentImage&quot;(&#xD;
          document: #&quot;SYSTEM_SYSRULES_iconIndicator&quot;(icon: &quot;MOVE_UP_DISABLED&quot;),&#xD;
          caption: &quot;Move Up&quot;&#xD;
        ),&#xD;
        #&quot;SYSTEM_SYSRULES_documentImage&quot;(&#xD;
          document: #&quot;SYSTEM_SYSRULES_iconIndicator&quot;(icon: &quot;MOVE_UP&quot;),&#xD;
          caption: &quot;Move Up&quot;,&#xD;
          link: #&quot;SYSTEM_SYSRULES_dynamicLink&quot;(&#xD;
            saveInto: with(&#xD;
              local!previousOrder: ri!cdt[ri!index][ri!orderField] - 1,&#xD;
              {&#xD;
                a!save(ri!cdt[ri!index][ri!orderField], local!previousOrder),&#xD;
                a!save(ri!cdt[local!previousIndex][ri!orderField], local!previousOrder + 1)&#xD;
              }&#xD;
            )&#xD;
          )&#xD;
        )&#xD;
      ),&#xD;
      size: &quot;ICON&quot;&#xD;
    ),&#xD;
    #&quot;SYSTEM_SYSRULES_imageField&quot;(&#xD;
      label: &quot;Move Down&quot;,&#xD;
      images: if(ri!lastRow,&#xD;
        #&quot;SYSTEM_SYSRULES_documentImage&quot;(&#xD;
          document: #&quot;SYSTEM_SYSRULES_iconIndicator&quot;(icon: &quot;MOVE_DOWN_DISABLED&quot;),&#xD;
          caption: &quot;Move Down&quot;&#xD;
        ),&#xD;
        #&quot;SYSTEM_SYSRULES_documentImage&quot;(&#xD;
          document: #&quot;SYSTEM_SYSRULES_iconIndicator&quot;(icon: &quot;MOVE_DOWN&quot;),&#xD;
          caption: &quot;Move Down&quot;,&#xD;
          link: #&quot;SYSTEM_SYSRULES_dynamicLink&quot;(&#xD;
            saveInto: with(&#xD;
              local!nextOrder: ri!cdt[ri!index][ri!orderField] + 1,&#xD;
              {&#xD;
                a!save(ri!cdt[ri!index][ri!orderField], local!nextOrder),&#xD;
                a!save(ri!cdt[local!nextIndex][ri!orderField], local!nextOrder - 1)&#xD;
              }&#xD;
            )&#xD;
          )&#xD;
        )&#xD;
      ),&#xD;
      size: &quot;ICON&quot;&#xD;
    ),&#xD;
    #&quot;SYSTEM_SYSRULES_imageField&quot;(&#xD;
      label: &quot;Remove&quot;,&#xD;
      images: #&quot;SYSTEM_SYSRULES_documentImage&quot;(&#xD;
        document: #&quot;SYSTEM_SYSRULES_iconIndicator&quot;(icon: &quot;REMOVE&quot;),&#xD;
        caption: &quot;Delete&quot;,&#xD;
        link: #&quot;SYSTEM_SYSRULES_dynamicLink&quot;(&#xD;
          saveInto: {&#xD;
            if(ri!lastRow,&#xD;
              {},&#xD;
              with(&#xD;
                local!indices: where(ri!cdt[ri!orderField] &gt; ri!cdt[ri!index][ri!orderField]),&#xD;
                #&quot;_a-0000dd8b-d239-8000-9ba2-011c48011c48_28549&quot;(&#xD;
                  cdt: ri!cdt[local!indices],&#xD;
                  field: ri!orderField,&#xD;
                  values: ri!cdt[ri!orderField][local!indices] - 1&#xD;
                )&#xD;
              )&#xD;
            ),&#xD;
            a!save(&#xD;
              ri!cdt,&#xD;
              remove(ri!cdt, ri!index)&#xD;
            ),&#xD;
          }&#xD;
        )&#xD;
      ),&#xD;
      size: &quot;ICON&quot;&#xD;
    )&#xD;
  }&#xD;
)</definition>
        <namedTypedValue>
            <name>firstRow</name>
            <type>
                <name>boolean</name>
                <namespace>http://www.w3.org/2001/XMLSchema</namespace>
            </type>
        </namedTypedValue>
        <namedTypedValue>
            <name>lastRow</name>
            <type>
                <name>boolean</name>
                <namespace>http://www.w3.org/2001/XMLSchema</namespace>
            </type>
        </namedTypedValue>
        <namedTypedValue>
            <name>cdt</name>
            <type>
                <name>Variant</name>
                <namespace>http://www.appian.com/ae/types/2009</namespace>
            </type>
        </namedTypedValue>
        <namedTypedValue>
            <name>index</name>
            <type>
                <name>int</name>
                <namespace>http://www.w3.org/2001/XMLSchema</namespace>
            </type>
        </namedTypedValue>
        <namedTypedValue>
            <name>orderField</name>
            <type>
                <name>string</name>
                <namespace>http://www.w3.org/2001/XMLSchema</namespace>
            </type>
            <value/>
        </namedTypedValue>
        <preferredEditor>interface</preferredEditor>
        <offlineEnabled>false</offlineEnabled>
    </rule>
    <roleMap public="true">
        <role allowForAll="false" inherit="true" name="readers">
            <users/>
            <groups/>
        </role>
        <role allowForAll="false" inherit="true" name="authors">
            <users/>
            <groups/>
        </role>
        <role allowForAll="false" inherit="true" name="administrators">
            <users/>
            <groups/>
        </role>
        <role allowForAll="false" inherit="false" name="denyReaders">
            <users/>
            <groups/>
        </role>
        <role allowForAll="false" inherit="false" name="denyAuthors">
            <users/>
            <groups/>
        </role>
        <role allowForAll="false" inherit="false" name="denyAdministrators">
            <users/>
            <groups/>
        </role>
    </roleMap>
    <typedValue>
        <type>
            <name>RuleTestConfig?list</name>
            <namespace>http://www.appian.com/ae/types/2009</namespace>
        </type>
        <value>
            <el>
                <a:name/>
                <a:ruleInputTestConfigs>
                    <a:value xmlns:xsd="http://www.w3.org/2001/XMLSchema" xmlns:xsi="http://www.w3.org/2001/XMLSchema-instance" xsi:nil="true" xsi:type="xsd:boolean"/>
                    <a:nameRef>firstRow</a:nameRef>
                    <a:id/>
                </a:ruleInputTestConfigs>
                <a:ruleInputTestConfigs>
                    <a:value xmlns:xsd="http://www.w3.org/2001/XMLSchema" xmlns:xsi="http://www.w3.org/2001/XMLSchema-instance" xsi:nil="true" xsi:type="xsd:boolean"/>
                    <a:nameRef>lastRow</a:nameRef>
                    <a:id/>
                </a:ruleInputTestConfigs>
                <a:ruleInputTestConfigs>
                    <a:value xmlns:xsd="http://www.w3.org/2001/XMLSchema" xmlns:xsi="http://www.w3.org/2001/XMLSchema-instance" xsi:type="xsd:string"/>
                    <a:nameRef>cdt</a:nameRef>
                    <a:id/>
                </a:ruleInputTestConfigs>
                <a:ruleInputTestConfigs>
                    <a:value xmlns:xsd="http://www.w3.org/2001/XMLSchema" xmlns:xsi="http://www.w3.org/2001/XMLSchema-instance" xsi:nil="true" xsi:type="xsd:int"/>
                    <a:nameRef>index</a:nameRef>
                    <a:id/>
                </a:ruleInputTestConfigs>
                <a:ruleInputTestConfigs>
                    <a:value xmlns:xsd="http://www.w3.org/2001/XMLSchema" xmlns:xsi="http://www.w3.org/2001/XMLSchema-instance" xsi:type="xsd:string"/>
                    <a:nameRef>orderField</a:nameRef>
                    <a:id/>
                </a:ruleInputTestConfigs>
                <a:assertions xmlns:xsi="http://www.w3.org/2001/XMLSchema-instance" xsi:nil="true"/>
            </el>
        </value>
    </typedValue>
</contentHaul>
