<?xml version="1.0" encoding="UTF-8" standalone="yes"?>
<contentHaul xmlns:a="http://www.appian.com/ae/types/2009">
    <rule>
        <name>AF_CMPT_General_saveDeleteLinks</name>
        <uuid>_a-0000dd0d-462c-8000-9ba2-011c48011c48_5748</uuid>
        <description>Save and Delete links that calls the write to DS and delete from DS smart services</description>
        <parentUuid>_a-0000dd0d-462c-8000-9ba2-011c48011c48_3623</parentUuid>
        <visibility>
            <advertise>false</advertise>
            <hierarchy>true</hierarchy>
            <indexable>true</indexable>
            <quota>false</quota>
            <searchable>true</searchable>
            <system>false</system>
            <unlogged>false</unlogged>
        </visibility>
        <definition>#&quot;SYSTEM_SYSRULES_richTextDisplayField&quot;(
  labelPosition: &quot;COLLAPSED&quot;,
  align: &quot;RIGHT&quot;,
  value: {
    if(isnull(ri!leftSideValues),
      {},
      ri!leftSideValues
    ),
    #&quot;SYSTEM_SYSRULES_richTextItem&quot;(
      text: &quot;Delete&quot;,
      style: &quot;STRONG&quot;,
      link: #&quot;SYSTEM_SYSRULES_dynamicLink&quot;(
        saveInto: ri!deleteSaveInto
      )
    ),
    &quot;   |   &quot;,
    #&quot;SYSTEM_SYSRULES_richTextItem&quot;(
      text: char(128190) &amp; &quot; Save&quot;,
      style: &quot;STRONG&quot;,
      link: #&quot;SYSTEM_SYSRULES_dynamicLink&quot;(
        saveInto: ri!saveSaveInto
      )
    ),
    if(isnull(ri!rightSideValues),
      {},
      ri!rightSideValues
    )
  }
)</definition>
        <namedTypedValue>
            <name>deleteSaveInto</name>
            <type>
                <name>Save?list</name>
                <namespace>http://www.appian.com/ae/types/2009</namespace>
            </type>
        </namedTypedValue>
        <namedTypedValue>
            <name>saveSaveInto</name>
            <type>
                <name>Save?list</name>
                <namespace>http://www.appian.com/ae/types/2009</namespace>
            </type>
        </namedTypedValue>
        <namedTypedValue>
            <name>leftSideValues</name>
            <type>
                <name>Variant</name>
                <namespace>http://www.appian.com/ae/types/2009</namespace>
            </type>
        </namedTypedValue>
        <namedTypedValue>
            <name>rightSideValues</name>
            <type>
                <name>Variant</name>
                <namespace>http://www.appian.com/ae/types/2009</namespace>
            </type>
        </namedTypedValue>
        <preferredEditor>interface</preferredEditor>
        <offlineEnabled>false</offlineEnabled>
    </rule>
    <roleMap public="true">
        <role allowForAll="true" inherit="false" name="readers">
            <users/>
            <groups/>
        </role>
        <role allowForAll="true" inherit="false" name="authors">
            <users/>
            <groups/>
        </role>
        <role allowForAll="false" inherit="false" name="administrators">
            <users/>
            <groups>
                <groupUuid>_e-0000dd29-17a1-8000-9aee-01075c01075c_99</groupUuid>
            </groups>
        </role>
        <role allowForAll="false" inherit="false" name="denyReaders">
            <users/>
            <groups/>
        </role>
        <role allowForAll="false" inherit="false" name="denyAuthors">
            <users/>
            <groups/>
        </role>
        <role allowForAll="false" inherit="false" name="denyAdministrators">
            <users/>
            <groups/>
        </role>
    </roleMap>
    <typedValue>
        <type>
            <name>RuleTestConfig?list</name>
            <namespace>http://www.appian.com/ae/types/2009</namespace>
        </type>
        <value>
            <el>
                <a:name/>
                <a:ruleInputTestConfigs>
                    <a:nameRef>deleteSaveInto</a:nameRef>
                    <a:id/>
                </a:ruleInputTestConfigs>
                <a:ruleInputTestConfigs>
                    <a:nameRef>saveSaveInto</a:nameRef>
                    <a:id/>
                </a:ruleInputTestConfigs>
                <a:ruleInputTestConfigs>
                    <a:value xmlns:xsd="http://www.w3.org/2001/XMLSchema" xmlns:xsi="http://www.w3.org/2001/XMLSchema-instance" xsi:type="xsd:string"/>
                    <a:nameRef>leftSideValues</a:nameRef>
                    <a:id/>
                </a:ruleInputTestConfigs>
                <a:ruleInputTestConfigs>
                    <a:value xmlns:xsd="http://www.w3.org/2001/XMLSchema" xmlns:xsi="http://www.w3.org/2001/XMLSchema-instance" xsi:type="xsd:string"/>
                    <a:nameRef>rightSideValues</a:nameRef>
                    <a:id/>
                </a:ruleInputTestConfigs>
                <a:assertions xmlns:xsi="http://www.w3.org/2001/XMLSchema-instance" xsi:nil="true"/>
            </el>
        </value>
    </typedValue>
</contentHaul>
