<?xml version="1.0" encoding="UTF-8" standalone="yes"?>
<dataStoreHaul xmlns:a="http://www.appian.com/ae/types/2009">
    <dataStore>
        <uuid>_a-0000dd72-ed8d-8000-9ba2-011c48011c48_25256</uuid>
        <name>AFE Workflow Reference</name>
        <description></description>
        <dataSourceKey>java:/jdbc/Appian</dataSourceKey>
        <adaptingExplicitSqlNames>false</adaptingExplicitSqlNames>
        <autoUpdateSchema>false</autoUpdateSchema>
        <entities>
            <entity>
                <uuid>7f56b219-9359-44db-bdc5-81b41f533577</uuid>
                <name>AFE_R_Assignment_Priority</name>
                <type>{urn:com:appian:types:AFE}AFE_R_Assignment_Priority</type>
            </entity>
            <entity>
                <uuid>a9651abe-f11d-4819-ae23-d4986cca44c3</uuid>
                <name>AFE_R_Assignment_Status</name>
                <type>{urn:com:appian:types:AFE}AFE_R_Assignment_Status</type>
            </entity>
            <entity>
                <uuid>cbe173cf-5069-43df-885e-8b38826b40d5</uuid>
                <name>AFE_R_Workflow_Status</name>
                <type>{urn:com:appian:types:AFE}AFE_R_Workflow_Status</type>
            </entity>
        </entities>
    </dataStore>
    <isPublished>true</isPublished>
    <roleMap>
        <role allowForAll="false" inherit="false" name="administrators">
            <users/>
            <groups>
                <groupUuid>_e-0000dd72-ed8c-8000-9aee-01075c01075c_115</groupUuid>
            </groups>
        </role>
        <role allowForAll="false" inherit="false" name="authors">
            <users/>
            <groups/>
        </role>
        <role allowForAll="false" inherit="false" name="denyAdministrators">
            <users/>
            <groups/>
        </role>
        <role allowForAll="false" inherit="false" name="denyAuthors">
            <users/>
            <groups/>
        </role>
        <role allowForAll="false" inherit="false" name="denyReaders">
            <users/>
            <groups/>
        </role>
        <role allowForAll="false" inherit="false" name="readers">
            <users/>
            <groups>
                <groupUuid>_e-0000dd72-ed8c-8000-9aee-01075c01075c_114</groupUuid>
            </groups>
        </role>
    </roleMap>
</dataStoreHaul>
