<?xml version="1.0" encoding="UTF-8" standalone="yes"?>
<dataStoreHaul xmlns:a="http://www.appian.com/ae/types/2009">
    <dataStore>
        <uuid>_a-0000dd72-ed8d-8000-9ba2-011c48011c48_24923</uuid>
        <name>AFE Workflow Transactional</name>
        <description></description>
        <dataSourceKey>java:/jdbc/Appian</dataSourceKey>
        <adaptingExplicitSqlNames>false</adaptingExplicitSqlNames>
        <autoUpdateSchema>false</autoUpdateSchema>
        <entities>
            <entity>
                <uuid>e4c8c51f-c299-426d-af95-c838f38617df</uuid>
                <name>AFE_Workflow</name>
                <type>{urn:com:appian:types:AFE}AFE_Workflow</type>
            </entity>
            <entity>
                <uuid>44e7ded1-9288-43a8-9f86-c3411069bde2</uuid>
                <name>AFE_Assignment</name>
                <type>{urn:com:appian:types:AFE}AFE_Assignment</type>
            </entity>
            <entity>
                <uuid>e2a13a40-dfac-4b6e-8e24-85734c953722</uuid>
                <name>AFE_Workflow_Note</name>
                <type>{urn:com:appian:types:AFE}AFE_Workflow_Note</type>
            </entity>
            <entity>
                <uuid>10d4ce6a-077b-48a2-904b-69dc1c3cf75a</uuid>
                <name>AFE_Workflow_Audit</name>
                <type>{urn:com:appian:types:AFE}AFE_Workflow_Audit</type>
            </entity>
            <entity>
                <uuid>8a1c852d-19a8-4452-af5e-60785fab3603</uuid>
                <name>AFE_Assignment_Audit</name>
                <type>{urn:com:appian:types:AFE}AFE_Assignment_Audit</type>
            </entity>
            <entity>
                <uuid>67606e69-13be-4269-bad6-af400ddcb1bb</uuid>
                <name>AFE_Workflow_Task_Metric</name>
                <type>{urn:com:appian:types:AFE}AFE_Workflow_Task_Metric</type>
            </entity>
        </entities>
    </dataStore>
    <isPublished>true</isPublished>
    <roleMap>
        <role allowForAll="false" inherit="false" name="administrators">
            <users/>
            <groups>
                <groupUuid>_e-0000dd72-ed8c-8000-9aee-01075c01075c_115</groupUuid>
            </groups>
        </role>
        <role allowForAll="false" inherit="false" name="authors">
            <users/>
            <groups/>
        </role>
        <role allowForAll="false" inherit="false" name="denyAdministrators">
            <users/>
            <groups/>
        </role>
        <role allowForAll="false" inherit="false" name="denyAuthors">
            <users/>
            <groups/>
        </role>
        <role allowForAll="false" inherit="false" name="denyReaders">
            <users/>
            <groups/>
        </role>
        <role allowForAll="false" inherit="false" name="readers">
            <users/>
            <groups>
                <groupUuid>_e-0000dd72-ed8c-8000-9aee-01075c01075c_114</groupUuid>
            </groups>
        </role>
    </roleMap>
</dataStoreHaul>
