<?xml version="1.0" encoding="UTF-8" standalone="yes"?>
<applicationHaul xmlns:a="http://www.appian.com/ae/types/2009">
    <application>
        <name>Human Resources</name>
        <uuid>_a-0000dd0d-462c-8000-9ba2-011c48011c48_5683</uuid>
        <description>Published app for all human resources functionality</description>
        <parentUuid>SYSTEM_APPLICATIONS_ROOT</parentUuid>
        <visibility>
            <advertise>false</advertise>
            <hierarchy>true</hierarchy>
            <indexable>true</indexable>
            <quota>false</quota>
            <searchable>true</searchable>
            <system>false</system>
            <unlogged>false</unlogged>
        </visibility>
        <urlIdentifier>gt44Yw</urlIdentifier>
        <published>true</published>
        <public>false</public>
        <associatedObjects>
            <globalIdMap>
                <item>
                    <type>datatype</type>
                    <uuids/>
                </item>
                <item>
                    <type>dataStore</type>
                    <uuids/>
                </item>
                <item>
                    <type>user</type>
                    <uuids/>
                </item>
                <item>
                    <type>groupType</type>
                    <uuids/>
                </item>
                <item>
                    <type>group</type>
                    <uuids/>
                </item>
                <item>
                    <type>content</type>
                    <uuids/>
                </item>
                <item>
                    <type>forum</type>
                    <uuids/>
                </item>
                <item>
                    <type>processModelFolder</type>
                    <uuids/>
                </item>
                <item>
                    <type>processModel</type>
                    <uuids>
                        <uuid>0003dd1e-705e-8000-f92f-7f0000014e7a</uuid>
                        <uuid>0003dd1e-7033-8000-f92f-7f0000014e7a</uuid>
                        <uuid>0003dd1e-7012-8000-f92f-7f0000014e7a</uuid>
                        <uuid>0006dd1f-b6e7-8000-f92f-7f0000014e7a</uuid>
                        <uuid>0002dd20-cc21-8000-f92f-7f0000014e7a</uuid>
                        <uuid>000cdd26-dc0d-8000-f92f-7f0000014e7a</uuid>
                        <uuid>0003dd29-13bc-8000-f92f-7f0000014e7a</uuid>
                    </uuids>
                </item>
                <item>
                    <type>portlet</type>
                    <uuids/>
                </item>
                <item>
                    <type>page</type>
                    <uuids/>
                </item>
                <item>
                    <type>application</type>
                    <uuids/>
                </item>
                <item>
                    <type>tempoFeed</type>
                    <uuids>
                        <uuid>fb9cb456-51c0-4d24-a7b9-b8494b23ad87</uuid>
                    </uuids>
                </item>
                <item>
                    <type>recordType</type>
                    <uuids/>
                </item>
                <item>
                    <type>tempoReport</type>
                    <uuids/>
                </item>
                <item>
                    <type>taskReport</type>
                    <uuids/>
                </item>
                <item>
                    <type>webApi</type>
                    <uuids/>
                </item>
                <item>
                    <type>site</type>
                    <uuids/>
                </item>
                <item>
                    <type>adminSetting</type>
                    <uuids/>
                </item>
                <item>
                    <type>thirdPartyCredentials</type>
                    <uuids/>
                </item>
                <item>
                    <type>dataSource</type>
                    <uuids/>
                </item>
            </globalIdMap>
        </associatedObjects>
        <applicationNavigation/>
        <applicationActions>
            <action>
                <displayLabel>Add New IT Equipment</displayLabel>
                <description>Add new IT equipment to the system</description>
                <processModelUuid>0003dd29-13bc-8000-f92f-7f0000014e7a</processModelUuid>
                <actionUuid>c70a2776-37a3-43bd-948d-c4555ceb69a6</actionUuid>
            </action>
            <action>
                <displayLabel>Reserve a Space</displayLabel>
                <description>Select and Reserve a Space</description>
                <processModelUuid>000cdd26-dc0d-8000-f92f-7f0000014e7a</processModelUuid>
                <actionUuid>4d590638-cee5-4a9c-9981-0d07c49b2e3b</actionUuid>
            </action>
            <action>
                <displayLabel>Add New Position</displayLabel>
                <description>Add a new position to the system</description>
                <processModelUuid>0002dd20-cc21-8000-f92f-7f0000014e7a</processModelUuid>
                <actionUuid>88bda160-95f9-46d2-ae5b-a665cc466267</actionUuid>
            </action>
            <action>
                <displayLabel>Add New Space</displayLabel>
                <description>Add a new space to the system</description>
                <processModelUuid>0006dd1f-b6e7-8000-f92f-7f0000014e7a</processModelUuid>
                <actionUuid>06f9a6ee-19f7-4c79-8df7-8d75285ea030</actionUuid>
            </action>
            <action>
                <displayLabel>Add New Floor</displayLabel>
                <description>Add a new floor to the system</description>
                <processModelUuid>0003dd1e-705e-8000-f92f-7f0000014e7a</processModelUuid>
                <actionUuid>70d5b7f0-9abc-492a-8fbb-992b2dedd11a</actionUuid>
            </action>
            <action>
                <displayLabel>Add New Building</displayLabel>
                <description>Add a new building to the system</description>
                <processModelUuid>0003dd1e-7033-8000-f92f-7f0000014e7a</processModelUuid>
                <actionUuid>373818fb-97f4-416a-b3be-232ebae9b9fb</actionUuid>
            </action>
            <action>
                <displayLabel>Add New Campus</displayLabel>
                <description>Add a new campus to the system</description>
                <processModelUuid>0003dd1e-7012-8000-f92f-7f0000014e7a</processModelUuid>
                <actionUuid>6d2129c0-84fb-48f2-85ee-284df43f80b5</actionUuid>
            </action>
        </applicationActions>
        <associatedApplications>
            <globalIdMap>
                <item>
                    <type>datatype</type>
                    <uuids/>
                </item>
                <item>
                    <type>dataStore</type>
                    <uuids/>
                </item>
                <item>
                    <type>user</type>
                    <uuids/>
                </item>
                <item>
                    <type>groupType</type>
                    <uuids/>
                </item>
                <item>
                    <type>group</type>
                    <uuids/>
                </item>
                <item>
                    <type>content</type>
                    <uuids/>
                </item>
                <item>
                    <type>forum</type>
                    <uuids/>
                </item>
                <item>
                    <type>processModelFolder</type>
                    <uuids/>
                </item>
                <item>
                    <type>processModel</type>
                    <uuids/>
                </item>
                <item>
                    <type>portlet</type>
                    <uuids/>
                </item>
                <item>
                    <type>page</type>
                    <uuids/>
                </item>
                <item>
                    <type>application</type>
                    <uuids/>
                </item>
                <item>
                    <type>tempoFeed</type>
                    <uuids/>
                </item>
                <item>
                    <type>recordType</type>
                    <uuids/>
                </item>
                <item>
                    <type>tempoReport</type>
                    <uuids/>
                </item>
                <item>
                    <type>taskReport</type>
                    <uuids/>
                </item>
                <item>
                    <type>webApi</type>
                    <uuids/>
                </item>
                <item>
                    <type>site</type>
                    <uuids/>
                </item>
                <item>
                    <type>adminSetting</type>
                    <uuids/>
                </item>
                <item>
                    <type>thirdPartyCredentials</type>
                    <uuids/>
                </item>
                <item>
                    <type>dataSource</type>
                    <uuids/>
                </item>
            </globalIdMap>
        </associatedApplications>
    </application>
    <roleMap>
        <contentRoleMap public="true">
            <role allowForAll="false" inherit="false" name="readers">
                <users/>
                <groups>
                    <groupUuid>_e-0000dd0a-93c8-8000-9aee-01075c01075c_10</groupUuid>
                </groups>
            </role>
            <role allowForAll="false" inherit="false" name="authors">
                <users/>
                <groups/>
            </role>
            <role allowForAll="false" inherit="false" name="administrators">
                <users>
                    <userUuid>rob.turverey</userUuid>
                </users>
                <groups/>
            </role>
            <role allowForAll="false" inherit="false" name="denyReaders">
                <users/>
                <groups/>
            </role>
            <role allowForAll="false" inherit="false" name="denyAuthors">
                <users/>
                <groups/>
            </role>
            <role allowForAll="false" inherit="false" name="denyAdministrators">
                <users/>
                <groups/>
            </role>
        </contentRoleMap>
    </roleMap>
</applicationHaul>
