<?xml version="1.0" encoding="UTF-8" standalone="yes"?>
<applicationHaul xmlns:a="http://www.appian.com/ae/types/2009">
    <application>
        <name>Appian Common Objects 7.5 Release 2: Rules and Constants</name>
        <uuid>_a-0000d61d-411a-8000-da6f-010000010000_899</uuid>
        <description>The purpose of this application is to provide Appian practitioners with a base in which a functional application can be built upon. It contains commonly used objects submitted by personnel across the firm. </description>
        <parentUuid>SYSTEM_APPLICATIONS_ROOT</parentUuid>
        <visibility>
            <advertise>false</advertise>
            <hierarchy>true</hierarchy>
            <indexable>true</indexable>
            <quota>false</quota>
            <searchable>true</searchable>
            <system>false</system>
            <unlogged>false</unlogged>
        </visibility>
        <urlIdentifier>appian_common_objects</urlIdentifier>
        <published>false</published>
        <public>false</public>
        <associatedObjects>
            <globalIdMap>
                <item>
                    <type>datatype</type>
                    <uuids/>
                </item>
                <item>
                    <type>dataStore</type>
                    <uuids/>
                </item>
                <item>
                    <type>user</type>
                    <uuids/>
                </item>
                <item>
                    <type>groupType</type>
                    <uuids/>
                </item>
                <item>
                    <type>group</type>
                    <uuids>
                        <uuid>_e-0000d823-af2b-8000-bffc-010000010000_8</uuid>
                        <uuid>_e-0000d828-cea9-8000-9aee-01075c01075c_9</uuid>
                    </uuids>
                </item>
                <item>
                    <type>content</type>
                    <uuids>
                        <uuid>_a-0000d618-256c-8000-da6f-010000010000_859</uuid>
                        <uuid>_a-0000d615-4c22-8000-da6f-010000010000_777</uuid>
                        <uuid>_a-0000d615-4c22-8000-da6f-010000010000_789</uuid>
                        <uuid>_a-0000d73e-944a-8000-9ba2-011c48011c48_13207</uuid>
                        <uuid>_a-0000d73e-944a-8000-9ba2-011c48011c48_13380</uuid>
                        <uuid>_a-0000d62a-67b3-8000-da6f-010000010000_961</uuid>
                        <uuid>_a-0000d62a-67b3-8000-da6f-010000010000_959</uuid>
                        <uuid>_a-0000d657-aa25-8000-da6f-010000010000_1015</uuid>
                        <uuid>_a-0000d62a-67b3-8000-da6f-010000010000_956</uuid>
                        <uuid>_a-0000d62a-67b3-8000-da6f-010000010000_957</uuid>
                        <uuid>_a-0000d62a-67b3-8000-da6f-010000010000_958</uuid>
                        <uuid>_a-0000d6f5-78e2-8000-3c2a-010000010000_873</uuid>
                        <uuid>_a-0000d690-12fb-8000-0f1a-010000010000_1376</uuid>
                        <uuid>_a-0000d73e-944a-8000-9ba2-011c48011c48_13373</uuid>
                        <uuid>_a-0000d706-9d68-8000-d81c-010000010000_1639</uuid>
                        <uuid>_a-0000d7d3-de4c-8000-4594-010000010000_2326</uuid>
                        <uuid>_a-0000d72a-ff60-8000-9ba2-011c48011c48_11579</uuid>
                        <uuid>_a-0000d62a-67b3-8000-da6f-010000010000_928</uuid>
                        <uuid>_a-0000d73b-3c1e-8000-a2f0-010000010000_1287</uuid>
                        <uuid>_a-0000d806-c17f-8000-5892-010000010000_3698</uuid>
                        <uuid>_a-0000d73e-944a-8000-9ba2-011c48011c48_13329</uuid>
                        <uuid>_a-0000d73e-944a-8000-9ba2-011c48011c48_13324</uuid>
                        <uuid>_a-0000d73e-944a-8000-9ba2-011c48011c48_13328</uuid>
                        <uuid>_a-0000d6c5-be9f-8000-ba92-010000010000_1725</uuid>
                        <uuid>_a-0000d73e-944a-8000-9ba2-011c48011c48_13080</uuid>
                        <uuid>_a-0000d73e-9720-8000-9ba2-011c48011c48_59983</uuid>
                        <uuid>_a-0000d72a-ff60-8000-9ba2-011c48011c48_12112</uuid>
                        <uuid>_a-0000d6c5-be9f-8000-ba92-010000010000_1726</uuid>
                        <uuid>_a-0000d73e-944a-8000-9ba2-011c48011c48_13227</uuid>
                        <uuid>_a-0000d6c5-be9f-8000-ba92-010000010000_1778</uuid>
                        <uuid>_a-0000d744-e18d-8000-4594-010000010000_1405</uuid>
                        <uuid>_a-0000d73e-944a-8000-9ba2-011c48011c48_13205</uuid>
                        <uuid>_a-0000d744-e18d-8000-4594-010000010000_1447</uuid>
                        <uuid>_a-0000d806-c17f-8000-5892-010000010000_3654</uuid>
                        <uuid>_a-0000d806-c17f-8000-5892-010000010000_3655</uuid>
                        <uuid>_a-0000d73e-944a-8000-9ba2-011c48011c48_13209</uuid>
                        <uuid>_a-0000d73e-944a-8000-9ba2-011c48011c48_13352</uuid>
                        <uuid>_a-0000d73e-944a-8000-9ba2-011c48011c48_13351</uuid>
                        <uuid>_a-0000d73e-944a-8000-9ba2-011c48011c48_13327</uuid>
                        <uuid>_a-0000d73e-944a-8000-9ba2-011c48011c48_13238</uuid>
                        <uuid>_a-0000d62a-67b3-8000-da6f-010000010000_950</uuid>
                        <uuid>_a-0000d690-12fb-8000-0f1a-010000010000_1377</uuid>
                        <uuid>_a-0000d744-e18d-8000-4594-010000010000_1396</uuid>
                        <uuid>_a-0000d72a-ff60-8000-9ba2-011c48011c48_10910</uuid>
                        <uuid>_a-0000d690-12fb-8000-0f1a-010000010000_1355</uuid>
                        <uuid>_a-0000d690-12fb-8000-0f1a-010000010000_1310</uuid>
                        <uuid>_a-0000d690-12fb-8000-0f1a-010000010000_1357</uuid>
                        <uuid>_a-0000d690-12fb-8000-0f1a-010000010000_1370</uuid>
                        <uuid>_a-0000d7d3-de4c-8000-4594-010000010000_2303</uuid>
                        <uuid>_a-0000d6bb-cf5f-8000-da6f-010000010000_1809</uuid>
                        <uuid>_a-0000d62a-67b3-8000-da6f-010000010000_931</uuid>
                        <uuid>_a-0000d7d3-de4c-8000-4594-010000010000_2301</uuid>
                        <uuid>_a-0000d7d3-de4c-8000-4594-010000010000_2302</uuid>
                        <uuid>_a-0000d690-12fb-8000-0f1a-010000010000_1352</uuid>
                        <uuid>_a-0000d62a-67b3-8000-da6f-010000010000_934</uuid>
                        <uuid>_a-0000d806-c17f-8000-5892-010000010000_3408</uuid>
                        <uuid>_a-0000d806-c17f-8000-5892-010000010000_3480</uuid>
                        <uuid>_a-0000d806-c17f-8000-5892-010000010000_3421</uuid>
                        <uuid>_a-0000d62a-67b3-8000-da6f-010000010000_943</uuid>
                        <uuid>_a-0000d6f5-78e2-8000-3c2a-010000010000_639</uuid>
                        <uuid>_a-0000d685-6cb8-8000-da6f-010000010000_1635</uuid>
                        <uuid>_a-0000d690-12fb-8000-0f1a-010000010000_1375</uuid>
                        <uuid>_a-0000d711-4640-8000-9ba2-011c48011c48_10426</uuid>
                        <uuid>_a-0000d732-1e1b-8000-a2f0-010000010000_1082</uuid>
                        <uuid>_a-0000d7d3-de4c-8000-4594-010000010000_2321</uuid>
                        <uuid>_a-0000d806-c17f-8000-5892-010000010000_3484</uuid>
                        <uuid>_a-0000d806-c17f-8000-5892-010000010000_3489</uuid>
                        <uuid>_a-0000d62a-67b3-8000-da6f-010000010000_951</uuid>
                        <uuid>_a-0000d72a-ff60-8000-9ba2-011c48011c48_11883</uuid>
                        <uuid>_a-0000d72a-ff60-8000-9ba2-011c48011c48_11884</uuid>
                        <uuid>_a-0000d72a-ff60-8000-9ba2-011c48011c48_11885</uuid>
                        <uuid>_a-0000d73e-944a-8000-9ba2-011c48011c48_13322</uuid>
                        <uuid>_a-0000d706-9d68-8000-d81c-010000010000_1629</uuid>
                        <uuid>_a-0000d7d3-de4c-8000-4594-010000010000_2327</uuid>
                        <uuid>_a-0000d7d3-de4c-8000-4594-010000010000_2344</uuid>
                        <uuid>_a-0000d7d3-de4c-8000-4594-010000010000_2331</uuid>
                        <uuid>_a-0000d72a-ff60-8000-9ba2-011c48011c48_11580</uuid>
                        <uuid>_a-0000d62a-67b3-8000-da6f-010000010000_919</uuid>
                        <uuid>_a-0000d73b-3c1e-8000-a2f0-010000010000_1290</uuid>
                        <uuid>_a-0000d73b-3c1e-8000-a2f0-010000010000_1289</uuid>
                        <uuid>_a-0000d73b-3c1e-8000-a2f0-010000010000_1288</uuid>
                        <uuid>_a-0000d806-c17f-8000-5892-010000010000_3699</uuid>
                        <uuid>_a-0000d806-c17f-8000-5892-010000010000_3701</uuid>
                        <uuid>_a-0000d806-c17f-8000-5892-010000010000_3706</uuid>
                        <uuid>_a-0000d73e-944a-8000-9ba2-011c48011c48_13334</uuid>
                        <uuid>_a-0000d73e-944a-8000-9ba2-011c48011c48_13330</uuid>
                        <uuid>_a-0000d73e-944a-8000-9ba2-011c48011c48_13338</uuid>
                        <uuid>_a-0000d73e-944a-8000-9ba2-011c48011c48_13342</uuid>
                        <uuid>_a-0000d73e-944a-8000-9ba2-011c48011c48_13344</uuid>
                        <uuid>_a-0000d73e-944a-8000-9ba2-011c48011c48_13230</uuid>
                        <uuid>_a-0000d73e-944a-8000-9ba2-011c48011c48_13235</uuid>
                        <uuid>_a-0000d73e-944a-8000-9ba2-011c48011c48_13241</uuid>
                        <uuid>_a-0000d73e-944a-8000-9ba2-011c48011c48_13363</uuid>
                        <uuid>_a-0000d806-c17f-8000-5892-010000010000_3420</uuid>
                        <uuid>_a-0000d806-c17f-8000-5892-010000010000_3418</uuid>
                        <uuid>_a-0000d883-d083-8000-558a-010000010000_2471</uuid>
                        <uuid>_a-0000d744-e18d-8000-4594-010000010000_1361</uuid>
                        <uuid>_a-0000d72a-ff60-8000-9ba2-011c48011c48_12088</uuid>
                        <uuid>_a-0000d76e-f904-8000-4594-010000010000_1167</uuid>
                        <uuid>_a-0000d72a-ff60-8000-9ba2-011c48011c48_11571</uuid>
                        <uuid>_a-0000d73e-944a-8000-9ba2-011c48011c48_13164</uuid>
                        <uuid>_a-0000d73e-9720-8000-9ba2-011c48011c48_59971</uuid>
                        <uuid>_a-0000d73e-9720-8000-9ba2-011c48011c48_59972</uuid>
                        <uuid>_a-0000d73e-9720-8000-9ba2-011c48011c48_59973</uuid>
                        <uuid>_a-0000d73e-9720-8000-9ba2-011c48011c48_59974</uuid>
                        <uuid>_a-0000d73e-944a-8000-9ba2-011c48011c48_13081</uuid>
                        <uuid>_a-0000d73e-944a-8000-9ba2-011c48011c48_13085</uuid>
                        <uuid>_a-0000d73e-944a-8000-9ba2-011c48011c48_13222</uuid>
                        <uuid>_a-0000d73e-944a-8000-9ba2-011c48011c48_13221</uuid>
                        <uuid>_a-0000d73e-944a-8000-9ba2-011c48011c48_13340</uuid>
                        <uuid>_a-0000d73e-944a-8000-9ba2-011c48011c48_13225</uuid>
                        <uuid>_a-0000d73e-944a-8000-9ba2-011c48011c48_13226</uuid>
                        <uuid>_a-0000d6f5-78e2-8000-3c2a-010000010000_792</uuid>
                        <uuid>_a-0000d690-12fb-8000-0f1a-010000010000_1021</uuid>
                        <uuid>_a-0000d690-12fb-8000-0f1a-010000010000_1047</uuid>
                        <uuid>_a-0000d690-12fb-8000-0f1a-010000010000_1023</uuid>
                        <uuid>_a-0000d690-12fb-8000-0f1a-010000010000_1061</uuid>
                        <uuid>_a-0000d690-12fb-8000-0f1a-010000010000_1068</uuid>
                        <uuid>_a-0000d690-12fb-8000-0f1a-010000010000_1070</uuid>
                        <uuid>_a-0000d690-12fb-8000-0f1a-010000010000_1072</uuid>
                        <uuid>_a-0000d744-e18d-8000-4594-010000010000_1394</uuid>
                        <uuid>_a-0000d806-c17f-8000-5892-010000010000_3399</uuid>
                        <uuid>_a-0000d7d3-2936-8000-4594-010000010000_2218</uuid>
                        <uuid>_a-0000d82c-f851-8000-bffe-010000010000_3476</uuid>
                        <uuid>_a-0000d82c-f851-8000-bffe-010000010000_3480</uuid>
                        <uuid>_a-0000d73e-944a-8000-9ba2-011c48011c48_13169</uuid>
                        <uuid>_a-0000d73e-944a-8000-9ba2-011c48011c48_13178</uuid>
                        <uuid>_a-0000d744-e18d-8000-4594-010000010000_1402</uuid>
                        <uuid>_a-0000d73e-944a-8000-9ba2-011c48011c48_13256</uuid>
                        <uuid>_a-0000d73e-944a-8000-9ba2-011c48011c48_13191</uuid>
                        <uuid>_a-0000d744-e18d-8000-4594-010000010000_1413</uuid>
                        <uuid>_a-0000d744-e18d-8000-4594-010000010000_1437</uuid>
                        <uuid>_a-0000d744-e18d-8000-4594-010000010000_1458</uuid>
                        <uuid>_a-0000d744-e18d-8000-4594-010000010000_1446</uuid>
                        <uuid>_a-0000d806-c17f-8000-5892-010000010000_3373</uuid>
                        <uuid>_a-0000d806-c17f-8000-5892-010000010000_3381</uuid>
                        <uuid>_a-0000d92f-0a50-8000-927a-010000010000_2050</uuid>
                        <uuid>_a-0000d46d-6d18-8000-3ca7-0a000064044c_14313</uuid>
                        <uuid>_a-0000d72a-ff60-8000-9ba2-011c48011c48_12119</uuid>
                        <uuid>_a-0000d72a-ff60-8000-9ba2-011c48011c48_11572</uuid>
                        <uuid>_a-0000d32b-d729-8000-3ca7-0a000064044c_6320</uuid>
                    </uuids>
                </item>
                <item>
                    <type>forum</type>
                    <uuids/>
                </item>
                <item>
                    <type>processModelFolder</type>
                    <uuids/>
                </item>
                <item>
                    <type>processModel</type>
                    <uuids/>
                </item>
                <item>
                    <type>portlet</type>
                    <uuids/>
                </item>
                <item>
                    <type>page</type>
                    <uuids/>
                </item>
                <item>
                    <type>application</type>
                    <uuids/>
                </item>
                <item>
                    <type>tempoFeed</type>
                    <uuids/>
                </item>
                <item>
                    <type>recordType</type>
                    <uuids/>
                </item>
                <item>
                    <type>tempoReport</type>
                    <uuids/>
                </item>
                <item>
                    <type>taskReport</type>
                    <uuids/>
                </item>
                <item>
                    <type>webApi</type>
                    <uuids/>
                </item>
                <item>
                    <type>site</type>
                    <uuids/>
                </item>
                <item>
                    <type>adminSetting</type>
                    <uuids/>
                </item>
                <item>
                    <type>thirdPartyCredentials</type>
                    <uuids/>
                </item>
                <item>
                    <type>dataSource</type>
                    <uuids/>
                </item>
            </globalIdMap>
        </associatedObjects>
        <applicationNavigation/>
        <applicationActions/>
        <associatedApplications>
            <globalIdMap>
                <item>
                    <type>datatype</type>
                    <uuids/>
                </item>
                <item>
                    <type>dataStore</type>
                    <uuids/>
                </item>
                <item>
                    <type>user</type>
                    <uuids/>
                </item>
                <item>
                    <type>groupType</type>
                    <uuids/>
                </item>
                <item>
                    <type>group</type>
                    <uuids/>
                </item>
                <item>
                    <type>content</type>
                    <uuids/>
                </item>
                <item>
                    <type>forum</type>
                    <uuids/>
                </item>
                <item>
                    <type>processModelFolder</type>
                    <uuids/>
                </item>
                <item>
                    <type>processModel</type>
                    <uuids/>
                </item>
                <item>
                    <type>portlet</type>
                    <uuids/>
                </item>
                <item>
                    <type>page</type>
                    <uuids/>
                </item>
                <item>
                    <type>application</type>
                    <uuids/>
                </item>
                <item>
                    <type>tempoFeed</type>
                    <uuids/>
                </item>
                <item>
                    <type>recordType</type>
                    <uuids/>
                </item>
                <item>
                    <type>tempoReport</type>
                    <uuids/>
                </item>
                <item>
                    <type>taskReport</type>
                    <uuids/>
                </item>
                <item>
                    <type>webApi</type>
                    <uuids/>
                </item>
                <item>
                    <type>site</type>
                    <uuids/>
                </item>
                <item>
                    <type>adminSetting</type>
                    <uuids/>
                </item>
                <item>
                    <type>thirdPartyCredentials</type>
                    <uuids/>
                </item>
                <item>
                    <type>dataSource</type>
                    <uuids/>
                </item>
            </globalIdMap>
        </associatedApplications>
    </application>
    <roleMap>
        <contentRoleMap public="true">
            <role allowForAll="false" inherit="false" name="readers">
                <users/>
                <groups/>
            </role>
            <role allowForAll="false" inherit="false" name="authors">
                <users/>
                <groups/>
            </role>
            <role allowForAll="false" inherit="false" name="administrators">
                <users>
                    <userUuid>Administrator</userUuid>
                    <userUuid>lisa.lundegard</userUuid>
                </users>
                <groups/>
            </role>
            <role allowForAll="false" inherit="false" name="denyReaders">
                <users/>
                <groups/>
            </role>
            <role allowForAll="false" inherit="false" name="denyAuthors">
                <users/>
                <groups/>
            </role>
            <role allowForAll="false" inherit="false" name="denyAdministrators">
                <users/>
                <groups/>
            </role>
        </contentRoleMap>
    </roleMap>
</applicationHaul>
