<?xml version="1.0" encoding="UTF-8" standalone="yes"?>
<groupHaul xmlns:a="http://www.appian.com/ae/types/2009">
    <group>
        <name>HELP Viewers</name>
        <securityMap>SECURITYMAP_TEAM</securityMap>
        <uuid>_e-0000dd72-ed8c-8000-9aee-01075c01075c_112</uuid>
        <groupTypeUuid>SYSTEM_GROUP_TYPE_CUSTOM</groupTypeUuid>
        <description>Contains all users who can view help resources</description>
        <delegatedCreation>false</delegatedCreation>
        <memberPolicy>MEMBERPOLICY_CLOSED</memberPolicy>
        <viewingPolicy>VIEWINGPOLICY_LOW</viewingPolicy>
        <attributes/>
    </group>
    <members>
        <users/>
        <groups>
            <groupUuid>_e-0000dd3b-5dde-8000-9aee-01075c01075c_110</groupUuid>
            <groupUuid>_e-0000dd72-ed8c-8000-9aee-01075c01075c_113</groupUuid>
            <groupUuid>_e-0000dd3b-5dde-8000-9aee-01075c01075c_108</groupUuid>
            <groupUuid>_e-0000dd3b-5dde-8000-9aee-01075c01075c_109</groupUuid>
            <groupUuid>_e-0000dd71-43cb-8000-9aee-01075c01075c_111</groupUuid>
        </groups>
    </members>
    <admins>
        <users/>
        <groups>
            <groupUuid>_e-0000dd71-43cb-8000-9aee-01075c01075c_111</groupUuid>
        </groups>
    </admins>
    <ruleSet/>
</groupHaul>
