CTS Correspondence Management Officer%The CMO generates electronic folders for incoming documentation. The CMO determines the responsible office to address the issue, and routes the folder to a Tasker or Program Office. After the final response has been generated, the CMO closes the folder%CTS All Users%CTS System Administrator
CTS Correspondence Management Officer Administrator%The Correspondence Management Officer Administrators (CMOADMIN) group consists of a smaller subset of the CMO group and has the same rights as the CMO plus additional system rights. Currently, this includes the editing and deleting of notes relating to a folder.%CTS Correspondence Management Officer%CTS System Administrator
CTS Group Manager%The Group Manager group consists of a subset of CMO users who have the rights and privileges to create groups within the system and edit their memberships%CTS Correspondence Management Officer%CTS System Administrator
CTS Tasker%The Tasker (TR) is the primary POC within the responsible office and is charged with identifying the staffing resources to address the inquiry. The Tasker shall review the incoming documents and create an assignment list of Action Officers (i.e., writers, quality control agents, concurring individuals and signators, if applicable). The Tasker shall determine whether the routing to the assignees shall be serial or in parallel. The Tasker shall also assign completion dates for each assignment.%CTS All Users%CTS System Administrator
CTS Action Officer%The action officers (AO) prepare and review responses to incoming correspondence. They also route the folders for final review and concurrence, and sign completed responses if necessary%CTS All Users%CTS System Administrator
CTS System Administrator%The System Administrator (SA) shall have global access privileges to manage all documents, all folders, and generate reports. In addition, they ensure that the system operates within acceptable user parameters. The SA shall ensure that all user entitlements are set, application code values are maintained, and the automated workflow agent represents the established business processes. SAs shall also have the ability to create and manage bulletin board messages.%CTS All Users%CTS Appian Administrators
CTS Writer%The Writer drafts the response to the inquiry and shall have the ability to catalog his or her document into the system, as well as link the document to the folder. The Writer may assign the folder to additional individuals for input or preliminary review.%CTS Action Officer%CTS System Administrator
CTS Quality Control Officer%Upon receipt of a folder, the QCO shall review the draft responses. If any error is detected, the folder shall be directed to the Tasker to assign the corrections to a Writer. Should the response document be approved, the QCO shall shift the folder to the next level of review – normally the concurring individuals.%CTS Action Officer%CTS System Administrator
CTS Concurror%After the QCO grants his or her approval to the response document, the QCO may direct the folder to a series of concurring individuals. Should all concurrences be granted, the folder shall be routed to the Signator for final signature. If concurrence is denied, the folder shall be directed back to the Tasker to resolve the issue.%CTS Action Officer%CTS System Administrator
CTS Signator%The Signator reviews the folder documents for completeness. If a discrepancy is discovered, the folder shall be directed back to the Tasker to address the concern. Otherwise, the final paper document will be signed and the electronic folder shall be delivered to the CMO for closure.%CTS Action Officer%CTS System Administrator