<?xml version="1.0" encoding="UTF-8" standalone="yes"?>
<groupHaul xmlns:a="http://www.appian.com/ae/types/2009">
    <group>
        <name>CTS Signator</name>
        <securityMap>SECURITYMAP_PUBLIC</securityMap>
        <uuid>_e-0000dcf6-b054-8000-9aee-01075c01075c_100</uuid>
        <groupTypeUuid>_f-0000dcf6-b054-8000-9aee-01075c01075c_1</groupTypeUuid>
        <parentUuid>_e-0000dcf6-b054-8000-9aee-01075c01075c_97</parentUuid>
        <description>The Signator reviews the folder documents for completeness. If a discrepancy is discovered, the folder shall be directed back to the Tasker to address the concern. Otherwise, the final paper document will be signed and the electronic folder shall be delivered to the CMO for closure. </description>
        <delegatedCreation>false</delegatedCreation>
        <memberPolicy>MEMBERPOLICY_CLOSED</memberPolicy>
        <viewingPolicy>VIEWINGPOLICY_LOW</viewingPolicy>
        <attributes/>
    </group>
    <members>
        <users/>
        <groups>
            <groupUuid>_e-0000dcf6-b054-8000-9aee-01075c01075c_120</groupUuid>
            <groupUuid>_e-0000dcf6-b054-8000-9aee-01075c01075c_121</groupUuid>
            <groupUuid>_e-0000dcf6-b054-8000-9aee-01075c01075c_122</groupUuid>
            <groupUuid>_e-0000dcf6-b054-8000-9aee-01075c01075c_118</groupUuid>
            <groupUuid>_e-0000dcf6-b054-8000-9aee-01075c01075c_119</groupUuid>
        </groups>
    </members>
    <admins>
        <users/>
        <groups/>
    </admins>
    <ruleSet/>
</groupHaul>
