<?xml version="1.0" encoding="UTF-8" standalone="yes"?>
<groupHaul xmlns:a="http://www.appian.com/ae/types/2009">
    <group>
        <name>CTS Tasker</name>
        <securityMap>SECURITYMAP_PUBLIC</securityMap>
        <uuid>_e-0000dcf6-b054-8000-9aee-01075c01075c_107</uuid>
        <groupTypeUuid>_f-0000dcf6-b054-8000-9aee-01075c01075c_1</groupTypeUuid>
        <parentUuid>_e-0000dcf6-b054-8000-9aee-01075c01075c_95</parentUuid>
        <description>The Tasker (TR) is the primary POC within the responsible office and is charged with identifying the staffing resources to address the inquiry. The Tasker shall review the incoming documents and create an assignment list of Action Officers (i.e., writers, quality control agents, concurring individuals and signators, if applicable). The Tasker shall determine whether the routing to the assignees shall be serial or in parallel. The Tasker shall also assign completion dates for each assignment.</description>
        <delegatedCreation>false</delegatedCreation>
        <memberPolicy>MEMBERPOLICY_CLOSED</memberPolicy>
        <viewingPolicy>VIEWINGPOLICY_LOW</viewingPolicy>
        <attributes/>
    </group>
    <members>
        <users/>
        <groups>
            <groupUuid>_e-0000dcf6-b054-8000-9aee-01075c01075c_152</groupUuid>
            <groupUuid>_e-0000dcf6-b054-8000-9aee-01075c01075c_150</groupUuid>
            <groupUuid>_e-0000dcf6-b054-8000-9aee-01075c01075c_151</groupUuid>
            <groupUuid>_e-0000dcf6-b054-8000-9aee-01075c01075c_149</groupUuid>
            <groupUuid>_e-0000dcf6-b054-8000-9aee-01075c01075c_148</groupUuid>
        </groups>
    </members>
    <admins>
        <users/>
        <groups/>
    </admins>
    <ruleSet/>
</groupHaul>
