<?xml version="1.0" encoding="UTF-8" standalone="yes"?>
<groupHaul xmlns:a="http://www.appian.com/ae/types/2009">
    <group>
        <name>AFE Ad-Hoc Workflow Appian Administrators</name>
        <securityMap>SECURITYMAP_TEAM</securityMap>
        <uuid>_e-0000dd72-ed8c-8000-9aee-01075c01075c_115</uuid>
        <groupTypeUuid>SYSTEM_GROUP_TYPE_CUSTOM</groupTypeUuid>
        <parentUuid>_e-0000dd72-ed8c-8000-9aee-01075c01075c_114</parentUuid>
        <description></description>
        <delegatedCreation>false</delegatedCreation>
        <memberPolicy>MEMBERPOLICY_CLOSED</memberPolicy>
        <viewingPolicy>VIEWINGPOLICY_LOW</viewingPolicy>
        <attributes/>
    </group>
    <members>
        <users/>
        <groups>
            <groupUuid>_e-0000dd0a-93c8-8000-9aee-01075c01075c_12</groupUuid>
            <groupUuid>_e-0000dd3b-5dde-8000-9aee-01075c01075c_103</groupUuid>
        </groups>
    </members>
    <admins>
        <users/>
        <groups/>
    </admins>
    <ruleSet/>
</groupHaul>
