<?xml version="1.0" encoding="UTF-8" standalone="yes"?>
<tempoReportHaul xmlns:a="http://www.appian.com/ae/types/2009">
    <tempoReport name="Vehicles" a:uuid="76582b8d-2daa-4173-b46a-9fd399e780dd">
        <a:description>All vehicles in the system</a:description>
        <a:uiExpr>=#&quot;_a-0000dd4b-0482-8000-9ba2-011c48011c48_18449&quot;()</a:uiExpr>
        <a:urlStub>3bnpNA</a:urlStub>
    </tempoReport>
    <roleMap>
        <role name="report_administrator">
            <users/>
            <groups>
                <groupUuid>_e-0000dd29-17a1-8000-9aee-01075c01075c_101</groupUuid>
            </groups>
        </role>
        <role name="report_viewer">
            <users/>
            <groups>
                <groupUuid>_e-0000dd29-17a1-8000-9aee-01075c01075c_100</groupUuid>
            </groups>
        </role>
    </roleMap>
</tempoReportHaul>
