<?xml version="1.0" encoding="UTF-8" standalone="yes"?>
<recordTypeHaul xmlns:a="http://www.appian.com/ae/types/2009">
    <recordType name="Trip" a:uuid="37d7a923-8077-479f-98c9-df878ca8ce89">
        <a:pluralName>Trips</a:pluralName>
        <a:description>Trips record</a:description>
        <a:urlStub>_n070g</a:urlStub>
        <a:source xmlns:xsi="http://www.w3.org/2001/XMLSchema-instance" xsi:type="a:DataStoreEntity" a:uuid="8d47b1f5-b5d5-4053-b530-6d5ae42ac27f@_a-0000dd17-9077-8000-9ba2-011c48011c48_6529"/>
        <a:listViewTemplateExpr>#&quot;SYSTEM_SYSRULES_recordGridLayoutColumns&quot;(
  columns: {
    #&quot;SYSTEM_SYSRULES_gridLayoutColumn&quot;(
      label: &quot;Date&quot;,
      width: &quot;DISTRIBUTE&quot;,
      component: #&quot;SYSTEM_SYSRULES_recordGrid_textField&quot;(
        displayvalue: datetext(rf!tripDateTime,&quot;MM/dd/yy hh:mm a z&quot;)
      )
    ),
    #&quot;SYSTEM_SYSRULES_gridLayoutColumn&quot;(
      label: &quot;Trip Location&quot;,
      component: #&quot;SYSTEM_SYSRULES_recordGrid_textField&quot;(
        displayValue: rf!fromLocationName&amp;&quot; &quot;&amp;char(10145)&amp;&quot; &quot;&amp;rf!toLocationName
      )
    ),
    #&quot;SYSTEM_SYSRULES_gridLayoutColumn&quot;(
      label: &quot;Mileage&quot;,
      width: &quot;NARROW&quot;,
      align: &quot;CENTER&quot;,
      component: #&quot;SYSTEM_SYSRULES_recordGrid_textField&quot;(
        displayvalue: fn!fixed(rf!mileage,2),
        align: &quot;RIGHT&quot;
      )
    ),
    #&quot;SYSTEM_SYSRULES_gridLayoutColumn&quot;(
      label: &quot;Vehicle&quot;,
      component: #&quot;SYSTEM_SYSRULES_recordGrid_linkField&quot;(
        links: #&quot;SYSTEM_SYSRULES_recordLink&quot;(
          label:rf!vinNumber,
          recordType:#&quot;_a-0000dd17-9077-8000-9ba2-011c48011c48_6439&quot;,
          identifier:1
        ))
    )  
  },
  pageSize: 50,
  defaultSort: #&quot;SYSTEM_SYSRULES_sortInfo&quot;(
    field: &quot;tripDateTime&quot;,
    ascending: false
  )
)</a:listViewTemplateExpr>
        <a:fieldCfg name="Recent">
            <a:description></a:description>
            <a:sourceRef>tripDateTime</a:sourceRef>
            <a:isSortable>false</a:isSortable>
            <a:isSearchable>false</a:isSearchable>
            <a:isFacet>true</a:isFacet>
            <a:facetType>CUSTOM_BUCKETS_CLOSED</a:facetType>
            <a:isExclusiveFacet>true</a:isExclusiveFacet>
            <a:facetLabelExpr>=&quot;Recent Trips&quot;</a:facetLabelExpr>
            <a:facetOption>
                <a:labelExpr>=&quot;Last 7 Days&quot;</a:labelExpr>
                <a:facetOperator>BETWEEN</a:facetOperator>
                <a:lowerLimitExpr>=now()-7</a:lowerLimitExpr>
                <a:upperLimitExpr>=now()</a:upperLimitExpr>
            </a:facetOption>
            <a:facetOption>
                <a:labelExpr>=&quot;Last 30 Days&quot;</a:labelExpr>
                <a:facetOperator>BETWEEN</a:facetOperator>
                <a:lowerLimitExpr>=now()-30</a:lowerLimitExpr>
                <a:upperLimitExpr>=now()</a:upperLimitExpr>
            </a:facetOption>
            <a:sortOrderIndex>0</a:sortOrderIndex>
            <a:facetOrderIndex>0</a:facetOrderIndex>
            <a:visibilityExpr></a:visibilityExpr>
            <a:defaultOptionExpr></a:defaultOptionExpr>
        </a:fieldCfg>
        <a:detailViewCfg>
            <a:nameExpr>=&quot;Summary&quot;</a:nameExpr>
            <a:uiExpr></a:uiExpr>
            <a:visibilityExpr>=true()</a:visibilityExpr>
            <a:urlStub>summary</a:urlStub>
            <a:headerExpr></a:headerExpr>
        </a:detailViewCfg>
        <a:isSystem>false</a:isSystem>
        <a:dataSrcExpr></a:dataSrcExpr>
        <a:facetsListExpr></a:facetsListExpr>
        <a:titleExpr></a:titleExpr>
        <a:defaultFiltersExpr></a:defaultFiltersExpr>
        <a:layoutType>GRID</a:layoutType>
        <a:security>16383</a:security>
    </recordType>
    <roleMap/>
</recordTypeHaul>
