<?xml version="1.0" encoding="UTF-8" standalone="yes"?>
<recordTypeHaul xmlns:a="http://www.appian.com/ae/types/2009">
    <recordType name="Vehicle" a:uuid="74e39b97-ced7-48df-b80e-a2007d32b4b1">
        <a:pluralName>Vehicles</a:pluralName>
        <a:description>Vehicles in the fleet</a:description>
        <a:urlStub>Pm3lDQ</a:urlStub>
        <a:source xmlns:xsi="http://www.w3.org/2001/XMLSchema-instance" xsi:type="a:DataStoreEntity" a:uuid="a84c5e6e-007c-489b-a4b9-cf599403e6fe@_a-0000dd16-5d72-8000-9ba2-011c48011c48_6219"/>
        <a:listViewTemplateExpr>#&quot;SYSTEM_SYSRULES_recordGridLayoutColumns&quot;(
  emptygridmessage: &quot;No Vehicles&quot;,
  columns: {
    #&quot;SYSTEM_SYSRULES_gridLayoutColumn&quot;(
      label: &quot;VIN&quot;,
      width: &quot;DISTRIBUTE&quot;,
      weight: 2,
      field: &quot;vinNumber&quot;,
      component: #&quot;SYSTEM_SYSRULES_recordGrid_linkField&quot;(
        links: {
          #&quot;SYSTEM_SYSRULES_recordLink&quot;(
            label: rf!vinNumber,
            recordtype: rp!type,
            identifier: rp!id
          )
        }
      )
    ),
    #&quot;SYSTEM_SYSRULES_gridLayoutColumn&quot;(
      label: &quot;Make&quot;,
      width: &quot;DISTRIBUTE&quot;,
      weight: 1,
      field: &quot;make&quot;,
      component: #&quot;SYSTEM_SYSRULES_recordGrid_textField&quot;(
        displayvalue: rf!make
      )
    ),
    #&quot;SYSTEM_SYSRULES_gridLayoutColumn&quot;(
      label: &quot;Model&quot;,
      width: &quot;DISTRIBUTE&quot;,
      weight: 1,
      field: &quot;model&quot;,
      component: #&quot;SYSTEM_SYSRULES_recordGrid_textField&quot;(
        displayValue: rf!model
      )
    ),
    #&quot;SYSTEM_SYSRULES_gridLayoutColumn&quot;(
      label: &quot;Year&quot;,
      width: &quot;NARROW&quot;,
      field: &quot;year&quot;,
      component: #&quot;SYSTEM_SYSRULES_recordGrid_integerField&quot;(
        displayValue: rf!year,
        align: &quot;RIGHT&quot;
      )
    ),
    #&quot;SYSTEM_SYSRULES_gridLayoutColumn&quot;(
      label: &quot;Type&quot;,
      width: &quot;DISTRIBUTE&quot;,
      field: &quot;vehicleTypeId&quot;,
      component: #&quot;SYSTEM_SYSRULES_recordGrid_textField&quot;(
        displayvalue: index(#&quot;_a-0000dd4b-0482-8000-9ba2-011c48011c48_18338&quot;, rf!vehicleTypeId, &quot;NA&quot;)
      )
    ),
    #&quot;SYSTEM_SYSRULES_gridLayoutColumn&quot;(
      label: &quot;Plate&quot;,
      width: &quot;DISTRIBUTE&quot;,
      weight: 1,
      field: &quot;plate&quot;,
      component: #&quot;SYSTEM_SYSRULES_recordGrid_textField&quot;(
        displayvalue: rf!plate,
        align: &quot;LEFT&quot;
      )
    ),
    #&quot;SYSTEM_SYSRULES_gridLayoutColumn&quot;(
      label: &quot;Fleet&quot;,
      width: &quot;DISTRIBUTE&quot;,
      weight: 1,
      field: &quot;fleetId&quot;,
      component: #&quot;SYSTEM_SYSRULES_recordGrid_linkField&quot;(
        links: with(
          local!fleet: tostring(
    property(
      index(
        #&quot;SYSTEM_SYSRULES_queryEntity&quot;(
          entity: #&quot;_a-0000dd17-9077-8000-9ba2-011c48011c48_10917&quot;,
          query: #&quot;SYSTEM_SYSRULES_query&quot;(
            pagingInfo: #&quot;SYSTEM_SYSRULES_pagingInfo&quot;(startIndex: 1, batchSize: -1),
            filter: #&quot;SYSTEM_SYSRULES_queryFilter&quot;(field: &quot;fleetId&quot;, operator: &quot;=&quot;, value: rf!fleetId)
          )
        ).data,
        1,
        {}
      ),
      &quot;name&quot;,
      &quot;Unassigned&quot;
    )
  ),
          
          #&quot;SYSTEM_SYSRULES_recordLink&quot;(
            label: local!fleet,
            recordType: #&quot;_a-0000dd17-9077-8000-9ba2-011c48011c48_6345&quot;,
            identifier: rf!fleetId
          )
          
          
        )
      )
    ),
    #&quot;SYSTEM_SYSRULES_gridLayoutColumn&quot;(
      label: &quot;Image&quot;,
      width: &quot;DISTRIBUTE&quot;,
      weight: 1,
      field: &quot;image&quot;,
      component: #&quot;SYSTEM_SYSRULES_recordGrid_imageField&quot;(
        images: {
          if(isnull(rf!image),{},#&quot;SYSTEM_SYSRULES_documentImage&quot;(
            document: rf!image))
        },
        size: &quot;SMALL&quot;
      )
    ),
    #&quot;SYSTEM_SYSRULES_gridLayoutColumn&quot;(
      label: &quot;Status&quot;,
      width: &quot;DISTRIBUTE&quot;,
      weight: 1,
      field: &quot;statusId&quot;,
      component: #&quot;SYSTEM_SYSRULES_recordGrid_richTextDisplayField&quot;(
        value: /* This is a Rich Text component */&#xD;
        with(&#xD;
        &#xD;        
          local!status: tostring(&#xD;
    property(&#xD;
      index(&#xD;
        #&quot;SYSTEM_SYSRULES_queryEntity&quot;(&#xD;
          entity: #&quot;_a-0000dd17-9077-8000-9ba2-011c48011c48_10786&quot;,&#xD;
          query: #&quot;SYSTEM_SYSRULES_query&quot;(&#xD;
            pagingInfo: #&quot;SYSTEM_SYSRULES_pagingInfo&quot;(startIndex: 1, batchSize: 1),&#xD;
            filter: #&quot;SYSTEM_SYSRULES_queryFilter&quot;(field: &quot;id&quot;, operator: &quot;=&quot;, value: rf!statusId)&#xD;
          )&#xD;
        ).data,&#xD;
        1,&#xD;
        {}&#xD;
      ),&#xD;
      &quot;description&quot;,&#xD;
      &quot;Unknown&quot;&#xD;
    )&#xD;
  ),&#xD;
    &#xD;        
      &#xD;        
      &#xD;        
          /* validation on status id input */&#xD;
          local!statusId: if(&#xD;
    or(&#xD;
      #&quot;_a-0000d62a-67b3-8000-da6f-010000010000_950&quot;(rf!statusId),&#xD;
      rf!statusId &lt;=0,&#xD;
      rf!statusId &gt; 5&#xD;
    ),&#xD;
    6,&#xD;
    rf!statusId&#xD;
  ),&#xD;
&#xD;
        &#xD;        
          {&#xD;
&#xD;
        &#xD;        
          #&quot;SYSTEM_SYSRULES_richTextImage&quot;(&#xD;
            image: #&quot;SYSTEM_SYSRULES_documentImage&quot;(&#xD;
              document: #&quot;SYSTEM_SYSRULES_iconIndicator&quot;(&#xD;
                icon: choose(&#xD;
                  local!statusId,&#xD;
                  /* 1 = Available */&#xD;
                  &quot;STATUS_OK&quot;,&#xD;
                  /* 2 = In Use */&#xD;
                  &quot;PROGRESS_RUNNING&quot;,&#xD;
                  /* 3 = Pending Maintenance */&#xD;
                  &quot;WAIT_CLOCK&quot;,&#xD;
                  /* 4 = Undergoing Maintenance */&#xD;
                  &quot;WAIT_CLOCK&quot;,&#xD;
                  /* 5 = Retired */&#xD;
                  &quot;REMOVE_DISABLED&quot;,&#xD;
                  /* 6 = Unknown */&#xD;
                  &quot;STATUS_WARN&quot;&#xD;
                )&#xD;
              ),&#xD;
                altText: &quot;[Status: &quot; &amp; local!status &amp; &quot;]&quot;,&#xD;
                caption: local!status&#xD;
              )&#xD;
            ),&#xD;
            #&quot;SYSTEM_SYSRULES_richTextItem&quot;(text: local!status)&#xD;
          }&#xD;
         )&#xD;
&#xD;
&#xD;
&#xD;
&#xD;
      )
    )  
  },
  pageSize: 25,
  defaultSort: #&quot;SYSTEM_SYSRULES_sortInfo&quot;(
    field: &quot;make&quot;,
    ascending: fn!true()
  )
)</a:listViewTemplateExpr>
        <a:fieldCfg name="Active Vehicles Only?">
            <a:description></a:description>
            <a:sourceRef>statusId</a:sourceRef>
            <a:isSortable>false</a:isSortable>
            <a:isSearchable>false</a:isSearchable>
            <a:isFacet>true</a:isFacet>
            <a:facetType>CUSTOM_BUCKETS_CLOSED</a:facetType>
            <a:isExclusiveFacet>true</a:isExclusiveFacet>
            <a:facetLabelExpr>=&quot;Show Only Active?&quot;</a:facetLabelExpr>
            <a:facetOption>
                <a:labelExpr>=&quot;Yes&quot;</a:labelExpr>
                <a:facetOperator>NOT_IN</a:facetOperator>
                <a:lowerLimitExpr></a:lowerLimitExpr>
                <a:upperLimitExpr></a:upperLimitExpr>
                <a:values>5</a:values>
            </a:facetOption>
            <a:sortOrderIndex>0</a:sortOrderIndex>
            <a:facetOrderIndex>0</a:facetOrderIndex>
            <a:visibilityExpr></a:visibilityExpr>
            <a:defaultOptionExpr>=&quot;Yes&quot;</a:defaultOptionExpr>
        </a:fieldCfg>
        <a:fieldCfg name="Fleet">
            <a:description></a:description>
            <a:sourceRef>fleetId</a:sourceRef>
            <a:isSortable>false</a:isSortable>
            <a:isSearchable>false</a:isSearchable>
            <a:isFacet>true</a:isFacet>
            <a:facetType>CUSTOM_BUCKETS_CLOSED</a:facetType>
            <a:isExclusiveFacet>true</a:isExclusiveFacet>
            <a:facetLabelExpr>&quot;Fleet&quot;</a:facetLabelExpr>
            <a:facetOption>
                <a:labelExpr>&quot;Headquarters&quot;</a:labelExpr>
                <a:facetOperator>IN</a:facetOperator>
                <a:lowerLimitExpr></a:lowerLimitExpr>
                <a:upperLimitExpr></a:upperLimitExpr>
                <a:values>1</a:values>
            </a:facetOption>
            <a:facetOption>
                <a:labelExpr>&quot;Northern Virginia&quot;</a:labelExpr>
                <a:facetOperator>IN</a:facetOperator>
                <a:lowerLimitExpr></a:lowerLimitExpr>
                <a:upperLimitExpr></a:upperLimitExpr>
                <a:values>2</a:values>
            </a:facetOption>
            <a:facetOption>
                <a:labelExpr>&quot;Southwestern Maryland&quot;</a:labelExpr>
                <a:facetOperator>IN</a:facetOperator>
                <a:lowerLimitExpr></a:lowerLimitExpr>
                <a:upperLimitExpr></a:upperLimitExpr>
                <a:values>3</a:values>
            </a:facetOption>
            <a:sortOrderIndex>1</a:sortOrderIndex>
            <a:facetOrderIndex>1</a:facetOrderIndex>
            <a:visibilityExpr></a:visibilityExpr>
            <a:defaultOptionExpr></a:defaultOptionExpr>
        </a:fieldCfg>
        <a:fieldCfg name="Vehicle Type">
            <a:description></a:description>
            <a:sourceRef>vehicleTypeId</a:sourceRef>
            <a:isSortable>false</a:isSortable>
            <a:isSearchable>false</a:isSearchable>
            <a:isFacet>true</a:isFacet>
            <a:facetType>CUSTOM_BUCKETS_CLOSED</a:facetType>
            <a:isExclusiveFacet>true</a:isExclusiveFacet>
            <a:facetLabelExpr>&quot;Vehicle Type&quot;</a:facetLabelExpr>
            <a:facetOption>
                <a:labelExpr>&quot;Car&quot;</a:labelExpr>
                <a:facetOperator>IN</a:facetOperator>
                <a:lowerLimitExpr></a:lowerLimitExpr>
                <a:upperLimitExpr></a:upperLimitExpr>
                <a:values>1</a:values>
            </a:facetOption>
            <a:facetOption>
                <a:labelExpr>&quot;Truck&quot;</a:labelExpr>
                <a:facetOperator>IN</a:facetOperator>
                <a:lowerLimitExpr></a:lowerLimitExpr>
                <a:upperLimitExpr></a:upperLimitExpr>
                <a:values>2</a:values>
            </a:facetOption>
            <a:facetOption>
                <a:labelExpr>&quot;SUV&quot;</a:labelExpr>
                <a:facetOperator>IN</a:facetOperator>
                <a:lowerLimitExpr></a:lowerLimitExpr>
                <a:upperLimitExpr></a:upperLimitExpr>
                <a:values>3</a:values>
            </a:facetOption>
            <a:facetOption>
                <a:labelExpr>&quot;Van&quot;</a:labelExpr>
                <a:facetOperator>IN</a:facetOperator>
                <a:lowerLimitExpr></a:lowerLimitExpr>
                <a:upperLimitExpr></a:upperLimitExpr>
                <a:values>4</a:values>
            </a:facetOption>
            <a:sortOrderIndex>2</a:sortOrderIndex>
            <a:facetOrderIndex>2</a:facetOrderIndex>
            <a:visibilityExpr></a:visibilityExpr>
            <a:defaultOptionExpr></a:defaultOptionExpr>
        </a:fieldCfg>
        <a:detailViewCfg>
            <a:nameExpr>=&quot;Summary&quot;</a:nameExpr>
            <a:uiExpr>=#&quot;769ad0b2-ae5c-4c83-8d4a-2ce24f1ec78a&quot;(
  id: rf!vehicleId
)</a:uiExpr>
            <a:visibilityExpr>=true()</a:visibilityExpr>
            <a:urlStub>summary</a:urlStub>
            <a:headerExpr></a:headerExpr>
            <a:relatedActionCfg>8c02d0f8-b088-4f16-a9f5-9992cfbc32e2</a:relatedActionCfg>
        </a:detailViewCfg>
        <a:detailViewCfg>
            <a:nameExpr>=&quot;Maintenance History&quot;</a:nameExpr>
            <a:uiExpr>=#&quot;_a-0000dd17-9077-8000-9ba2-011c48011c48_6675&quot;(vehicleId: rp!id)</a:uiExpr>
            <a:visibilityExpr>=true()</a:visibilityExpr>
            <a:urlStub>_X78UTg</a:urlStub>
            <a:headerExpr></a:headerExpr>
            <a:relatedActionCfg>8f8dec98-3f49-405d-92f3-8b301e1195f0</a:relatedActionCfg>
            <a:relatedActionCfg>e5f50988-9030-4eed-adb8-ce9b108d162d</a:relatedActionCfg>
        </a:detailViewCfg>
        <a:detailViewCfg>
            <a:nameExpr>=&quot;Usage Log&quot;</a:nameExpr>
            <a:uiExpr>=#&quot;95347629-632b-4cc5-bf2d-bea3e0e2b025&quot;(vehicleId: rp!id)</a:uiExpr>
            <a:visibilityExpr>=true()</a:visibilityExpr>
            <a:urlStub>_N9b4YQ</a:urlStub>
            <a:headerExpr></a:headerExpr>
            <a:relatedActionCfg>fc6b0f31-cfe2-461f-910a-baf11adf9eda</a:relatedActionCfg>
            <a:relatedActionCfg>5a503bee-9840-4788-b600-a0d4f92ff0d7</a:relatedActionCfg>
        </a:detailViewCfg>
        <a:detailViewCfg>
            <a:nameExpr>=&quot;Incidents&quot;</a:nameExpr>
            <a:uiExpr>=#&quot;ff34266e-5c5a-44eb-9c92-5de68ba0ce14&quot;(vehicleId: rp!id)</a:uiExpr>
            <a:visibilityExpr>=true()</a:visibilityExpr>
            <a:urlStub>_WQsGKA</a:urlStub>
            <a:headerExpr></a:headerExpr>
            <a:relatedActionCfg>e9ff75bc-3050-48d0-ad8e-e029143ff9b1</a:relatedActionCfg>
        </a:detailViewCfg>
        <a:detailViewCfg>
            <a:nameExpr>=&quot;Financials&quot;</a:nameExpr>
            <a:uiExpr>=#&quot;_a-0000dd17-9077-8000-9ba2-011c48011c48_6681&quot;(vehicleId: rp!id)</a:uiExpr>
            <a:visibilityExpr>=true()</a:visibilityExpr>
            <a:urlStub>_CVwn9A</a:urlStub>
            <a:headerExpr></a:headerExpr>
        </a:detailViewCfg>
        <a:detailViewCfg>
            <a:nameExpr>=&quot;Documents&quot;</a:nameExpr>
            <a:uiExpr>#&quot;_a-0000dd17-9077-8000-9ba2-011c48011c48_10707&quot;(
  folder: rf!folderId,
  selection: false,
  emptyGridMessage: &quot;No Documents on record for this Vehicle&quot;,
  batchSize: 10,
  recursiveSearch: true
)</a:uiExpr>
            <a:visibilityExpr>=false()</a:visibilityExpr>
            <a:urlStub>_hGKfrA</a:urlStub>
            <a:headerExpr></a:headerExpr>
        </a:detailViewCfg>
        <a:relatedActionCfg>
            <a:target xmlns:xsi="http://www.w3.org/2001/XMLSchema-instance" xsi:type="a:ProcessModel" a:uuid="0006dd3a-bade-8000-f92f-7f0000014e7a"/>
            <a:contextExpr>={vehicleId: rp!id}</a:contextExpr>
            <a:visibilityExpr>false()</a:visibilityExpr>
            <a:refId>8c02d0f8-b088-4f16-a9f5-9992cfbc32e2</a:refId>
        </a:relatedActionCfg>
        <a:relatedActionCfg>
            <a:target xmlns:xsi="http://www.w3.org/2001/XMLSchema-instance" xsi:type="a:ProcessModel" a:uuid="0002dd1d-41bf-8000-f92f-7f0000014e7a"/>
            <a:contextExpr>={}</a:contextExpr>
            <a:visibilityExpr>=true</a:visibilityExpr>
            <a:refId>e4ba7c8a-3fa5-4dd7-9f45-242ff5c55378</a:refId>
        </a:relatedActionCfg>
        <a:relatedActionCfg>
            <a:target xmlns:xsi="http://www.w3.org/2001/XMLSchema-instance" xsi:type="a:ProcessModel" a:uuid="0002dd1d-4268-8000-f92f-7f0000014e7a"/>
            <a:contextExpr>={}</a:contextExpr>
            <a:visibilityExpr>true</a:visibilityExpr>
            <a:refId>df69426d-ef88-4051-90d6-547aa74ec669</a:refId>
        </a:relatedActionCfg>
        <a:relatedActionCfg>
            <a:target xmlns:xsi="http://www.w3.org/2001/XMLSchema-instance" xsi:type="a:ProcessModel" a:uuid="0002dd5f-1023-8000-f92f-7f0000014e7a"/>
            <a:contextExpr>{vehicleId: rf!vehicleId}</a:contextExpr>
            <a:visibilityExpr>rf!statusId=#&quot;_a-0000dd3a-bcbf-8000-9ba2-011c48011c48_15587&quot;</a:visibilityExpr>
            <a:refId>fc6b0f31-cfe2-461f-910a-baf11adf9eda</a:refId>
        </a:relatedActionCfg>
        <a:relatedActionCfg>
            <a:target xmlns:xsi="http://www.w3.org/2001/XMLSchema-instance" xsi:type="a:ProcessModel" a:uuid="0002dd1d-41da-8000-f92f-7f0000014e7a"/>
            <a:contextExpr>{vehicleId:rf!vehicleId}</a:contextExpr>
            <a:visibilityExpr>rf!statusId=#&quot;_a-0000dd3a-bcbf-8000-9ba2-011c48011c48_15588&quot;</a:visibilityExpr>
            <a:refId>5a503bee-9840-4788-b600-a0d4f92ff0d7</a:refId>
        </a:relatedActionCfg>
        <a:relatedActionCfg>
            <a:target xmlns:xsi="http://www.w3.org/2001/XMLSchema-instance" xsi:type="a:ProcessModel" a:uuid="0002dd1f-8b81-8000-f92f-7f0000014e7a"/>
            <a:contextExpr>{vehicleId:rf!vehicleId}</a:contextExpr>
            <a:visibilityExpr>not(rf!statusId=#&quot;_a-0000dd3a-bcbf-8000-9ba2-011c48011c48_15591&quot;)</a:visibilityExpr>
            <a:refId>e9ff75bc-3050-48d0-ad8e-e029143ff9b1</a:refId>
        </a:relatedActionCfg>
        <a:relatedActionCfg>
            <a:target xmlns:xsi="http://www.w3.org/2001/XMLSchema-instance" xsi:type="a:ProcessModel" a:uuid="0002dd5f-16c3-8000-f92f-7f0000014e7a"/>
            <a:contextExpr>{vehicleId:rf!vehicleId}</a:contextExpr>
            <a:visibilityExpr>not(
  contains(
    {#&quot;_a-0000dd3a-bcbf-8000-9ba2-011c48011c48_15591&quot;, 
    #&quot;_a-0000dd3a-bcbf-8000-9ba2-011c48011c48_15589&quot;,
    #&quot;_a-0000dd3a-bcbf-8000-9ba2-011c48011c48_15590&quot;},
    rf!statusId
  )
)</a:visibilityExpr>
            <a:refId>8f8dec98-3f49-405d-92f3-8b301e1195f0</a:refId>
        </a:relatedActionCfg>
        <a:relatedActionCfg>
            <a:target xmlns:xsi="http://www.w3.org/2001/XMLSchema-instance" xsi:type="a:ProcessModel" a:uuid="0002dd5f-1868-8000-f92f-7f0000014e7a"/>
            <a:contextExpr>{vehicleId:rf!vehicleId}</a:contextExpr>
            <a:visibilityExpr>contains(
  {#&quot;_a-0000dd3a-bcbf-8000-9ba2-011c48011c48_15590&quot;,
  #&quot;_a-0000dd3a-bcbf-8000-9ba2-011c48011c48_15589&quot;},
  rf!statusId
)</a:visibilityExpr>
            <a:refId>e5f50988-9030-4eed-adb8-ce9b108d162d</a:refId>
        </a:relatedActionCfg>
        <a:isSystem>false</a:isSystem>
        <a:dataSrcExpr></a:dataSrcExpr>
        <a:facetsListExpr></a:facetsListExpr>
        <a:titleExpr>=rf!vinNumber</a:titleExpr>
        <a:defaultFiltersExpr></a:defaultFiltersExpr>
        <a:layoutType>GRID</a:layoutType>
        <a:security>16383</a:security>
    </recordType>
    <roleMap/>
</recordTypeHaul>
