<?xml version="1.0" encoding="UTF-8" standalone="yes"?>
<recordTypeHaul xmlns:a="http://www.appian.com/ae/types/2009">
    <recordType name="Fleet" a:uuid="bdab2494-1e1c-4d75-ae98-013290c12d4e">
        <a:pluralName>Fleets</a:pluralName>
        <a:description>Regional Fleets</a:description>
        <a:urlStub>uwHIBw</a:urlStub>
        <a:source xmlns:xsi="http://www.w3.org/2001/XMLSchema-instance" xsi:type="a:DataStoreEntity" a:uuid="c7258d14-621b-4afd-aaac-7ad05710b38f@_a-0000dd16-5d72-8000-9ba2-011c48011c48_6219"/>
        <a:listViewTemplateExpr>#&quot;SYSTEM_SYSRULES_recordGridLayoutColumns&quot;(
  columns: {
    #&quot;SYSTEM_SYSRULES_gridLayoutColumn&quot;(
      label: &quot;Name&quot;,
      field: &quot;name&quot;,
      component: #&quot;SYSTEM_SYSRULES_recordGrid_linkField&quot;(
        links: #&quot;SYSTEM_SYSRULES_recordLink&quot;(   
          label: rf!name,
          recordType: rp!type,
          identifier: rp!id
        )
      )
    )  
  },
  pageSize: 50,
  defaultSort: #&quot;SYSTEM_SYSRULES_sortInfo&quot;(
    field: &quot;name&quot;,
    ascending: fn!true()
  )
)</a:listViewTemplateExpr>
        <a:detailViewCfg>
            <a:nameExpr>=&quot;Summary&quot;</a:nameExpr>
            <a:uiExpr>=#&quot;_a-0000dd17-9077-8000-9ba2-011c48011c48_6348&quot;(
  fleetId: rf!fleetId
)</a:uiExpr>
            <a:visibilityExpr>=true()</a:visibilityExpr>
            <a:urlStub>summary</a:urlStub>
            <a:headerExpr></a:headerExpr>
        </a:detailViewCfg>
        <a:detailViewCfg>
            <a:nameExpr>=&quot;Costs&quot;</a:nameExpr>
            <a:uiExpr>=#&quot;11c2a43b-a659-4b39-b986-4f273d444f61&quot;(
  fleetId: rf!fleetId
)</a:uiExpr>
            <a:visibilityExpr>=true()</a:visibilityExpr>
            <a:urlStub>_0Ic3yA</a:urlStub>
            <a:headerExpr></a:headerExpr>
        </a:detailViewCfg>
        <a:detailViewCfg>
            <a:nameExpr>=&quot;Inventory&quot;</a:nameExpr>
            <a:uiExpr>=#&quot;_a-0000dd17-9077-8000-9ba2-011c48011c48_6431&quot;(
  fleetId: rf!fleetId
)</a:uiExpr>
            <a:visibilityExpr>=true()</a:visibilityExpr>
            <a:urlStub>_ZNDTpg</a:urlStub>
            <a:headerExpr></a:headerExpr>
        </a:detailViewCfg>
        <a:detailViewCfg>
            <a:nameExpr>=&quot;Requests&quot;</a:nameExpr>
            <a:uiExpr>={}</a:uiExpr>
            <a:visibilityExpr>=false()</a:visibilityExpr>
            <a:urlStub>_bFyHAg</a:urlStub>
            <a:headerExpr></a:headerExpr>
        </a:detailViewCfg>
        <a:detailViewCfg>
            <a:nameExpr>=&quot;Metrics&quot;</a:nameExpr>
            <a:uiExpr>={}</a:uiExpr>
            <a:visibilityExpr>=false()</a:visibilityExpr>
            <a:urlStub>_hJzCew</a:urlStub>
            <a:headerExpr></a:headerExpr>
        </a:detailViewCfg>
        <a:detailViewCfg>
            <a:nameExpr>=&quot;Work Orders&quot;</a:nameExpr>
            <a:uiExpr>={}</a:uiExpr>
            <a:visibilityExpr>=false()</a:visibilityExpr>
            <a:urlStub>_yE66oA</a:urlStub>
            <a:headerExpr></a:headerExpr>
        </a:detailViewCfg>
        <a:detailViewCfg>
            <a:nameExpr>=&quot;Financials&quot;</a:nameExpr>
            <a:uiExpr>=#&quot;_a-0000dd4b-0482-8000-9ba2-011c48011c48_18924&quot;(
  fleetId: rf!fleetId
)</a:uiExpr>
            <a:visibilityExpr>=true()</a:visibilityExpr>
            <a:urlStub>_KYnWeg</a:urlStub>
            <a:headerExpr></a:headerExpr>
        </a:detailViewCfg>
        <a:isSystem>false</a:isSystem>
        <a:dataSrcExpr></a:dataSrcExpr>
        <a:facetsListExpr></a:facetsListExpr>
        <a:titleExpr>=rf!name</a:titleExpr>
        <a:defaultFiltersExpr></a:defaultFiltersExpr>
        <a:layoutType>GRID</a:layoutType>
        <a:security>16383</a:security>
    </recordType>
    <roleMap/>
</recordTypeHaul>
