<?xml version="1.0" encoding="UTF-8" standalone="yes"?>
<contentHaul xmlns:a="http://www.appian.com/ae/types/2009">
    <rule>
        <name>AF_RULE_General_fieldComparison</name>
        <uuid>8ccdcd71-ddd7-400d-b67a-5f60ed4bdfbd</uuid>
        <description>Generic field comparison for looping functions. Accepts the cdt, field, and value and returns true if it equals a certain value.</description>
        <parentUuid>_a-0000dd0d-462c-8000-9ba2-011c48011c48_3645</parentUuid>
        <visibility>
            <advertise>false</advertise>
            <hierarchy>true</hierarchy>
            <indexable>true</indexable>
            <quota>false</quota>
            <searchable>true</searchable>
            <system>false</system>
            <unlogged>false</unlogged>
        </visibility>
        <definition>with(
  local!cdtValue: index(ri!cdt, ri!field, null),
  local!cdtValue = cast(typeof(local!cdtValue), ri!value)
)</definition>
        <namedTypedValue>
            <name>cdt</name>
            <type>
                <name>Variant</name>
                <namespace>http://www.appian.com/ae/types/2009</namespace>
            </type>
        </namedTypedValue>
        <namedTypedValue>
            <name>field</name>
            <type>
                <name>string</name>
                <namespace>http://www.w3.org/2001/XMLSchema</namespace>
            </type>
            <value/>
        </namedTypedValue>
        <namedTypedValue>
            <name>value</name>
            <type>
                <name>Variant</name>
                <namespace>http://www.appian.com/ae/types/2009</namespace>
            </type>
        </namedTypedValue>
        <preferredEditor>legacy</preferredEditor>
        <offlineEnabled>false</offlineEnabled>
    </rule>
    <roleMap public="true">
        <role allowForAll="true" inherit="false" name="readers">
            <users/>
            <groups/>
        </role>
        <role allowForAll="true" inherit="false" name="authors">
            <users/>
            <groups/>
        </role>
        <role allowForAll="false" inherit="false" name="administrators">
            <users/>
            <groups>
                <groupUuid>_e-0000dd29-17a1-8000-9aee-01075c01075c_99</groupUuid>
            </groups>
        </role>
        <role allowForAll="false" inherit="false" name="denyReaders">
            <users/>
            <groups/>
        </role>
        <role allowForAll="false" inherit="false" name="denyAuthors">
            <users/>
            <groups/>
        </role>
        <role allowForAll="false" inherit="false" name="denyAdministrators">
            <users/>
            <groups/>
        </role>
    </roleMap>
</contentHaul>
