<?xml version="1.0" encoding="UTF-8" standalone="yes"?>
<contentHaul xmlns:a="http://www.appian.com/ae/types/2009">
    <rule>
        <name>AF_RULE_Utility_googleMapStatic</name>
        <uuid>_a-0000dd4b-0482-8000-9ba2-011c48011c48_17829</uuid>
        <description>Provide the following parameters:

center - address, zipcode, or geocode that should be the center of the map
zoom - the zoom level; values between 10 and 14 are good
size - dimensions in the map; 512x512 is a good value
maptype - roadmap, satellite, hybrid, or terrain
addresses - a multiple text array containing the list of addresses you want to map </description>
        <parentUuid>_a-0000dd0d-462c-8000-9ba2-011c48011c48_3647</parentUuid>
        <visibility>
            <advertise>false</advertise>
            <hierarchy>true</hierarchy>
            <indexable>true</indexable>
            <quota>false</quota>
            <searchable>true</searchable>
            <system>false</system>
            <unlogged>false</unlogged>
        </visibility>
        <definition>if(&#xD;
  maptype = &quot;streetview&quot;,&#xD;
  concat(&#xD;
    &quot;https://maps.googleapis.com/maps/api/streetview?&quot;,&#xD;
    &quot;location=&quot;,&#xD;
    substitute(&#xD;
      stripwith(ri!center, #&quot;_a-0000dd4b-0482-8000-9ba2-011c48011c48_17827&quot;),&#xD;
      &quot; &quot;,&#xD;
      &quot;+&quot;&#xD;
    ),&#xD;
    &quot;&amp;zoom=&quot;,&#xD;
    ri!zoom,&#xD;
    &quot;&amp;fov=&quot;,&#xD;
     ri!fov,&#xD;
    &quot;&amp;size=&quot;,&#xD;
    ri!size,&#xD;
    &quot;&amp;maptype=&quot;,&#xD;
    ri!maptype,&#xD;
    &quot;&amp;sensor=false&quot;&#xD;
  ),&#xD;
  concat(&#xD;
    &quot;http://maps.google.com/maps/api/staticmap?&quot;,&#xD;
    &quot;center=&quot;,&#xD;
    substitute(&#xD;
      stripwith(ri!center, #&quot;_a-0000dd4b-0482-8000-9ba2-011c48011c48_17827&quot;),&#xD;
      &quot; &quot;,&#xD;
      &quot;+&quot;&#xD;
    ),&#xD;
    &quot;&amp;zoom=&quot;,&#xD;
    ri!zoom,&#xD;
    &quot;&amp;size=&quot;,&#xD;
    ri!size,&#xD;
    &quot;&amp;maptype=&quot;,&#xD;
    ri!maptype,&#xD;
    &quot;&amp;sensor=false&quot;,&#xD;
    #&quot;_a-0000dd4b-0482-8000-9ba2-011c48011c48_17835&quot;(&#xD;
      stripwith(ri!addresses, #&quot;_a-0000dd4b-0482-8000-9ba2-011c48011c48_17827&quot;)&#xD;
    )&#xD;
  )&#xD;
)</definition>
        <namedTypedValue>
            <name>center</name>
            <type>
                <name>string</name>
                <namespace>http://www.w3.org/2001/XMLSchema</namespace>
            </type>
            <value/>
        </namedTypedValue>
        <namedTypedValue>
            <name>zoom</name>
            <type>
                <name>int</name>
                <namespace>http://www.w3.org/2001/XMLSchema</namespace>
            </type>
        </namedTypedValue>
        <namedTypedValue>
            <name>fov</name>
            <type>
                <name>int</name>
                <namespace>http://www.w3.org/2001/XMLSchema</namespace>
            </type>
        </namedTypedValue>
        <namedTypedValue>
            <name>size</name>
            <type>
                <name>string</name>
                <namespace>http://www.w3.org/2001/XMLSchema</namespace>
            </type>
            <value/>
        </namedTypedValue>
        <namedTypedValue>
            <name>maptype</name>
            <type>
                <name>string</name>
                <namespace>http://www.w3.org/2001/XMLSchema</namespace>
            </type>
            <value/>
        </namedTypedValue>
        <namedTypedValue>
            <name>addresses</name>
            <type>
                <name>Text?list</name>
                <namespace>http://www.appian.com/ae/types/2009</namespace>
            </type>
        </namedTypedValue>
        <preferredEditor>legacy</preferredEditor>
        <offlineEnabled>false</offlineEnabled>
    </rule>
    <roleMap public="true">
        <role allowForAll="false" inherit="true" name="readers">
            <users/>
            <groups/>
        </role>
        <role allowForAll="false" inherit="true" name="authors">
            <users/>
            <groups/>
        </role>
        <role allowForAll="false" inherit="true" name="administrators">
            <users/>
            <groups/>
        </role>
        <role allowForAll="false" inherit="false" name="denyReaders">
            <users/>
            <groups/>
        </role>
        <role allowForAll="false" inherit="false" name="denyAuthors">
            <users/>
            <groups/>
        </role>
        <role allowForAll="false" inherit="false" name="denyAdministrators">
            <users/>
            <groups/>
        </role>
    </roleMap>
</contentHaul>
