<?xml version="1.0" encoding="UTF-8" standalone="yes"?>
<applicationHaul xmlns:a="http://www.appian.com/ae/types/2009">
    <application>
        <name>Acceleration Framework Extensions: Record Tagging 1.0</name>
        <uuid>_a-0000ddb3-1b8d-8000-9ba2-011c48011c48_36257</uuid>
        <description>Record tagging application</description>
        <parentUuid>SYSTEM_APPLICATIONS_ROOT</parentUuid>
        <visibility>
            <advertise>false</advertise>
            <hierarchy>true</hierarchy>
            <indexable>true</indexable>
            <quota>false</quota>
            <searchable>true</searchable>
            <system>false</system>
            <unlogged>false</unlogged>
        </visibility>
        <urlIdentifier>N5kxJw</urlIdentifier>
        <published>false</published>
        <public>false</public>
        <associatedObjects>
            <globalIdMap>
                <item>
                    <type>datatype</type>
                    <uuids>
                        <uuid>{urn:com:appian:types:AFE}AFE_L_Record_Tags</uuid>
                        <uuid>{urn:com:appian:types:AFE}AFE_R_Record_Tags</uuid>
                        <uuid>{urn:com:appian:types:AFE}AFE_Tagged_Record_List</uuid>
                        <uuid>{urn:com:appian:types:AFE}AFE_V_Record_Tags</uuid>
                        <uuid>{urn:com:appian:types:AFE}AFE_RecordTagTree</uuid>
                    </uuids>
                </item>
                <item>
                    <type>dataStore</type>
                    <uuids>
                        <uuid>_a-0000ddb3-1b8d-8000-9ba2-011c48011c48_36102</uuid>
                        <uuid>_a-0000ddb3-1b8d-8000-9ba2-011c48011c48_36629</uuid>
                        <uuid>_a-0000ddb3-1b8d-8000-9ba2-011c48011c48_36633</uuid>
                    </uuids>
                </item>
                <item>
                    <type>user</type>
                    <uuids/>
                </item>
                <item>
                    <type>groupType</type>
                    <uuids/>
                </item>
                <item>
                    <type>group</type>
                    <uuids>
                        <uuid>_e-0000ddb3-1d20-8000-9aee-01075c01075c_130</uuid>
                        <uuid>_e-0000ddb3-1d20-8000-9aee-01075c01075c_131</uuid>
                    </uuids>
                </item>
                <item>
                    <type>content</type>
                    <uuids>
                        <uuid>_a-0000ddb3-1b8d-8000-9ba2-011c48011c48_36294</uuid>
                        <uuid>_a-0000ddb3-1b8d-8000-9ba2-011c48011c48_36297</uuid>
                        <uuid>97fc267b-5b0f-4b4a-9e72-8a6494f42d4e</uuid>
                        <uuid>_a-0000ddb3-1b8d-8000-9ba2-011c48011c48_36438</uuid>
                        <uuid>_a-0000ddb3-1b8d-8000-9ba2-011c48011c48_36617</uuid>
                        <uuid>_a-0000ddb3-1b8d-8000-9ba2-011c48011c48_36641</uuid>
                        <uuid>_a-0000ddb3-1b8d-8000-9ba2-011c48011c48_36643</uuid>
                        <uuid>1ad57a6b-336b-4d46-9bd8-cc9ebc2cee93</uuid>
                        <uuid>_a-0000ddc1-10b7-8000-9ba2-011c48011c48_40068</uuid>
                        <uuid>_a-0000ddb3-1b8d-8000-9ba2-011c48011c48_36602</uuid>
                        <uuid>_a-0000ddb3-1b8d-8000-9ba2-011c48011c48_36936</uuid>
                        <uuid>bdafcebc-8b54-495f-9058-5f07c9dc1987</uuid>
                        <uuid>7cb07a9a-acf4-437f-b765-74597cb9d23e</uuid>
                        <uuid>_a-0000ddc1-10b7-8000-9ba2-011c48011c48_40869</uuid>
                        <uuid>_a-0000ddc1-10b7-8000-9ba2-011c48011c48_40874</uuid>
                        <uuid>_a-0000ddd3-6ad0-8000-9ba2-011c48011c48_46320</uuid>
                        <uuid>_a-0000ddd3-6ad0-8000-9ba2-011c48011c48_46337</uuid>
                        <uuid>_a-0000ddd3-6ad0-8000-9ba2-011c48011c48_46344</uuid>
                        <uuid>_a-0000ddd3-6ad0-8000-9ba2-011c48011c48_46372</uuid>
                        <uuid>_a-0000ddd3-6ad0-8000-9ba2-011c48011c48_46381</uuid>
                        <uuid>_a-0000ddd3-6ad0-8000-9ba2-011c48011c48_46414</uuid>
                        <uuid>_a-0000ddd3-6ad0-8000-9ba2-011c48011c48_46447</uuid>
                        <uuid>_a-0000ddd3-6ad0-8000-9ba2-011c48011c48_46448</uuid>
                        <uuid>_a-0000ddd3-6ad0-8000-9ba2-011c48011c48_46449</uuid>
                        <uuid>_a-0000ddd3-6ad0-8000-9ba2-011c48011c48_46453</uuid>
                        <uuid>_a-0000ddd3-6ad0-8000-9ba2-011c48011c48_46454</uuid>
                        <uuid>_a-0000ddd3-6ad0-8000-9ba2-011c48011c48_46455</uuid>
                        <uuid>_a-0000ddd3-6ad0-8000-9ba2-011c48011c48_46314</uuid>
                        <uuid>_a-0000ddd3-6ad0-8000-9ba2-011c48011c48_46403</uuid>
                        <uuid>_a-0000ddd3-6ad0-8000-9ba2-011c48011c48_46404</uuid>
                        <uuid>_a-0000ddd3-6ad0-8000-9ba2-011c48011c48_46452</uuid>
                        <uuid>_a-0000ddd3-6ad0-8000-9ba2-011c48011c48_46451</uuid>
                    </uuids>
                </item>
                <item>
                    <type>forum</type>
                    <uuids/>
                </item>
                <item>
                    <type>processModelFolder</type>
                    <uuids>
                        <uuid>_g-0000ddc1-10b7-8000-f92f-7f0000014e7a_98</uuid>
                        <uuid>_g-0000ddd3-6ad0-8000-f92f-7f0000014e7a_128</uuid>
                        <uuid>_g-0000ddd3-6ad0-8000-f92f-7f0000014e7a_129</uuid>
                        <uuid>_g-0000ddd3-6ad0-8000-f92f-7f0000014e7a_130</uuid>
                        <uuid>_g-0000ddd3-6ad0-8000-f92f-7f0000014e7a_131</uuid>
                        <uuid>_g-0000ddd3-6ad0-8000-f92f-7f0000014e7a_132</uuid>
                        <uuid>_g-0000ddd3-6ad0-8000-f92f-7f0000014e7a_133</uuid>
                    </uuids>
                </item>
                <item>
                    <type>processModel</type>
                    <uuids>
                        <uuid>0002ddbc-ac3c-8000-f92f-7f0000014e7a</uuid>
                        <uuid>0006ddc1-d644-8000-f92f-7f0000014e7a</uuid>
                    </uuids>
                </item>
                <item>
                    <type>portlet</type>
                    <uuids/>
                </item>
                <item>
                    <type>page</type>
                    <uuids/>
                </item>
                <item>
                    <type>application</type>
                    <uuids/>
                </item>
                <item>
                    <type>tempoFeed</type>
                    <uuids/>
                </item>
                <item>
                    <type>recordType</type>
                    <uuids/>
                </item>
                <item>
                    <type>tempoReport</type>
                    <uuids/>
                </item>
                <item>
                    <type>taskReport</type>
                    <uuids/>
                </item>
                <item>
                    <type>webApi</type>
                    <uuids/>
                </item>
                <item>
                    <type>site</type>
                    <uuids/>
                </item>
                <item>
                    <type>adminSetting</type>
                    <uuids/>
                </item>
                <item>
                    <type>thirdPartyCredentials</type>
                    <uuids/>
                </item>
                <item>
                    <type>dataSource</type>
                    <uuids/>
                </item>
            </globalIdMap>
        </associatedObjects>
        <applicationNavigation/>
        <applicationActions/>
        <associatedApplications>
            <globalIdMap>
                <item>
                    <type>datatype</type>
                    <uuids/>
                </item>
                <item>
                    <type>dataStore</type>
                    <uuids/>
                </item>
                <item>
                    <type>user</type>
                    <uuids/>
                </item>
                <item>
                    <type>groupType</type>
                    <uuids/>
                </item>
                <item>
                    <type>group</type>
                    <uuids/>
                </item>
                <item>
                    <type>content</type>
                    <uuids/>
                </item>
                <item>
                    <type>forum</type>
                    <uuids/>
                </item>
                <item>
                    <type>processModelFolder</type>
                    <uuids/>
                </item>
                <item>
                    <type>processModel</type>
                    <uuids/>
                </item>
                <item>
                    <type>portlet</type>
                    <uuids/>
                </item>
                <item>
                    <type>page</type>
                    <uuids/>
                </item>
                <item>
                    <type>application</type>
                    <uuids/>
                </item>
                <item>
                    <type>tempoFeed</type>
                    <uuids/>
                </item>
                <item>
                    <type>recordType</type>
                    <uuids/>
                </item>
                <item>
                    <type>tempoReport</type>
                    <uuids/>
                </item>
                <item>
                    <type>taskReport</type>
                    <uuids/>
                </item>
                <item>
                    <type>webApi</type>
                    <uuids/>
                </item>
                <item>
                    <type>site</type>
                    <uuids/>
                </item>
                <item>
                    <type>adminSetting</type>
                    <uuids/>
                </item>
                <item>
                    <type>thirdPartyCredentials</type>
                    <uuids/>
                </item>
                <item>
                    <type>dataSource</type>
                    <uuids/>
                </item>
            </globalIdMap>
        </associatedApplications>
    </application>
    <roleMap>
        <contentRoleMap public="true">
            <role inherit="false" allowForAll="false" name="readers">
                <users/>
                <groups>
                    <groupUuid>_e-0000ddb3-1d20-8000-9aee-01075c01075c_130</groupUuid>
                </groups>
            </role>
            <role inherit="false" allowForAll="false" name="authors">
                <users/>
                <groups/>
            </role>
            <role inherit="false" allowForAll="false" name="administrators">
                <users/>
                <groups>
                    <groupUuid>_e-0000ddb3-1d20-8000-9aee-01075c01075c_131</groupUuid>
                </groups>
            </role>
            <role inherit="false" allowForAll="false" name="denyReaders">
                <users/>
                <groups/>
            </role>
            <role inherit="false" allowForAll="false" name="denyAuthors">
                <users/>
                <groups/>
            </role>
            <role inherit="false" allowForAll="false" name="denyAdministrators">
                <users/>
                <groups/>
            </role>
        </contentRoleMap>
    </roleMap>
</applicationHaul>
