<?xml version="1.0" encoding="UTF-8" standalone="yes"?>
<tempoFeedHaul xmlns:a="http://www.appian.com/ae/types/2009">
    <tempoFeed>
        <uuid>fb9cb456-51c0-4d24-a7b9-b8494b23ad87</uuid>
        <name>Building Management</name>
        <description></description>
        <showInCatalog>true</showInCatalog>
        <systemFeed>false</systemFeed>
    </tempoFeed>
    <roleMap>
        <role name="administrator">
            <users/>
            <groups>
                <groupUuid>_e-0000dd0a-93c8-8000-9aee-01075c01075c_12</groupUuid>
            </groups>
        </role>
        <role name="editor">
            <users/>
            <groups>
                <groupUuid>_e-0000dd0a-93c8-8000-9aee-01075c01075c_10</groupUuid>
            </groups>
        </role>
    </roleMap>
</tempoFeedHaul>
