<?xml version="1.0" encoding="UTF-8" standalone="yes"?>
<applicationHaul xmlns:a="http://www.appian.com/ae/types/2009">
    <application>
        <name>Human Resources - Core</name>
        <uuid>_a-0000dcfb-fbe4-8000-aae2-01ef9001ef90_3612</uuid>
        <description>HR main application</description>
        <parentUuid>SYSTEM_APPLICATIONS_ROOT</parentUuid>
        <visibility>
            <advertise>false</advertise>
            <hierarchy>true</hierarchy>
            <indexable>true</indexable>
            <quota>false</quota>
            <searchable>true</searchable>
            <system>false</system>
            <unlogged>false</unlogged>
        </visibility>
        <urlIdentifier>2nlpYg</urlIdentifier>
        <published>false</published>
        <public>true</public>
        <associatedObjects>
            <globalIdMap>
                <item>
                    <type>datatype</type>
                    <uuids>
                        <uuid>{urn:com:appian:types:HR}HR_User</uuid>
                        <uuid>{urn:com:appian:types:HR}HR_V_User_Record</uuid>
                        <uuid>{urn:com:appian:types:HR}HR_Training</uuid>
                        <uuid>{urn:com:appian:types:HR}HR_Position</uuid>
                        <uuid>{urn:com:appian:types:HR}HR_V_Position_Record</uuid>
                        <uuid>{urn:com:appian:types:HR}HR_R_Department</uuid>
                        <uuid>{urn:com:appian:types:HR}HR_FinancialDisclosure</uuid>
                        <uuid>{urn:com:appian:types:HR}HR_Workflow</uuid>
                        <uuid>{urn:com:appian:types:HR}HR_R_Data</uuid>
                        <uuid>{urn:com:appian:types:HR}HR_V_Position_History</uuid>
                        <uuid>{urn:com:appian:types:HR}HR_Position_Audit</uuid>
                        <uuid>{urn:com:appian:types:HR}HR_Workflow_Comment</uuid>
                        <uuid>{urn:com:appian:types:HR}HR_Workflow_Document</uuid>
                        <uuid>{urn:com:appian:types:HR}HR_Workflow_Task</uuid>
                        <uuid>{urn:com:appian:types:HR}HR_Workflow_All</uuid>
                        <uuid>{urn:com:appian:types:HR}HR_R_WorkflowTaskType</uuid>
                        <uuid>{urn:com:appian:types:HR}HR_L_UserTraining</uuid>
                        <uuid>{urn:com:appian:types:HR}HR_ItEquipment</uuid>
                        <uuid>{urn:com:appian:types:HR}HR_Building</uuid>
                        <uuid>{urn:com:appian:types:HR}HR_Space</uuid>
                        <uuid>{urn:com:appian:types:HR}HR_Reservation</uuid>
                        <uuid>{urn:com:appian:types:HR}HR_Campus</uuid>
                        <uuid>{urn:com:appian:types:HR}HR_Floor</uuid>
                        <uuid>{urn:com:appian:types:HR}HR_V_User_Training_Display</uuid>
                        <uuid>{urn:com:appian:types:HR}HR_V_Training_Statistics</uuid>
                        <uuid>{urn:com:appian:types:HR}HR_V_Reservation</uuid>
                        <uuid>{urn:com:appian:types:HR}HR_Building_Audit</uuid>
                        <uuid>{urn:com:appian:types:HR}HR_Campus_Audit</uuid>
                        <uuid>{urn:com:appian:types:HR}HR_Floor_Audit</uuid>
                        <uuid>{urn:com:appian:types:HR}HR_Reservation_Audit</uuid>
                        <uuid>{urn:com:appian:types:HR}HR_Space_Audit</uuid>
                        <uuid>{urn:com:appian:types:HR}HR_Training_Audit</uuid>
                        <uuid>{urn:com:appian:types:HR}HR_User_Audit</uuid>
                        <uuid>{urn:com:appian:types:HR}HR_ItEquipment_Audit</uuid>
                        <uuid>{urn:com:appian:types:HR}HR_V_User_Position_History</uuid>
                        <uuid>{urn:com:appian:types:HR}HR_Space_WeeklyUtilization</uuid>
                        <uuid>{urn:com:appian:types:HR}HR_User_Preference</uuid>
                        <uuid>{urn:com:appian:types:HR}HR_V_Space_Weekly_Utilization</uuid>
                        <uuid>{urn:com:appian:types:HR}HR_V_Space_Record</uuid>
                        <uuid>{urn:com:appian:types:HR}HR_V_Building_Record</uuid>
                        <uuid>{urn:com:appian:types:HR}HR_Reservation_Recurrence</uuid>
                    </uuids>
                </item>
                <item>
                    <type>dataStore</type>
                    <uuids>
                        <uuid>_a-0000dcfb-fbff-8000-aae2-01ef9001ef90_3613</uuid>
                        <uuid>_a-0000dd0d-462c-8000-9ba2-011c48011c48_3964</uuid>
                        <uuid>_a-0000dd0d-462c-8000-9ba2-011c48011c48_4084</uuid>
                    </uuids>
                </item>
                <item>
                    <type>user</type>
                    <uuids/>
                </item>
                <item>
                    <type>groupType</type>
                    <uuids/>
                </item>
                <item>
                    <type>group</type>
                    <uuids>
                        <uuid>_e-0000dd16-72b4-8000-9aee-01075c01075c_14</uuid>
                        <uuid>_e-0000dd16-72b4-8000-9aee-01075c01075c_15</uuid>
                        <uuid>_e-0000dd16-72b4-8000-9aee-01075c01075c_16</uuid>
                        <uuid>_e-0000dd16-72b4-8000-9aee-01075c01075c_18</uuid>
                        <uuid>_e-0000dd0a-93c8-8000-9aee-01075c01075c_10</uuid>
                        <uuid>_e-0000dd0a-93c8-8000-9aee-01075c01075c_11</uuid>
                        <uuid>_e-0000dd0a-93c8-8000-9aee-01075c01075c_12</uuid>
                    </uuids>
                </item>
                <item>
                    <type>content</type>
                    <uuids>
                        <uuid>8d0a23dd-8705-443a-8542-e5d3a24636a0</uuid>
                        <uuid>_a-0000dcfd-59a3-8000-aae2-01ef9001ef90_3622</uuid>
                        <uuid>fb18b1b4-38f4-4336-ba08-2176145a17e3</uuid>
                        <uuid>e27a98dd-726d-4959-a84c-71dddc22a8e9</uuid>
                        <uuid>_a-0000dcfd-5663-8000-aae2-01ef9001ef90_3617</uuid>
                        <uuid>_a-0000dcfd-5663-8000-aae2-01ef9001ef90_3619</uuid>
                        <uuid>_a-0000dd01-6759-8000-aae2-01ef9001ef90_3653</uuid>
                        <uuid>_a-0000dd01-cd0c-8000-aae2-01ef9001ef90_3665</uuid>
                        <uuid>_a-0000dd03-d615-8000-aae2-01ef9001ef90_3669</uuid>
                        <uuid>_a-0000dd04-1e13-8000-aae2-01ef9001ef90_3680</uuid>
                        <uuid>_a-0000dd04-1e13-8000-aae2-01ef9001ef90_3688</uuid>
                        <uuid>_a-0000dd0a-5e76-8000-aae2-01ef9001ef90_3752</uuid>
                        <uuid>_a-0000dd0a-5e76-8000-aae2-01ef9001ef90_3753</uuid>
                        <uuid>_a-0000dd0a-80c8-8000-aae2-01ef9001ef90_3766</uuid>
                        <uuid>_a-0000dd0a-80c8-8000-aae2-01ef9001ef90_3767</uuid>
                        <uuid>_a-0000dd0a-80c8-8000-aae2-01ef9001ef90_3769</uuid>
                        <uuid>_a-0000dd0a-80c8-8000-aae2-01ef9001ef90_3765</uuid>
                        <uuid>_a-0000dd05-dca3-8000-9ba2-011c48011c48_3483</uuid>
                        <uuid>_a-0000dd0b-e46e-8000-9ba2-011c48011c48_3493</uuid>
                        <uuid>_a-0000dd0d-462c-8000-9ba2-011c48011c48_3551</uuid>
                        <uuid>_a-0000dd0d-462c-8000-9ba2-011c48011c48_3563</uuid>
                        <uuid>_a-0000dd0d-462c-8000-9ba2-011c48011c48_3558</uuid>
                        <uuid>ed51b551-4c0d-41ac-99f6-e5146c1712a5</uuid>
                        <uuid>0848acd8-4915-43c6-b049-0ace4d4329f8</uuid>
                        <uuid>_a-0000dd0d-462c-8000-9ba2-011c48011c48_3559</uuid>
                        <uuid>_a-0000dd0d-462c-8000-9ba2-011c48011c48_3555</uuid>
                        <uuid>_a-0000dd0d-462c-8000-9ba2-011c48011c48_3556</uuid>
                        <uuid>_a-0000dd0d-462c-8000-9ba2-011c48011c48_3557</uuid>
                        <uuid>_a-0000dd0d-462c-8000-9ba2-011c48011c48_3554</uuid>
                        <uuid>_a-0000dd0d-462c-8000-9ba2-011c48011c48_3612</uuid>
                        <uuid>_a-0000dd0d-462c-8000-9ba2-011c48011c48_3746</uuid>
                        <uuid>_a-0000dd0d-462c-8000-9ba2-011c48011c48_3766</uuid>
                        <uuid>_a-0000dd0d-462c-8000-9ba2-011c48011c48_3770</uuid>
                        <uuid>_a-0000dd0d-462c-8000-9ba2-011c48011c48_3787</uuid>
                        <uuid>_a-0000dd0d-462c-8000-9ba2-011c48011c48_3956</uuid>
                        <uuid>_a-0000dd0d-462c-8000-9ba2-011c48011c48_3966</uuid>
                        <uuid>_a-0000dd0d-462c-8000-9ba2-011c48011c48_3992</uuid>
                        <uuid>_a-0000dd0d-462c-8000-9ba2-011c48011c48_4012</uuid>
                        <uuid>_a-0000dd0d-462c-8000-9ba2-011c48011c48_4065</uuid>
                        <uuid>_a-0000dd0d-462c-8000-9ba2-011c48011c48_4101</uuid>
                        <uuid>_a-0000dd0d-462c-8000-9ba2-011c48011c48_4145</uuid>
                        <uuid>90fc031c-ccd6-4453-a4c4-9574f183df33</uuid>
                        <uuid>_a-0000dd0d-462c-8000-9ba2-011c48011c48_4158</uuid>
                        <uuid>_a-0000dd0d-462c-8000-9ba2-011c48011c48_4180</uuid>
                        <uuid>_a-0000dd0d-462c-8000-9ba2-011c48011c48_4190</uuid>
                        <uuid>_a-0000dd0d-462c-8000-9ba2-011c48011c48_3621</uuid>
                        <uuid>_a-0000dd0d-462c-8000-9ba2-011c48011c48_3788</uuid>
                        <uuid>_a-0000dd0d-462c-8000-9ba2-011c48011c48_3789</uuid>
                        <uuid>_a-0000dd0d-462c-8000-9ba2-011c48011c48_3790</uuid>
                        <uuid>_a-0000dd0d-462c-8000-9ba2-011c48011c48_3791</uuid>
                        <uuid>_a-0000dd0d-462c-8000-9ba2-011c48011c48_3793</uuid>
                        <uuid>_a-0000dd0d-462c-8000-9ba2-011c48011c48_3794</uuid>
                        <uuid>_a-0000dd0d-462c-8000-9ba2-011c48011c48_3795</uuid>
                        <uuid>_a-0000dd0d-462c-8000-9ba2-011c48011c48_3796</uuid>
                        <uuid>_a-0000dd0d-462c-8000-9ba2-011c48011c48_3797</uuid>
                        <uuid>_a-0000dd0d-462c-8000-9ba2-011c48011c48_3798</uuid>
                        <uuid>_a-0000dd0d-462c-8000-9ba2-011c48011c48_3583</uuid>
                        <uuid>_a-0000dd0d-462c-8000-9ba2-011c48011c48_3584</uuid>
                        <uuid>_a-0000dd0d-462c-8000-9ba2-011c48011c48_3585</uuid>
                        <uuid>_a-0000dd0d-462c-8000-9ba2-011c48011c48_3586</uuid>
                        <uuid>_a-0000dd0d-462c-8000-9ba2-011c48011c48_3809</uuid>
                        <uuid>d13892c0-2f24-4c93-a9aa-5018ad147d58</uuid>
                        <uuid>_a-0000dd0d-462c-8000-9ba2-011c48011c48_3805</uuid>
                        <uuid>d949f782-6e3f-43a8-91d7-d1f5462c5e32</uuid>
                        <uuid>819e45fe-b5bd-41f9-8911-dc1e0f8837d7</uuid>
                        <uuid>_a-0000dd0d-462c-8000-9ba2-011c48011c48_3799</uuid>
                        <uuid>_a-0000dd0d-462c-8000-9ba2-011c48011c48_3800</uuid>
                        <uuid>_a-0000dd0d-462c-8000-9ba2-011c48011c48_3801</uuid>
                        <uuid>_a-0000dd0d-462c-8000-9ba2-011c48011c48_3803</uuid>
                        <uuid>_a-0000dd0d-462c-8000-9ba2-011c48011c48_3804</uuid>
                        <uuid>_a-0000dd0d-462c-8000-9ba2-011c48011c48_4107</uuid>
                        <uuid>_a-0000dd0d-462c-8000-9ba2-011c48011c48_4105</uuid>
                        <uuid>_a-0000dd0d-462c-8000-9ba2-011c48011c48_3806</uuid>
                        <uuid>_a-0000dd0d-462c-8000-9ba2-011c48011c48_3807</uuid>
                        <uuid>_a-0000dd0d-462c-8000-9ba2-011c48011c48_3808</uuid>
                        <uuid>2895487b-4c1e-4f8b-9358-fc686af6aa4e</uuid>
                        <uuid>_a-0000dd0d-462c-8000-9ba2-011c48011c48_4087</uuid>
                        <uuid>_a-0000dd0d-462c-8000-9ba2-011c48011c48_4100</uuid>
                        <uuid>_a-0000dd0d-462c-8000-9ba2-011c48011c48_3587</uuid>
                        <uuid>_a-0000dd0d-462c-8000-9ba2-011c48011c48_4108</uuid>
                        <uuid>3af0f2e5-5c7f-4f1b-b92a-7b2b087a2287</uuid>
                        <uuid>e5e734d1-e79a-4461-bfab-9c0b4df0e93d</uuid>
                        <uuid>_a-0000dd0d-462c-8000-9ba2-011c48011c48_4163</uuid>
                        <uuid>_a-0000dd0d-462c-8000-9ba2-011c48011c48_4166</uuid>
                        <uuid>_a-0000dd0d-462c-8000-9ba2-011c48011c48_4165</uuid>
                        <uuid>_a-0000dd0d-462c-8000-9ba2-011c48011c48_4248</uuid>
                        <uuid>_a-0000dd0d-462c-8000-9ba2-011c48011c48_4253</uuid>
                        <uuid>_a-0000dd0d-462c-8000-9ba2-011c48011c48_4263</uuid>
                        <uuid>_a-0000dd0d-462c-8000-9ba2-011c48011c48_4330</uuid>
                        <uuid>_a-0000dd0d-462c-8000-9ba2-011c48011c48_4342</uuid>
                        <uuid>_a-0000dd0d-462c-8000-9ba2-011c48011c48_4349</uuid>
                        <uuid>_a-0000dd0d-462c-8000-9ba2-011c48011c48_4354</uuid>
                        <uuid>_a-0000dd0d-462c-8000-9ba2-011c48011c48_4355</uuid>
                        <uuid>_a-0000dd0d-462c-8000-9ba2-011c48011c48_4356</uuid>
                        <uuid>_a-0000dd0d-462c-8000-9ba2-011c48011c48_4357</uuid>
                        <uuid>_a-0000dd0d-462c-8000-9ba2-011c48011c48_4557</uuid>
                        <uuid>_a-0000dd0d-462c-8000-9ba2-011c48011c48_4559</uuid>
                        <uuid>_a-0000dd0d-462c-8000-9ba2-011c48011c48_4581</uuid>
                        <uuid>_a-0000dd0d-462c-8000-9ba2-011c48011c48_4603</uuid>
                        <uuid>_a-0000dd0d-462c-8000-9ba2-011c48011c48_4617</uuid>
                        <uuid>_a-0000dd0d-462c-8000-9ba2-011c48011c48_4633</uuid>
                        <uuid>_a-0000dd0d-462c-8000-9ba2-011c48011c48_4682</uuid>
                        <uuid>_a-0000dd0d-462c-8000-9ba2-011c48011c48_4684</uuid>
                        <uuid>_a-0000dd0d-462c-8000-9ba2-011c48011c48_4687</uuid>
                        <uuid>_a-0000dd0d-462c-8000-9ba2-011c48011c48_4714</uuid>
                        <uuid>_a-0000dd0d-462c-8000-9ba2-011c48011c48_4720</uuid>
                        <uuid>_a-0000dd0d-462c-8000-9ba2-011c48011c48_4731</uuid>
                        <uuid>_a-0000dd0d-462c-8000-9ba2-011c48011c48_4745</uuid>
                        <uuid>_a-0000dd0d-462c-8000-9ba2-011c48011c48_4824</uuid>
                        <uuid>cc8d88ec-7aa2-40ff-ae46-027760b733d5</uuid>
                        <uuid>_a-0000dd0d-462c-8000-9ba2-011c48011c48_4758</uuid>
                        <uuid>_a-0000dd0d-462c-8000-9ba2-011c48011c48_4449</uuid>
                        <uuid>_a-0000dd0d-462c-8000-9ba2-011c48011c48_4450</uuid>
                        <uuid>_a-0000dd0d-462c-8000-9ba2-011c48011c48_4451</uuid>
                        <uuid>_a-0000dd0d-462c-8000-9ba2-011c48011c48_4227</uuid>
                        <uuid>6dcd73ca-b91f-42fd-8716-dd7d7aafdd1b</uuid>
                        <uuid>_a-0000dd0d-462c-8000-9ba2-011c48011c48_4739</uuid>
                        <uuid>_a-0000dd0d-462c-8000-9ba2-011c48011c48_4814</uuid>
                        <uuid>_a-0000dd0d-462c-8000-9ba2-011c48011c48_4431</uuid>
                        <uuid>_a-0000dd0d-462c-8000-9ba2-011c48011c48_4453</uuid>
                        <uuid>_a-0000dd0d-462c-8000-9ba2-011c48011c48_4454</uuid>
                        <uuid>_a-0000dd0d-462c-8000-9ba2-011c48011c48_4455</uuid>
                        <uuid>_a-0000dd0d-462c-8000-9ba2-011c48011c48_4787</uuid>
                        <uuid>_a-0000dd0d-462c-8000-9ba2-011c48011c48_4794</uuid>
                        <uuid>0d90b91c-c053-448c-866e-6361abf08038</uuid>
                        <uuid>_a-0000dd0d-462c-8000-9ba2-011c48011c48_5034</uuid>
                        <uuid>_a-0000dd0d-462c-8000-9ba2-011c48011c48_5064</uuid>
                        <uuid>_a-0000dd0d-462c-8000-9ba2-011c48011c48_4925</uuid>
                        <uuid>_a-0000dd0d-462c-8000-9ba2-011c48011c48_4926</uuid>
                        <uuid>_a-0000dd0d-462c-8000-9ba2-011c48011c48_4927</uuid>
                        <uuid>_a-0000dd0d-462c-8000-9ba2-011c48011c48_4998</uuid>
                        <uuid>_a-0000dd0d-462c-8000-9ba2-011c48011c48_4983</uuid>
                        <uuid>_a-0000dd0d-462c-8000-9ba2-011c48011c48_5003</uuid>
                        <uuid>_a-0000dd0d-462c-8000-9ba2-011c48011c48_4972</uuid>
                        <uuid>_a-0000dd0d-462c-8000-9ba2-011c48011c48_4999</uuid>
                        <uuid>_a-0000dd0d-462c-8000-9ba2-011c48011c48_4971</uuid>
                        <uuid>_a-0000dd0d-462c-8000-9ba2-011c48011c48_4973</uuid>
                        <uuid>_a-0000dd0d-462c-8000-9ba2-011c48011c48_5001</uuid>
                        <uuid>_a-0000dd0d-462c-8000-9ba2-011c48011c48_5118</uuid>
                        <uuid>_a-0000dd0d-462c-8000-9ba2-011c48011c48_5122</uuid>
                        <uuid>_a-0000dd0d-462c-8000-9ba2-011c48011c48_5123</uuid>
                        <uuid>_a-0000dd0d-462c-8000-9ba2-011c48011c48_5128</uuid>
                        <uuid>_a-0000dd0d-462c-8000-9ba2-011c48011c48_5143</uuid>
                        <uuid>_a-0000dd0d-462c-8000-9ba2-011c48011c48_5144</uuid>
                        <uuid>_a-0000dd0d-462c-8000-9ba2-011c48011c48_5289</uuid>
                        <uuid>_a-0000dd0d-462c-8000-9ba2-011c48011c48_5290</uuid>
                        <uuid>_a-0000dd0d-462c-8000-9ba2-011c48011c48_5292</uuid>
                        <uuid>_a-0000dd0d-462c-8000-9ba2-011c48011c48_5294</uuid>
                        <uuid>_a-0000dd0d-462c-8000-9ba2-011c48011c48_5296</uuid>
                        <uuid>_a-0000dd0d-462c-8000-9ba2-011c48011c48_5302</uuid>
                        <uuid>_a-0000dd0d-462c-8000-9ba2-011c48011c48_5317</uuid>
                        <uuid>_a-0000dd0d-462c-8000-9ba2-011c48011c48_5354</uuid>
                        <uuid>_a-0000dd0d-462c-8000-9ba2-011c48011c48_5412</uuid>
                        <uuid>_a-0000dd0d-462c-8000-9ba2-011c48011c48_5443</uuid>
                        <uuid>_a-0000dd0d-462c-8000-9ba2-011c48011c48_5447</uuid>
                        <uuid>_a-0000dd0d-462c-8000-9ba2-011c48011c48_5116</uuid>
                        <uuid>_a-0000dd0d-462c-8000-9ba2-011c48011c48_5188</uuid>
                        <uuid>_a-0000dd0d-462c-8000-9ba2-011c48011c48_5353</uuid>
                        <uuid>99fc9f72-2b5f-43d3-8e3d-bf567a682b82</uuid>
                        <uuid>_a-0000dd0d-462c-8000-9ba2-011c48011c48_5347</uuid>
                        <uuid>_a-0000dd0d-462c-8000-9ba2-011c48011c48_5125</uuid>
                        <uuid>_a-0000dd0d-462c-8000-9ba2-011c48011c48_5189</uuid>
                        <uuid>_a-0000dd0d-462c-8000-9ba2-011c48011c48_5394</uuid>
                        <uuid>_a-0000dd0d-462c-8000-9ba2-011c48011c48_5291</uuid>
                        <uuid>_a-0000dd0d-462c-8000-9ba2-011c48011c48_5485</uuid>
                        <uuid>_a-0000dd0d-462c-8000-9ba2-011c48011c48_5501</uuid>
                        <uuid>_a-0000dd0d-462c-8000-9ba2-011c48011c48_5503</uuid>
                        <uuid>_a-0000dd0d-462c-8000-9ba2-011c48011c48_5505</uuid>
                        <uuid>_a-0000dd0d-462c-8000-9ba2-011c48011c48_5541</uuid>
                        <uuid>_a-0000dd0d-462c-8000-9ba2-011c48011c48_5542</uuid>
                        <uuid>_a-0000dd0d-462c-8000-9ba2-011c48011c48_5545</uuid>
                        <uuid>_a-0000dd0d-462c-8000-9ba2-011c48011c48_5546</uuid>
                        <uuid>_a-0000dd0d-462c-8000-9ba2-011c48011c48_5548</uuid>
                        <uuid>_a-0000dd0d-462c-8000-9ba2-011c48011c48_5549</uuid>
                        <uuid>_a-0000dd0d-462c-8000-9ba2-011c48011c48_5552</uuid>
                        <uuid>_a-0000dd0d-462c-8000-9ba2-011c48011c48_5554</uuid>
                        <uuid>_a-0000dd0d-462c-8000-9ba2-011c48011c48_5558</uuid>
                        <uuid>_a-0000dd0d-462c-8000-9ba2-011c48011c48_5559</uuid>
                        <uuid>_a-0000dd0d-462c-8000-9ba2-011c48011c48_5561</uuid>
                        <uuid>_a-0000dd0d-462c-8000-9ba2-011c48011c48_5632</uuid>
                        <uuid>_a-0000dd0d-462c-8000-9ba2-011c48011c48_5648</uuid>
                        <uuid>_a-0000dd0d-462c-8000-9ba2-011c48011c48_5689</uuid>
                        <uuid>_a-0000dd0d-462c-8000-9ba2-011c48011c48_5690</uuid>
                        <uuid>_a-0000dd0d-462c-8000-9ba2-011c48011c48_5696</uuid>
                        <uuid>_a-0000dd0d-462c-8000-9ba2-011c48011c48_5697</uuid>
                        <uuid>_a-0000dd0d-462c-8000-9ba2-011c48011c48_5733</uuid>
                        <uuid>_a-0000dd0d-462c-8000-9ba2-011c48011c48_5839</uuid>
                        <uuid>_a-0000dd0d-462c-8000-9ba2-011c48011c48_5863</uuid>
                        <uuid>_a-0000dd0d-462c-8000-9ba2-011c48011c48_5880</uuid>
                        <uuid>_a-0000dd0d-462c-8000-9ba2-011c48011c48_5881</uuid>
                        <uuid>_a-0000dd0d-462c-8000-9ba2-011c48011c48_5902</uuid>
                        <uuid>_a-0000dd0d-462c-8000-9ba2-011c48011c48_5904</uuid>
                        <uuid>_a-0000dd0d-462c-8000-9ba2-011c48011c48_5905</uuid>
                        <uuid>_a-0000dd0d-462c-8000-9ba2-011c48011c48_5908</uuid>
                        <uuid>_a-0000dd0d-462c-8000-9ba2-011c48011c48_5928</uuid>
                        <uuid>_a-0000dd0d-462c-8000-9ba2-011c48011c48_5956</uuid>
                        <uuid>_a-0000dd0d-462c-8000-9ba2-011c48011c48_6001</uuid>
                        <uuid>_a-0000dd0d-462c-8000-9ba2-011c48011c48_6154</uuid>
                        <uuid>_a-0000dd0d-462c-8000-9ba2-011c48011c48_6160</uuid>
                        <uuid>_a-0000dd0d-462c-8000-9ba2-011c48011c48_6161</uuid>
                        <uuid>_a-0000dd0d-462c-8000-9ba2-011c48011c48_6162</uuid>
                        <uuid>_a-0000dd0d-462c-8000-9ba2-011c48011c48_6171</uuid>
                        <uuid>_a-0000dd0d-462c-8000-9ba2-011c48011c48_6182</uuid>
                        <uuid>_a-0000dd0d-462c-8000-9ba2-011c48011c48_6183</uuid>
                        <uuid>_a-0000dd0d-462c-8000-9ba2-011c48011c48_6190</uuid>
                        <uuid>_a-0000dd0d-462c-8000-9ba2-011c48011c48_6257</uuid>
                        <uuid>_a-0000dd0d-462c-8000-9ba2-011c48011c48_6266</uuid>
                        <uuid>_a-0000dd0d-462c-8000-9ba2-011c48011c48_6267</uuid>
                        <uuid>_a-0000dd0d-462c-8000-9ba2-011c48011c48_6269</uuid>
                        <uuid>_a-0000dd0d-462c-8000-9ba2-011c48011c48_6305</uuid>
                        <uuid>_a-0000dd0d-462c-8000-9ba2-011c48011c48_6311</uuid>
                        <uuid>_a-0000dd0d-462c-8000-9ba2-011c48011c48_6332</uuid>
                        <uuid>_a-0000dd0d-462c-8000-9ba2-011c48011c48_6360</uuid>
                        <uuid>_a-0000dd0d-462c-8000-9ba2-011c48011c48_6382</uuid>
                        <uuid>_a-0000dd0d-462c-8000-9ba2-011c48011c48_6407</uuid>
                        <uuid>_a-0000dd0d-462c-8000-9ba2-011c48011c48_6409</uuid>
                        <uuid>_a-0000dd0d-462c-8000-9ba2-011c48011c48_6569</uuid>
                        <uuid>_a-0000dd0d-462c-8000-9ba2-011c48011c48_6577</uuid>
                        <uuid>_a-0000dd0d-462c-8000-9ba2-011c48011c48_6578</uuid>
                        <uuid>_a-0000dd0d-462c-8000-9ba2-011c48011c48_6579</uuid>
                        <uuid>_a-0000dd0d-462c-8000-9ba2-011c48011c48_6580</uuid>
                        <uuid>_a-0000dd0d-462c-8000-9ba2-011c48011c48_6581</uuid>
                        <uuid>_a-0000dd0d-462c-8000-9ba2-011c48011c48_6582</uuid>
                        <uuid>_a-0000dd0d-462c-8000-9ba2-011c48011c48_6583</uuid>
                        <uuid>_a-0000dd0d-462c-8000-9ba2-011c48011c48_6641</uuid>
                        <uuid>_a-0000dd0d-462c-8000-9ba2-011c48011c48_6696</uuid>
                        <uuid>_a-0000dd0d-462c-8000-9ba2-011c48011c48_6658</uuid>
                        <uuid>_a-0000dd0d-462c-8000-9ba2-011c48011c48_6825</uuid>
                        <uuid>_a-0000dd0d-462c-8000-9ba2-011c48011c48_6896</uuid>
                        <uuid>_a-0000dd0d-462c-8000-9ba2-011c48011c48_6926</uuid>
                        <uuid>_a-0000dd0d-462c-8000-9ba2-011c48011c48_6951</uuid>
                        <uuid>_a-0000dd0d-462c-8000-9ba2-011c48011c48_6952</uuid>
                        <uuid>_a-0000dd0d-462c-8000-9ba2-011c48011c48_6962</uuid>
                        <uuid>_a-0000dd0d-462c-8000-9ba2-011c48011c48_6965</uuid>
                        <uuid>_a-0000dd0d-462c-8000-9ba2-011c48011c48_6969</uuid>
                        <uuid>_a-0000dd0d-462c-8000-9ba2-011c48011c48_6972</uuid>
                        <uuid>_a-0000dd0d-462c-8000-9ba2-011c48011c48_6973</uuid>
                        <uuid>_a-0000dd0d-462c-8000-9ba2-011c48011c48_6975</uuid>
                        <uuid>_a-0000dd0d-462c-8000-9ba2-011c48011c48_6977</uuid>
                        <uuid>_a-0000dd0d-462c-8000-9ba2-011c48011c48_6979</uuid>
                        <uuid>_a-0000dd0d-462c-8000-9ba2-011c48011c48_7057</uuid>
                        <uuid>_a-0000dd0d-462c-8000-9ba2-011c48011c48_7058</uuid>
                        <uuid>_a-0000dd0d-462c-8000-9ba2-011c48011c48_7061</uuid>
                        <uuid>_a-0000dd0d-462c-8000-9ba2-011c48011c48_7080</uuid>
                        <uuid>_a-0000dd0d-462c-8000-9ba2-011c48011c48_7086</uuid>
                        <uuid>_a-0000dd0d-462c-8000-9ba2-011c48011c48_7091</uuid>
                        <uuid>_a-0000dd0d-462c-8000-9ba2-011c48011c48_7100</uuid>
                        <uuid>_a-0000dd0d-462c-8000-9ba2-011c48011c48_7161</uuid>
                        <uuid>_a-0000dd0d-462c-8000-9ba2-011c48011c48_7163</uuid>
                        <uuid>_a-0000dd0d-462c-8000-9ba2-011c48011c48_7217</uuid>
                        <uuid>_a-0000dd0d-462c-8000-9ba2-011c48011c48_7218</uuid>
                        <uuid>_a-0000dd0d-462c-8000-9ba2-011c48011c48_7219</uuid>
                        <uuid>_a-0000dd0d-462c-8000-9ba2-011c48011c48_7226</uuid>
                        <uuid>_a-0000dd0d-462c-8000-9ba2-011c48011c48_5686</uuid>
                        <uuid>_a-0000dd0d-462c-8000-9ba2-011c48011c48_5800</uuid>
                        <uuid>2581f3de-afe7-4af4-a9c2-fbf0bbe7cc12</uuid>
                        <uuid>860dc48f-84f4-4b5b-8f73-f90dc755d833</uuid>
                        <uuid>1261a84e-08ea-49ee-86c9-769c49c9738e</uuid>
                        <uuid>_a-0000dd0d-462c-8000-9ba2-011c48011c48_5694</uuid>
                        <uuid>_a-0000dd0d-462c-8000-9ba2-011c48011c48_5773</uuid>
                        <uuid>_a-0000dd0d-462c-8000-9ba2-011c48011c48_5780</uuid>
                        <uuid>_a-0000dd0d-462c-8000-9ba2-011c48011c48_5801</uuid>
                        <uuid>_a-0000dd0d-462c-8000-9ba2-011c48011c48_6594</uuid>
                        <uuid>2fc2886a-ea94-4be7-afe0-676eb571c8df</uuid>
                        <uuid>_a-0000dd0d-462c-8000-9ba2-011c48011c48_6450</uuid>
                        <uuid>_a-0000dd0d-462c-8000-9ba2-011c48011c48_6661</uuid>
                        <uuid>_a-0000dd0d-462c-8000-9ba2-011c48011c48_6892</uuid>
                        <uuid>_a-0000dd0d-462c-8000-9ba2-011c48011c48_5741</uuid>
                        <uuid>1fd2a652-420f-418f-92ba-ee9d0f26268a</uuid>
                        <uuid>9ed7b8f3-7133-42e2-afaa-c38d8676a6fb</uuid>
                        <uuid>_a-0000dd0d-462c-8000-9ba2-011c48011c48_5495</uuid>
                        <uuid>_a-0000dd0d-462c-8000-9ba2-011c48011c48_5498</uuid>
                        <uuid>_a-0000dd0d-462c-8000-9ba2-011c48011c48_5499</uuid>
                        <uuid>_a-0000dd0d-462c-8000-9ba2-011c48011c48_5500</uuid>
                        <uuid>_a-0000dd0d-462c-8000-9ba2-011c48011c48_5753</uuid>
                        <uuid>_a-0000dd0d-462c-8000-9ba2-011c48011c48_5782</uuid>
                        <uuid>_a-0000dd0d-462c-8000-9ba2-011c48011c48_5757</uuid>
                        <uuid>_a-0000dd0d-462c-8000-9ba2-011c48011c48_6506</uuid>
                        <uuid>_a-0000dd0d-462c-8000-9ba2-011c48011c48_6588</uuid>
                        <uuid>_a-0000dd0d-462c-8000-9ba2-011c48011c48_6596</uuid>
                        <uuid>_a-0000dd0d-462c-8000-9ba2-011c48011c48_6628</uuid>
                        <uuid>_a-0000dd0d-462c-8000-9ba2-011c48011c48_6202</uuid>
                        <uuid>_a-0000dd0d-462c-8000-9ba2-011c48011c48_6218</uuid>
                        <uuid>_a-0000dd0d-462c-8000-9ba2-011c48011c48_6299</uuid>
                        <uuid>_a-0000dd0d-462c-8000-9ba2-011c48011c48_6515</uuid>
                        <uuid>_a-0000dd0d-462c-8000-9ba2-011c48011c48_6519</uuid>
                        <uuid>_a-0000dd0d-462c-8000-9ba2-011c48011c48_6523</uuid>
                        <uuid>_a-0000dd0d-462c-8000-9ba2-011c48011c48_6527</uuid>
                        <uuid>_a-0000dd0d-462c-8000-9ba2-011c48011c48_6694</uuid>
                        <uuid>_a-0000dd0d-462c-8000-9ba2-011c48011c48_6717</uuid>
                        <uuid>_a-0000dd0d-462c-8000-9ba2-011c48011c48_6960</uuid>
                        <uuid>_a-0000dd0d-462c-8000-9ba2-011c48011c48_7020</uuid>
                        <uuid>_a-0000dd0d-462c-8000-9ba2-011c48011c48_6318</uuid>
                        <uuid>_a-0000dd0d-462c-8000-9ba2-011c48011c48_6319</uuid>
                        <uuid>_a-0000dd0d-462c-8000-9ba2-011c48011c48_6320</uuid>
                        <uuid>_a-0000dd0d-462c-8000-9ba2-011c48011c48_6341</uuid>
                        <uuid>_a-0000dd0d-462c-8000-9ba2-011c48011c48_6690</uuid>
                        <uuid>_a-0000dd0d-462c-8000-9ba2-011c48011c48_6707</uuid>
                        <uuid>_a-0000dd0d-462c-8000-9ba2-011c48011c48_6739</uuid>
                        <uuid>_a-0000dd0d-462c-8000-9ba2-011c48011c48_6772</uuid>
                        <uuid>_a-0000dd0d-462c-8000-9ba2-011c48011c48_6795</uuid>
                        <uuid>_a-0000dd0d-462c-8000-9ba2-011c48011c48_6799</uuid>
                        <uuid>_a-0000dd0d-462c-8000-9ba2-011c48011c48_6830</uuid>
                        <uuid>_a-0000dd0d-462c-8000-9ba2-011c48011c48_6956</uuid>
                        <uuid>_a-0000dd0d-462c-8000-9ba2-011c48011c48_7014</uuid>
                    </uuids>
                </item>
                <item>
                    <type>forum</type>
                    <uuids/>
                </item>
                <item>
                    <type>processModelFolder</type>
                    <uuids>
                        <uuid>_g-0000dd0b-a9d7-8000-f92f-7f0000014e7a_11</uuid>
                        <uuid>_g-0000dd0b-a9d7-8000-f92f-7f0000014e7a_12</uuid>
                        <uuid>_g-0000dd0b-a9d7-8000-f92f-7f0000014e7a_10</uuid>
                        <uuid>_g-0000dd0b-a9d7-8000-f92f-7f0000014e7a_13</uuid>
                        <uuid>_g-0000dd0b-a9d7-8000-f92f-7f0000014e7a_14</uuid>
                        <uuid>_g-0000dd0b-a9d7-8000-f92f-7f0000014e7a_15</uuid>
                        <uuid>_g-0000dd0b-a9d7-8000-f92f-7f0000014e7a_21</uuid>
                        <uuid>_g-0000dd0b-a9d7-8000-f92f-7f0000014e7a_27</uuid>
                        <uuid>_g-0000dd0b-a9d7-8000-f92f-7f0000014e7a_23</uuid>
                        <uuid>_g-0000dd0b-a9d7-8000-f92f-7f0000014e7a_25</uuid>
                    </uuids>
                </item>
                <item>
                    <type>processModel</type>
                    <uuids>
                        <uuid>0007dd0e-6940-8000-f92f-7f0000014e7a</uuid>
                        <uuid>0003dd0e-6a1d-8000-f92f-7f0000014e7a</uuid>
                        <uuid>0003dd15-711d-8000-f92f-7f0000014e7a</uuid>
                        <uuid>0003dd16-3aa7-8000-f92f-7f0000014e7a</uuid>
                        <uuid>0003dd16-3abd-8000-f92f-7f0000014e7a</uuid>
                        <uuid>0003dd16-3acc-8000-f92f-7f0000014e7a</uuid>
                        <uuid>0007dd15-7513-8000-f92f-7f0000014e7a</uuid>
                        <uuid>0009dd16-5a28-8000-f92f-7f0000014e7a</uuid>
                        <uuid>0007dd16-bb51-8000-f92f-7f0000014e7a</uuid>
                        <uuid>0007dd16-bb6d-8000-f92f-7f0000014e7a</uuid>
                        <uuid>0002dd1c-f0e1-8000-f92f-7f0000014e7a</uuid>
                        <uuid>0003dd1d-3bd8-8000-f92f-7f0000014e7a</uuid>
                        <uuid>0004dd1d-4893-8000-f92f-7f0000014e7a</uuid>
                        <uuid>0002dd1d-5d83-8000-f92f-7f0000014e7a</uuid>
                        <uuid>0003dd1d-66c9-8000-f92f-7f0000014e7a</uuid>
                        <uuid>0002dd1e-3ecb-8000-f92f-7f0000014e7a</uuid>
                        <uuid>0004dd1e-6d3e-8000-f92f-7f0000014e7a</uuid>
                        <uuid>0002dd1e-7b5f-8000-f92f-7f0000014e7a</uuid>
                        <uuid>0004dd1e-930e-8000-f92f-7f0000014e7a</uuid>
                        <uuid>0002dd1f-99c5-8000-f92f-7f0000014e7a</uuid>
                        <uuid>0002dd1f-7538-8000-f92f-7f0000014e7a</uuid>
                        <uuid>0002dd1f-cfc6-8000-f92f-7f0000014e7a</uuid>
                        <uuid>0002dd20-cc21-8000-f92f-7f0000014e7a</uuid>
                        <uuid>0002dd24-c053-8000-f92f-7f0000014e7a</uuid>
                        <uuid>0002dd24-e02d-8000-f92f-7f0000014e7a</uuid>
                        <uuid>0002dd27-70ac-8000-f92f-7f0000014e7a</uuid>
                        <uuid>0002dd28-c09f-8000-f92f-7f0000014e7a</uuid>
                        <uuid>0002dd28-c615-8000-f92f-7f0000014e7a</uuid>
                        <uuid>0002dd28-cfe7-8000-f92f-7f0000014e7a</uuid>
                        <uuid>0002dd28-ba3e-8000-f92f-7f0000014e7a</uuid>
                        <uuid>0006dd28-c067-8000-f92f-7f0000014e7a</uuid>
                        <uuid>000cdd28-d2d6-8000-f92f-7f0000014e7a</uuid>
                        <uuid>0002dd28-f43d-8000-f92f-7f0000014e7a</uuid>
                        <uuid>0002dd29-22ff-8000-f92f-7f0000014e7a</uuid>
                        <uuid>0002dd29-2b12-8000-f92f-7f0000014e7a</uuid>
                        <uuid>0002dd2a-1af2-8000-f92f-7f0000014e7a</uuid>
                        <uuid>0002dd2a-2271-8000-f92f-7f0000014e7a</uuid>
                        <uuid>0006dd2a-41a4-8000-f92f-7f0000014e7a</uuid>
                        <uuid>0003dd2a-5433-8000-f92f-7f0000014e7a</uuid>
                        <uuid>0002dd2a-57bb-8000-f92f-7f0000014e7a</uuid>
                        <uuid>0002dd2a-68bb-8000-f92f-7f0000014e7a</uuid>
                        <uuid>0003dd1e-7012-8000-f92f-7f0000014e7a</uuid>
                        <uuid>0003dd1e-7033-8000-f92f-7f0000014e7a</uuid>
                        <uuid>0003dd1e-705e-8000-f92f-7f0000014e7a</uuid>
                        <uuid>0003dd1e-747e-8000-f92f-7f0000014e7a</uuid>
                        <uuid>0003dd1e-7499-8000-f92f-7f0000014e7a</uuid>
                        <uuid>0003dd1e-74d4-8000-f92f-7f0000014e7a</uuid>
                        <uuid>0006dd1f-b6e7-8000-f92f-7f0000014e7a</uuid>
                        <uuid>000cdd26-dc0d-8000-f92f-7f0000014e7a</uuid>
                        <uuid>0003dd28-d910-8000-f92f-7f0000014e7a</uuid>
                        <uuid>0003dd1e-3b5d-8000-f92f-7f0000014e7a</uuid>
                        <uuid>0003dd1e-3b9e-8000-f92f-7f0000014e7a</uuid>
                        <uuid>0003dd1e-3bf1-8000-f92f-7f0000014e7a</uuid>
                        <uuid>0006dd1e-5a0e-8000-f92f-7f0000014e7a</uuid>
                        <uuid>0003dd1e-5d61-8000-f92f-7f0000014e7a</uuid>
                        <uuid>0005dd1e-6dde-8000-f92f-7f0000014e7a</uuid>
                        <uuid>0003dd1e-6e3d-8000-f92f-7f0000014e7a</uuid>
                        <uuid>0003dd1e-6ee2-8000-f92f-7f0000014e7a</uuid>
                        <uuid>0005dd1e-6f4a-8000-f92f-7f0000014e7a</uuid>
                        <uuid>0003dd1e-71f1-8000-f92f-7f0000014e7a</uuid>
                        <uuid>0005dd1e-7232-8000-f92f-7f0000014e7a</uuid>
                        <uuid>0003dd1e-728e-8000-f92f-7f0000014e7a</uuid>
                        <uuid>0005dd1e-72c5-8000-f92f-7f0000014e7a</uuid>
                        <uuid>0003dd1e-7394-8000-f92f-7f0000014e7a</uuid>
                        <uuid>0005dd1e-73de-8000-f92f-7f0000014e7a</uuid>
                        <uuid>0006dd28-d514-8000-f92f-7f0000014e7a</uuid>
                        <uuid>0018dd2a-537a-8000-f92f-7f0000014e7a</uuid>
                        <uuid>0003dd29-13bc-8000-f92f-7f0000014e7a</uuid>
                    </uuids>
                </item>
                <item>
                    <type>portlet</type>
                    <uuids/>
                </item>
                <item>
                    <type>page</type>
                    <uuids/>
                </item>
                <item>
                    <type>application</type>
                    <uuids/>
                </item>
                <item>
                    <type>tempoFeed</type>
                    <uuids>
                        <uuid>26bc722a-32b8-4b68-a3c9-279a5f18a408</uuid>
                        <uuid>fb9cb456-51c0-4d24-a7b9-b8494b23ad87</uuid>
                    </uuids>
                </item>
                <item>
                    <type>recordType</type>
                    <uuids>
                        <uuid>SYSTEM_RECORD_TYPE_USER</uuid>
                        <uuid>8d2051a1-ec92-4ca1-9c16-48aa9ee134a0</uuid>
                        <uuid>f1b8a025-3c92-467b-b07a-5bbf5ecd8376</uuid>
                        <uuid>693f4155-9c1c-4ee4-920a-b110dbb48eee</uuid>
                        <uuid>fa65873b-d3b5-458b-9975-ca37b97d71dd</uuid>
                        <uuid>405c0801-6cb8-4eec-a928-3c8d25ee6455</uuid>
                        <uuid>0ed0546a-345f-4bbb-a3d6-a0ea5876907f</uuid>
                        <uuid>dab13b33-7d9c-4ec5-81df-d58ce9ca816e</uuid>
                    </uuids>
                </item>
                <item>
                    <type>tempoReport</type>
                    <uuids>
                        <uuid>f7437a8a-97eb-4e32-832e-dfb0a75103dd</uuid>
                        <uuid>d5884159-00a8-4771-9ff6-80e18fef6b9e</uuid>
                        <uuid>e566ef0a-e765-4a3d-a522-632304bc77d1</uuid>
                        <uuid>c40a53de-2ca3-44d4-a98c-18316b48db71</uuid>
                        <uuid>602ad4d7-51ff-48f9-957f-a4272be82a5c</uuid>
                        <uuid>2c9ba59e-f46a-41fe-8c1e-3b9d0dfbdb98</uuid>
                    </uuids>
                </item>
                <item>
                    <type>taskReport</type>
                    <uuids/>
                </item>
                <item>
                    <type>webApi</type>
                    <uuids/>
                </item>
                <item>
                    <type>site</type>
                    <uuids/>
                </item>
                <item>
                    <type>adminSetting</type>
                    <uuids/>
                </item>
                <item>
                    <type>thirdPartyCredentials</type>
                    <uuids/>
                </item>
                <item>
                    <type>dataSource</type>
                    <uuids/>
                </item>
            </globalIdMap>
        </associatedObjects>
        <applicationNavigation/>
        <applicationActions/>
        <associatedApplications>
            <globalIdMap>
                <item>
                    <type>datatype</type>
                    <uuids/>
                </item>
                <item>
                    <type>dataStore</type>
                    <uuids/>
                </item>
                <item>
                    <type>user</type>
                    <uuids/>
                </item>
                <item>
                    <type>groupType</type>
                    <uuids/>
                </item>
                <item>
                    <type>group</type>
                    <uuids/>
                </item>
                <item>
                    <type>content</type>
                    <uuids/>
                </item>
                <item>
                    <type>forum</type>
                    <uuids/>
                </item>
                <item>
                    <type>processModelFolder</type>
                    <uuids/>
                </item>
                <item>
                    <type>processModel</type>
                    <uuids/>
                </item>
                <item>
                    <type>portlet</type>
                    <uuids/>
                </item>
                <item>
                    <type>page</type>
                    <uuids/>
                </item>
                <item>
                    <type>application</type>
                    <uuids>
                        <uuid>_a-0000dd0d-462c-8000-9ba2-011c48011c48_3658</uuid>
                    </uuids>
                </item>
                <item>
                    <type>tempoFeed</type>
                    <uuids/>
                </item>
                <item>
                    <type>recordType</type>
                    <uuids/>
                </item>
                <item>
                    <type>tempoReport</type>
                    <uuids/>
                </item>
                <item>
                    <type>taskReport</type>
                    <uuids/>
                </item>
                <item>
                    <type>webApi</type>
                    <uuids/>
                </item>
                <item>
                    <type>site</type>
                    <uuids/>
                </item>
                <item>
                    <type>adminSetting</type>
                    <uuids/>
                </item>
                <item>
                    <type>thirdPartyCredentials</type>
                    <uuids/>
                </item>
                <item>
                    <type>dataSource</type>
                    <uuids/>
                </item>
            </globalIdMap>
        </associatedApplications>
    </application>
    <roleMap>
        <contentRoleMap public="true">
            <role allowForAll="true" inherit="false" name="readers">
                <users/>
                <groups/>
            </role>
            <role allowForAll="false" inherit="false" name="authors">
                <users/>
                <groups/>
            </role>
            <role allowForAll="false" inherit="false" name="administrators">
                <users/>
                <groups>
                    <groupUuid>_e-0000dd0a-93c8-8000-9aee-01075c01075c_12</groupUuid>
                </groups>
            </role>
            <role allowForAll="false" inherit="false" name="denyReaders">
                <users/>
                <groups/>
            </role>
            <role allowForAll="false" inherit="false" name="denyAuthors">
                <users/>
                <groups/>
            </role>
            <role allowForAll="false" inherit="false" name="denyAdministrators">
                <users/>
                <groups/>
            </role>
        </contentRoleMap>
    </roleMap>
</applicationHaul>
