<?xml version="1.0" encoding="UTF-8" standalone="yes"?>
<contentHaul xmlns:a="http://www.appian.com/ae/types/2009">
    <rule>
        <name>AFE_FRM_Workflow_create</name>
        <uuid>_a-0000dd72-ed8d-8000-9ba2-011c48011c48_25072</uuid>
        <description>Create new ad-hoc workflow</description>
        <parentUuid>_a-0000dd72-ed8d-8000-9ba2-011c48011c48_24393</parentUuid>
        <visibility>
            <advertise>false</advertise>
            <hierarchy>true</hierarchy>
            <indexable>true</indexable>
            <quota>false</quota>
            <searchable>true</searchable>
            <system>false</system>
            <unlogged>false</unlogged>
        </visibility>
        <definition>=load(
  local!createdOn: now(),
  #&quot;SYSTEM_SYSRULES_formLayout&quot;(
    label: ri!formTitle,
    firstColumnContents: {
      #&quot;_a-0000dd72-ed8d-8000-9ba2-011c48011c48_25073&quot;(
        readOnly: false,
        workflow: ri!workflow
      )
    },
    buttons: #&quot;SYSTEM_SYSRULES_ButtonLayout&quot;(
      primaryButtons: {
        #&quot;SYSTEM_SYSRULES_ButtonWidgetSubmit&quot;(
          label: #&quot;_a-0000dd0d-462c-8000-9ba2-011c48011c48_5544&quot;,
          style: &quot;PRIMARY&quot;,
          value: #&quot;_a-0000dd0d-462c-8000-9ba2-011c48011c48_5544&quot;,
          saveInto: {ri!buttonClicked,
            a!save(ri!workflow.recordTypeId, ri!recordTypeId),
            a!save(ri!workflow.recordId, ri!recordId),
            a!save(ri!workflow.createdOn, local!createdOn),
            a!save(ri!workflow.createdBy, loggedInUser()),
            a!save(ri!workflow.lastModifiedOn, local!createdOn),
            a!save(ri!workflow.lastModifiedBy, loggedInUser()),
            a!save(ri!workflow.statusId, #&quot;_a-0000dd72-ed8d-8000-9ba2-011c48011c48_25080&quot;)
          }
        )
      },
      secondaryButtons: {
        #&quot;SYSTEM_SYSRULES_ButtonWidgetSubmit&quot;(
          label: #&quot;_a-0000dd0d-462c-8000-9ba2-011c48011c48_5426&quot;,
          style: &quot;NORMAL&quot;,
          value: #&quot;_a-0000dd0d-462c-8000-9ba2-011c48011c48_5426&quot;,
          saveInto: ri!buttonClicked,
          skipValidation: true
        )
      }
    )
  )
)</definition>
        <namedTypedValue>
            <name>buttonClicked</name>
            <type>
                <name>string</name>
                <namespace>http://www.w3.org/2001/XMLSchema</namespace>
            </type>
            <value/>
        </namedTypedValue>
        <namedTypedValue>
            <name>formTitle</name>
            <type>
                <name>string</name>
                <namespace>http://www.w3.org/2001/XMLSchema</namespace>
            </type>
            <value/>
        </namedTypedValue>
        <namedTypedValue>
            <name>workflow</name>
            <type>
                <name>AFE_Workflow</name>
                <namespace>urn:com:appian:types:AFE</namespace>
            </type>
        </namedTypedValue>
        <namedTypedValue>
            <name>recordTypeId</name>
            <type>
                <name>int</name>
                <namespace>http://www.w3.org/2001/XMLSchema</namespace>
            </type>
        </namedTypedValue>
        <namedTypedValue>
            <name>recordId</name>
            <type>
                <name>int</name>
                <namespace>http://www.w3.org/2001/XMLSchema</namespace>
            </type>
        </namedTypedValue>
        <preferredEditor>interface</preferredEditor>
        <offlineEnabled>false</offlineEnabled>
    </rule>
    <roleMap public="true">
        <role allowForAll="false" inherit="true" name="readers">
            <users/>
            <groups/>
        </role>
        <role allowForAll="false" inherit="true" name="authors">
            <users/>
            <groups/>
        </role>
        <role allowForAll="false" inherit="true" name="administrators">
            <users>
                <userUuid>katie.hsu</userUuid>
            </users>
            <groups/>
        </role>
        <role allowForAll="false" inherit="false" name="denyReaders">
            <users/>
            <groups/>
        </role>
        <role allowForAll="false" inherit="false" name="denyAuthors">
            <users/>
            <groups/>
        </role>
        <role allowForAll="false" inherit="false" name="denyAdministrators">
            <users/>
            <groups/>
        </role>
    </roleMap>
    <typedValue>
        <type>
            <name>RuleTestConfig?list</name>
            <namespace>http://www.appian.com/ae/types/2009</namespace>
        </type>
        <value>
            <el>
                <a:name/>
                <a:ruleInputTestConfigs>
                    <a:value xmlns:xsd="http://www.w3.org/2001/XMLSchema" xmlns:xsi="http://www.w3.org/2001/XMLSchema-instance" xsi:type="xsd:string"/>
                    <a:nameRef>buttonClicked</a:nameRef>
                    <a:id/>
                </a:ruleInputTestConfigs>
                <a:ruleInputTestConfigs>
                    <a:value xmlns:xsd="http://www.w3.org/2001/XMLSchema" xmlns:xsi="http://www.w3.org/2001/XMLSchema-instance" xsi:type="xsd:string"/>
                    <a:nameRef>formTitle</a:nameRef>
                    <a:id/>
                </a:ruleInputTestConfigs>
                <a:ruleInputTestConfigs>
                    <a:value xmlns:n1="urn:com:appian:types:AFE" xmlns:xsi="http://www.w3.org/2001/XMLSchema-instance" xsi:nil="true" xsi:type="n1:AFE_Workflow"/>
                    <a:nameRef>workflow</a:nameRef>
                    <a:id/>
                </a:ruleInputTestConfigs>
                <a:ruleInputTestConfigs>
                    <a:value xmlns:xsd="http://www.w3.org/2001/XMLSchema" xmlns:xsi="http://www.w3.org/2001/XMLSchema-instance" xsi:nil="true" xsi:type="xsd:int"/>
                    <a:nameRef>recordTypeId</a:nameRef>
                    <a:id/>
                </a:ruleInputTestConfigs>
                <a:ruleInputTestConfigs>
                    <a:value xmlns:xsd="http://www.w3.org/2001/XMLSchema" xmlns:xsi="http://www.w3.org/2001/XMLSchema-instance" xsi:nil="true" xsi:type="xsd:int"/>
                    <a:nameRef>recordId</a:nameRef>
                    <a:id/>
                </a:ruleInputTestConfigs>
                <a:assertions xmlns:xsi="http://www.w3.org/2001/XMLSchema-instance" xsi:nil="true"/>
            </el>
        </value>
    </typedValue>
</contentHaul>
