<?xml version="1.0" encoding="UTF-8" standalone="yes"?>
<contentHaul xmlns:a="http://www.appian.com/ae/types/2009">
    <rule>
        <name>AFE_SCT_Workflow_workflowDetails</name>
        <uuid>_a-0000dd72-ed8d-8000-9ba2-011c48011c48_26442</uuid>
        <description>Ad-hoc workflow assignments and notes</description>
        <parentUuid>_a-0000dd72-ed8d-8000-9ba2-011c48011c48_24399</parentUuid>
        <visibility>
            <advertise>false</advertise>
            <hierarchy>true</hierarchy>
            <indexable>true</indexable>
            <quota>false</quota>
            <searchable>true</searchable>
            <system>false</system>
            <unlogged>false</unlogged>
        </visibility>
        <definition>=load(
  local!nestedNotesPagingInfo: ri!pagingInfo,
  local!tabToShow: 1,
  local!workflow: #&quot;_a-0000dd72-ed8d-8000-9ba2-011c48011c48_26403&quot;(workflowId: ri!workflowId).data,
  
  {
    #&quot;SYSTEM_SYSRULES_sectionLayout&quot;(
      firstColumnContents: {
        #&quot;ec1839c6-de8f-4834-8397-681ea3dbeed5&quot;(
          labels: {&quot;Assignments&quot;, &quot;Notes&quot;},
          align: &quot;RIGHT&quot;,
          tabToShow: if(#&quot;2168a5de-fb70-4d66-8b97-b547e3ac6e57&quot;(ri!tabToShow), local!tabToShow, ri!tabToShow),
          saveIntos: {if(#&quot;2168a5de-fb70-4d66-8b97-b547e3ac6e57&quot;(ri!tabToShow), local!tabToShow, ri!tabToShow),
            a!save(ri!selectedAssignment, null),
            a!save(ri!pagingInfo, local!nestedNotesPagingInfo) /*Still need to get toggle to work, notes paginginfo should reset when toggling between tabs*/
          }
        )
      }
    ),
    choose(if(#&quot;2168a5de-fb70-4d66-8b97-b547e3ac6e57&quot;(ri!tabToShow), local!tabToShow, ri!tabToShow),
      /*Assignments Tab*/
      with(local!assignments: #&quot;_a-0000dd72-ed8d-8000-9ba2-011c48011c48_25610&quot;(workflowId: ri!workflowId, deletedFlag: false).data,
        #&quot;_a-0000dd72-ed8d-8000-9ba2-011c48011c48_25139&quot;(
          readOnly: ri!readOnly,
          assignments: local!assignments,
          workflow: local!workflow,
          selectedAssignment: ri!selectedAssignment
        )
      ),
      /*Notes Tab*/
      #&quot;_a-0000dd72-ed8d-8000-9ba2-011c48011c48_25803&quot;(
        readOnly: ri!readOnly,
        workflowId: ri!workflowId,
        pagingInfo: ri!pagingInfo
      )
    )
  }
)</definition>
        <namedTypedValue>
            <name>workflowId</name>
            <type>
                <name>int</name>
                <namespace>http://www.w3.org/2001/XMLSchema</namespace>
            </type>
        </namedTypedValue>
        <namedTypedValue>
            <name>readOnly</name>
            <type>
                <name>boolean</name>
                <namespace>http://www.w3.org/2001/XMLSchema</namespace>
            </type>
        </namedTypedValue>
        <namedTypedValue>
            <name>pagingInfo</name>
            <type>
                <name>PagingInfo</name>
                <namespace>http://www.appian.com/ae/types/2009</namespace>
            </type>
        </namedTypedValue>
        <namedTypedValue>
            <name>tabToShow</name>
            <type>
                <name>int</name>
                <namespace>http://www.w3.org/2001/XMLSchema</namespace>
            </type>
        </namedTypedValue>
        <namedTypedValue>
            <name>selectedAssignment</name>
            <type>
                <name>AFE_Assignment</name>
                <namespace>urn:com:appian:types:AFE</namespace>
            </type>
        </namedTypedValue>
        <preferredEditor>interface</preferredEditor>
        <offlineEnabled>false</offlineEnabled>
    </rule>
    <roleMap public="true">
        <role allowForAll="false" inherit="true" name="readers">
            <users/>
            <groups/>
        </role>
        <role allowForAll="false" inherit="true" name="authors">
            <users/>
            <groups/>
        </role>
        <role allowForAll="false" inherit="true" name="administrators">
            <users/>
            <groups/>
        </role>
        <role allowForAll="false" inherit="false" name="denyReaders">
            <users/>
            <groups/>
        </role>
        <role allowForAll="false" inherit="false" name="denyAuthors">
            <users/>
            <groups/>
        </role>
        <role allowForAll="false" inherit="false" name="denyAdministrators">
            <users/>
            <groups/>
        </role>
    </roleMap>
</contentHaul>
