<?xml version="1.0" encoding="UTF-8" standalone="yes"?>
<contentHaul xmlns:a="http://www.appian.com/ae/types/2009">
    <rule>
        <name>AFE_GDRW_Workflow_notes</name>
        <uuid>_a-0000dd72-ed8d-8000-9ba2-011c48011c48_25808</uuid>
        <description>Ad-hoc workflow notes gridrow for editing</description>
        <parentUuid>_a-0000dd72-ed8d-8000-9ba2-011c48011c48_24436</parentUuid>
        <visibility>
            <advertise>false</advertise>
            <hierarchy>true</hierarchy>
            <indexable>true</indexable>
            <quota>false</quota>
            <searchable>true</searchable>
            <system>false</system>
            <unlogged>false</unlogged>
        </visibility>
        <definition>=#&quot;SYSTEM_SYSRULES_gridRowLayout&quot;(&#xD;
  contents: {&#xD;
    #&quot;SYSTEM_SYSRULES_paragraphField&quot;(&#xD;
      label: &quot;Note &quot; &amp; ri!index,&#xD;
      required: true,&#xD;
      readOnly: if(isnull(ri!notes[ri!index].id), false, ri!readOnly),&#xD;
      value: ri!notes[ri!index].note,&#xD;
      validations: #&quot;b454db67-6211-40e7-9591-49b09bffedd5&quot;(&#xD;
        value: ri!notes[ri!index].note,&#xD;
        maxLength: 4000,&#xD;
        maxLengthMessage: &quot;Cannot exceed 4000 characters&quot;&#xD;
      ),&#xD;
      saveInto: {ri!notes[ri!index].note,&#xD;
        if(isnull(ri!notes[ri!index].id),&#xD;
          {},&#xD;
          {&#xD;
            a!save(ri!notes[ri!index].lastModifiedBy, loggedInUser()),&#xD;
            a!save(ri!notes[ri!index].lastModifiedOn, now())&#xD;
          }&#xD;
        ),&#xD;
      }&#xD;
    ),&#xD;
    #&quot;SYSTEM_SYSRULES_linkField&quot;(&#xD;
      label: &quot;Created By&quot; &amp; ri!index,&#xD;
      links: #&quot;083ca748-92d6-4080-9f02-017797355143&quot;(&#xD;
        user: ri!notes[ri!index].createdBy&#xD;
      )&#xD;
    ),&#xD;
    #&quot;SYSTEM_SYSRULES_dateField&quot;(&#xD;
      label: &quot;Created On&quot; &amp; ri!index,&#xD;
      value: ri!notes[ri!index].createdOn,&#xD;
      readOnly: true&#xD;
    ),&#xD;
    #&quot;SYSTEM_SYSRULES_linkField&quot;(&#xD;
      label: &quot;Updated By&quot; &amp; ri!index,&#xD;
      links: #&quot;083ca748-92d6-4080-9f02-017797355143&quot;(&#xD;
        user: ri!notes[ri!index].lastModifiedBy&#xD;
      )&#xD;
    ),&#xD;
    #&quot;SYSTEM_SYSRULES_dateField&quot;(&#xD;
      label: &quot;Updated On&quot; &amp; ri!index,&#xD;
      value: ri!notes[ri!index].lastModifiedOn,&#xD;
      readOnly: true&#xD;
    ),&#xD;
    if(and(not(isnull(ri!notes[ri!index].id)), ri!readOnly),&#xD;
      #&quot;SYSTEM_SYSRULES_textField&quot;(&#xD;
        readOnly: true&#xD;
      ),&#xD;
      #&quot;SYSTEM_SYSRULES_imageField&quot;(&#xD;
        label: &quot;Delete &quot; &amp; ri!index,&#xD;
        size: &quot;ICON&quot;,&#xD;
        images: &#xD;
          #&quot;SYSTEM_SYSRULES_documentImage&quot;(document: #&quot;SYSTEM_SYSRULES_iconIndicator&quot;(icon: &quot;REMOVE&quot;), altText: &quot;Delete&quot;, caption: &quot;Delete&quot;,&#xD;
            link: #&quot;SYSTEM_SYSRULES_dynamicLink&quot;(&#xD;
              saveInto: {&#xD;
                if(isnull(ri!notes[ri!index].id),&#xD;
                  {},&#xD;
                  {&#xD;
                    a!save(ri!notes[ri!index].deletedBy, loggedInUser()),&#xD;
                    a!save(ri!notes[ri!index].deletedOn, now()),&#xD;
                    a!save(ri!deletedNotes, if(#&quot;2168a5de-fb70-4d66-8b97-b547e3ac6e57&quot;(ri!deletedNotes), ri!notes[ri!index], append(ri!notes[ri!index], ri!deletedNotes))),&#xD;
                  }&#xD;
                ),&#xD;
                a!save(ri!notes, remove(ri!notes, ri!index))&#xD;
              }&#xD;
            )&#xD;
          )&#xD;
      )&#xD;
    )&#xD;
  },&#xD;
id: ri!index&#xD;
)</definition>
        <namedTypedValue>
            <name>index</name>
            <type>
                <name>int</name>
                <namespace>http://www.w3.org/2001/XMLSchema</namespace>
            </type>
        </namedTypedValue>
        <namedTypedValue>
            <name>notes</name>
            <type>
                <name>AFE_Workflow_Note?list</name>
                <namespace>urn:com:appian:types:AFE</namespace>
            </type>
        </namedTypedValue>
        <namedTypedValue>
            <name>deletedNotes</name>
            <type>
                <name>AFE_Workflow_Note?list</name>
                <namespace>urn:com:appian:types:AFE</namespace>
            </type>
        </namedTypedValue>
        <namedTypedValue>
            <name>readOnly</name>
            <type>
                <name>boolean</name>
                <namespace>http://www.w3.org/2001/XMLSchema</namespace>
            </type>
        </namedTypedValue>
        <preferredEditor>interface</preferredEditor>
        <offlineEnabled>false</offlineEnabled>
    </rule>
    <roleMap public="true">
        <role allowForAll="false" inherit="true" name="readers">
            <users/>
            <groups/>
        </role>
        <role allowForAll="false" inherit="true" name="authors">
            <users/>
            <groups/>
        </role>
        <role allowForAll="false" inherit="true" name="administrators">
            <users>
                <userUuid>katie.hsu</userUuid>
            </users>
            <groups/>
        </role>
        <role allowForAll="false" inherit="false" name="denyReaders">
            <users/>
            <groups/>
        </role>
        <role allowForAll="false" inherit="false" name="denyAuthors">
            <users/>
            <groups/>
        </role>
        <role allowForAll="false" inherit="false" name="denyAdministrators">
            <users/>
            <groups/>
        </role>
    </roleMap>
</contentHaul>
