<?xml version="1.0" encoding="UTF-8" standalone="yes"?>
<contentHaul xmlns:a="http://www.appian.com/ae/types/2009">
    <report>
        <name>Active Tasks for Ad-Hoc Workflows</name>
        <uuid>_a-0000dd8b-d239-8000-9ba2-011c48011c48_26641</uuid>
        <description>Tasks per Process Model report.  A list of all tasks per &quot;AFE_GenerateAssignments&quot; process model</description>
        <parentUuid>_a-0000dd8b-d239-8000-9ba2-011c48011c48_26640</parentUuid>
        <visibility>
            <advertise>false</advertise>
            <hierarchy>true</hierarchy>
            <indexable>true</indexable>
            <quota>false</quota>
            <searchable>true</searchable>
            <system>false</system>
            <unlogged>false</unlogged>
        </visibility>
        <reportData>
            <metadata>
                <baseFilters>
                    <completedFilter>
                        <apply>false</apply>
                    </completedFilter>
                    <outsideNStandardDeviationsFilter>
                        <apply>false</apply>
                        <standardDeviationCount>0.0</standardDeviationCount>
                    </outsideNStandardDeviationsFilter>
                    <lastNCompletedFilter>
                        <apply>false</apply>
                        <completedCount>0</completedCount>
                    </lastNCompletedFilter>
                    <aheadOfScheduleFilter>
                        <apply>false</apply>
                    </aheadOfScheduleFilter>
                    <runningFilter>
                        <apply>true</apply>
                    </runningFilter>
                    <behindScheduleFilter>
                        <apply>false</apply>
                    </behindScheduleFilter>
                    <lastNDaysFilter>
                        <apply>false</apply>
                        <dayCount>0.0</dayCount>
                    </lastNDaysFilter>
                    <dueTodayFilter>
                        <apply>false</apply>
                    </dueTodayFilter>
                </baseFilters>
                <batchSize>25</batchSize>
                <columns>
                    <column>
                        <drillPath>
                            <enabled>true</enabled>
                            <expression>=tp!id</expression>
                            <linkType>2</linkType>
                        </drillPath>
                        <expression>=tp!display</expression>
                        <formatToken>string</formatToken>
                        <group>false</group>
                        <lastFormatToken>string</lastFormatToken>
                        <localId>0</localId>
                        <name>displayName</name>
                        <show>true</show>
                    </column>
                    <column>
                        <drillPath>
                            <enabled>false</enabled>
                        </drillPath>
                        <expression>=tp!starttime</expression>
                        <formatToken>datetime</formatToken>
                        <group>false</group>
                        <lastFormatToken>datetime</lastFormatToken>
                        <localId>2</localId>
                        <name>startTime</name>
                        <show>true</show>
                    </column>
                    <column>
                        <drillPath>
                            <enabled>false</enabled>
                        </drillPath>
                        <expression>=tp!assignees</expression>
                        <formatToken>string</formatToken>
                        <group>false</group>
                        <lastFormatToken>string</lastFormatToken>
                        <localId>7</localId>
                        <name>assignees</name>
                        <show>true</show>
                    </column>
                    <column>
                        <drillPath>
                            <enabled>false</enabled>
                        </drillPath>
                        <expression>=tp!owner</expression>
                        <formatToken>users</formatToken>
                        <group>false</group>
                        <lastFormatToken>users</lastFormatToken>
                        <localId>8</localId>
                        <name>owner</name>
                        <show>true</show>
                    </column>
                    <column>
                        <drillPath>
                            <enabled>false</enabled>
                        </drillPath>
                        <expression>=pv!assignment.priorityId</expression>
                        <formatToken>number</formatToken>
                        <group>false</group>
                        <lastFormatToken>number</lastFormatToken>
                        <localId>4</localId>
                        <name>priority</name>
                        <show>true</show>
                    </column>
                    <column>
                        <drillPath>
                            <enabled>false</enabled>
                        </drillPath>
                        <expression>=tp!deadline</expression>
                        <formatToken>datetime</formatToken>
                        <group>false</group>
                        <lastFormatToken>datetime</lastFormatToken>
                        <localId>6</localId>
                        <name>deadline</name>
                        <show>true</show>
                    </column>
                    <column>
                        <drillPath>
                            <enabled>false</enabled>
                        </drillPath>
                        <expression>=task_status()</expression>
                        <formatToken>taskstatus</formatToken>
                        <group>false</group>
                        <lastFormatToken>taskstatus</lastFormatToken>
                        <localId>5</localId>
                        <name>status</name>
                        <show>true</show>
                    </column>
                    <column>
                        <drillPath>
                            <enabled>false</enabled>
                        </drillPath>
                        <expression>=pv!workflow.recordTypeId</expression>
                        <formatToken>number</formatToken>
                        <group>false</group>
                        <lastFormatToken>number</lastFormatToken>
                        <localId>9</localId>
                        <name>recordTypeId</name>
                        <show>true</show>
                    </column>
                    <column>
                        <drillPath>
                            <enabled>false</enabled>
                        </drillPath>
                        <expression>=pv!workflow.recordId</expression>
                        <formatToken>number</formatToken>
                        <group>false</group>
                        <lastFormatToken>number</lastFormatToken>
                        <localId>11</localId>
                        <name>recordId</name>
                        <show>true</show>
                    </column>
                    <column>
                        <drillPath>
                            <enabled>false</enabled>
                        </drillPath>
                        <expression>=is_task_overdue()</expression>
                        <formatToken>booleans</formatToken>
                        <group>false</group>
                        <lastFormatToken>booleans</lastFormatToken>
                        <localId>10</localId>
                        <name>overdue</name>
                        <show>true</show>
                    </column>
                </columns>
                <contexts>
                    <context>
                        <stringId>000ddd83-e8b6-8000-f92f-7f0000014e7a</stringId>
                        <type>20480</type>
                    </context>
                </contexts>
                <contextType>1</contextType>
                <quickFilters/>
                <recursive>true</recursive>
                <sortColumnLocalId>2</sortColumnLocalId>
                <sortOrder>1</sortOrder>
                <startIndex>0</startIndex>
                <type>2</type>
            </metadata>
            <display>
                <description>Tasks per Process Model report.  A list of all tasks per &quot;AFE_GenerateAssignments&quot; process model</description>
                <displayThresholds>false</displayThresholds>
                <displayType>0</displayType>
                <name>Active Tasks for Ad-Hoc Workflows</name>
                <quickFilterDisplay>1</quickFilterDisplay>
                <showLegend>true</showLegend>
                <showQuickFiltersInToolbar>true</showQuickFiltersInToolbar>
                <supportedTypes>
                    <supportedType>0</supportedType>
                    <supportedType>1</supportedType>
                    <supportedType>2</supportedType>
                    <supportedType>3</supportedType>
                </supportedTypes>
                <thresholdColumnLocalId>9</thresholdColumnLocalId>
                <thresholdColumnName>Performance</thresholdColumnName>
                <thresholds>
                    <threshold>
                        <iconUuid>SYSTEM_DOC_PERFORMANCE_INDICATOR_GREEN</iconUuid>
                        <defaultIconName>indicatorgreen</defaultIconName>
                        <label>Quickly Addressed</label>
                        <upperBound>20.0</upperBound>
                    </threshold>
                    <threshold>
                        <iconUuid>SYSTEM_DOC_PERFORMANCE_INDICATOR_YELLOW</iconUuid>
                        <defaultIconName>indicatoryellow</defaultIconName>
                        <label>Addressed In Time</label>
                        <upperBound>50.0</upperBound>
                    </threshold>
                    <threshold>
                        <iconUuid>SYSTEM_DOC_PERFORMANCE_INDICATOR_RED</iconUuid>
                        <defaultIconName>indicatorred</defaultIconName>
                        <label>Addressed Late</label>
                    </threshold>
                </thresholds>
                <useCustomToolbar>false</useCustomToolbar>
                <useDefaultBarGraphXML>true</useDefaultBarGraphXML>
                <useDefaultLineGraphXML>true</useDefaultLineGraphXML>
                <useDefaultPieGraphXML>true</useDefaultPieGraphXML>
            </display>
            <modified>false</modified>
            <showDisplayOptions>false</showDisplayOptions>
            <showTitle>false</showTitle>
            <showToolbar>false</showToolbar>
            <view>0</view>
            <writeAccess>false</writeAccess>
        </reportData>
    </report>
    <roleMap public="true">
        <role allowForAll="false" inherit="true" name="readers">
            <users/>
            <groups/>
        </role>
        <role allowForAll="false" inherit="true" name="authors">
            <users/>
            <groups/>
        </role>
        <role allowForAll="false" inherit="true" name="administrators">
            <users/>
            <groups/>
        </role>
        <role allowForAll="false" inherit="false" name="denyReaders">
            <users/>
            <groups/>
        </role>
        <role allowForAll="false" inherit="false" name="denyAuthors">
            <users/>
            <groups/>
        </role>
        <role allowForAll="false" inherit="false" name="denyAdministrators">
            <users/>
            <groups/>
        </role>
    </roleMap>
</contentHaul>
