<?xml version="1.0" encoding="UTF-8" standalone="yes"?>
<contentHaul xmlns:a="http://www.appian.com/ae/types/2009">
    <constant>
        <name>AFE_INT_R_WORKFLOW_AUDIT_FIELDS</name>
        <uuid>_a-0000dd8b-d239-8000-9ba2-011c48011c48_26523</uuid>
        <description>Reference data for workflow audit (non-metadata field changes):&#xD;
&#xD;
1 = Create Workflow&#xD;
1001 = Start Workflow&#xD;
1002 = Complete Workflow&#xD;
1003 = Archive Workflow&#xD;
1004 = Cancel Workflow&#xD;
1005 = Delete Workflow&#xD;
1006 = Add Note&#xD;
1007 = Edit Note&#xD;
1008 = Delete Note</description>
        <parentUuid>_a-0000dd72-ed8d-8000-9ba2-011c48011c48_24427</parentUuid>
        <visibility>
            <advertise>false</advertise>
            <hierarchy>true</hierarchy>
            <indexable>true</indexable>
            <quota>false</quota>
            <searchable>true</searchable>
            <system>false</system>
            <unlogged>false</unlogged>
        </visibility>
        <typedValue>
            <type>
                <name>Integer?list</name>
                <namespace>http://www.appian.com/ae/types/2009</namespace>
            </type>
            <value>
                <el>1</el>
                <el>1001</el>
                <el>1002</el>
                <el>1003</el>
                <el>1004</el>
                <el>1005</el>
                <el>1006</el>
                <el>1007</el>
                <el>1008</el>
            </value>
        </typedValue>
    </constant>
    <roleMap public="true">
        <role allowForAll="false" inherit="true" name="readers">
            <users/>
            <groups/>
        </role>
        <role allowForAll="false" inherit="true" name="authors">
            <users/>
            <groups/>
        </role>
        <role allowForAll="false" inherit="true" name="administrators">
            <users/>
            <groups/>
        </role>
        <role allowForAll="false" inherit="false" name="denyReaders">
            <users/>
            <groups/>
        </role>
        <role allowForAll="false" inherit="false" name="denyAuthors">
            <users/>
            <groups/>
        </role>
        <role allowForAll="false" inherit="false" name="denyAdministrators">
            <users/>
            <groups/>
        </role>
    </roleMap>
</contentHaul>
