<?xml version="1.0" encoding="UTF-8" standalone="yes"?>
<contentHaul xmlns:a="http://www.appian.com/ae/types/2009">
    <constant>
        <name>AFE_DOC_ICON_WORKFLOW_ASSIGNMENT_STATUS</name>
        <uuid>_a-0000dd72-ed8d-8000-9ba2-011c48011c48_25324</uuid>
        <description>Ad-hoc workflow assignment status icons: Pending, Current, Completed, Canceled, Deleted</description>
        <parentUuid>_a-0000dd72-ed8d-8000-9ba2-011c48011c48_24425</parentUuid>
        <visibility>
            <advertise>false</advertise>
            <hierarchy>true</hierarchy>
            <indexable>true</indexable>
            <quota>false</quota>
            <searchable>true</searchable>
            <system>false</system>
            <unlogged>false</unlogged>
        </visibility>
        <typedValue>
            <type>
                <name>CollaborationDocument?list</name>
                <namespace>http://www.appian.com/ae/types/2009</namespace>
            </type>
            <value>
                <el>_a-0000dd72-ed8d-8000-9ba2-011c48011c48_25305</el>
                <el>_a-0000dd72-ed8d-8000-9ba2-011c48011c48_25308</el>
                <el>_a-0000dd72-ed8d-8000-9ba2-011c48011c48_25311</el>
                <el>_a-0000dd72-ed8d-8000-9ba2-011c48011c48_25314</el>
                <el>_a-0000dd72-ed8d-8000-9ba2-011c48011c48_25317</el>
            </value>
        </typedValue>
    </constant>
    <roleMap public="true">
        <role allowForAll="false" inherit="true" name="readers">
            <users/>
            <groups/>
        </role>
        <role allowForAll="false" inherit="true" name="authors">
            <users/>
            <groups/>
        </role>
        <role allowForAll="false" inherit="true" name="administrators">
            <users>
                <userUuid>katie.hsu</userUuid>
            </users>
            <groups/>
        </role>
        <role allowForAll="false" inherit="false" name="denyReaders">
            <users/>
            <groups/>
        </role>
        <role allowForAll="false" inherit="false" name="denyAuthors">
            <users/>
            <groups/>
        </role>
        <role allowForAll="false" inherit="false" name="denyAdministrators">
            <users/>
            <groups/>
        </role>
    </roleMap>
</contentHaul>
