<?xml version="1.0" encoding="UTF-8" standalone="yes"?>
<contentHaul xmlns:a="http://www.appian.com/ae/types/2009">
    <rule>
        <name>AFE_SCT_Workflow_basicInfo</name>
        <uuid>_a-0000dd72-ed8d-8000-9ba2-011c48011c48_25073</uuid>
        <description>Workflow basic information</description>
        <parentUuid>_a-0000dd72-ed8d-8000-9ba2-011c48011c48_24399</parentUuid>
        <visibility>
            <advertise>false</advertise>
            <hierarchy>true</hierarchy>
            <indexable>true</indexable>
            <quota>false</quota>
            <searchable>true</searchable>
            <system>false</system>
            <unlogged>false</unlogged>
        </visibility>
        <definition>=load(&#xD;
  {&#xD;
    #&quot;SYSTEM_SYSRULES_sectionLayout&quot;(&#xD;
      label: &quot;Basic Information&quot;,&#xD;
      firstColumnContents:{&#xD;
        #&quot;_a-0000dd0d-462c-8000-9ba2-011c48011c48_3690&quot;(&#xD;
          label: &quot;Name&quot;,&#xD;
          readOnly: ri!readOnly,&#xD;
          required: true,&#xD;
          value: ri!workflow.name,&#xD;
          saveInto: ri!workflow.name,&#xD;
          validations: #&quot;b454db67-6211-40e7-9591-49b09bffedd5&quot;(&#xD;
            value: ri!workflow.name,&#xD;
            maxLength: 255,&#xD;
            maxLengthMessage: &quot;Cannot exceed 255 characters&quot;&#xD;
          )&#xD;
        ),&#xD;
        #&quot;_a-0000dd0d-462c-8000-9ba2-011c48011c48_3687&quot;(&#xD;
          label: &quot;Description&quot;,&#xD;
          readOnly: ri!readOnly,&#xD;
          required: true,&#xD;
          value: ri!workflow.description,&#xD;
          saveInto: ri!workflow.description,&#xD;
          height: &quot;SHORT&quot;,&#xD;
          validations: #&quot;b454db67-6211-40e7-9591-49b09bffedd5&quot;(&#xD;
            value: ri!workflow.description,&#xD;
            maxLength: 4000,&#xD;
            maxLengthMessage: &quot;Cannot exceed 4000 characters&quot;&#xD;
          )&#xD;
        )&#xD;
      }&#xD;
    )&#xD;
  }&#xD;
)  </definition>
        <namedTypedValue>
            <name>readOnly</name>
            <type>
                <name>boolean</name>
                <namespace>http://www.w3.org/2001/XMLSchema</namespace>
            </type>
        </namedTypedValue>
        <namedTypedValue>
            <name>workflow</name>
            <type>
                <name>AFE_Workflow</name>
                <namespace>urn:com:appian:types:AFE</namespace>
            </type>
        </namedTypedValue>
        <preferredEditor>interface</preferredEditor>
        <offlineEnabled>false</offlineEnabled>
    </rule>
    <roleMap public="true">
        <role allowForAll="false" inherit="true" name="readers">
            <users/>
            <groups/>
        </role>
        <role allowForAll="false" inherit="true" name="authors">
            <users/>
            <groups/>
        </role>
        <role allowForAll="false" inherit="true" name="administrators">
            <users>
                <userUuid>katie.hsu</userUuid>
            </users>
            <groups/>
        </role>
        <role allowForAll="false" inherit="false" name="denyReaders">
            <users/>
            <groups/>
        </role>
        <role allowForAll="false" inherit="false" name="denyAuthors">
            <users/>
            <groups/>
        </role>
        <role allowForAll="false" inherit="false" name="denyAdministrators">
            <users/>
            <groups/>
        </role>
    </roleMap>
</contentHaul>
