<?xml version="1.0" encoding="UTF-8" standalone="yes"?>
<contentHaul xmlns:a="http://www.appian.com/ae/types/2009">
    <rule>
        <name>AFE_GDRW_Workflow_assignment</name>
        <uuid>_a-0000dd72-ed8d-8000-9ba2-011c48011c48_25149</uuid>
        <description>Ad-hoc workflow assignment grid row</description>
        <parentUuid>_a-0000dd72-ed8d-8000-9ba2-011c48011c48_24436</parentUuid>
        <visibility>
            <advertise>false</advertise>
            <hierarchy>true</hierarchy>
            <indexable>true</indexable>
            <quota>false</quota>
            <searchable>true</searchable>
            <system>false</system>
            <unlogged>false</unlogged>
        </visibility>
        <definition>=with(
  local!disableChangesFlag: ri!assignments[ri!index].statusId&lt;&gt;#&quot;_a-0000dd72-ed8d-8000-9ba2-011c48011c48_25150&quot;,
  
  #&quot;SYSTEM_SYSRULES_gridRowLayout&quot;(
    contents: {
      #&quot;SYSTEM_SYSRULES_richTextDisplayField&quot;(
        label: &quot;Order &quot; &amp; ri!index,
        readOnly: true,
        value: 
        #&quot;SYSTEM_SYSRULES_richTextItem&quot;(
          style: &quot;STRONG&quot;,          
          text: if(ri!index=1, 1, 
            if(ri!assignments[ri!index].sequenceNumber=ri!assignments[ri!index-1].sequenceNumber, null,
              ri!assignments[ri!index].sequenceNumber
            )
          )
        )
      ),
      #&quot;SYSTEM_SYSRULES_textField&quot;(
        label: &quot;Assignee(s)&quot; &amp; ri!index,
        readOnly: true,
        value: #&quot;_a-0000dd72-ed8d-8000-9ba2-011c48011c48_25151&quot;(
          text: ri!assignments[ri!index].assignee)
      ),
      #&quot;SYSTEM_SYSRULES_imageField&quot;(
        label: &quot;Priority &quot; &amp; ri!index,
        size: &quot;ICON&quot;,        
        images: #&quot;_a-0000dd72-ed8d-8000-9ba2-011c48011c48_25329&quot;(
          priorityId:ri!assignments[ri!index].priorityId,
          priorities: ri!priorities
        )
      ),
      #&quot;SYSTEM_SYSRULES_textField&quot;(
        label: &quot;Name&quot; &amp; ri!index,
        readOnly: true,
        value: ri!assignments[ri!index].name
      ),
      if(ri!isTemplate, {}, 
        {
          #&quot;SYSTEM_SYSRULES_dateTimeField&quot;(
            label: &quot;Deadline&quot; &amp; ri!index,
            readOnly: true,
            value: ri!assignments[ri!index].dueOn
          ),
          #&quot;SYSTEM_SYSRULES_imageField&quot;(
            label: &quot;Status&quot; &amp; ri!index,
            size: &quot;ICON&quot;,            
            images: #&quot;_a-0000dd72-ed8d-8000-9ba2-011c48011c48_25327&quot;(
              statusId: ri!assignments[ri!index].statusId,
              statuses: ri!statuses
            )
          )
        }
      ),
      if(ri!readOnly,
        {},
        {
          if(or(ri!index=1, local!disableChangesFlag),
           #&quot;SYSTEM_SYSRULES_textField&quot;(
             readOnly: true
            ),
           load(
             local!timing,
             #&quot;SYSTEM_SYSRULES_dropdownField&quot;(
               label: &quot;Timing&quot;,
               placeholderLabel: #&quot;_a-0000dd0d-462c-8000-9ba2-011c48011c48_4728&quot;,
               choiceValues: #&quot;_a-0000dd72-ed8d-8000-9ba2-011c48011c48_25161&quot;,
               choiceLabels: #&quot;_a-0000dd72-ed8d-8000-9ba2-011c48011c48_25161&quot;,
               value: if(ri!index=1, null, 
                 if(ri!assignments[ri!index].sequenceNumber=ri!assignments[ri!index-1].sequenceNumber,
                   #&quot;_a-0000dd72-ed8d-8000-9ba2-011c48011c48_25161&quot;[1],
                   #&quot;_a-0000dd72-ed8d-8000-9ba2-011c48011c48_25161&quot;[2]
                 )
               ),
               saveInto: {
                 local!timing,
                 with(
                   local!indicesToUpdate: enumerate(count(ri!assignments)-ri!index+1)+ri!index,
                   {
                     a!save(ri!assignments[wherecontains(tointeger(reject(fn!isnull, ri!assignments[local!indicesToUpdate].id)), ri!assignments.id)].lastModifiedOn, now()),
                     a!save(ri!assignments[wherecontains(tointeger(reject(fn!isnull, ri!assignments[local!indicesToUpdate].id)), ri!assignments.id)].lastModifiedBy, loggedInUser()),
                     apply(#&quot;_a-0000dd72-ed8d-8000-9ba2-011c48011c48_25165&quot;(assign: ri!assignments, index: _, value: _),
                       merge(local!indicesToUpdate,
                         if(local!timing=#&quot;_a-0000dd72-ed8d-8000-9ba2-011c48011c48_25161&quot;[1],
                         /* Update this sequence number value and all subsequent numbers */
                           ri!assignments[local!indicesToUpdate].sequenceNumber-1,
                           /* Handle 'after previous' condition */
                           ri!assignments[local!indicesToUpdate].sequenceNumber+1
                         )
                       )
                     )
                   }
                 )
               }
             )
           )
          ),
          with(
            local!disableMove: 
              or(
                local!disableChangesFlag,
                ri!assignments[ri!index].sequenceNumber = 1,
                index(ri!assignments.sequenceNumber, ri!index-1, 0)=ri!assignments[ri!index].sequenceNumber,
                index(ri!assignments.statusId, ri!index-1, 0) &lt;&gt; #&quot;_a-0000dd72-ed8d-8000-9ba2-011c48011c48_25150&quot;
              ),
            #&quot;SYSTEM_SYSRULES_imageField&quot;(
              label: &quot;MoveUp&quot; &amp; ri!index,
              size: &quot;ICON&quot;,              
              images: #&quot;SYSTEM_SYSRULES_documentImage&quot;(
                document: #&quot;SYSTEM_SYSRULES_iconIndicator&quot;(
                  if(local!disableMove,
                    &quot;MOVE_UP_DISABLED&quot;,
                    &quot;MOVE_UP&quot;
                  )
                ),
                altText: &quot;Move Up&quot;,
                caption: &quot;Move Up&quot;,
                link: if(local!disableMove,
                  {},
                  #&quot;SYSTEM_SYSRULES_dynamicLink&quot;(
                    value: ri!assignments[ri!index].sequenceNumber - 1,
                    saveInto: {
                      with(
                        local!currentSeqIndices: wherecontains(ri!assignments[ri!index].sequenceNumber, ri!assignments.sequenceNumber),
                        local!newSeqIndices:  wherecontains(ri!assignments[ri!index].sequenceNumber-1, ri!assignments.sequenceNumber),
                        {
                          /* Save sequence indices*/
                          a!save(ri!assignments[local!currentSeqIndices].sequenceNumber, save!value),
                          a!save(ri!assignments[local!newSeqIndices].sequenceNumber, save!value+1),
                          /* Rearrange order */
                          a!save(ri!assignments, 
                            updatearray(ri!assignments, {local!newSeqIndices, local!currentSeqIndices}, ri!assignments[{local!currentSeqIndices, local!newSeqIndices}])
                          ),
                          a!save(ri!assignments[wherecontains(tointeger(reject(fn!isnull, ri!assignments[local!currentSeqIndices].id)), ri!assignments.id)].lastModifiedOn, now()),
                          a!save(ri!assignments[wherecontains(tointeger(reject(fn!isnull, ri!assignments[local!newSeqIndices].id)), ri!assignments.id)].lastModifiedOn, now()),
                          a!save(ri!assignments[wherecontains(tointeger(reject(fn!isnull, ri!assignments[local!currentSeqIndices].id)), ri!assignments.id)].lastModifiedBy, loggedInUser()),
                          a!save(ri!assignments[wherecontains(tointeger(reject(fn!isnull, ri!assignments[local!newSeqIndices].id)), ri!assignments.id)].lastModifiedBy, loggedInUser())
                        }
                      )
                    }
                  )
                )
              )
            )
          ),
          
          with(
            local!disableMove: 
              or(
                local!disableChangesFlag,
                ri!assignments[ri!index].sequenceNumber = max(ri!assignments.sequenceNumber),
                index(ri!assignments.sequenceNumber, ri!index-1, 0)=ri!assignments[ri!index].sequenceNumber
              ),
            #&quot;SYSTEM_SYSRULES_imageField&quot;(
              label: &quot;Move Down&quot; &amp; ri!index,
              size: &quot;ICON&quot;,              
              images: #&quot;SYSTEM_SYSRULES_documentImage&quot;(
                document: #&quot;SYSTEM_SYSRULES_iconIndicator&quot;(
                  if(local!disableMove,
                    &quot;MOVE_DOWN_DISABLED&quot;,
                    &quot;MOVE_DOWN&quot;
                  )
                ),
                altText: &quot;Move Down&quot;,
                caption: &quot;Move Down&quot;,
                link: if(local!disableMove,
                  {},
                  #&quot;SYSTEM_SYSRULES_dynamicLink&quot;(
                    value: ri!assignments[ri!index].sequenceNumber + 1,
                    saveInto: {
                      with(
                        local!currentSeqIndices: wherecontains(ri!assignments[ri!index].sequenceNumber, ri!assignments.sequenceNumber),
                        local!newSeqIndices: wherecontains(ri!assignments[ri!index].sequenceNumber+1, ri!assignments.sequenceNumber),
                        {
                           /*Save sequence indices*/
                          a!save(ri!assignments[local!currentSeqIndices].sequenceNumber, save!value),
                          a!save(ri!assignments[local!newSeqIndices].sequenceNumber, save!value-1),
                           /*Rearrange order */
                          a!save(ri!assignments, 
                            updatearray(ri!assignments, {local!currentSeqIndices, local!newSeqIndices}, ri!assignments[{local!newSeqIndices, local!currentSeqIndices}])
                          ),
                          a!save(ri!assignments[wherecontains(tointeger(reject(fn!isnull, ri!assignments[local!currentSeqIndices].id)), ri!assignments.id)].lastModifiedOn, now()),
                          a!save(ri!assignments[wherecontains(tointeger(reject(fn!isnull, ri!assignments[local!newSeqIndices].id)), ri!assignments.id)].lastModifiedOn, now()),
                          a!save(ri!assignments[wherecontains(tointeger(reject(fn!isnull, ri!assignments[local!currentSeqIndices].id)), ri!assignments.id)].lastModifiedBy, loggedInUser()),
                          a!save(ri!assignments[wherecontains(tointeger(reject(fn!isnull, ri!assignments[local!newSeqIndices].id)), ri!assignments.id)].lastModifiedBy, loggedInUser())
                        }
                      )
                    }
                  )
                )
              )
            )
          )
        }
      ),
      #&quot;SYSTEM_SYSRULES_imageField&quot;(
        label: &quot;View/Edit &quot; &amp; ri!index,
        size: &quot;ICON&quot;,
        images: if(or(local!disableChangesFlag, ri!readOnly),
          #&quot;SYSTEM_SYSRULES_documentImage&quot;(
            document: #&quot;_a-0000dd72-ed8d-8000-9ba2-011c48011c48_25204&quot;,
            altText: &quot;View&quot;,
            caption: &quot;View&quot;,
            link:  #&quot;SYSTEM_SYSRULES_dynamicLink&quot;(
              label: &quot;Selection&quot;,
              value: ri!assignments[ri!index],
              saveInto: {ri!selection,
                a!save(ri!selectionIndex, ri!index)
              }
            )
          ),
          #&quot;SYSTEM_SYSRULES_documentImage&quot;(
            document: #&quot;_a-0000dd72-ed8d-8000-9ba2-011c48011c48_25205&quot;,
            altText: &quot;Edit&quot;,
            caption: &quot;Edit&quot;,
            link:  #&quot;SYSTEM_SYSRULES_dynamicLink&quot;(
              label: &quot;Selection&quot;,
              value: ri!assignments[ri!index],
              saveInto: {ri!selection,
                a!save(ri!selectionIndex, ri!index)
              }
            )
          )
        )
      ),
      if(ri!readOnly,
        {},
        #&quot;SYSTEM_SYSRULES_imageField&quot;(
          label: &quot;Delete &quot; &amp; ri!index,
          size: &quot;ICON&quot;,          
          images: #&quot;SYSTEM_SYSRULES_documentImage&quot;(
            document: #&quot;SYSTEM_SYSRULES_iconIndicator&quot;(
                if(local!disableChangesFlag,
                  &quot;REMOVE_DISABLED&quot;,
                  &quot;REMOVE&quot;
                )
            ),
            altText: &quot;Delete Row&quot;,
            caption: &quot;Delete Row&quot;,
            link:  if(local!disableChangesFlag,
              {},
              #&quot;SYSTEM_SYSRULES_dynamicLink&quot;(
                value: ri!assignments[ri!index].sequenceNumber,
                saveInto: {
                  /* Update Sequences */
                  load(
                    local!indicesToUpdate,
                    {
                      a!save(local!indicesToUpdate, 
                        if(or(ri!index=count(ri!assignments), count(ri!assignments)=1), {}, 
                          enumerate(count(ri!assignments)-ri!index)+ri!index+1)
                      ), 
                      if(or(ri!index=count(ri!assignments), #&quot;2168a5de-fb70-4d66-8b97-b547e3ac6e57&quot;(local!indicesToUpdate)),
                        {},
                        if(contains(remove(ri!assignments, ri!index).sequenceNumber, ri!assignments[ri!index].sequenceNumber), 
                          {},
                          apply(#&quot;_a-0000dd72-ed8d-8000-9ba2-011c48011c48_25165&quot;(assign: ri!assignments, index: _, value: _),
                            merge(
                              local!indicesToUpdate, 
                              ri!assignments[local!indicesToUpdate].sequenceNumber-1
                            )
                          )
                        )
                      )
                    }
                  ),
                  /* Save delete details */
                  if(ri!isTemplate, {},
                    {
                      a!save(ri!assignments[ri!index].statusId, #&quot;_a-0000dd72-ed8d-8000-9ba2-011c48011c48_25219&quot;),
                      a!save(ri!assignments[ri!index].deletedOn, now()),
                      a!save(ri!assignments[ri!index].deletedBy, loggedInUser()),
                      a!save(ri!assignments[ri!index].lastModifiedOn, now()),
                      a!save(ri!assignments[ri!index].lastModifiedBy, loggedInUser())
                    }
                  ),
                  /* Remove row */                  
                  a!save(ri!deletedAssignments, append(ri!deletedAssignments, ri!assignments[ri!index])),
                  a!save(ri!assignments, remove(ri!assignments, ri!index))
                }
              )
            )
          )
        )
      )
    },
    id: ri!index
  )
)</definition>
        <namedTypedValue>
            <name>index</name>
            <type>
                <name>int</name>
                <namespace>http://www.w3.org/2001/XMLSchema</namespace>
            </type>
        </namedTypedValue>
        <namedTypedValue>
            <name>assignments</name>
            <type>
                <name>AFE_Assignment?list</name>
                <namespace>urn:com:appian:types:AFE</namespace>
            </type>
        </namedTypedValue>
        <namedTypedValue>
            <name>priorities</name>
            <type>
                <name>AFE_R_Assignment_Priority?list</name>
                <namespace>urn:com:appian:types:AFE</namespace>
            </type>
        </namedTypedValue>
        <namedTypedValue>
            <name>statuses</name>
            <type>
                <name>AFE_R_Assignment_Status?list</name>
                <namespace>urn:com:appian:types:AFE</namespace>
            </type>
        </namedTypedValue>
        <namedTypedValue>
            <name>selection</name>
            <type>
                <name>AFE_Assignment</name>
                <namespace>urn:com:appian:types:AFE</namespace>
            </type>
        </namedTypedValue>
        <namedTypedValue>
            <name>selectionIndex</name>
            <type>
                <name>int</name>
                <namespace>http://www.w3.org/2001/XMLSchema</namespace>
            </type>
        </namedTypedValue>
        <namedTypedValue>
            <name>readOnly</name>
            <type>
                <name>boolean</name>
                <namespace>http://www.w3.org/2001/XMLSchema</namespace>
            </type>
        </namedTypedValue>
        <namedTypedValue>
            <name>deletedAssignments</name>
            <type>
                <name>AFE_Assignment?list</name>
                <namespace>urn:com:appian:types:AFE</namespace>
            </type>
        </namedTypedValue>
        <namedTypedValue>
            <name>isTemplate</name>
            <type>
                <name>boolean</name>
                <namespace>http://www.w3.org/2001/XMLSchema</namespace>
            </type>
        </namedTypedValue>
        <preferredEditor>interface</preferredEditor>
        <offlineEnabled>false</offlineEnabled>
    </rule>
    <roleMap public="true">
        <role allowForAll="false" inherit="true" name="readers">
            <users/>
            <groups/>
        </role>
        <role allowForAll="false" inherit="true" name="authors">
            <users/>
            <groups/>
        </role>
        <role allowForAll="false" inherit="true" name="administrators">
            <users>
                <userUuid>katie.hsu</userUuid>
            </users>
            <groups/>
        </role>
        <role allowForAll="false" inherit="false" name="denyReaders">
            <users/>
            <groups/>
        </role>
        <role allowForAll="false" inherit="false" name="denyAuthors">
            <users/>
            <groups/>
        </role>
        <role allowForAll="false" inherit="false" name="denyAdministrators">
            <users/>
            <groups/>
        </role>
    </roleMap>
</contentHaul>
