<?xml version="1.0" encoding="UTF-8" standalone="yes"?>
<contentHaul xmlns:a="http://www.appian.com/ae/types/2009">
    <rule>
        <name>AFE_SCT_Workflow_assignments</name>
        <uuid>_a-0000dd72-ed8d-8000-9ba2-011c48011c48_25139</uuid>
        <description>Assignment details for an ad-hoc workflow
readonly and workflowId are required
sequential, parallel, and newAssignment are required when the section is editable</description>
        <parentUuid>_a-0000dd72-ed8d-8000-9ba2-011c48011c48_24399</parentUuid>
        <visibility>
            <advertise>false</advertise>
            <hierarchy>true</hierarchy>
            <indexable>true</indexable>
            <quota>false</quota>
            <searchable>true</searchable>
            <system>false</system>
            <unlogged>false</unlogged>
        </visibility>
        <definition>=load(&#xD;
  local!selectionIndex,&#xD;
  local!priorities: #&quot;_a-0000dd72-ed8d-8000-9ba2-011c48011c48_25347&quot;(activeFlag: true).data,&#xD;
  &#xD;
  {&#xD;
    if(isnull(ri!selectedAssignment),&#xD;
      {&#xD;
        #&quot;_a-0000dd72-ed8d-8000-9ba2-011c48011c48_25146&quot;(&#xD;
          workflow: ri!workflow,&#xD;
          readOnly: ri!readOnly,&#xD;
          assignments: ri!assignments,&#xD;
          priorities: local!priorities,&#xD;
          selection: ri!selectedAssignment,&#xD;
          selectionIndex: local!selectionIndex,&#xD;
          deletedAssignments: ri!deletedAssignments,&#xD;
          isTemplate: false&#xD;
        )&#xD;
      },&#xD;
     if(or(ri!readOnly, and(not(isnull(ri!selectedAssignment)), not(isnull(index(ri!selectedAssignment, &quot;id&quot;, -1))), index(ri!selectedAssignment, &quot;statusId&quot;, -1)&lt;&gt;#&quot;_a-0000dd72-ed8d-8000-9ba2-011c48011c48_25150&quot;)),&#xD;
        {&#xD;
          #&quot;SYSTEM_SYSRULES_sectionLayout&quot;(&#xD;
            label: &quot;Assignments&quot;,&#xD;
            firstColumnContents: {&#xD;
              #&quot;SYSTEM_SYSRULES_richTextDisplayField&quot;(&#xD;
                labelPosition: &quot;COLLAPSED&quot;,&#xD;
                value: {&#xD;
                  #&quot;SYSTEM_SYSRULES_richTextItem&quot;(&#xD;
                    text: &quot;All Assignments&quot;,&#xD;
                    style: &quot;STRONG&quot;,&#xD;
                    link: #&quot;SYSTEM_SYSRULES_dynamicLink&quot;(&#xD;
                      value: null, &#xD;
                      saveInto: ri!selectedAssignment&#xD;
                    )&#xD;
                  ),&#xD;
                  &quot; / Assignment ID: &quot; &amp; ri!selectedAssignment.id&#xD;
                }&#xD;
              )&#xD;
            }&#xD;
          ),&#xD;
          #&quot;_a-0000dd72-ed8d-8000-9ba2-011c48011c48_25357&quot;(&#xD;
            readOnly: true,&#xD;
            assignment: ri!selectedAssignment,&#xD;
            workflow: ri!workflow,&#xD;
            priorities: local!priorities&#xD;
          )&#xD;
        },&#xD;
        {&#xD;
          #&quot;_a-0000dd72-ed8d-8000-9ba2-011c48011c48_25375&quot;(&#xD;
            readOnly: false, &#xD;
            assignment: ri!selectedAssignment,&#xD;
            isTemplate:false,&#xD;
            priorities: local!priorities,&#xD;
            workflow: ri!workflow&#xD;
          ),&#xD;
          #&quot;_a-0000dd72-ed8d-8000-9ba2-011c48011c48_25455&quot;(&#xD;
             /*Do not save if any of the required fields are null */&#xD;
            saveInto: &#xD;
              if(any(#&quot;2168a5de-fb70-4d66-8b97-b547e3ac6e57&quot;(value: _), &#xD;
                  {&#xD;
                    ri!selectedAssignment.assignee,&#xD;
                    ri!selectedAssignment.priorityId,&#xD;
                    ri!selectedAssignment.instructions,&#xD;
                    ri!selectedAssignment.dueOn,&#xD;
                    ri!selectedAssignment.name&#xD;
                  }),&#xD;
                null,&#xD;
                {&#xD;
                  a!save(ri!selectedAssignment.statusId, #&quot;_a-0000dd72-ed8d-8000-9ba2-011c48011c48_25150&quot;),&#xD;
                  if(isnull(ri!selectedAssignment.id),&#xD;
                    {&#xD;
                      a!save(ri!selectedAssignment.createdBy, loggedInUser()),&#xD;
                      a!save(ri!selectedAssignment.createdOn, now()),&#xD;
                      a!save(ri!selectedAssignment.lastModifiedBy, loggedInUser()),&#xD;
                      a!save(ri!selectedAssignment.lastModifiedOn, now())&#xD;
                    },&#xD;
                    {&#xD;
                      a!save(ri!selectedAssignment.lastModifiedBy, loggedInUser()),&#xD;
                      a!save(ri!selectedAssignment.lastModifiedOn, now())&#xD;
                    }&#xD;
                  ),&#xD;
                  a!save(ri!assignments, if(#&quot;2168a5de-fb70-4d66-8b97-b547e3ac6e57&quot;(ri!assignments), ri!selectedAssignment, updatearray(ri!assignments, local!selectionIndex, ri!selectedAssignment))),&#xD;
                  a!save(ri!selectedAssignment, null)&#xD;
                }&#xD;
              ),&#xD;
            cancelSaveInto: {a!save(ri!selectedAssignment, null)}&#xD;
          )&#xD;
        }&#xD;
      )&#xD;
    )&#xD;
  }&#xD;
)</definition>
        <namedTypedValue>
            <name>readOnly</name>
            <type>
                <name>boolean</name>
                <namespace>http://www.w3.org/2001/XMLSchema</namespace>
            </type>
        </namedTypedValue>
        <namedTypedValue>
            <name>assignments</name>
            <type>
                <name>AFE_Assignment?list</name>
                <namespace>urn:com:appian:types:AFE</namespace>
            </type>
        </namedTypedValue>
        <namedTypedValue>
            <name>selectedAssignment</name>
            <type>
                <name>AFE_Assignment</name>
                <namespace>urn:com:appian:types:AFE</namespace>
            </type>
        </namedTypedValue>
        <namedTypedValue>
            <name>deletedAssignments</name>
            <type>
                <name>AFE_Assignment?list</name>
                <namespace>urn:com:appian:types:AFE</namespace>
            </type>
        </namedTypedValue>
        <namedTypedValue>
            <name>workflow</name>
            <type>
                <name>AFE_Workflow</name>
                <namespace>urn:com:appian:types:AFE</namespace>
            </type>
        </namedTypedValue>
        <preferredEditor>interface</preferredEditor>
        <offlineEnabled>false</offlineEnabled>
    </rule>
    <roleMap public="true">
        <role allowForAll="false" inherit="true" name="readers">
            <users/>
            <groups/>
        </role>
        <role allowForAll="false" inherit="true" name="authors">
            <users/>
            <groups/>
        </role>
        <role allowForAll="false" inherit="true" name="administrators">
            <users>
                <userUuid>katie.hsu</userUuid>
            </users>
            <groups/>
        </role>
        <role allowForAll="false" inherit="false" name="denyReaders">
            <users/>
            <groups/>
        </role>
        <role allowForAll="false" inherit="false" name="denyAuthors">
            <users/>
            <groups/>
        </role>
        <role allowForAll="false" inherit="false" name="denyAdministrators">
            <users/>
            <groups/>
        </role>
    </roleMap>
    <typedValue>
        <type>
            <name>RuleTestConfig?list</name>
            <namespace>http://www.appian.com/ae/types/2009</namespace>
        </type>
        <value>
            <el>
                <a:name/>
                <a:ruleInputTestConfigs>
                    <a:value xmlns:xsd="http://www.w3.org/2001/XMLSchema" xmlns:xsi="http://www.w3.org/2001/XMLSchema-instance" xsi:type="xsd:boolean">true</a:value>
                    <a:nameRef>readOnly</a:nameRef>
                    <a:id/>
                </a:ruleInputTestConfigs>
                <a:ruleInputTestConfigs>
                    <a:nameRef>assignments</a:nameRef>
                    <a:id/>
                </a:ruleInputTestConfigs>
                <a:ruleInputTestConfigs>
                    <a:value xmlns:n1="urn:com:appian:types:AFE" xmlns:xsi="http://www.w3.org/2001/XMLSchema-instance" xsi:nil="true" xsi:type="n1:AFE_Assignment"/>
                    <a:nameRef>selectedAssignment</a:nameRef>
                    <a:id/>
                </a:ruleInputTestConfigs>
                <a:ruleInputTestConfigs>
                    <a:nameRef>deletedAssignments</a:nameRef>
                    <a:id/>
                </a:ruleInputTestConfigs>
                <a:ruleInputTestConfigs>
                    <a:value xmlns:n1="urn:com:appian:types:AFE" xmlns:xsi="http://www.w3.org/2001/XMLSchema-instance" xsi:nil="true" xsi:type="n1:AFE_Workflow"/>
                    <a:nameRef>workflow</a:nameRef>
                    <a:id/>
                </a:ruleInputTestConfigs>
                <a:assertions xmlns:xsi="http://www.w3.org/2001/XMLSchema-instance" xsi:nil="true"/>
            </el>
        </value>
    </typedValue>
</contentHaul>
