<?xml version="1.0" encoding="UTF-8" standalone="yes"?>
<contentHaul xmlns:a="http://www.appian.com/ae/types/2009">
    <rule>
        <name>AFE_SCT_Workflow_tasks</name>
        <uuid>_a-0000dd8b-d239-8000-9ba2-011c48011c48_26637</uuid>
        <description>Active tasks for dynamic ad-hoc workflow</description>
        <parentUuid>_a-0000dd72-ed8d-8000-9ba2-011c48011c48_24399</parentUuid>
        <visibility>
            <advertise>false</advertise>
            <hierarchy>true</hierarchy>
            <indexable>true</indexable>
            <quota>false</quota>
            <searchable>true</searchable>
            <system>false</system>
            <unlogged>false</unlogged>
        </visibility>
        <definition>=load(&#xD;
  local!pagingInfo: #&quot;SYSTEM_SYSRULES_pagingInfo&quot;(&#xD;
    startIndex: 1,&#xD;
    batchSize: #&quot;_a-0000dd4b-0482-8000-9ba2-011c48011c48_18945&quot;),&#xD;
  local!priorities: #&quot;_a-0000dd72-ed8d-8000-9ba2-011c48011c48_25347&quot;(activeFlag: true).data,&#xD;
  &#xD;
  #&quot;SYSTEM_SYSRULES_sectionLayout&quot;(&#xD;
    label: &quot;Current Assignments/Active Tasks&quot;,&#xD;
    firstColumnContents: {&#xD;
      with(local!datasubset: #&quot;_a-0000dd8b-d239-8000-9ba2-011c48011c48_26644&quot;(recordTypeId: ri!recordTypeId, recordId: ri!recordId, pagingInfo: local!pagingInfo),&#xD;
        {&#xD;
          #&quot;SYSTEM_SYSRULES_gridField&quot;(&#xD;
          label: &quot;Current Assignments/Active Tasks&quot;,&#xD;
          labelPosition: &quot;COLLAPSED&quot;,&#xD;
          totalCount: local!datasubset.totalCount,&#xD;
          columns: {&#xD;
            #&quot;SYSTEM_SYSRULES_gridTextColumn&quot;(&#xD;
              label: &quot;Start Time&quot;,&#xD;
              field: &quot;c2&quot;,&#xD;
              data: apply(#&quot;_a-0000dd4b-0482-8000-9ba2-011c48011c48_18950&quot;(datetime: _),&#xD;
                index(local!datasubset.data, &quot;c2&quot;, {}) )&#xD;
            ),&#xD;
            #&quot;SYSTEM_SYSRULES_gridImageColumn&quot;(&#xD;
              label: &quot;Priority&quot;,&#xD;
              field: &quot;c4&quot;,&#xD;
              data: apply(#&quot;_a-0000dd72-ed8d-8000-9ba2-011c48011c48_25329&quot;(priorityId: _, priorities: local!priorities),&#xD;
                  index(local!datasubset.data, &quot;c4&quot;, {})),&#xD;
              size: &quot;ICON&quot;&#xD;
            ),&#xD;
            #&quot;SYSTEM_SYSRULES_gridLinkColumn&quot;(&#xD;
              label: &quot;Task Name&quot;,&#xD;
              field: &quot;dp0&quot;,&#xD;
              data: apply(#&quot;_a-0000dd4b-0482-8000-9ba2-011c48011c48_18948&quot;(taskName:_, appianTaskId:_), &#xD;
                merge(&#xD;
                  index(local!datasubset.data, &quot;c0&quot;, {}), &#xD;
                  index(local!datasubset.data, &quot;dp0&quot;, {}))),&#xD;
              alignment: &quot;LEFT&quot;&#xD;
            ),&#xD;
            #&quot;SYSTEM_SYSRULES_gridTextColumn&quot;(&#xD;
              label: &quot;Assignee(s)&quot;,&#xD;
              field: &quot;c7&quot;,&#xD;
              data: apply(#&quot;_a-0000dd72-ed8d-8000-9ba2-011c48011c48_25151&quot;(text:_, delimeter: #&quot;_a-0000dd0d-462c-8000-9ba2-011c48011c48_4238&quot;),&#xD;
                substitute(index(local!datasubset.data, &quot;c7&quot;, {}), &quot;; &quot;, #&quot;_a-0000dd0d-462c-8000-9ba2-011c48011c48_4238&quot;))&#xD;
            ),&#xD;
            #&quot;_a-0000dd72-ed8d-8000-9ba2-011c48011c48_25806&quot;(&#xD;
              users: index(local!datasubset.data, &quot;c8&quot;, {}),&#xD;
              label: &quot;Owner&quot;,&#xD;
              field: &quot;c8&quot;&#xD;
            ),&#xD;
            #&quot;SYSTEM_SYSRULES_gridTextColumn&quot;(&#xD;
              label: &quot;Deadline&quot;,&#xD;
              field: &quot;c6&quot;,&#xD;
              data: apply(#&quot;_a-0000dd4b-0482-8000-9ba2-011c48011c48_18950&quot;(datetime: _),&#xD;
                index(local!datasubset.data, &quot;c6&quot;, {}) )&#xD;
            ),&#xD;
            #&quot;SYSTEM_SYSRULES_gridImageColumn&quot;(&#xD;
              label: &quot;Overdue&quot;,&#xD;
              field: &quot;c10&quot;,&#xD;
              data: if(index(local!datasubset.data, &quot;c10&quot;, {}), &#xD;
                #&quot;SYSTEM_SYSRULES_documentImage&quot;(&#xD;
                  document: #&quot;SYSTEM_SYSRULES_iconIndicator&quot;(&quot;STATUS_NOTDONE&quot;),&#xD;
                  altText: &quot;Overdue&quot;,&#xD;
                  caption: &quot;Overdue&quot;), &#xD;
                #&quot;SYSTEM_SYSRULES_documentImage&quot;(&#xD;
                  document: #&quot;_a-0000dd4b-0482-8000-9ba2-011c48011c48_18655&quot;,&#xD;
                  altText: &quot;Normal&quot;,&#xD;
                  caption: &quot;Normal&quot;)),&#xD;
              size: &quot;ICON&quot;&#xD;
            ),&#xD;
            #&quot;SYSTEM_SYSRULES_gridTextColumn&quot;(&#xD;
              label: &quot;Due In&quot;,&#xD;
              field: &quot;c6&quot;,&#xD;
              data: &#xD;
              apply(#&quot;_a-0000dd4b-0482-8000-9ba2-011c48011c48_18951&quot;(deadline: _),&#xD;
                index(local!datasubset.data, &quot;c6&quot;, {}) )&#xD;
            )&#xD;
          },&#xD;
          emptyGridMessage: &quot;There are no active tasks for this record&quot;,&#xD;
          value: local!pagingInfo,&#xD;
          saveInto: local!pagingInfo&#xD;
        )}&#xD;
      )&#xD;
  &#xD;
    }&#xD;
  )&#xD;
)</definition>
        <namedTypedValue>
            <name>recordTypeId</name>
            <type>
                <name>int</name>
                <namespace>http://www.w3.org/2001/XMLSchema</namespace>
            </type>
        </namedTypedValue>
        <namedTypedValue>
            <name>recordId</name>
            <type>
                <name>int</name>
                <namespace>http://www.w3.org/2001/XMLSchema</namespace>
            </type>
        </namedTypedValue>
        <preferredEditor>interface</preferredEditor>
        <offlineEnabled>false</offlineEnabled>
    </rule>
    <roleMap public="true">
        <role allowForAll="false" inherit="true" name="readers">
            <users/>
            <groups/>
        </role>
        <role allowForAll="false" inherit="true" name="authors">
            <users/>
            <groups/>
        </role>
        <role allowForAll="false" inherit="true" name="administrators">
            <users>
                <userUuid>katie.hsu</userUuid>
            </users>
            <groups/>
        </role>
        <role allowForAll="false" inherit="false" name="denyReaders">
            <users/>
            <groups/>
        </role>
        <role allowForAll="false" inherit="false" name="denyAuthors">
            <users/>
            <groups/>
        </role>
        <role allowForAll="false" inherit="false" name="denyAdministrators">
            <users/>
            <groups/>
        </role>
    </roleMap>
</contentHaul>
