<?xml version="1.0" encoding="UTF-8" standalone="yes"?>
<contentHaul xmlns:a="http://www.appian.com/ae/types/2009">
    <rule>
        <name>AFE_SCT_Workflow_newAssignment</name>
        <uuid>_a-0000dd72-ed8d-8000-9ba2-011c48011c48_25375</uuid>
        <description>Assignment details for a new assignment for an ad-hoc workflow</description>
        <parentUuid>_a-0000dd72-ed8d-8000-9ba2-011c48011c48_24399</parentUuid>
        <visibility>
            <advertise>false</advertise>
            <hierarchy>true</hierarchy>
            <indexable>true</indexable>
            <quota>false</quota>
            <searchable>true</searchable>
            <system>false</system>
            <unlogged>false</unlogged>
        </visibility>
        <definition>=load(
  local!priorities: if(#&quot;2168a5de-fb70-4d66-8b97-b547e3ac6e57&quot;(ri!priorities), #&quot;_a-0000dd72-ed8d-8000-9ba2-011c48011c48_25347&quot;(activeFlag: true).data, ri!priorities),
  
  {
    #&quot;SYSTEM_SYSRULES_sectionLayout&quot;(
      label: &quot;Assignment Details&quot;,
      firstColumnContents: {
        #&quot;_a-0000dd72-ed8d-8000-9ba2-011c48011c48_25463&quot;(
          saveInto: ri!assignment.assignee,
          label: &quot;Assignee(s)&quot;,
          required: true,
          groupFilter: #&quot;_a-0000dd72-ed8d-8000-9ba2-011c48011c48_25530&quot;(workflow: ri!workflow)
        ),
        if(ri!isTemplate, {},
          #&quot;_a-0000dd0d-462c-8000-9ba2-011c48011c48_3683&quot;(
            label: &quot;Deadline&quot;,
            readOnly: ri!readOnly,
            required: true,
            value: ri!assignment.dueOn,
            saveInto: ri!assignment.dueOn
          )
        ),
        #&quot;_a-0000dd0d-462c-8000-9ba2-011c48011c48_3685&quot;(
          label: &quot;Priority&quot;,
          choiceLabels: index(local!priorities, &quot;value&quot;, {}),
          choiceValues: index(local!priorities, &quot;id&quot;, {}),
          value: ri!assignment.priorityId,
          saveInto: ri!assignment.priorityId,
          required: true,
          disabled: ri!readOnly
        ),
        #&quot;_a-0000dd0d-462c-8000-9ba2-011c48011c48_3690&quot;(
          label: &quot;Name&quot;,
          readOnly: ri!readOnly,
          required: true,
          value: ri!assignment.name,
          saveInto: ri!assignment.name,
          validations: #&quot;b454db67-6211-40e7-9591-49b09bffedd5&quot;(
            value: ri!assignment.name,
            maxLength: 255,
            maxLengthMessage: &quot;Cannot exceed 255 characters&quot;
          )
        ),
        #&quot;_a-0000dd0d-462c-8000-9ba2-011c48011c48_3687&quot;(
          label: &quot;Instructions&quot;,
          value: ri!assignment.instructions,
          saveInto: ri!assignment.instructions,
          required: true,
          readOnly: ri!readOnly,
          validations: #&quot;b454db67-6211-40e7-9591-49b09bffedd5&quot;(
            value: ri!assignment.name,
            maxLength: 4000,
            maxLengthMessage: &quot;Cannot exceed 4000 characters&quot;
          )
        )
        
      }
    )
  }
)</definition>
        <namedTypedValue>
            <name>readOnly</name>
            <type>
                <name>boolean</name>
                <namespace>http://www.w3.org/2001/XMLSchema</namespace>
            </type>
        </namedTypedValue>
        <namedTypedValue>
            <name>assignment</name>
            <type>
                <name>AFE_Assignment</name>
                <namespace>urn:com:appian:types:AFE</namespace>
            </type>
        </namedTypedValue>
        <namedTypedValue>
            <name>isTemplate</name>
            <type>
                <name>boolean</name>
                <namespace>http://www.w3.org/2001/XMLSchema</namespace>
            </type>
        </namedTypedValue>
        <namedTypedValue>
            <name>priorities</name>
            <type>
                <name>AFE_R_Assignment_Priority?list</name>
                <namespace>urn:com:appian:types:AFE</namespace>
            </type>
        </namedTypedValue>
        <namedTypedValue>
            <name>workflow</name>
            <type>
                <name>AFE_Workflow</name>
                <namespace>urn:com:appian:types:AFE</namespace>
            </type>
        </namedTypedValue>
        <preferredEditor>interface</preferredEditor>
        <offlineEnabled>false</offlineEnabled>
    </rule>
    <roleMap public="true">
        <role allowForAll="false" inherit="true" name="readers">
            <users/>
            <groups/>
        </role>
        <role allowForAll="false" inherit="true" name="authors">
            <users/>
            <groups/>
        </role>
        <role allowForAll="false" inherit="true" name="administrators">
            <users>
                <userUuid>katie.hsu</userUuid>
            </users>
            <groups/>
        </role>
        <role allowForAll="false" inherit="false" name="denyReaders">
            <users/>
            <groups/>
        </role>
        <role allowForAll="false" inherit="false" name="denyAuthors">
            <users/>
            <groups/>
        </role>
        <role allowForAll="false" inherit="false" name="denyAdministrators">
            <users/>
            <groups/>
        </role>
    </roleMap>
</contentHaul>
