<?xml version="1.0" encoding="UTF-8" standalone="yes"?>
<contentHaul xmlns:a="http://www.appian.com/ae/types/2009">
    <rule>
        <name>AFE_RULE_Workflow_displayAssignmentStatusImage</name>
        <uuid>_a-0000dd72-ed8d-8000-9ba2-011c48011c48_25327</uuid>
        <description>Displays the assignment status image based on the assignment statusId</description>
        <parentUuid>_a-0000dd72-ed8d-8000-9ba2-011c48011c48_24392</parentUuid>
        <visibility>
            <advertise>false</advertise>
            <hierarchy>true</hierarchy>
            <indexable>true</indexable>
            <quota>false</quota>
            <searchable>true</searchable>
            <system>false</system>
            <unlogged>false</unlogged>
        </visibility>
        <definition>#&quot;SYSTEM_SYSRULES_documentImage&quot;(
  document: #&quot;_a-0000dd72-ed8d-8000-9ba2-011c48011c48_25324&quot;[ri!statusId],
  caption: displayvalue(ri!statusId, ri!statuses.id, ri!statuses.value, &quot;&quot;),
  altText: displayvalue(ri!statusId, ri!statuses.id, ri!statuses.value, &quot;&quot;)
)</definition>
        <namedTypedValue>
            <name>statusId</name>
            <type>
                <name>int</name>
                <namespace>http://www.w3.org/2001/XMLSchema</namespace>
            </type>
        </namedTypedValue>
        <namedTypedValue>
            <name>statuses</name>
            <type>
                <name>AFE_R_Assignment_Status?list</name>
                <namespace>urn:com:appian:types:AFE</namespace>
            </type>
        </namedTypedValue>
        <preferredEditor>legacy</preferredEditor>
        <offlineEnabled>false</offlineEnabled>
    </rule>
    <roleMap public="true">
        <role allowForAll="false" inherit="true" name="readers">
            <users/>
            <groups/>
        </role>
        <role allowForAll="false" inherit="true" name="authors">
            <users/>
            <groups/>
        </role>
        <role allowForAll="false" inherit="true" name="administrators">
            <users/>
            <groups/>
        </role>
        <role allowForAll="false" inherit="false" name="denyReaders">
            <users/>
            <groups/>
        </role>
        <role allowForAll="false" inherit="false" name="denyAuthors">
            <users/>
            <groups/>
        </role>
        <role allowForAll="false" inherit="false" name="denyAdministrators">
            <users/>
            <groups/>
        </role>
    </roleMap>
</contentHaul>
