<?xml version="1.0" encoding="UTF-8" standalone="yes"?>
<contentHaul xmlns:a="http://www.appian.com/ae/types/2009">
    <rule>
        <name>AFE_RULE_Workflow_displayTaskName</name>
        <uuid>_a-0000dd72-ed8d-8000-9ba2-011c48011c48_25106</uuid>
        <description>Rule to display the task name for the ad-hoc workflow processes</description>
        <parentUuid>_a-0000dd72-ed8d-8000-9ba2-011c48011c48_24392</parentUuid>
        <visibility>
            <advertise>false</advertise>
            <hierarchy>true</hierarchy>
            <indexable>true</indexable>
            <quota>false</quota>
            <searchable>true</searchable>
            <system>false</system>
            <unlogged>false</unlogged>
        </visibility>
        <definition>=tp!name &amp; if(#&quot;2168a5de-fb70-4d66-8b97-b547e3ac6e57&quot;(pv!workflow.id), &quot;&quot;, &quot;: &quot;  &amp; pv!workflow.name &amp; &quot; (&quot;&amp; pv!workflow.id &amp; &quot;)&quot;)</definition>
        <preferredEditor>legacy</preferredEditor>
        <offlineEnabled>false</offlineEnabled>
    </rule>
    <roleMap public="true">
        <role allowForAll="false" inherit="true" name="readers">
            <users/>
            <groups/>
        </role>
        <role allowForAll="false" inherit="true" name="authors">
            <users/>
            <groups/>
        </role>
        <role allowForAll="false" inherit="true" name="administrators">
            <users/>
            <groups/>
        </role>
        <role allowForAll="false" inherit="false" name="denyReaders">
            <users/>
            <groups/>
        </role>
        <role allowForAll="false" inherit="false" name="denyAuthors">
            <users/>
            <groups/>
        </role>
        <role allowForAll="false" inherit="false" name="denyAdministrators">
            <users/>
            <groups/>
        </role>
    </roleMap>
</contentHaul>
