<?xml version="1.0" encoding="UTF-8" standalone="yes"?>
<contentHaul xmlns:a="http://www.appian.com/ae/types/2009">
    <rule>
        <name>AFE_FRM_Workflow_assignments</name>
        <uuid>_a-0000dd72-ed8d-8000-9ba2-011c48011c48_25111</uuid>
        <description>Manage assignments form</description>
        <parentUuid>_a-0000dd72-ed8d-8000-9ba2-011c48011c48_24393</parentUuid>
        <visibility>
            <advertise>false</advertise>
            <hierarchy>true</hierarchy>
            <indexable>true</indexable>
            <quota>false</quota>
            <searchable>true</searchable>
            <system>false</system>
            <unlogged>false</unlogged>
        </visibility>
        <definition>=load(
  local!areDatesValid,
  local!selectedAssignment,
  local!selectedScreen:if(ri!allowTemplateSelection,1,2),
  
  #&quot;SYSTEM_SYSRULES_formLayout&quot;(
    label: ri!formTitle,
    instructions: &quot;An assignment corresponds to a task in the &quot; &amp; ri!workflow.name &amp; &quot; workflow. Tasks can be assigned to users and/or groups. Tasks with the same sequence number will be spawned in parallel.&quot;,
    /*To add in future phase, validations for:
      (1) Ensure deadlines have al been populated when using a template
      (2) Cannot add parallel assignments to complete or current assignments when modifying assignments for an in progress workflow
    */
    validations: {},
    firstColumnContents: {
      choose(local!selectedScreen,
        {}, /* Placeholder for templates*/
        #&quot;_a-0000dd72-ed8d-8000-9ba2-011c48011c48_25139&quot;(
          readOnly: false,
          assignments: ri!assignments,
          workflow: ri!workflow,
          selectedAssignment: local!selectedAssignment,
          deletedAssignments: ri!deletedAssignments
        )    
      )
    },
    buttons: 
      if(isnull(local!selectedAssignment),
        #&quot;SYSTEM_SYSRULES_ButtonLayout&quot;(
          primaryButtons: {
            if(local!selectedScreen=1,
              #&quot;SYSTEM_SYSRULES_ButtonWidget&quot;(
                label: &quot;Start&quot;,
                style: &quot;PRIMARY&quot;,
                value: #&quot;_a-0000dd0d-462c-8000-9ba2-011c48011c48_5544&quot;,
                saveInto: {
                  a!save(local!selectedScreen, 2)
                }
              ),
              #&quot;SYSTEM_SYSRULES_ButtonWidgetSubmit&quot;(
                label: #&quot;_a-0000dd0d-462c-8000-9ba2-011c48011c48_5544&quot;,
                style: &quot;PRIMARY&quot;,
                value: #&quot;_a-0000dd0d-462c-8000-9ba2-011c48011c48_5544&quot;,
                saveInto: {ri!buttonClicked},
                disabled: #&quot;2168a5de-fb70-4d66-8b97-b547e3ac6e57&quot;(ri!assignments),
                confirmMessage:if(#&quot;_a-0000dd72-ed8d-8000-9ba2-011c48011c48_25142&quot;(ri!assignments) = true(), &quot;&quot;, 
                  &quot;One or more sequential assignments have deadlines that are not in chronological order. Please confirm that all assignment data is correct.&quot;
                )
              )
            )
          },
          secondaryButtons: {
            #&quot;SYSTEM_SYSRULES_ButtonWidgetSubmit&quot;(
              label: #&quot;_a-0000dd0d-462c-8000-9ba2-011c48011c48_5426&quot;,
              style: &quot;NORMAL&quot;,
              value: #&quot;_a-0000dd0d-462c-8000-9ba2-011c48011c48_5426&quot;,
              saveInto: ri!buttonClicked,
              skipValidation: true
            )
          }
        ), 
        {}
      )
  )
)</definition>
        <namedTypedValue>
            <name>formTitle</name>
            <type>
                <name>string</name>
                <namespace>http://www.w3.org/2001/XMLSchema</namespace>
            </type>
            <value/>
        </namedTypedValue>
        <namedTypedValue>
            <name>buttonClicked</name>
            <type>
                <name>string</name>
                <namespace>http://www.w3.org/2001/XMLSchema</namespace>
            </type>
            <value/>
        </namedTypedValue>
        <namedTypedValue>
            <name>assignments</name>
            <type>
                <name>AFE_Assignment?list</name>
                <namespace>urn:com:appian:types:AFE</namespace>
            </type>
        </namedTypedValue>
        <namedTypedValue>
            <name>deletedAssignments</name>
            <type>
                <name>AFE_Assignment?list</name>
                <namespace>urn:com:appian:types:AFE</namespace>
            </type>
        </namedTypedValue>
        <namedTypedValue>
            <name>allowTemplateSelection</name>
            <type>
                <name>boolean</name>
                <namespace>http://www.w3.org/2001/XMLSchema</namespace>
            </type>
        </namedTypedValue>
        <namedTypedValue>
            <name>workflow</name>
            <type>
                <name>AFE_Workflow</name>
                <namespace>urn:com:appian:types:AFE</namespace>
            </type>
        </namedTypedValue>
        <preferredEditor>interface</preferredEditor>
        <offlineEnabled>false</offlineEnabled>
    </rule>
    <roleMap public="true">
        <role allowForAll="false" inherit="true" name="readers">
            <users/>
            <groups/>
        </role>
        <role allowForAll="false" inherit="true" name="authors">
            <users/>
            <groups/>
        </role>
        <role allowForAll="false" inherit="true" name="administrators">
            <users>
                <userUuid>katie.hsu</userUuid>
            </users>
            <groups/>
        </role>
        <role allowForAll="false" inherit="false" name="denyReaders">
            <users/>
            <groups/>
        </role>
        <role allowForAll="false" inherit="false" name="denyAuthors">
            <users/>
            <groups/>
        </role>
        <role allowForAll="false" inherit="false" name="denyAdministrators">
            <users/>
            <groups/>
        </role>
    </roleMap>
    <typedValue>
        <type>
            <name>RuleTestConfig?list</name>
            <namespace>http://www.appian.com/ae/types/2009</namespace>
        </type>
        <value>
            <el>
                <a:name/>
                <a:ruleInputTestConfigs>
                    <a:value xmlns:xsd="http://www.w3.org/2001/XMLSchema" xmlns:xsi="http://www.w3.org/2001/XMLSchema-instance" xsi:type="xsd:string"/>
                    <a:nameRef>formTitle</a:nameRef>
                    <a:id/>
                </a:ruleInputTestConfigs>
                <a:ruleInputTestConfigs>
                    <a:value xmlns:xsd="http://www.w3.org/2001/XMLSchema" xmlns:xsi="http://www.w3.org/2001/XMLSchema-instance" xsi:type="xsd:string"/>
                    <a:nameRef>buttonClicked</a:nameRef>
                    <a:id/>
                </a:ruleInputTestConfigs>
                <a:ruleInputTestConfigs>
                    <a:nameRef>assignments</a:nameRef>
                    <a:id/>
                </a:ruleInputTestConfigs>
                <a:ruleInputTestConfigs>
                    <a:nameRef>deletedAssignments</a:nameRef>
                    <a:id/>
                </a:ruleInputTestConfigs>
                <a:ruleInputTestConfigs>
                    <a:value xmlns:xsd="http://www.w3.org/2001/XMLSchema" xmlns:xsi="http://www.w3.org/2001/XMLSchema-instance" xsi:nil="true" xsi:type="xsd:boolean"/>
                    <a:nameRef>allowTemplateSelection</a:nameRef>
                    <a:id/>
                </a:ruleInputTestConfigs>
                <a:ruleInputTestConfigs>
                    <a:value xmlns:n1="urn:com:appian:types:AFE" xmlns:xsi="http://www.w3.org/2001/XMLSchema-instance" xsi:nil="true" xsi:type="n1:AFE_Workflow"/>
                    <a:nameRef>workflow</a:nameRef>
                    <a:id/>
                </a:ruleInputTestConfigs>
                <a:assertions xmlns:xsi="http://www.w3.org/2001/XMLSchema-instance" xsi:nil="true"/>
            </el>
        </value>
    </typedValue>
</contentHaul>
