<?xml version="1.0" encoding="UTF-8" standalone="yes"?>
<contentHaul xmlns:a="http://www.appian.com/ae/types/2009">
    <rule>
        <name>AFE_RULE_Workflow_validateAssignmentOrder</name>
        <uuid>_a-0000dd72-ed8d-8000-9ba2-011c48011c48_25142</uuid>
        <description>Expression rule to ensure that assignments within an ad-hoc workflow are in a logical order (e.g. deadlines in chronological order)</description>
        <parentUuid>_a-0000dd72-ed8d-8000-9ba2-011c48011c48_24398</parentUuid>
        <visibility>
            <advertise>false</advertise>
            <hierarchy>true</hierarchy>
            <indexable>true</indexable>
            <quota>false</quota>
            <searchable>true</searchable>
            <system>false</system>
            <unlogged>false</unlogged>
        </visibility>
        <definition>with(
  local!sortedByDate:index(todatasubset(
    ri!assignments,
    #&quot;SYSTEM_SYSRULES_pagingInfo&quot;(
      startIndex:1,
      batchSize:-1,
      sort:{
        #&quot;SYSTEM_SYSRULES_sortInfo&quot;(
          field:&quot;dueOn&quot;,
          ascending:true
        )
      }
    )
  ).data, &quot;sequenceNumber&quot;, {}),
  and(tointeger(local!sortedByDate) - tointeger(index(ri!assignments, &quot;sequenceNumber&quot;, {})) &gt;= 0)
)</definition>
        <namedTypedValue>
            <name>assignments</name>
            <type>
                <name>AFE_Assignment?list</name>
                <namespace>urn:com:appian:types:AFE</namespace>
            </type>
        </namedTypedValue>
        <preferredEditor>legacy</preferredEditor>
        <offlineEnabled>false</offlineEnabled>
    </rule>
    <roleMap public="true">
        <role allowForAll="false" inherit="true" name="readers">
            <users/>
            <groups/>
        </role>
        <role allowForAll="false" inherit="true" name="authors">
            <users/>
            <groups/>
        </role>
        <role allowForAll="false" inherit="true" name="administrators">
            <users/>
            <groups/>
        </role>
        <role allowForAll="false" inherit="false" name="denyReaders">
            <users/>
            <groups/>
        </role>
        <role allowForAll="false" inherit="false" name="denyAuthors">
            <users/>
            <groups/>
        </role>
        <role allowForAll="false" inherit="false" name="denyAdministrators">
            <users/>
            <groups/>
        </role>
    </roleMap>
</contentHaul>
