<?xml version="1.0" encoding="UTF-8" standalone="yes"?>
<contentHaul xmlns:a="http://www.appian.com/ae/types/2009">
    <rule>
        <name>AFE_SCT_Workflow_assignmentDetails</name>
        <uuid>_a-0000dd72-ed8d-8000-9ba2-011c48011c48_25357</uuid>
        <description>Assignment details</description>
        <parentUuid>_a-0000dd72-ed8d-8000-9ba2-011c48011c48_24399</parentUuid>
        <visibility>
            <advertise>false</advertise>
            <hierarchy>true</hierarchy>
            <indexable>true</indexable>
            <quota>false</quota>
            <searchable>true</searchable>
            <system>false</system>
            <unlogged>false</unlogged>
        </visibility>
        <definition>=load(
  local!priorities: if(#&quot;2168a5de-fb70-4d66-8b97-b547e3ac6e57&quot;(ri!priorities), #&quot;_a-0000dd72-ed8d-8000-9ba2-011c48011c48_25347&quot;(activeFlag: true).data, ri!priorities),
  local!statuses: #&quot;_a-0000dd72-ed8d-8000-9ba2-011c48011c48_25351&quot;(activeFlag: true).data,
  local!recordType: #&quot;_a-0000dd8b-d239-8000-9ba2-011c48011c48_26713&quot;(refId: ri!workflow.recordTypeId, type: #&quot;_a-0000dd8b-d239-8000-9ba2-011c48011c48_26716&quot;, isActive: true).data,
  
  {
    #&quot;SYSTEM_SYSRULES_sectionLayout&quot;(
      label: &quot;Assignment Details&quot;,
      isCollapsible: true,
      firstColumnContents: {
        #&quot;SYSTEM_SYSRULES_richTextDisplayField&quot;(
          label: &quot;Assignment ID&quot;,
          labelPosition: #&quot;7515f385-6042-4961-b666-89d55ce8534e&quot;(readOnly: true),
          value: 
            with(
              local!link: #&quot;73395716-12a2-4363-b454-cca042a95a62&quot;(
                label: &quot;(See &quot; &amp; index(local!recordType, &quot;label&quot;, {}) &amp; &quot; &quot; &amp; ri!workflow.recordId &amp; &quot;)&quot;,
                uri: urlforrecord(#&quot;_a-0000dd72-ed8d-8000-9ba2-011c48011c48_25358&quot;(ri!workflow), ri!workflow.recordId)
              ),
              {
                #&quot;SYSTEM_SYSRULES_richTextItem&quot;(
                  text: ri!assignment.id
                ), &quot;  &quot;,
                #&quot;SYSTEM_SYSRULES_richTextItem&quot;(
                  text: index(local!link, &quot;label&quot;),
                  link: local!link
                )
              }
            )
        ),
        if(#&quot;2168a5de-fb70-4d66-8b97-b547e3ac6e57&quot;(ri!assignment.sequenceNumber),
          {},
          #&quot;_a-0000dd0d-462c-8000-9ba2-011c48011c48_3690&quot;(
            label: &quot;Order Number&quot;,
            readOnly: true,
            value: ri!assignment.sequenceNumber
          )
        ),
        #&quot;_a-0000dd0d-462c-8000-9ba2-011c48011c48_3690&quot;(
          label: &quot;Assignees&quot;,
          readOnly: true,
          value: #&quot;_a-0000dd72-ed8d-8000-9ba2-011c48011c48_25151&quot;(
            text: ri!assignment.assignee
          )
        ),
        #&quot;_a-0000dd0d-462c-8000-9ba2-011c48011c48_3683&quot;(
          label: &quot;Deadline&quot;,
          readOnly: true,
          instructions: toint(todate(ri!assignment.dueOn)-today()) &amp; &quot; day(s) remaining&quot;,
          value: ri!assignment.dueOn
        ),
        #&quot;SYSTEM_SYSRULES_imageField&quot;(
          label: &quot;Priority&quot;,
          size: &quot;ICON&quot;,          
          labelPosition: #&quot;7515f385-6042-4961-b666-89d55ce8534e&quot;(readOnly: true),
          images: #&quot;_a-0000dd72-ed8d-8000-9ba2-011c48011c48_25329&quot;(
            priorityId: ri!assignment.priorityId,
            priorities: local!priorities
          )
        )
      },
      secondColumnContents: {
        #&quot;_a-0000dd0d-462c-8000-9ba2-011c48011c48_3683&quot;(
          label: &quot;Created On&quot;,
          readOnly: true,
          value: ri!assignment.createdOn
        ),
        #&quot;SYSTEM_SYSRULES_linkField&quot;(
          label: &quot;Created By&quot;,
          labelPosition: #&quot;7515f385-6042-4961-b666-89d55ce8534e&quot;(readOnly: true),
          readOnly: true,
          links: #&quot;083ca748-92d6-4080-9f02-017797355143&quot;(user: ri!assignment.createdBy)
        ),
        if(isnull(ri!assignment.lastModifiedOn),
          {},
          {
            #&quot;_a-0000dd0d-462c-8000-9ba2-011c48011c48_3683&quot;(
              label: &quot;Last Modified On&quot;,
              readOnly: true,
              value: ri!assignment.lastModifiedOn
            ),
            #&quot;SYSTEM_SYSRULES_linkField&quot;(
              label: &quot;Last Modified By&quot;,
              labelPosition: #&quot;7515f385-6042-4961-b666-89d55ce8534e&quot;(readOnly: true),
              readOnly: true,
              links: #&quot;083ca748-92d6-4080-9f02-017797355143&quot;(user: ri!assignment.lastModifiedBy)
            )
          }
        ),
        if(isnull(ri!assignment.startOn),
          {},
          #&quot;_a-0000dd0d-462c-8000-9ba2-011c48011c48_3683&quot;(
            label: &quot;Tasked On&quot;,
            readOnly: true,
            value: ri!assignment.startOn
          )
        ),
        if(isnull(ri!assignment.completedOn),
          {},
          {
            #&quot;_a-0000dd0d-462c-8000-9ba2-011c48011c48_3683&quot;(
              label: &quot;Completed On&quot;,
              readOnly: true,
              value: ri!assignment.completedOn
            ),
            #&quot;SYSTEM_SYSRULES_linkField&quot;(
              label: &quot;Completed By&quot;,
              labelPosition: #&quot;7515f385-6042-4961-b666-89d55ce8534e&quot;(readOnly: true),
              readOnly: true,
              links: #&quot;083ca748-92d6-4080-9f02-017797355143&quot;(user: ri!assignment.completedBy)
            )
          }
        )
      }
    ),
    #&quot;SYSTEM_SYSRULES_sectionLayout&quot;(
      label: &quot;Instructions&quot;,
      firstColumnContents: {
        #&quot;_a-0000dd0d-462c-8000-9ba2-011c48011c48_3690&quot;(
          label: &quot;Name&quot;,
          readOnly: true,
          value: ri!assignment.name
        ),
        #&quot;_a-0000dd0d-462c-8000-9ba2-011c48011c48_3687&quot;(
          label: &quot;Instructions&quot;,
          readOnly: true,
          value: ri!assignment.instructions
        )
      }
    )
  }
)</definition>
        <namedTypedValue>
            <name>readOnly</name>
            <type>
                <name>boolean</name>
                <namespace>http://www.w3.org/2001/XMLSchema</namespace>
            </type>
        </namedTypedValue>
        <namedTypedValue>
            <name>assignment</name>
            <type>
                <name>AFE_Assignment</name>
                <namespace>urn:com:appian:types:AFE</namespace>
            </type>
        </namedTypedValue>
        <namedTypedValue>
            <name>workflow</name>
            <type>
                <name>AFE_Workflow</name>
                <namespace>urn:com:appian:types:AFE</namespace>
            </type>
        </namedTypedValue>
        <namedTypedValue>
            <name>priorities</name>
            <type>
                <name>AFE_R_Assignment_Priority?list</name>
                <namespace>urn:com:appian:types:AFE</namespace>
            </type>
        </namedTypedValue>
        <preferredEditor>interface</preferredEditor>
        <offlineEnabled>false</offlineEnabled>
    </rule>
    <roleMap public="true">
        <role allowForAll="false" inherit="true" name="readers">
            <users/>
            <groups/>
        </role>
        <role allowForAll="false" inherit="true" name="authors">
            <users/>
            <groups/>
        </role>
        <role allowForAll="false" inherit="true" name="administrators">
            <users>
                <userUuid>katie.hsu</userUuid>
            </users>
            <groups/>
        </role>
        <role allowForAll="false" inherit="false" name="denyReaders">
            <users/>
            <groups/>
        </role>
        <role allowForAll="false" inherit="false" name="denyAuthors">
            <users/>
            <groups/>
        </role>
        <role allowForAll="false" inherit="false" name="denyAdministrators">
            <users/>
            <groups/>
        </role>
    </roleMap>
    <typedValue>
        <type>
            <name>RuleTestConfig?list</name>
            <namespace>http://www.appian.com/ae/types/2009</namespace>
        </type>
        <value>
            <el>
                <a:name/>
                <a:ruleInputTestConfigs>
                    <a:value xmlns:xsd="http://www.w3.org/2001/XMLSchema" xmlns:xsi="http://www.w3.org/2001/XMLSchema-instance" xsi:type="xsd:boolean">true</a:value>
                    <a:nameRef>readOnly</a:nameRef>
                    <a:id/>
                </a:ruleInputTestConfigs>
                <a:ruleInputTestConfigs>
                    <a:value xmlns:n1="urn:com:appian:types:AFE" xmlns:xsi="http://www.w3.org/2001/XMLSchema-instance" xsi:nil="true" xsi:type="n1:AFE_Assignment"/>
                    <a:nameRef>assignment</a:nameRef>
                    <a:id/>
                </a:ruleInputTestConfigs>
                <a:ruleInputTestConfigs>
                    <a:value xmlns:n1="urn:com:appian:types:AFE" xmlns:xsi="http://www.w3.org/2001/XMLSchema-instance" xsi:nil="true" xsi:type="n1:AFE_Workflow"/>
                    <a:nameRef>workflow</a:nameRef>
                    <a:id/>
                </a:ruleInputTestConfigs>
                <a:ruleInputTestConfigs>
                    <a:nameRef>priorities</a:nameRef>
                    <a:id/>
                </a:ruleInputTestConfigs>
                <a:assertions xmlns:xsi="http://www.w3.org/2001/XMLSchema-instance" xsi:nil="true"/>
            </el>
        </value>
    </typedValue>
</contentHaul>
