<?xml version="1.0" encoding="UTF-8" standalone="yes"?>
<contentHaul xmlns:a="http://www.appian.com/ae/types/2009">
    <rule>
        <name>AFE_RULE_Workflow_displayConcatenatedUserGroupNames</name>
        <uuid>_a-0000dd72-ed8d-8000-9ba2-011c48011c48_25151</uuid>
        <description>Displays the assignee(s) for an assignment, which is a concatenated string of groups and users, in a string with their appropriate names</description>
        <parentUuid>_a-0000dd72-ed8d-8000-9ba2-011c48011c48_24392</parentUuid>
        <visibility>
            <advertise>false</advertise>
            <hierarchy>true</hierarchy>
            <indexable>true</indexable>
            <quota>false</quota>
            <searchable>true</searchable>
            <system>false</system>
            <unlogged>false</unlogged>
        </visibility>
        <definition>=if(#&quot;2168a5de-fb70-4d66-8b97-b547e3ac6e57&quot;(ri!text), null,&#xD;
  joinarray(&#xD;
    apply(#&quot;366e6de6-c357-4dcf-b200-caa7e4449868&quot;(_),&#xD;
      #&quot;_a-0000dd72-ed8d-8000-9ba2-011c48011c48_25470&quot;(text: ri!text)), &#xD;
    if(#&quot;2168a5de-fb70-4d66-8b97-b547e3ac6e57&quot;(ri!delimeter), char(10), ri!delimeter)&#xD;
  )&#xD;
)</definition>
        <namedTypedValue>
            <name>text</name>
            <type>
                <name>string</name>
                <namespace>http://www.w3.org/2001/XMLSchema</namespace>
            </type>
            <value/>
        </namedTypedValue>
        <namedTypedValue>
            <name>delimeter</name>
            <type>
                <name>string</name>
                <namespace>http://www.w3.org/2001/XMLSchema</namespace>
            </type>
            <value/>
        </namedTypedValue>
        <preferredEditor>legacy</preferredEditor>
        <offlineEnabled>false</offlineEnabled>
    </rule>
    <roleMap public="true">
        <role allowForAll="false" inherit="true" name="readers">
            <users/>
            <groups/>
        </role>
        <role allowForAll="false" inherit="true" name="authors">
            <users/>
            <groups/>
        </role>
        <role allowForAll="false" inherit="true" name="administrators">
            <users/>
            <groups/>
        </role>
        <role allowForAll="false" inherit="false" name="denyReaders">
            <users/>
            <groups/>
        </role>
        <role allowForAll="false" inherit="false" name="denyAuthors">
            <users/>
            <groups/>
        </role>
        <role allowForAll="false" inherit="false" name="denyAdministrators">
            <users/>
            <groups/>
        </role>
    </roleMap>
</contentHaul>
