<?xml version="1.0" encoding="UTF-8" standalone="yes"?>
<contentHaul xmlns:a="http://www.appian.com/ae/types/2009">
    <rule>
        <name>AFE_SCT_Workflow_workflows</name>
        <uuid>_a-0000dd72-ed8d-8000-9ba2-011c48011c48_26400</uuid>
        <description>Ad-hoc workflows</description>
        <parentUuid>_a-0000dd72-ed8d-8000-9ba2-011c48011c48_24399</parentUuid>
        <visibility>
            <advertise>false</advertise>
            <hierarchy>true</hierarchy>
            <indexable>true</indexable>
            <quota>false</quota>
            <searchable>true</searchable>
            <system>false</system>
            <unlogged>false</unlogged>
        </visibility>
        <definition>load(&#xD;
  local!statuses: #&quot;_a-0000dd72-ed8d-8000-9ba2-011c48011c48_26430&quot;(activeFlag: true).data,&#xD;
  local!tabToShow,&#xD;
  local!selectedAssignment,&#xD;
  local!selectedWorkflowId,&#xD;
  local!nestedNotesPagingInfo: #&quot;SYSTEM_SYSRULES_pagingInfo&quot;(&#xD;
    startIndex: 1, &#xD;
    batchSize: #&quot;_a-0000dd4b-0482-8000-9ba2-011c48011c48_18352&quot;,&#xD;
    sort: #&quot;SYSTEM_SYSRULES_sortInfo&quot;(&#xD;
      field: &quot;createdOn&quot;,&#xD;
      ascending: true&#xD;
    )&#xD;
  ),&#xD;
    &#xD;
  {&#xD;
    #&quot;SYSTEM_SYSRULES_sectionLayout&quot;(&#xD;
      label: &quot;Workflows&quot;&#xD;
    ),  &#xD;
    if(#&quot;2168a5de-fb70-4d66-8b97-b547e3ac6e57&quot;(local!selectedWorkflowId), {},&#xD;
      #&quot;SYSTEM_SYSRULES_sectionLayout&quot;(&#xD;
        firstColumnContents: {&#xD;
          #&quot;SYSTEM_SYSRULES_richTextDisplayField&quot;(&#xD;
            labelPosition: &quot;COLLAPSED&quot;,&#xD;
            value: {&#xD;
              #&quot;SYSTEM_SYSRULES_richTextItem&quot;(&#xD;
                text: &quot;All Workflows&quot;,&#xD;
                style: &quot;STRONG&quot;,&#xD;
                link: #&quot;SYSTEM_SYSRULES_dynamicLink&quot;(&#xD;
                  value: null, &#xD;
                  saveInto: {local!selectedWorkflowId,&#xD;
                    a!save(local!nestedNotesPagingInfo, #&quot;SYSTEM_SYSRULES_pagingInfo&quot;(&#xD;
                      startIndex: 1, &#xD;
                      batchSize: #&quot;_a-0000dd4b-0482-8000-9ba2-011c48011c48_18352&quot;,&#xD;
                      sort: #&quot;SYSTEM_SYSRULES_sortInfo&quot;(&#xD;
                        field: &quot;createdOn&quot;,&#xD;
                        ascending: true&#xD;
                      )&#xD;
                    )),&#xD;
                    a!save(local!tabToShow, 1),&#xD;
                    a!save(local!selectedAssignment, null)&#xD;
                  })&#xD;
              ),&#xD;
              &quot; / Workflow ID: &quot; &amp; local!selectedWorkflowId&#xD;
            }&#xD;
          )&#xD;
        }&#xD;
      )&#xD;
    ),&#xD;
    if(#&quot;2168a5de-fb70-4d66-8b97-b547e3ac6e57&quot;(local!selectedWorkflowId),&#xD;
      #&quot;SYSTEM_SYSRULES_sectionLayout&quot;(&#xD;
        isInitiallyCollapsed: ri!collapseFlag,&#xD;
        isCollapsible: ri!collapseFlag,&#xD;
        firstColumnContents:{&#xD;
          if(ri!readOnly,&#xD;
            load(local!pagingInfo: #&quot;SYSTEM_SYSRULES_pagingInfo&quot;(&#xD;
                startIndex: 1,&#xD;
                batchSize: #&quot;_a-0000dd4b-0482-8000-9ba2-011c48011c48_18352&quot;,&#xD;
                sort: #&quot;SYSTEM_SYSRULES_sortInfo&quot;(&#xD;
                  field: &quot;createdOn&quot;,&#xD;
                  ascending: false&#xD;
                )&#xD;
              ),&#xD;
              with(local!datasubset: &#xD;
                #&quot;_a-0000dd72-ed8d-8000-9ba2-011c48011c48_26403&quot;(&#xD;
                  recordTypeId: ri!recordTypeId,&#xD;
                  recordId: ri!recordId,&#xD;
                  pagingInfo: local!pagingInfo,&#xD;
                  deletedFlag: false&#xD;
                ),&#xD;
                #&quot;SYSTEM_SYSRULES_gridField&quot;(&#xD;
                  totalCount: local!datasubset.totalCount,&#xD;
                  columns: {&#xD;
                    #&quot;SYSTEM_SYSRULES_gridTextColumn&quot;(&#xD;
                      label: &quot;Name&quot;,&#xD;
                      field: &quot;name&quot;,&#xD;
                      data: index(local!datasubset.data, &quot;name&quot;, {})&#xD;
                    ),&#xD;
                    #&quot;SYSTEM_SYSRULES_gridTextColumn&quot;(&#xD;
                      label: &quot;Description&quot;,&#xD;
                      field: &quot;description&quot;,&#xD;
                      data: index(local!datasubset.data, &quot;description&quot;, {})&#xD;
                    ),&#xD;
                    /*Need to find status icons to display*/&#xD;
                    #&quot;SYSTEM_SYSRULES_gridTextColumn&quot;(&#xD;
                      label: &quot;Status&quot;,&#xD;
                      field: &quot;statusId&quot;,&#xD;
                      data: apply(fn!displayvalue(_, index(local!statuses, &quot;id&quot;, {}), index(local!statuses, &quot;value&quot;, {}), {}), index(local!datasubset.data, &quot;statusId&quot;, {}) )&#xD;
                    ),&#xD;
                    #&quot;SYSTEM_SYSRULES_gridTextColumn&quot;(&#xD;
                      label: &quot;Started On&quot;,&#xD;
                      field: &quot;startedOn&quot;,&#xD;
                      data: apply(#&quot;_a-0000dd4b-0482-8000-9ba2-011c48011c48_18950&quot;(datetime: _), index(local!datasubset.data, &quot;startedOn&quot;, {}))&#xD;
                    ),&#xD;
                    #&quot;SYSTEM_SYSRULES_gridTextColumn&quot;(&#xD;
                      label: &quot;Completed On&quot;,&#xD;
                      field: &quot;completedOn&quot;,&#xD;
                      data: apply(#&quot;_a-0000dd4b-0482-8000-9ba2-011c48011c48_18950&quot;(datetime: _), index(local!datasubset.data, &quot;completedOn&quot;, {}) )&#xD;
                    ),&#xD;
                    #&quot;SYSTEM_SYSRULES_gridTextColumn&quot;(&#xD;
                      label: &quot;&quot;,&#xD;
                      field: &quot;id&quot;,&#xD;
                      data: if(local!datasubset.totalCount&gt;0, repeat(#&quot;d53ac46f-51ce-4502-8ae5-3435ca0d27aa&quot;(local!datasubset.data), &quot;View Details&quot;), {}),&#xD;
                      links: apply(#&quot;SYSTEM_SYSRULES_dynamicLink&quot;(value:_, saveInto: local!selectedWorkflowId),&#xD;
                        index(local!datasubset.data, &quot;id&quot;, {}))&#xD;
                    )&#xD;
                  },&#xD;
                  value: local!pagingInfo,&#xD;
                  saveInto: local!pagingInfo&#xD;
                )&#xD;
              )&#xD;
            ),&#xD;
            {}&#xD;
          )&#xD;
        }&#xD;
      ),&#xD;
      #&quot;_a-0000dd72-ed8d-8000-9ba2-011c48011c48_26442&quot;(&#xD;
        workflowId: local!selectedWorkflowId,&#xD;
        readOnly: ri!readOnly,&#xD;
        pagingInfo: local!nestedNotesPagingInfo,&#xD;
        tabToShow: local!tabToShow,&#xD;
        selectedAssignment: local!selectedAssignment&#xD;
      )&#xD;
    )&#xD;
  }&#xD;
)</definition>
        <namedTypedValue>
            <name>readOnly</name>
            <type>
                <name>boolean</name>
                <namespace>http://www.w3.org/2001/XMLSchema</namespace>
            </type>
        </namedTypedValue>
        <namedTypedValue>
            <name>collapseFlag</name>
            <type>
                <name>boolean</name>
                <namespace>http://www.w3.org/2001/XMLSchema</namespace>
            </type>
        </namedTypedValue>
        <namedTypedValue>
            <name>recordTypeId</name>
            <type>
                <name>int</name>
                <namespace>http://www.w3.org/2001/XMLSchema</namespace>
            </type>
        </namedTypedValue>
        <namedTypedValue>
            <name>recordId</name>
            <type>
                <name>int</name>
                <namespace>http://www.w3.org/2001/XMLSchema</namespace>
            </type>
        </namedTypedValue>
        <preferredEditor>interface</preferredEditor>
        <offlineEnabled>false</offlineEnabled>
    </rule>
    <roleMap public="true">
        <role allowForAll="false" inherit="true" name="readers">
            <users/>
            <groups/>
        </role>
        <role allowForAll="false" inherit="true" name="authors">
            <users/>
            <groups/>
        </role>
        <role allowForAll="false" inherit="true" name="administrators">
            <users>
                <userUuid>katie.hsu</userUuid>
            </users>
            <groups/>
        </role>
        <role allowForAll="false" inherit="false" name="denyReaders">
            <users/>
            <groups/>
        </role>
        <role allowForAll="false" inherit="false" name="denyAuthors">
            <users/>
            <groups/>
        </role>
        <role allowForAll="false" inherit="false" name="denyAdministrators">
            <users/>
            <groups/>
        </role>
    </roleMap>
</contentHaul>
