<?xml version="1.0" encoding="UTF-8" standalone="yes"?>
<dataStoreHaul xmlns:a="http://www.appian.com/ae/types/2009">
    <dataStore>
        <uuid>_a-0000dd16-5d72-8000-9ba2-011c48011c48_6219</uuid>
        <name>EFM Transactional</name>
        <description>EFM Transactional DS</description>
        <dataSourceKey>java:/jdbc/Appian</dataSourceKey>
        <adaptingExplicitSqlNames>false</adaptingExplicitSqlNames>
        <autoUpdateSchema>false</autoUpdateSchema>
        <entities>
            <entity>
                <uuid>a84c5e6e-007c-489b-a4b9-cf599403e6fe</uuid>
                <name>EFM_Vehicle</name>
                <type>{urn:com:appian:types:EFM}EFM_Vehicle</type>
            </entity>
            <entity>
                <uuid>c7258d14-621b-4afd-aaac-7ad05710b38f</uuid>
                <name>EFM_Fleet</name>
                <type>{urn:com:appian:types:EFM}EFM_Fleet</type>
            </entity>
            <entity>
                <uuid>8fed8139-02aa-40cc-bb6c-b01cb86cdc02</uuid>
                <name>EFM_Location</name>
                <type>{urn:com:appian:types:EFM}EFM_Location</type>
            </entity>
            <entity>
                <uuid>015bccb8-2627-44e9-bc78-4115f8c65afa</uuid>
                <name>EFM_Trip</name>
                <type>{urn:com:appian:types:EFM}EFM_Trip</type>
            </entity>
            <entity>
                <uuid>b656d359-a295-4c86-a6f1-5736ee0cb0a3</uuid>
                <name>EFM_Maintenance_Log</name>
                <type>{urn:com:appian:types:EFM}EFM_Maintenance_Log</type>
            </entity>
            <entity>
                <uuid>87467957-b11c-49ad-a705-ddca2ab6d98e</uuid>
                <name>EFM_Expense</name>
                <type>{urn:com:appian:types:EFM}EFM_Expense</type>
            </entity>
            <entity>
                <uuid>96726fa7-4e4e-4afb-ae87-768bde483192</uuid>
                <name>EFM_Vehicle_Usage</name>
                <type>{urn:com:appian:types:EFM}EFM_Vehicle_Usage</type>
            </entity>
            <entity>
                <uuid>dcf2ad0a-9c29-4559-897d-a70453367339</uuid>
                <name>EFM_Incident</name>
                <type>{urn:com:appian:types:EFM}EFM_Incident</type>
            </entity>
        </entities>
    </dataStore>
    <isPublished>true</isPublished>
    <roleMap>
        <role allowForAll="false" inherit="false" name="administrators">
            <users/>
            <groups/>
        </role>
        <role allowForAll="false" inherit="false" name="authors">
            <users/>
            <groups/>
        </role>
        <role allowForAll="false" inherit="false" name="denyAdministrators">
            <users/>
            <groups/>
        </role>
        <role allowForAll="false" inherit="false" name="denyAuthors">
            <users/>
            <groups/>
        </role>
        <role allowForAll="false" inherit="false" name="denyReaders">
            <users/>
            <groups/>
        </role>
        <role allowForAll="false" inherit="false" name="readers">
            <users/>
            <groups>
                <groupUuid>_e-0000dd29-17a1-8000-9aee-01075c01075c_100</groupUuid>
            </groups>
        </role>
    </roleMap>
</dataStoreHaul>
