<?xml version="1.0" encoding="UTF-8" standalone="yes"?>
<dataStoreHaul xmlns:a="http://www.appian.com/ae/types/2009">
    <dataStore>
        <uuid>_a-0000dd17-9077-8000-9ba2-011c48011c48_6529</uuid>
        <name>EFM Views</name>
        <description>EFM Views DS</description>
        <dataSourceKey>java:/jdbc/Appian</dataSourceKey>
        <adaptingExplicitSqlNames>false</adaptingExplicitSqlNames>
        <autoUpdateSchema>false</autoUpdateSchema>
        <entities>
            <entity>
                <uuid>8d47b1f5-b5d5-4053-b530-6d5ae42ac27f</uuid>
                <name>EFM_V_User_Trips</name>
                <type>{urn:com:appian:types:EFM}EFM_V_User_Trips</type>
            </entity>
            <entity>
                <uuid>0978d6a3-3628-409d-9d8e-5a0db2fa32c3</uuid>
                <name>EFM_V_Vehicle</name>
                <type>{urn:com:appian:types:EFM}EFM_V_Vehicle</type>
            </entity>
            <entity>
                <uuid>401e206b-2699-48fb-9d41-ff474e04e87c</uuid>
                <name>EFM_V_UsageMetrics</name>
                <type>{urn:com:appian:types:EFM}EFM_V_UsageMetrics</type>
            </entity>
            <entity>
                <uuid>56ac75d7-a83a-4b4e-8c21-13130024a3e8</uuid>
                <name>EFM_V_MaintenanceMetrics</name>
                <type>{urn:com:appian:types:EFM}EFM_V_MaintenanceMetrics</type>
            </entity>
            <entity>
                <uuid>7f0d11fd-b04f-4aa9-a547-87314422d4f8</uuid>
                <name>EFM_V_VehicleExpense</name>
                <type>{urn:com:appian:types:EFM}EFM_V_VehicleExpense</type>
            </entity>
        </entities>
    </dataStore>
    <isPublished>true</isPublished>
    <roleMap>
        <role allowForAll="false" inherit="false" name="administrators">
            <users>
                <userUuid>justin.watts</userUuid>
            </users>
            <groups/>
        </role>
        <role allowForAll="false" inherit="false" name="authors">
            <users/>
            <groups/>
        </role>
        <role allowForAll="false" inherit="false" name="denyAdministrators">
            <users/>
            <groups/>
        </role>
        <role allowForAll="false" inherit="false" name="denyAuthors">
            <users/>
            <groups/>
        </role>
        <role allowForAll="false" inherit="false" name="denyReaders">
            <users/>
            <groups/>
        </role>
        <role allowForAll="false" inherit="false" name="readers">
            <users/>
            <groups>
                <groupUuid>_e-0000dd29-17a1-8000-9aee-01075c01075c_100</groupUuid>
            </groups>
        </role>
    </roleMap>
</dataStoreHaul>
