<?xml version="1.0" encoding="UTF-8" standalone="yes"?>
<contentHaul xmlns:a="http://www.appian.com/ae/types/2009">
    <rule>
        <name>HELP_DASH_Resource_Summary</name>
        <uuid>0b9424c7-6db6-4113-9120-45ad0154e82f</uuid>
        <description>Help record summary interface</description>
        <parentUuid>_a-0000dd4b-0482-8000-9ba2-011c48011c48_16676</parentUuid>
        <visibility>
            <advertise>false</advertise>
            <hierarchy>true</hierarchy>
            <indexable>true</indexable>
            <quota>false</quota>
            <searchable>true</searchable>
            <system>false</system>
            <unlogged>false</unlogged>
        </visibility>
        <definition>load(
  local!resource_cdt: #&quot;0a0eea2a-81a2-4c39-9e5d-55f89dbd5df1&quot;(resourceId: ri!resourceId).data,
  local!filesPagingInfo: #&quot;SYSTEM_SYSRULES_pagingInfo&quot;(startIndex: 1, batchSize: 5, sort: #&quot;SYSTEM_SYSRULES_sortInfo&quot;(&quot;name&quot;, true)),
  local!linksPagingInfo: #&quot;SYSTEM_SYSRULES_pagingInfo&quot;(startIndex: 1, batchSize: 5, sort: #&quot;SYSTEM_SYSRULES_sortInfo&quot;(&quot;name&quot;, true)),
  local!resource_file_cdt: #&quot;_a-0000dd4b-0482-8000-9ba2-011c48011c48_19038&quot;(resourceId: ri!resourceId).data,
  local!resource_link_cdt: #&quot;_a-0000dd4b-0482-8000-9ba2-011c48011c48_19025&quot;(resourceId: ri!resourceId).data,
  local!averageRating: #&quot;_a-0000dd72-ed8d-8000-9ba2-011c48011c48_23569&quot;(resourceId: ri!resourceId),
  local!canRate: true,
  local!prevUserRating: #&quot;_a-0000dd72-ed8d-8000-9ba2-011c48011c48_23567&quot;(
      columns: {&quot;ratingId&quot;,&quot;resourceId&quot;,&quot;rating&quot;,&quot;ratingBy&quot;},
      pagingInfo: #&quot;SYSTEM_SYSRULES_pagingInfo&quot;(
        startIndex: 1,
        batchSize: 1
      ),
      resourceId: ri!resourceId,
      ratingBy: loggedInUser()
    ),
  local!hasRated: local!prevUserRating.totalCount &gt; 0,
  local!newRating,
  #&quot;SYSTEM_SYSRULES_dashboardLayout&quot;(
    firstColumnContents: {
      #&quot;_a-0000dd4b-0482-8000-9ba2-011c48011c48_19084&quot;(
        resource_cdt: local!resource_cdt,
        readOnly: true,
        recordFlag: true,
        averageRating: local!averageRating,
        canRate: local!canRate,
        newRating: local!newRating,
        existingRating: local!prevUserRating.data,
        hasRated: local!hasRated
      ),
      #&quot;_a-0000dd4b-0482-8000-9ba2-011c48011c48_19201&quot;(
        tabToShow: 1,
        pagingInfo: local!filesPagingInfo,
        hideTabLinksFlag: true,
        readOnly: true,
        resource_file_cdt: local!resource_file_cdt,
        dataSubset: todatasubset(local!resource_file_cdt, local!filesPagingInfo),
        resource_cdt: local!resource_cdt,
        createFlag: false
      ),
      #&quot;_a-0000dd4b-0482-8000-9ba2-011c48011c48_19236&quot;(
        tabToShow: 1,
        pagingInfo: local!linksPagingInfo,
        hideTabLinksFlag: true,
        readOnly: true,
        resource_link_cdt: local!resource_link_cdt,
        dataSubset: todatasubset(local!resource_link_cdt, local!linksPagingInfo),
        resource_cdt: local!resource_cdt,
        createFlag: false
      )
    }
  )
)</definition>
        <namedTypedValue>
            <name>resourceId</name>
            <type>
                <name>int</name>
                <namespace>http://www.w3.org/2001/XMLSchema</namespace>
            </type>
        </namedTypedValue>
        <preferredEditor>interface</preferredEditor>
        <offlineEnabled>false</offlineEnabled>
    </rule>
    <roleMap public="true">
        <role allowForAll="false" inherit="true" name="readers">
            <users/>
            <groups/>
        </role>
        <role allowForAll="false" inherit="true" name="authors">
            <users/>
            <groups/>
        </role>
        <role allowForAll="false" inherit="true" name="administrators">
            <users>
                <userUuid>justin.watts</userUuid>
            </users>
            <groups/>
        </role>
        <role allowForAll="false" inherit="false" name="denyReaders">
            <users/>
            <groups/>
        </role>
        <role allowForAll="false" inherit="false" name="denyAuthors">
            <users/>
            <groups/>
        </role>
        <role allowForAll="false" inherit="false" name="denyAdministrators">
            <users/>
            <groups/>
        </role>
    </roleMap>
    <typedValue>
        <type>
            <name>RuleTestConfig?list</name>
            <namespace>http://www.appian.com/ae/types/2009</namespace>
        </type>
        <value>
            <el>
                <a:name/>
                <a:ruleInputTestConfigs>
                    <a:value xmlns:xsi="http://www.w3.org/2001/XMLSchema-instance" xsi:type="a:Expression">27</a:value>
                    <a:nameRef>resourceId</a:nameRef>
                    <a:id/>
                </a:ruleInputTestConfigs>
                <a:assertions xmlns:xsi="http://www.w3.org/2001/XMLSchema-instance" xsi:nil="true"/>
            </el>
        </value>
    </typedValue>
</contentHaul>
