<?xml version="1.0" encoding="UTF-8" standalone="yes"?>
<contentHaul xmlns:a="http://www.appian.com/ae/types/2009">
    <rule>
        <name>HELP_SCT_Resource_basicInformation</name>
        <uuid>_a-0000dd4b-0482-8000-9ba2-011c48011c48_19084</uuid>
        <description>Basic information about a Help Record</description>
        <parentUuid>_a-0000dd4b-0482-8000-9ba2-011c48011c48_18233</parentUuid>
        <visibility>
            <advertise>false</advertise>
            <hierarchy>true</hierarchy>
            <indexable>true</indexable>
            <quota>false</quota>
            <searchable>true</searchable>
            <system>false</system>
            <unlogged>false</unlogged>
        </visibility>
        <definition>load(&#xD;
  local!r_resourceType_cdt: #&quot;_a-0000dd4b-0482-8000-9ba2-011c48011c48_18048&quot;(typeId: null, typeActiveFlg: true).data,&#xD;
  local!r_resourceCategory_cdt: #&quot;_a-0000dd4b-0482-8000-9ba2-011c48011c48_18054&quot;(categoryId: null, categoryActiveFlg: true).data,&#xD;
  local!r_resourceSubCategory_cdt,&#xD;
  /*local!r_resourceSubCategory_cdt: rule!HELP_QRY_R_getResourceSubCategory(subCategoryId: null, categoryId: ri!resource_cdt.categoryId, subCategoryActiveFlg: true).data,*/&#xD;
  local!r_tags_cdt: #&quot;_a-0000dd4b-0482-8000-9ba2-011c48011c48_18042&quot;(tagId: null).data,&#xD;
  local!disableTags: index(ri!resource_cdt, &quot;tags&quot;, &quot;missing&quot;)=&quot;missing&quot;,&#xD;
  local!notSpecified: if(ri!readOnly, &quot;Not Specified&quot;, {}),&#xD;
  #&quot;SYSTEM_SYSRULES_sectionLayout&quot;(&#xD;
    label: ri!label,&#xD;
    firstColumnContents: {&#xD;
      if(&#xD;
        ri!recordFlag, &#xD;
        {},&#xD;
        #&quot;_a-0000dd0d-462c-8000-9ba2-011c48011c48_3690&quot;(&#xD;
          label: &quot;Name&quot;,&#xD;
          value: index(ri!resource_cdt,&quot;name&quot;,&quot;&quot;),&#xD;
          saveInto: ri!resource_cdt.name,&#xD;
          readOnly:ri!readOnly,&#xD;
          required: ri!readOnly=false&#xD;
        )&#xD;
      ),&#xD;
      if(&#xD;
        #&quot;2168a5de-fb70-4d66-8b97-b547e3ac6e57&quot;(local!r_resourceType_cdt),&#xD;
        {},&#xD;
        #&quot;_a-0000dd0d-462c-8000-9ba2-011c48011c48_3685&quot;(&#xD;
          label: #&quot;_a-0000dd72-ed8d-8000-9ba2-011c48011c48_23389&quot;,&#xD;
          labelPosition: #&quot;7515f385-6042-4961-b666-89d55ce8534e&quot;(readOnly: ri!readOnly),&#xD;
          choiceLabels: local!r_resourceType_cdt.typeName,&#xD;
          choiceValues: local!r_resourceType_cdt.typeId,&#xD;
          required: true,&#xD;
          placeholderLabel: #&quot;_a-0000dd0d-462c-8000-9ba2-011c48011c48_4728&quot;,&#xD;
          value: index(ri!resource_cdt, &quot;typeId&quot;, null),&#xD;
          saveInto: ri!resource_cdt.typeId,&#xD;
          readOnly: ri!readOnly&#xD;
        )&#xD;
      ),&#xD;
      if(&#xD;
        #&quot;2168a5de-fb70-4d66-8b97-b547e3ac6e57&quot;(local!r_resourceCategory_cdt),&#xD;
        {},&#xD;
        #&quot;_a-0000dd0d-462c-8000-9ba2-011c48011c48_3685&quot;(&#xD;
          label: #&quot;_a-0000dd72-ed8d-8000-9ba2-011c48011c48_23390&quot;,&#xD;
          labelPosition: #&quot;7515f385-6042-4961-b666-89d55ce8534e&quot;(readOnly: ri!readOnly),&#xD;
          choiceLabels: local!r_resourceCategory_cdt.categoryName,&#xD;
          required: true,&#xD;
          readOnly: ri!readOnly,&#xD;
          choiceValues: local!r_resourceCategory_cdt.categoryId,&#xD;
          placeholderLabel: #&quot;_a-0000dd0d-462c-8000-9ba2-011c48011c48_4728&quot;,&#xD;
          value: index(ri!resource_cdt, &quot;categoryId&quot;, null),&#xD;
          saveInto: {&#xD;
            ri!resource_cdt.categoryId,&#xD;
            a!save(ri!resource_cdt.subCategoryId, null),&#xD;
            a!save(local!r_resourceSubCategory_cdt,&#xD;
              if(isnull(ri!resource_cdt.categoryId),&#xD;
                null,&#xD;
                #&quot;_a-0000dd4b-0482-8000-9ba2-011c48011c48_18135&quot;(categoryId: ri!resource_cdt.categoryId).data&#xD;
              )&#xD;
            )&#xD;
          }&#xD;
        )&#xD;
      ),&#xD;
      if(&#xD;
        #&quot;2168a5de-fb70-4d66-8b97-b547e3ac6e57&quot;(local!r_resourceSubCategory_cdt),&#xD;
        {},&#xD;
        #&quot;_a-0000dd0d-462c-8000-9ba2-011c48011c48_3685&quot;(&#xD;
          label: #&quot;_a-0000dd72-ed8d-8000-9ba2-011c48011c48_23391&quot;,&#xD;
          readOnly: ri!readOnly,&#xD;
          required: false,&#xD;
          labelPosition: #&quot;7515f385-6042-4961-b666-89d55ce8534e&quot;(readOnly: ri!readOnly),&#xD;
          choiceLabels: local!r_resourceSubCategory_cdt.subCategoryName,&#xD;
          choiceValues: local!r_resourceSubCategory_cdt.subCategoryId,&#xD;
          placeholderLabel: #&quot;_a-0000dd0d-462c-8000-9ba2-011c48011c48_4728&quot;,&#xD;
          value: index(ri!resource_cdt, &quot;subCategoryId&quot;, null),&#xD;
          saveInto: ri!resource_cdt.subCategoryId&#xD;
        )&#xD;
      ),&#xD;
      #&quot;_a-0000dd0d-462c-8000-9ba2-011c48011c48_3690&quot;(&#xD;
        label: &quot;Contact Name&quot;,&#xD;
        value: if(isnull(index(ri!resource_cdt, &quot;contactName&quot;, null)), local!notSpecified,index(ri!resource_cdt, &quot;contactName&quot;, null)),&#xD;
        saveInto: ri!resource_cdt.contactName,&#xD;
        readOnly: ri!readOnly,&#xD;
        validations: #&quot;b454db67-6211-40e7-9591-49b09bffedd5&quot;(&#xD;
          value: index(ri!resource_cdt, &quot;contactName&quot;, null),&#xD;
          maxLength: 255,&#xD;
          maxLengthMessage: &quot;Contact Name is limited to 255 characters&quot;&#xD;
        )&#xD;
      ),&#xD;
      #&quot;_a-0000dd0d-462c-8000-9ba2-011c48011c48_3690&quot;(&#xD;
        label: &quot;Contact Phone&quot;,&#xD;
        value: if(isnull(index(ri!resource_cdt, &quot;contactPhone&quot;, null)), local!notSpecified, #&quot;_a-0000dd72-ed8d-8000-9ba2-011c48011c48_23533&quot;(phoneNumber: index(ri!resource_cdt, &quot;contactPhone&quot;, null))),&#xD;
        saveInto: a!save(&#xD;
          ri!resource_cdt.contactPhone,&#xD;
          left(cleanwith(&#xD;
            save!value,&#xD;
            &quot;1234567890&quot;&#xD;
          ), 10)&#xD;
        ),&#xD;
        readOnly: ri!readOnly&#xD;
      ),&#xD;
      #&quot;_a-0000dd0d-462c-8000-9ba2-011c48011c48_3690&quot;(&#xD;
        label: &quot;Contact Email&quot;,&#xD;
        value: if(isnull(index(ri!resource_cdt, &quot;contactEmail&quot;, null)), local!notSpecified,index(ri!resource_cdt, &quot;contactEmail&quot;, null)) ,&#xD;
        saveInto: ri!resource_cdt.contactEmail,&#xD;
        readOnly: ri!readOnly,&#xD;
        validations: if(ri!readOnly,{},if(validateemailaddress(index(ri!resource_cdt, &quot;contactEmail&quot;, null)),&#xD;
          null,&#xD;
          &quot;Please enter a valid email address&quot;&#xD;
        ))&#xD;
      )&#xD;
    },&#xD;
    secondColumnContents: {&#xD;
      #&quot;_a-0000dd0d-462c-8000-9ba2-011c48011c48_3690&quot;(&#xD;
        label: &quot;Summary&quot;,&#xD;
        value: index(ri!resource_cdt, &quot;summary&quot;, null),&#xD;
        saveInto: ri!resource_cdt.summary,&#xD;
        required: not(ri!readOnly),&#xD;
        readOnly: ri!readOnly,&#xD;
        helpTooltip: if(ri!readOnly, &quot;&quot;, &quot;Provide a brief explanation of this Help record&quot;),&#xD;
        validations: #&quot;b454db67-6211-40e7-9591-49b09bffedd5&quot;(&#xD;
          value: index(ri!resource_cdt, &quot;summary&quot;, null),&#xD;
          maxLength: 255,&#xD;
          maxLengthMessage: &quot;Summary is limited to 255 characters&quot;&#xD;
          )&#xD;
      ),&#xD;
      #&quot;_a-0000dd0d-462c-8000-9ba2-011c48011c48_3687&quot;(&#xD;
        label: &quot;Description&quot;,&#xD;
        value:if(isnull(index(ri!resource_cdt,&quot;description&quot;,&quot;&quot;)), local!notSpecified,index(ri!resource_cdt,&quot;description&quot;,&quot;&quot;)) ,&#xD;
        saveInto: ri!resource_cdt.description,&#xD;
        readOnly:ri!readOnly,&#xD;
        validations: #&quot;b454db67-6211-40e7-9591-49b09bffedd5&quot;(&#xD;
          value: index(ri!resource_cdt, &quot;description&quot;, null),&#xD;
          maxLength: 4000,&#xD;
          maxLengthMessage: &quot;Description is limited to 4000 characters&quot;&#xD;
        )&#xD;
      ),&#xD;
      if(local!disableTags,&#xD;
        {},&#xD;
        #&quot;SYSTEM_SYSRULES_pickerFieldCustom&quot;(&#xD;
          label: &quot;Tags&quot;,&#xD;
          readOnly: ri!readOnly,&#xD;
          labelPosition: #&quot;7515f385-6042-4961-b666-89d55ce8534e&quot;(readOnly: ri!readOnly),&#xD;
          helpTooltip: if(ri!readOnly, &quot;&quot;, &quot;Type additional identifying information&quot;),&#xD;
          suggestFunction: #&quot;_a-0000dd4b-0482-8000-9ba2-011c48011c48_18274&quot;(&#xD;
            typedText: _, labels: local!r_tags_cdt.tagName&#xD;
          ),&#xD;
          selectedLabels: index(ri!resource_cdt.tags, &quot;tagName&quot;, {}),&#xD;
          value: index(ri!resource_cdt.tags, &quot;tagName&quot;, {}),&#xD;
          saveInto: {&#xD;
            a!save(ri!resource_cdt.tags,&#xD;
                #&quot;e57d1b56-e5e7-4299-971b-a957bf16eafa&quot;(apply(displayvalue(_, local!r_tags_cdt.tagName, local!r_tags_cdt, _),&#xD;
                  merge(save!value, apply('type!{urn:com:appian:types:HELP}HELP_R_Resource_Tag'(tagName: _), save!value))&#xD;
                ))&#xD;
            )&#xD;
          }&#xD;
        )&#xD;
      ),&#xD;
      if(&#xD;
        or(&#xD;
          ri!createFlag,&#xD;
          and(&#xD;
            not(ri!readOnly),&#xD;
            not(ri!createFlag)&#xD;
          )&#xD;
        ),&#xD;
        {},&#xD;
        {&#xD;
          #&quot;_a-0000dd72-ed8d-8000-9ba2-011c48011c48_23560&quot;(&#xD;
            averageRating: ri!averageRating,&#xD;
            readOnly: ri!readOnly,&#xD;
            canRate: false&#xD;
          ),&#xD;
          if(&#xD;
            ri!canRate,&#xD;
            if(&#xD;
              isnull(ri!newRating),&#xD;
              #&quot;SYSTEM_SYSRULES_richTextDisplayField&quot;(&#xD;
                labelPosition: &quot;COLLAPSED&quot;,&#xD;
                value: {&#xD;
                  &quot;         &quot;,&#xD;
                  #&quot;SYSTEM_SYSRULES_richTextItem&quot;(&#xD;
                    text: &#xD;
                      if(&#xD;
                        ri!hasRated,&#xD;
                        &quot;                        Modify your rating&quot;,&#xD;
                        &quot;                        Rate this Resource&quot;&#xD;
                      ),&#xD;
                    link: #&quot;SYSTEM_SYSRULES_dynamicLink&quot;(&#xD;
                      saveInto: &#xD;
                        a!save(&#xD;
                          ri!newRating, &#xD;
                          if(&#xD;
                            isnull(ri!existingRating.ratingId),&#xD;
                            0,&#xD;
                            ri!existingRating.rating&#xD;
                          )&#xD;
                        )&#xD;
                    )&#xD;
                  )&#xD;
                }&#xD;
              ),&#xD;
              #&quot;_a-0000dd72-ed8d-8000-9ba2-011c48011c48_23560&quot;(&#xD;
                averageRating: ri!newRating,&#xD;
                readOnly: ri!readOnly,&#xD;
                canRate: ri!canRate,&#xD;
                resourceId: ri!resource_cdt.resourceId,&#xD;
                onSuccess: a!save(&#xD;
                  ri!averageRating,&#xD;
                  #&quot;_a-0000dd72-ed8d-8000-9ba2-011c48011c48_23569&quot;(resourceId: ri!resource_cdt.resourceId)&#xD;
                ),&#xD;
                existingRating: ri!existingRating,&#xD;
                hasRated: ri!hasRated&#xD;
              )&#xD;
            ),&#xD;
            {}&#xD;
          )&#xD;
        }&#xD;
      )&#xD;
    }&#xD;
  )&#xD;
)</definition>
        <namedTypedValue>
            <name>resource_cdt</name>
            <type>
                <name>HELP_Resource</name>
                <namespace>urn:com:appian:types:HELP</namespace>
            </type>
        </namedTypedValue>
        <namedTypedValue>
            <name>readOnly</name>
            <type>
                <name>boolean</name>
                <namespace>http://www.w3.org/2001/XMLSchema</namespace>
            </type>
        </namedTypedValue>
        <namedTypedValue>
            <name>tags</name>
            <type>
                <name>HELP_R_Resource_Tag?list</name>
                <namespace>urn:com:appian:types:HELP</namespace>
            </type>
        </namedTypedValue>
        <namedTypedValue>
            <name>recordFlag</name>
            <type>
                <name>boolean</name>
                <namespace>http://www.w3.org/2001/XMLSchema</namespace>
            </type>
        </namedTypedValue>
        <namedTypedValue>
            <name>label</name>
            <type>
                <name>string</name>
                <namespace>http://www.w3.org/2001/XMLSchema</namespace>
            </type>
            <value/>
        </namedTypedValue>
        <namedTypedValue>
            <name>averageRating</name>
            <type>
                <name>int</name>
                <namespace>http://www.w3.org/2001/XMLSchema</namespace>
            </type>
        </namedTypedValue>
        <namedTypedValue>
            <name>canRate</name>
            <type>
                <name>boolean</name>
                <namespace>http://www.w3.org/2001/XMLSchema</namespace>
            </type>
        </namedTypedValue>
        <namedTypedValue>
            <name>newRating</name>
            <type>
                <name>int</name>
                <namespace>http://www.w3.org/2001/XMLSchema</namespace>
            </type>
        </namedTypedValue>
        <namedTypedValue>
            <name>createFlag</name>
            <type>
                <name>boolean</name>
                <namespace>http://www.w3.org/2001/XMLSchema</namespace>
            </type>
        </namedTypedValue>
        <namedTypedValue>
            <name>existingRating</name>
            <type>
                <name>HELP_Resource_Rating</name>
                <namespace>urn:com:appian:types:HELP</namespace>
            </type>
        </namedTypedValue>
        <namedTypedValue>
            <name>hasRated</name>
            <type>
                <name>boolean</name>
                <namespace>http://www.w3.org/2001/XMLSchema</namespace>
            </type>
        </namedTypedValue>
        <preferredEditor>interface</preferredEditor>
        <offlineEnabled>false</offlineEnabled>
    </rule>
    <roleMap public="true">
        <role allowForAll="false" inherit="true" name="readers">
            <users/>
            <groups/>
        </role>
        <role allowForAll="false" inherit="true" name="authors">
            <users/>
            <groups/>
        </role>
        <role allowForAll="false" inherit="true" name="administrators">
            <users>
                <userUuid>luke.schurman</userUuid>
            </users>
            <groups/>
        </role>
        <role allowForAll="false" inherit="false" name="denyReaders">
            <users/>
            <groups/>
        </role>
        <role allowForAll="false" inherit="false" name="denyAuthors">
            <users/>
            <groups/>
        </role>
        <role allowForAll="false" inherit="false" name="denyAdministrators">
            <users/>
            <groups/>
        </role>
    </roleMap>
    <typedValue>
        <type>
            <name>RuleTestConfig?list</name>
            <namespace>http://www.appian.com/ae/types/2009</namespace>
        </type>
        <value>
            <el>
                <a:name/>
                <a:ruleInputTestConfigs>
                    <a:value xmlns:xsi="http://www.w3.org/2001/XMLSchema-instance" xsi:type="a:Expression">'type!{urn:com:appian:types:HELP}HELP_Resource'(
  resourceId:27
)</a:value>
                    <a:nameRef>resource_cdt</a:nameRef>
                    <a:id/>
                </a:ruleInputTestConfigs>
                <a:ruleInputTestConfigs>
                    <a:value xmlns:xsd="http://www.w3.org/2001/XMLSchema" xmlns:xsi="http://www.w3.org/2001/XMLSchema-instance" xsi:type="xsd:boolean">true</a:value>
                    <a:nameRef>readOnly</a:nameRef>
                    <a:id/>
                </a:ruleInputTestConfigs>
                <a:ruleInputTestConfigs>
                    <a:nameRef>tags</a:nameRef>
                    <a:id/>
                </a:ruleInputTestConfigs>
                <a:ruleInputTestConfigs>
                    <a:value xmlns:xsd="http://www.w3.org/2001/XMLSchema" xmlns:xsi="http://www.w3.org/2001/XMLSchema-instance" xsi:nil="true" xsi:type="xsd:boolean"/>
                    <a:nameRef>recordFlag</a:nameRef>
                    <a:id/>
                </a:ruleInputTestConfigs>
                <a:ruleInputTestConfigs>
                    <a:value xmlns:xsd="http://www.w3.org/2001/XMLSchema" xmlns:xsi="http://www.w3.org/2001/XMLSchema-instance" xsi:type="xsd:string"/>
                    <a:nameRef>label</a:nameRef>
                    <a:id/>
                </a:ruleInputTestConfigs>
                <a:ruleInputTestConfigs>
                    <a:value xmlns:xsd="http://www.w3.org/2001/XMLSchema" xmlns:xsi="http://www.w3.org/2001/XMLSchema-instance" xsi:nil="true" xsi:type="xsd:int"/>
                    <a:nameRef>averageRating</a:nameRef>
                    <a:id/>
                </a:ruleInputTestConfigs>
                <a:ruleInputTestConfigs>
                    <a:value xmlns:xsd="http://www.w3.org/2001/XMLSchema" xmlns:xsi="http://www.w3.org/2001/XMLSchema-instance" xsi:type="xsd:boolean">true</a:value>
                    <a:nameRef>canRate</a:nameRef>
                    <a:id/>
                </a:ruleInputTestConfigs>
                <a:ruleInputTestConfigs>
                    <a:value xmlns:xsd="http://www.w3.org/2001/XMLSchema" xmlns:xsi="http://www.w3.org/2001/XMLSchema-instance" xsi:nil="true" xsi:type="xsd:int"/>
                    <a:nameRef>newRating</a:nameRef>
                    <a:id/>
                </a:ruleInputTestConfigs>
                <a:ruleInputTestConfigs>
                    <a:value xmlns:xsd="http://www.w3.org/2001/XMLSchema" xmlns:xsi="http://www.w3.org/2001/XMLSchema-instance" xsi:nil="true" xsi:type="xsd:boolean"/>
                    <a:nameRef>createFlag</a:nameRef>
                    <a:id/>
                </a:ruleInputTestConfigs>
                <a:ruleInputTestConfigs>
                    <a:value xmlns:xsi="http://www.w3.org/2001/XMLSchema-instance" xsi:type="a:Expression">'type!{urn:com:appian:types:HELP}HELP_Resource_Rating'(
  ratingId:7,
  resourceId:27,
  rating:8,
  ratingBy:&quot;eric.schiavo&quot;
)</a:value>
                    <a:nameRef>existingRating</a:nameRef>
                    <a:id/>
                </a:ruleInputTestConfigs>
                <a:ruleInputTestConfigs>
                    <a:value xmlns:xsd="http://www.w3.org/2001/XMLSchema" xmlns:xsi="http://www.w3.org/2001/XMLSchema-instance" xsi:type="xsd:boolean">true</a:value>
                    <a:nameRef>hasRated</a:nameRef>
                    <a:id/>
                </a:ruleInputTestConfigs>
                <a:assertions xmlns:xsi="http://www.w3.org/2001/XMLSchema-instance" xsi:nil="true"/>
            </el>
        </value>
    </typedValue>
</contentHaul>
