<?xml version="1.0" encoding="UTF-8" standalone="yes"?>
<contentHaul xmlns:a="http://www.appian.com/ae/types/2009">
    <rule>
        <name>HELP_FRM_Resource_addEdit</name>
        <uuid>_a-0000dd4b-0482-8000-9ba2-011c48011c48_19058</uuid>
        <description>Add or edit a new help resource</description>
        <parentUuid>_a-0000dd4b-0482-8000-9ba2-011c48011c48_16454</parentUuid>
        <visibility>
            <advertise>false</advertise>
            <hierarchy>true</hierarchy>
            <indexable>true</indexable>
            <quota>false</quota>
            <searchable>true</searchable>
            <system>false</system>
            <unlogged>false</unlogged>
        </visibility>
        <definition>load(
  local!filesPagingInfo: #&quot;SYSTEM_SYSRULES_pagingInfo&quot;(startIndex: 1, batchSize: 5, sort: #&quot;SYSTEM_SYSRULES_sortInfo&quot;(&quot;order&quot;, true)),
  local!linksPagingInfo: #&quot;SYSTEM_SYSRULES_pagingInfo&quot;(startIndex: 1, batchSize: 5, sort: #&quot;SYSTEM_SYSRULES_sortInfo&quot;(&quot;order&quot;, true)),
  local!commentsPagingInfo: #&quot;SYSTEM_SYSRULES_pagingInfo&quot;(startIndex: 1, batchSize: 5, sort: #&quot;SYSTEM_SYSRULES_sortInfo&quot;(&quot;commentDatetime&quot;)),
  local!filesDatasubset: if(ri!createFlag, null, todatasubset(ri!resource_file_cdt, local!filesPagingInfo)),
  local!linksDatasubset: if(ri!createFlag, null, todatasubset(ri!resource_link_cdt, local!linksPagingInfo)),
  local!commentsDatasubset: todatasubset(ri!resource_comment_cdt, local!commentsPagingInfo),
  local!filesTabToShow: ri!createFlag+1,
  local!linksTabToShow: ri!createFlag+1,
  local!submitButtonLabel: if(ri!createFlag, #&quot;_a-0000dd4b-0482-8000-9ba2-011c48011c48_16466&quot;, #&quot;_a-0000dd4b-0482-8000-9ba2-011c48011c48_16467&quot;),
  local!newComment,
  #&quot;SYSTEM_SYSRULES_formLayout&quot;(
    label: ri!formTitle,
    firstColumnContents: {
      if(ri!sendBackFlag,
        #&quot;SYSTEM_SYSRULES_sectionLayout&quot;(
          label: &quot;Reviewer Feedback&quot;,
          firstColumnContents: {
            #&quot;SYSTEM_SYSRULES_richTextDisplayField&quot;(
              value: #&quot;SYSTEM_SYSRULES_richTextItem&quot;(text: ri!approvalComments, style: &quot;EMPHASIS&quot;),
              align: &quot;CENTER&quot;
            )
          }
        ),
        {}
      ),
      #&quot;_a-0000dd4b-0482-8000-9ba2-011c48011c48_19084&quot;(
        resource_cdt: ri!resource_cdt, 
        readOnly: ri!readOnly,
        recordFlag: false,
        label: if(ri!sendBackFlag, &quot;Basic Information&quot;, null),
        createFlag: ri!createFlag
      ),
      #&quot;_a-0000dd4b-0482-8000-9ba2-011c48011c48_19201&quot;(
        tabToShow: local!filesTabToShow, 
        pagingInfo: local!filesPagingInfo,
        hideTabLinksFlag: ri!createFlag,
        readOnly: false,
        resource_file_cdt: ri!resource_file_cdt,
        datasubset: local!filesDatasubset,
        resource_cdt: ri!resource_cdt,
        createFlag: ri!createFlag
      ),
      #&quot;_a-0000dd4b-0482-8000-9ba2-011c48011c48_19236&quot;(
        tabToShow: local!linksTabToShow,
        pagingInfo: local!linksPagingInfo,
        hideTabLinksFlag: ri!createFlag,
        readOnly: false,
        resource_link_cdt: ri!resource_link_cdt,
        datasubset: local!linksDatasubset,
        resource_cdt: ri!resource_cdt,
        createFlag: ri!createFlag
      ),
      #&quot;_a-0000dd72-ed8d-8000-9ba2-011c48011c48_23433&quot;(
        resource_comment_cdt: ri!resource_comment_cdt,
        pagingInfo: local!commentsPagingInfo,
        dataSubset: local!commentsDatasubset,
        newComment: local!newComment,
        resourceId: ri!resource_cdt.resourceId,
        readOnly: false
      )
    },
    buttons:
      #&quot;SYSTEM_SYSRULES_ButtonLayout&quot;(
        primaryButtons: {
          #&quot;SYSTEM_SYSRULES_ButtonWidgetSubmit&quot;(
            label: local!submitButtonLabel,
            style: &quot;PRIMARY&quot;,
            value: local!submitButtonLabel,
            saveInto: {
              ri!buttonClicked,
              a!save(ri!documents, index(ri!resource_file_cdt, &quot;appianDocumentId&quot;, {}))
            }
          )
        },
        secondaryButtons: {
          #&quot;SYSTEM_SYSRULES_ButtonWidgetSubmit&quot;(
            label: &quot;Cancel&quot;,
            value: #&quot;_a-0000dd0d-462c-8000-9ba2-011c48011c48_5426&quot;,
            saveInto: {
              ri!buttonClicked,
              a!save(ri!documents, index(ri!resource_file_cdt, &quot;appianDocumentId&quot;, {}))
            },
            skipValidation: true
          )
        }
      ),
    validations: #&quot;_a-0000dd4b-0482-8000-9ba2-011c48011c48_19268&quot;(
      createFlag: ri!createFlag,
      resource_file_cdt: ri!resource_file_cdt,
      resource_link_cdt: ri!resource_link_cdt,
      resource_comment_cdt: ri!resource_comment_cdt
    )
  )
)</definition>
        <namedTypedValue>
            <name>resource_cdt</name>
            <type>
                <name>HELP_Resource</name>
                <namespace>urn:com:appian:types:HELP</namespace>
            </type>
        </namedTypedValue>
        <namedTypedValue>
            <name>readOnly</name>
            <type>
                <name>boolean</name>
                <namespace>http://www.w3.org/2001/XMLSchema</namespace>
            </type>
        </namedTypedValue>
        <namedTypedValue>
            <name>resource_file_cdt</name>
            <type>
                <name>HELP_Resource_File?list</name>
                <namespace>urn:com:appian:types:HELP</namespace>
            </type>
        </namedTypedValue>
        <namedTypedValue>
            <name>buttonClicked</name>
            <type>
                <name>string</name>
                <namespace>http://www.w3.org/2001/XMLSchema</namespace>
            </type>
            <value/>
        </namedTypedValue>
        <namedTypedValue>
            <name>createFlag</name>
            <type>
                <name>boolean</name>
                <namespace>http://www.w3.org/2001/XMLSchema</namespace>
            </type>
        </namedTypedValue>
        <namedTypedValue>
            <name>resource_link_cdt</name>
            <type>
                <name>HELP_Resource_Link?list</name>
                <namespace>urn:com:appian:types:HELP</namespace>
            </type>
        </namedTypedValue>
        <namedTypedValue>
            <name>documents</name>
            <type>
                <name>CollaborationDocument?list</name>
                <namespace>http://www.appian.com/ae/types/2009</namespace>
            </type>
        </namedTypedValue>
        <namedTypedValue>
            <name>sendBackFlag</name>
            <type>
                <name>boolean</name>
                <namespace>http://www.w3.org/2001/XMLSchema</namespace>
            </type>
        </namedTypedValue>
        <namedTypedValue>
            <name>approvalComments</name>
            <type>
                <name>string</name>
                <namespace>http://www.w3.org/2001/XMLSchema</namespace>
            </type>
            <value/>
        </namedTypedValue>
        <namedTypedValue>
            <name>formTitle</name>
            <type>
                <name>string</name>
                <namespace>http://www.w3.org/2001/XMLSchema</namespace>
            </type>
            <value/>
        </namedTypedValue>
        <namedTypedValue>
            <name>resource_comment_cdt</name>
            <type>
                <name>HELP_Resource_Comment?list</name>
                <namespace>urn:com:appian:types:HELP</namespace>
            </type>
        </namedTypedValue>
        <preferredEditor>interface</preferredEditor>
        <offlineEnabled>false</offlineEnabled>
    </rule>
    <roleMap public="true">
        <role allowForAll="false" inherit="true" name="readers">
            <users/>
            <groups/>
        </role>
        <role allowForAll="false" inherit="true" name="authors">
            <users/>
            <groups/>
        </role>
        <role allowForAll="false" inherit="true" name="administrators">
            <users>
                <userUuid>luke.schurman</userUuid>
                <userUuid>justin.watts</userUuid>
            </users>
            <groups/>
        </role>
        <role allowForAll="false" inherit="false" name="denyReaders">
            <users/>
            <groups/>
        </role>
        <role allowForAll="false" inherit="false" name="denyAuthors">
            <users/>
            <groups/>
        </role>
        <role allowForAll="false" inherit="false" name="denyAdministrators">
            <users/>
            <groups/>
        </role>
    </roleMap>
    <typedValue>
        <type>
            <name>RuleTestConfig?list</name>
            <namespace>http://www.appian.com/ae/types/2009</namespace>
        </type>
        <value>
            <el>
                <a:name/>
                <a:ruleInputTestConfigs>
                    <a:value xmlns:n1="urn:com:appian:types:HELP" xmlns:xsi="http://www.w3.org/2001/XMLSchema-instance" xsi:nil="true" xsi:type="n1:HELP_Resource"/>
                    <a:nameRef>resource_cdt</a:nameRef>
                    <a:id/>
                </a:ruleInputTestConfigs>
                <a:ruleInputTestConfigs>
                    <a:value xmlns:xsd="http://www.w3.org/2001/XMLSchema" xmlns:xsi="http://www.w3.org/2001/XMLSchema-instance" xsi:nil="true" xsi:type="xsd:boolean"/>
                    <a:nameRef>readOnly</a:nameRef>
                    <a:id/>
                </a:ruleInputTestConfigs>
                <a:ruleInputTestConfigs>
                    <a:nameRef>resource_file_cdt</a:nameRef>
                    <a:id/>
                </a:ruleInputTestConfigs>
                <a:ruleInputTestConfigs>
                    <a:value xmlns:xsd="http://www.w3.org/2001/XMLSchema" xmlns:xsi="http://www.w3.org/2001/XMLSchema-instance" xsi:type="xsd:string"/>
                    <a:nameRef>buttonClicked</a:nameRef>
                    <a:id/>
                </a:ruleInputTestConfigs>
                <a:ruleInputTestConfigs>
                    <a:value xmlns:xsd="http://www.w3.org/2001/XMLSchema" xmlns:xsi="http://www.w3.org/2001/XMLSchema-instance" xsi:nil="true" xsi:type="xsd:boolean"/>
                    <a:nameRef>createFlag</a:nameRef>
                    <a:id/>
                </a:ruleInputTestConfigs>
                <a:ruleInputTestConfigs>
                    <a:nameRef>resource_link_cdt</a:nameRef>
                    <a:id/>
                </a:ruleInputTestConfigs>
                <a:ruleInputTestConfigs>
                    <a:nameRef>documents</a:nameRef>
                    <a:id/>
                </a:ruleInputTestConfigs>
                <a:ruleInputTestConfigs>
                    <a:value xmlns:xsd="http://www.w3.org/2001/XMLSchema" xmlns:xsi="http://www.w3.org/2001/XMLSchema-instance" xsi:nil="true" xsi:type="xsd:boolean"/>
                    <a:nameRef>sendBackFlag</a:nameRef>
                    <a:id/>
                </a:ruleInputTestConfigs>
                <a:ruleInputTestConfigs>
                    <a:value xmlns:xsd="http://www.w3.org/2001/XMLSchema" xmlns:xsi="http://www.w3.org/2001/XMLSchema-instance" xsi:type="xsd:string"/>
                    <a:nameRef>approvalComments</a:nameRef>
                    <a:id/>
                </a:ruleInputTestConfigs>
                <a:ruleInputTestConfigs>
                    <a:value xmlns:xsd="http://www.w3.org/2001/XMLSchema" xmlns:xsi="http://www.w3.org/2001/XMLSchema-instance" xsi:type="xsd:string"/>
                    <a:nameRef>formTitle</a:nameRef>
                    <a:id/>
                </a:ruleInputTestConfigs>
                <a:ruleInputTestConfigs>
                    <a:nameRef>resource_comment_cdt</a:nameRef>
                    <a:id/>
                </a:ruleInputTestConfigs>
                <a:assertions xmlns:xsi="http://www.w3.org/2001/XMLSchema-instance" xsi:nil="true"/>
            </el>
        </value>
    </typedValue>
</contentHaul>
