<?xml version="1.0" encoding="UTF-8" standalone="yes"?>
<contentHaul xmlns:a="http://www.appian.com/ae/types/2009">
    <queryRule>
        <name>HELP_QRYR_getVResource</name>
        <uuid>_a-0000dd4b-0482-8000-9ba2-011c48011c48_20333</uuid>
        <description>Query rule to retrieve from HELP_V_Resource</description>
        <folderUuid>_a-0000dd4b-0482-8000-9ba2-011c48011c48_20332</folderUuid>
        <dataStoreEntityCompositeUuid>837e434c-7c86-48c8-ad1c-17b3bcedf73a@_a-0000dd4b-0482-8000-9ba2-011c48011c48_16432</dataStoreEntityCompositeUuid>
        <params>
            <param>
                <description></description>
                <name>name</name>
                <type>{http://www.w3.org/2001/XMLSchema}string</type>
            </param>
            <param>
                <description></description>
                <name>categoryId</name>
                <type>{http://www.w3.org/2001/XMLSchema}string</type>
            </param>
            <param>
                <description></description>
                <name>subCategoryId</name>
                <type>{http://www.w3.org/2001/XMLSchema}string</type>
            </param>
            <param>
                <description></description>
                <name>typeId</name>
                <type>{http://www.w3.org/2001/XMLSchema}string</type>
            </param>
            <param>
                <description></description>
                <name>summary</name>
                <type>{http://www.w3.org/2001/XMLSchema}string</type>
            </param>
            <param>
                <description></description>
                <name>description</name>
                <type>{http://www.w3.org/2001/XMLSchema}string</type>
            </param>
            <param>
                <description></description>
                <name>statusId</name>
                <type>{http://www.w3.org/2001/XMLSchema}string</type>
            </param>
            <param>
                <description></description>
                <name>tagIds</name>
                <type>{http://www.appian.com/ae/types/2009}Integer?list</type>
            </param>
        </params>
        <filters>
            <filter>
                <field>
                    <name>name</name>
                    <type>{http://www.w3.org/2001/XMLSchema}string</type>
                </field>
                <op>includes</op>
                <value>name</value>
                <valueType>PARAMETER</valueType>
            </filter>
            <filter>
                <field>
                    <name>categoryId</name>
                    <type>{http://www.w3.org/2001/XMLSchema}string</type>
                </field>
                <op>includes</op>
                <value>categoryId</value>
                <valueType>PARAMETER</valueType>
            </filter>
            <filter>
                <field>
                    <name>typeId</name>
                    <type>{http://www.w3.org/2001/XMLSchema}string</type>
                </field>
                <op>includes</op>
                <value>typeId</value>
                <valueType>PARAMETER</valueType>
            </filter>
            <filter>
                <field>
                    <name>statusId</name>
                    <type>{http://www.w3.org/2001/XMLSchema}string</type>
                </field>
                <op>includes</op>
                <value>statusId</value>
                <valueType>PARAMETER</valueType>
            </filter>
            <filter>
                <field>
                    <name>description</name>
                    <type>{http://www.w3.org/2001/XMLSchema}string</type>
                </field>
                <op>includes</op>
                <value>description</value>
                <valueType>PARAMETER</valueType>
            </filter>
            <filter>
                <field>
                    <name>subCategoryId</name>
                    <type>{http://www.w3.org/2001/XMLSchema}string</type>
                </field>
                <op>includes</op>
                <value>subCategoryId</value>
                <valueType>PARAMETER</valueType>
            </filter>
            <filter>
                <field>
                    <name>tags</name>
                    <type>{http://www.appian.com/ae/types/2009}List</type>
                </field>
                <field>
                    <name>tagId</name>
                    <type>{http://www.w3.org/2001/XMLSchema}int</type>
                </field>
                <op>in</op>
                <value>tagIds</value>
                <valueType>PARAMETER</valueType>
            </filter>
        </filters>
        <orderings>
            <ordering>
                <ascending>true</ascending>
                <field>
                    <name>resourceId</name>
                    <type>{http://www.w3.org/2001/XMLSchema}int</type>
                </field>
            </ordering>
        </orderings>
    </queryRule>
    <roleMap public="false">
        <role allowForAll="false" inherit="true" name="readers">
            <users/>
            <groups/>
        </role>
        <role allowForAll="false" inherit="true" name="authors">
            <users/>
            <groups/>
        </role>
        <role allowForAll="false" inherit="true" name="administrators">
            <users/>
            <groups/>
        </role>
        <role allowForAll="false" inherit="false" name="denyReaders">
            <users/>
            <groups/>
        </role>
        <role allowForAll="false" inherit="false" name="denyAuthors">
            <users/>
            <groups/>
        </role>
        <role allowForAll="false" inherit="false" name="denyAdministrators">
            <users/>
            <groups/>
        </role>
    </roleMap>
</contentHaul>
