<?xml version="1.0" encoding="UTF-8" standalone="yes"?>
<contentHaul xmlns:a="http://www.appian.com/ae/types/2009">
    <rule>
        <name>HELP_FRM_Resource_deleteConfirm</name>
        <uuid>_a-0000dd72-ed8d-8000-9ba2-011c48011c48_24230</uuid>
        <description>Deletion confirmation form displayed upon successful deletion of a help resource</description>
        <parentUuid>_a-0000dd4b-0482-8000-9ba2-011c48011c48_16454</parentUuid>
        <visibility>
            <advertise>false</advertise>
            <hierarchy>true</hierarchy>
            <indexable>true</indexable>
            <quota>false</quota>
            <searchable>true</searchable>
            <system>false</system>
            <unlogged>false</unlogged>
        </visibility>
        <definition>=#&quot;SYSTEM_SYSRULES_formLayout&quot;(
  label: &quot;Resource Deletion Confirmation&quot;,
  instructions: &quot;&quot;,
  firstColumnContents: {
    #&quot;SYSTEM_SYSRULES_textField&quot;(
      label: &quot;&quot;,
      labelPosition: &quot;ABOVE&quot;,
      readOnly:true,
      value:&quot;The help resource was successfully deleted. All data and artifacts related to the help resource have been removed from the system. Click the link below to go back to the Help Resources record.&quot;
    ),
    #&quot;SYSTEM_SYSRULES_linkField&quot;(
      label:&quot;&quot;,
      links:{
        #&quot;SYSTEM_SYSRULES_safeLink&quot;(
          label:&quot;All Resources&quot;,
          uri:urlforrecord(recordType:#&quot;_a-0000dd4b-0482-8000-9ba2-011c48011c48_20435&quot;)
        )
      }
    )
  }
)</definition>
        <preferredEditor>interface</preferredEditor>
        <offlineEnabled>false</offlineEnabled>
    </rule>
    <roleMap public="true">
        <role allowForAll="false" inherit="true" name="readers">
            <users/>
            <groups/>
        </role>
        <role allowForAll="false" inherit="true" name="authors">
            <users/>
            <groups/>
        </role>
        <role allowForAll="false" inherit="true" name="administrators">
            <users/>
            <groups/>
        </role>
        <role allowForAll="false" inherit="false" name="denyReaders">
            <users/>
            <groups/>
        </role>
        <role allowForAll="false" inherit="false" name="denyAuthors">
            <users/>
            <groups/>
        </role>
        <role allowForAll="false" inherit="false" name="denyAdministrators">
            <users/>
            <groups/>
        </role>
    </roleMap>
</contentHaul>
