<?xml version="1.0" encoding="UTF-8" standalone="yes"?>
<contentHaul xmlns:a="http://www.appian.com/ae/types/2009">
    <rule>
        <name>HELP_SCT_Resource_comment</name>
        <uuid>_a-0000dd72-ed8d-8000-9ba2-011c48011c48_23433</uuid>
        <description>Comments about a resource</description>
        <parentUuid>_a-0000dd4b-0482-8000-9ba2-011c48011c48_18233</parentUuid>
        <visibility>
            <advertise>false</advertise>
            <hierarchy>true</hierarchy>
            <indexable>true</indexable>
            <quota>false</quota>
            <searchable>true</searchable>
            <system>false</system>
            <unlogged>false</unlogged>
        </visibility>
        <definition>#&quot;SYSTEM_SYSRULES_sectionLayout&quot;(&#xD;
  label: &quot;Comments&quot;,&#xD;
  firstColumnContents: {&#xD;
    #&quot;SYSTEM_SYSRULES_gridField&quot;(&#xD;
      columns: {&#xD;
        #&quot;SYSTEM_SYSRULES_gridTextColumn&quot;(&#xD;
          label: &quot;Comment&quot;,&#xD;
          field: &quot;comment&quot;,&#xD;
          data: index(ri!dataSubset.data, &quot;comment&quot;, {})&#xD;
        ),&#xD;
        #&quot;SYSTEM_SYSRULES_gridTextColumn&quot;(&#xD;
          label: &quot;By&quot;,&#xD;
          field: #&quot;_a-0000dd0d-462c-8000-9ba2-011c48011c48_3897&quot;,&#xD;
          data: apply(&#xD;
            #&quot;64f07310-4544-413c-96ea-2bd500ad735e&quot;(user: _),&#xD;
            index(ri!dataSubset.data, &quot;commentBy&quot;, {})&#xD;
          )&#xD;
        ),&#xD;
        #&quot;SYSTEM_SYSRULES_gridTextColumn&quot;(&#xD;
          label: &quot;When&quot;,&#xD;
          field: &quot;commentDatetime&quot;,&#xD;
          data: index(ri!dataSubset.data, &quot;commentDatetime&quot;, {})&#xD;
        )&#xD;
      },&#xD;
      totalCount: ri!dataSubset.totalCount,&#xD;
      value: ri!pagingInfo,&#xD;
      saveInto: #&quot;4c0833a9-0127-4d25-9d6d-cb881c688e7d&quot;(&#xD;
        gridSelectionOrPagingInfo: ri!pagingInfo,&#xD;
        additionalSaveInto: a!save(&#xD;
          ri!dataSubset,&#xD;
          todatasubset(ri!resource_comment_cdt, ri!pagingInfo)&#xD;
        )&#xD;
      )&#xD;
    ),&#xD;
    if(and(not(ri!readOnly), isnull(ri!newComment)),&#xD;
      #&quot;SYSTEM_SYSRULES_linkField&quot;(&#xD;
        links: #&quot;SYSTEM_SYSRULES_dynamicLink&quot;(&#xD;
          label: &quot;+ Add New&quot;,&#xD;
          value: 'type!{urn:com:appian:types:HELP}HELP_Resource_Comment'(resourceId: ri!resourceId),&#xD;
          saveInto: ri!newComment&#xD;
        ),&#xD;
        labelPosition: &quot;COLLAPSED&quot;&#xD;
      ),&#xD;
      {}&#xD;
    ),&#xD;
    if(isnull(ri!newComment),&#xD;
      {},&#xD;
      {&#xD;
        #&quot;_a-0000dd0d-462c-8000-9ba2-011c48011c48_3687&quot;(&#xD;
          label: &quot;New Comment&quot;,&#xD;
          value: ri!newComment.comment,&#xD;
          saveInto: a!save(&#xD;
            ri!newComment.comment,&#xD;
            left(save!value, 4000)&#xD;
          )&#xD;
        ),&#xD;
        #&quot;_a-0000dd0d-462c-8000-9ba2-011c48011c48_5748&quot;(&#xD;
          deleteSaveInto: a!save(ri!newComment, null),&#xD;
          saveSaveInto: {&#xD;
            a!save(ri!newComment.commentBy, loggedInUser()),&#xD;
            a!save(ri!newComment.commentDatetime, now()),&#xD;
            a!save(&#xD;
              ri!resource_comment_cdt,&#xD;
              append(ri!resource_comment_cdt, ri!newComment)&#xD;
            ),&#xD;
            a!save(ri!newComment, null),&#xD;
            a!save(&#xD;
              ri!dataSubset,&#xD;
              todatasubset(ri!resource_comment_cdt, ri!pagingInfo)&#xD;
            )&#xD;
          }&#xD;
        )&#xD;
      }&#xD;
    )&#xD;
  }&#xD;
)</definition>
        <namedTypedValue>
            <name>resource_comment_cdt</name>
            <type>
                <name>HELP_Resource_Comment?list</name>
                <namespace>urn:com:appian:types:HELP</namespace>
            </type>
        </namedTypedValue>
        <namedTypedValue>
            <name>pagingInfo</name>
            <type>
                <name>PagingInfo</name>
                <namespace>http://www.appian.com/ae/types/2009</namespace>
            </type>
        </namedTypedValue>
        <namedTypedValue>
            <name>dataSubset</name>
            <type>
                <name>DataSubset</name>
                <namespace>http://www.appian.com/ae/types/2009</namespace>
            </type>
        </namedTypedValue>
        <namedTypedValue>
            <name>newComment</name>
            <type>
                <name>HELP_Resource_Comment</name>
                <namespace>urn:com:appian:types:HELP</namespace>
            </type>
        </namedTypedValue>
        <namedTypedValue>
            <name>resourceId</name>
            <type>
                <name>int</name>
                <namespace>http://www.w3.org/2001/XMLSchema</namespace>
            </type>
        </namedTypedValue>
        <namedTypedValue>
            <name>readOnly</name>
            <type>
                <name>boolean</name>
                <namespace>http://www.w3.org/2001/XMLSchema</namespace>
            </type>
        </namedTypedValue>
        <preferredEditor>interface</preferredEditor>
        <offlineEnabled>false</offlineEnabled>
    </rule>
    <roleMap public="true">
        <role allowForAll="false" inherit="true" name="readers">
            <users/>
            <groups/>
        </role>
        <role allowForAll="false" inherit="true" name="authors">
            <users/>
            <groups/>
        </role>
        <role allowForAll="false" inherit="true" name="administrators">
            <users/>
            <groups/>
        </role>
        <role allowForAll="false" inherit="false" name="denyReaders">
            <users/>
            <groups/>
        </role>
        <role allowForAll="false" inherit="false" name="denyAuthors">
            <users/>
            <groups/>
        </role>
        <role allowForAll="false" inherit="false" name="denyAdministrators">
            <users/>
            <groups/>
        </role>
    </roleMap>
    <typedValue>
        <type>
            <name>RuleTestConfig?list</name>
            <namespace>http://www.appian.com/ae/types/2009</namespace>
        </type>
        <value>
            <el>
                <a:name/>
                <a:ruleInputTestConfigs>
                    <a:nameRef>resource_comment_cdt</a:nameRef>
                    <a:id/>
                </a:ruleInputTestConfigs>
                <a:ruleInputTestConfigs>
                    <a:value xmlns:xsi="http://www.w3.org/2001/XMLSchema-instance" xsi:type="a:Expression">topaginginfo(1, -1)</a:value>
                    <a:nameRef>pagingInfo</a:nameRef>
                    <a:id/>
                </a:ruleInputTestConfigs>
                <a:ruleInputTestConfigs>
                    <a:value xmlns:xsi="http://www.w3.org/2001/XMLSchema-instance" xsi:type="a:Expression">todatasubset({}, topaginginfo(1, -1))</a:value>
                    <a:nameRef>dataSubset</a:nameRef>
                    <a:id/>
                </a:ruleInputTestConfigs>
                <a:ruleInputTestConfigs>
                    <a:value xmlns:n1="urn:com:appian:types:HELP" xmlns:xsi="http://www.w3.org/2001/XMLSchema-instance" xsi:nil="true" xsi:type="n1:HELP_Resource_Comment"/>
                    <a:nameRef>newComment</a:nameRef>
                    <a:id/>
                </a:ruleInputTestConfigs>
                <a:ruleInputTestConfigs>
                    <a:value xmlns:xsd="http://www.w3.org/2001/XMLSchema" xmlns:xsi="http://www.w3.org/2001/XMLSchema-instance" xsi:nil="true" xsi:type="xsd:int"/>
                    <a:nameRef>resourceId</a:nameRef>
                    <a:id/>
                </a:ruleInputTestConfigs>
                <a:ruleInputTestConfigs>
                    <a:value xmlns:xsd="http://www.w3.org/2001/XMLSchema" xmlns:xsi="http://www.w3.org/2001/XMLSchema-instance" xsi:type="xsd:boolean">false</a:value>
                    <a:nameRef>readOnly</a:nameRef>
                    <a:id/>
                </a:ruleInputTestConfigs>
                <a:assertions xmlns:xsi="http://www.w3.org/2001/XMLSchema-instance" xsi:nil="true"/>
            </el>
        </value>
    </typedValue>
</contentHaul>
