<?xml version="1.0" encoding="UTF-8" standalone="yes"?>
<contentHaul xmlns:a="http://www.appian.com/ae/types/2009">
    <rule>
        <name>HELP_CMPT_Video_Field</name>
        <uuid>_a-0000dd72-ed8d-8000-9ba2-011c48011c48_24030</uuid>
        <description>Section that shows video field</description>
        <parentUuid>_a-0000dd72-ed8d-8000-9ba2-011c48011c48_23559</parentUuid>
        <visibility>
            <advertise>false</advertise>
            <hierarchy>true</hierarchy>
            <indexable>true</indexable>
            <quota>false</quota>
            <searchable>true</searchable>
            <system>false</system>
            <unlogged>false</unlogged>
        </visibility>
        <definition>      if(contains(#&quot;_a-0000dd72-ed8d-8000-9ba2-011c48011c48_23905&quot;,document(ri!resource_file_cdt.appianDocumentId,&quot;extension&quot;)),&#xD;
     {&#xD;
      #&quot;SYSTEM_SYSRULES_videoField&quot;(&#xD;
        label: ri!resource_file_cdt.name,&#xD;
        instructions: &quot;Streaming video not supported in IE 10 or lower.&quot;,&#xD;
        videos: {&#xD;
          #&quot;SYSTEM_SYSRULES_webVideo&quot;(&#xD;
            source: extract(linktodocument(0, &quot;doc&quot;), char(34), &quot;0&quot;)&amp;ri!resource_file_cdt.appianDocumentId&#xD;
          )&#xD;
        })},&#xD;
      {}&#xD;
        )&#xD;
</definition>
        <namedTypedValue>
            <name>resource_file_cdt</name>
            <type>
                <name>HELP_Resource_File</name>
                <namespace>urn:com:appian:types:HELP</namespace>
            </type>
        </namedTypedValue>
        <preferredEditor>interface</preferredEditor>
        <offlineEnabled>false</offlineEnabled>
    </rule>
    <roleMap public="true">
        <role allowForAll="false" inherit="true" name="readers">
            <users/>
            <groups/>
        </role>
        <role allowForAll="false" inherit="true" name="authors">
            <users/>
            <groups/>
        </role>
        <role allowForAll="false" inherit="true" name="administrators">
            <users>
                <userUuid>morgan.gautho</userUuid>
            </users>
            <groups/>
        </role>
        <role allowForAll="false" inherit="false" name="denyReaders">
            <users/>
            <groups/>
        </role>
        <role allowForAll="false" inherit="false" name="denyAuthors">
            <users/>
            <groups/>
        </role>
        <role allowForAll="false" inherit="false" name="denyAdministrators">
            <users/>
            <groups/>
        </role>
    </roleMap>
</contentHaul>
