<?xml version="1.0" encoding="UTF-8" standalone="yes"?>
<contentHaul xmlns:a="http://www.appian.com/ae/types/2009">
    <rule>
        <name>HELP_RULE_VAL_addEditValidations</name>
        <uuid>_a-0000dd4b-0482-8000-9ba2-011c48011c48_19268</uuid>
        <description>Validations for the Add/Edit Form</description>
        <parentUuid>_a-0000dd4b-0482-8000-9ba2-011c48011c48_19267</parentUuid>
        <visibility>
            <advertise>false</advertise>
            <hierarchy>true</hierarchy>
            <indexable>true</indexable>
            <quota>false</quota>
            <searchable>true</searchable>
            <system>false</system>
            <unlogged>false</unlogged>
        </visibility>
        <definition>with(
  local!filesValidation: if(
    any(
      #&quot;2168a5de-fb70-4d66-8b97-b547e3ac6e57&quot;,
      index(ri!resource_file_cdt, &quot;appianDocumentId&quot;, {})
    ),
    #&quot;SYSTEM_SYSRULES_validationMessage&quot;(
      message: &quot;You have added at least one row to the Files grid without specifying a file&quot;,
      validateAfter: &quot;SUBMIT&quot;
    ),
    null
    ),
  local!linksValidation: if(
    any(
      #&quot;2168a5de-fb70-4d66-8b97-b547e3ac6e57&quot;,
      index(ri!resource_link_cdt, &quot;link&quot;, {})
    ),
    #&quot;SYSTEM_SYSRULES_validationMessage&quot;(
      message: &quot;You have added at least one row to the Links grid without specifying a link&quot;,
      validateAfter: &quot;SUBMIT&quot;
    ),
    null
  ),
  local!commentsValidation: if(ri!createFlag,
    null,
    if(
      any(
        fn!isnull,
        {index(ri!resource_comment_cdt, &quot;commentId&quot;, null)}
      ),
      null,
      #&quot;SYSTEM_SYSRULES_validationMessage&quot;(
        message: &quot;You must add at least one comment&quot;,
        validateAfter: &quot;SUBMIT&quot;
      )
    )
  ),
  reject(fn!isnull, {local!filesValidation, local!linksValidation, local!commentsValidation})
)</definition>
        <namedTypedValue>
            <name>createFlag</name>
            <type>
                <name>boolean</name>
                <namespace>http://www.w3.org/2001/XMLSchema</namespace>
            </type>
        </namedTypedValue>
        <namedTypedValue>
            <name>resource_file_cdt</name>
            <type>
                <name>HELP_Resource_File?list</name>
                <namespace>urn:com:appian:types:HELP</namespace>
            </type>
        </namedTypedValue>
        <namedTypedValue>
            <name>resource_link_cdt</name>
            <type>
                <name>HELP_Resource_Link?list</name>
                <namespace>urn:com:appian:types:HELP</namespace>
            </type>
        </namedTypedValue>
        <namedTypedValue>
            <name>resource_comment_cdt</name>
            <type>
                <name>HELP_Resource_Comment?list</name>
                <namespace>urn:com:appian:types:HELP</namespace>
            </type>
        </namedTypedValue>
        <preferredEditor>legacy</preferredEditor>
        <offlineEnabled>false</offlineEnabled>
    </rule>
    <roleMap public="true">
        <role allowForAll="false" inherit="true" name="readers">
            <users/>
            <groups/>
        </role>
        <role allowForAll="false" inherit="true" name="authors">
            <users/>
            <groups/>
        </role>
        <role allowForAll="false" inherit="true" name="administrators">
            <users/>
            <groups/>
        </role>
        <role allowForAll="false" inherit="false" name="denyReaders">
            <users/>
            <groups/>
        </role>
        <role allowForAll="false" inherit="false" name="denyAuthors">
            <users/>
            <groups/>
        </role>
        <role allowForAll="false" inherit="false" name="denyAdministrators">
            <users/>
            <groups/>
        </role>
    </roleMap>
</contentHaul>
