<?xml version="1.0" encoding="UTF-8" standalone="yes"?>
<contentHaul xmlns:a="http://www.appian.com/ae/types/2009">
    <rule>
        <name>HELP_DASH_Resource_Comments</name>
        <uuid>_a-0000dd72-ed8d-8000-9ba2-011c48011c48_23517</uuid>
        <description>Help record comments interface</description>
        <parentUuid>_a-0000dd4b-0482-8000-9ba2-011c48011c48_16676</parentUuid>
        <visibility>
            <advertise>false</advertise>
            <hierarchy>true</hierarchy>
            <indexable>true</indexable>
            <quota>false</quota>
            <searchable>true</searchable>
            <system>false</system>
            <unlogged>false</unlogged>
        </visibility>
        <definition>load(
  local!pagingInfo: #&quot;SYSTEM_SYSRULES_pagingInfo&quot;(startIndex: 1, batchSize: 10, sort: #&quot;SYSTEM_SYSRULES_sortInfo&quot;(&quot;commentDatetime&quot;)),
  local!dataSubset: #&quot;_a-0000dd72-ed8d-8000-9ba2-011c48011c48_23443&quot;(
    pagingInfo: local!pagingInfo,
    resourceId: ri!resourceId
  ),
  local!newComment,
  local!error,
  local!isAnonymous: false,
  #&quot;SYSTEM_SYSRULES_dashboardLayout&quot;(
    firstColumnContents: {
      #&quot;SYSTEM_SYSRULES_gridField&quot;(
        columns: {
          #&quot;SYSTEM_SYSRULES_gridTextColumn&quot;(
            label: &quot;Comment&quot;,
            field: &quot;comment&quot;,
            data: index(local!dataSubset.data, &quot;comment&quot;, {})
          ),
          #&quot;SYSTEM_SYSRULES_gridTextColumn&quot;(
            label: &quot;By&quot;,
            field: #&quot;_a-0000dd0d-462c-8000-9ba2-011c48011c48_3897&quot;,
            data: apply(
              #&quot;64f07310-4544-413c-96ea-2bd500ad735e&quot;(user: _),
              index(local!dataSubset.data, &quot;commentBy&quot;, {})
            )
          ),
          #&quot;SYSTEM_SYSRULES_gridTextColumn&quot;(
            label: &quot;When&quot;,
            field: &quot;commentDatetime&quot;,
            data: index(local!dataSubset.data, &quot;commentDatetime&quot;, {})
          )
        },
        totalCount: local!dataSubset.totalCount,
        value: local!pagingInfo,
        saveInto: #&quot;4c0833a9-0127-4d25-9d6d-cb881c688e7d&quot;(
          gridSelectionOrPagingInfo: local!pagingInfo,
          additionalSaveInto: {
            a!save(
              local!dataSubset,
              #&quot;_a-0000dd72-ed8d-8000-9ba2-011c48011c48_23443&quot;(
                pagingInfo: local!pagingInfo,
                resourceId: ri!resourceId
              )
            ),
            a!save(local!error, false)
          }
        )
      ),
      /*if(and(isusermemberofgroup(loggedInUser(), cons!HELP_GRP_EDITORS), isnull(local!newComment)),*/
      /*  a!linkField(*/
      /*    links: a!dynamicLink(*/
      /*      label: &quot;+ Add New&quot;,*/
      /*      value: 'type!{urn:com:appian:types:HELP}HELP_Resource_Comment'(resourceId: ri!resourceId),*/
      /*      saveInto: {*/
      /*        local!newComment,*/
      /*        a!save(local!error, false)*/
      /*      }*/
      /*    ),*/
      /*    labelPosition: &quot;COLLAPSED&quot;*/
      /*  ),*/
      /*  {}*/
      /*),*/
      if(isnull(local!newComment),
        {},
        {
          #&quot;_a-0000dd0d-462c-8000-9ba2-011c48011c48_3687&quot;(
            label: &quot;New Comment&quot;,
            value: local!newComment.comment,
            saveInto: a!save(
              local!newComment.comment,
              left(save!value, 4000)
            ),
            refreshAfter: &quot;KEYPRESS&quot;
          ),
          if(isnull(local!newComment.comment),
            {},
            #&quot;_a-0000dd0d-462c-8000-9ba2-011c48011c48_5748&quot;(
              deleteSaveInto: {
                a!save(local!newComment, null),
                a!save(local!isAnonymous, false)
              },
              saveSaveInto: {
                a!save(
                  local!newComment.commentBy,
                  if(local!isAnonymous,
                    #&quot;_a-0000dd72-ed8d-8000-9ba2-011c48011c48_23596&quot;,
                    loggedInUser()
                  )
                ),
                a!save(local!newComment.commentDatetime, now()),
                #&quot;SYSTEM_SYSRULES_writeToDataStoreEntity&quot;(
                  dataStoreEntity: #&quot;_a-0000dd72-ed8d-8000-9ba2-011c48011c48_23441&quot;,
                  valueToStore: local!newComment,
                  onSuccess: a!save(
                    local!dataSubset,
                    #&quot;_a-0000dd72-ed8d-8000-9ba2-011c48011c48_23443&quot;(
                      pagingInfo: local!pagingInfo,
                      resourceId: ri!resourceId
                    )
                  ),
                  onError: a!save(local!error, true)
                ),
                a!save(local!newComment, null),
                a!save(local!isAnonymous, false)
              },
              rightSideValues: {
                &quot;   &quot;,
                #&quot;SYSTEM_SYSRULES_richTextImage&quot;(
                  image: #&quot;SYSTEM_SYSRULES_documentImage&quot;(
                    document: if(local!isAnonymous,
                      #&quot;_a-0000dd72-ed8d-8000-9ba2-011c48011c48_23594&quot;,
                      #&quot;_a-0000dd72-ed8d-8000-9ba2-011c48011c48_23593&quot;
                    ),
                    link: #&quot;SYSTEM_SYSRULES_dynamicLink&quot;(
                      saveInto: a!save(local!isAnonymous, not(local!isAnonymous))
                    )
                  )
                ),
                &quot;Make Anonymous&quot;
              }
            )
          )
        }
      ),
      if(local!error,
        #&quot;SYSTEM_SYSRULES_sectionLayout&quot;(
          validations: #&quot;SYSTEM_SYSRULES_validationMessage&quot;(
            message: &quot;There was an error adding the comment&quot;
          )
        ),
        {}
      )
    }
  )
)</definition>
        <namedTypedValue>
            <name>resourceId</name>
            <type>
                <name>int</name>
                <namespace>http://www.w3.org/2001/XMLSchema</namespace>
            </type>
        </namedTypedValue>
        <preferredEditor>interface</preferredEditor>
        <offlineEnabled>false</offlineEnabled>
    </rule>
    <roleMap public="true">
        <role allowForAll="false" inherit="true" name="readers">
            <users/>
            <groups/>
        </role>
        <role allowForAll="false" inherit="true" name="authors">
            <users/>
            <groups/>
        </role>
        <role allowForAll="false" inherit="true" name="administrators">
            <users>
                <userUuid>rob.turverey</userUuid>
                <userUuid>justin.watts</userUuid>
            </users>
            <groups/>
        </role>
        <role allowForAll="false" inherit="false" name="denyReaders">
            <users/>
            <groups/>
        </role>
        <role allowForAll="false" inherit="false" name="denyAuthors">
            <users/>
            <groups/>
        </role>
        <role allowForAll="false" inherit="false" name="denyAdministrators">
            <users/>
            <groups/>
        </role>
    </roleMap>
</contentHaul>
