<?xml version="1.0" encoding="UTF-8" standalone="yes"?>
<contentHaul xmlns:a="http://www.appian.com/ae/types/2009">
    <rule>
        <name>HELP_QRY_V_getResource</name>
        <uuid>_a-0000dd4b-0482-8000-9ba2-011c48011c48_18370</uuid>
        <description>Queries HELP_V_Resource</description>
        <parentUuid>_a-0000dd4b-0482-8000-9ba2-011c48011c48_16701</parentUuid>
        <visibility>
            <advertise>false</advertise>
            <hierarchy>true</hierarchy>
            <indexable>true</indexable>
            <quota>false</quota>
            <searchable>true</searchable>
            <system>false</system>
            <unlogged>false</unlogged>
        </visibility>
        <definition>#&quot;fdea6255-5ee8-42a2-bdb1-aace3c917d86&quot;(
  entity: #&quot;_a-0000dd4b-0482-8000-9ba2-011c48011c48_18371&quot;,
  columns: ri!columns,
  logicalExpression: #&quot;SYSTEM_SYSRULES_queryLogicalExpression&quot;(
    operator: &quot;AND&quot;,
    filters: {
      #&quot;SYSTEM_SYSRULES_queryFilter&quot;(field: &quot;resourceId&quot;, operator: &quot;not null&quot;),
      if(isnull(ri!resourceId), {}, #&quot;SYSTEM_SYSRULES_queryFilter&quot;(field: &quot;resourceId&quot;, operator: &quot;=&quot;, value: ri!resourceId)),
      if(isnull(ri!name), {}, #&quot;SYSTEM_SYSRULES_queryFilter&quot;(field: &quot;name&quot;, operator: &quot;includes&quot;, value: ri!name)),
      if(isnull(ri!categoryId), {}, #&quot;SYSTEM_SYSRULES_queryFilter&quot;(field: &quot;categoryId&quot;, operator: &quot;=&quot;, value: ri!categoryId)),
      if(isnull(ri!categoryDisplay), {}, #&quot;SYSTEM_SYSRULES_queryFilter&quot;(field: &quot;categoryDisplay&quot;, operator: &quot;=&quot;, value: ri!categoryDisplay)),
      if(isnull(ri!subCategoryId), {}, #&quot;SYSTEM_SYSRULES_queryFilter&quot;(field: &quot;subCategoryId&quot;, operator: &quot;=&quot;, value: ri!subCategoryId)),
      if(isnull(ri!subCategoryDisplay), {}, #&quot;SYSTEM_SYSRULES_queryFilter&quot;(field: &quot;subCategoryDisplay&quot;, operator: &quot;=&quot;, value: ri!subCategoryDisplay)),
      if(isnull(ri!typeId), {}, #&quot;SYSTEM_SYSRULES_queryFilter&quot;(field: &quot;typeId&quot;, operator: &quot;=&quot;, value: ri!typeId)),
      if(isnull(ri!typeDisplay), {}, #&quot;SYSTEM_SYSRULES_queryFilter&quot;(field: &quot;typeDisplay&quot;, operator: &quot;=&quot;, value: ri!typeDisplay)),
      if(isnull(ri!summary), {}, #&quot;SYSTEM_SYSRULES_queryFilter&quot;(field: &quot;summary&quot;, operator: &quot;includes&quot;, value: ri!summary)),
      if(isnull(ri!description), {}, #&quot;SYSTEM_SYSRULES_queryFilter&quot;(field: &quot;description&quot;, operator: &quot;includes&quot;, value: ri!description)),
      if(isnull(ri!knowledgeCenterId), {}, #&quot;SYSTEM_SYSRULES_queryFilter&quot;(field: &quot;knowledgeCenterId&quot;, operator: &quot;=&quot;, value: ri!knowledgeCenterId)),
      if(isnull(ri!internalFlag), {}, #&quot;SYSTEM_SYSRULES_queryFilter&quot;(field: &quot;internalFlag&quot;, operator: &quot;=&quot;, value: ri!internalFlag)),
      if(isnull(ri!statusId), {}, #&quot;SYSTEM_SYSRULES_queryFilter&quot;(field: &quot;statusId&quot;, operator: &quot;=&quot;, value: ri!statusId)),
      if(isnull(ri!statusDisplay), {}, #&quot;SYSTEM_SYSRULES_queryFilter&quot;(field: &quot;statusDisplay&quot;, operator: &quot;=&quot;, value: ri!statusDisplay)),
      if(isnull(ri!createdDatetimeFrom), {}, #&quot;SYSTEM_SYSRULES_queryFilter&quot;(field: &quot;createdDatetime&quot;, operator: &quot;&gt;=&quot;, value: ri!createdDatetimeFrom)),
      if(isnull(ri!createdDatetimeTo), {}, #&quot;SYSTEM_SYSRULES_queryFilter&quot;(field: &quot;createdDatetime&quot;, operator: &quot;&lt;=&quot;, value: ri!createdDatetimeTo)),
      if(isnull(ri!modifiedDatetimeFrom), {}, #&quot;SYSTEM_SYSRULES_queryFilter&quot;(field: &quot;modifiedDatetime&quot;, operator: &quot;&gt;=&quot;, value: ri!modifiedDatetimeFrom)),
      if(isnull(ri!modifiedDatetimeTo), {}, #&quot;SYSTEM_SYSRULES_queryFilter&quot;(field: &quot;modifiedDatetime&quot;, operator: &quot;&lt;=&quot;, value: ri!modifiedDatetimeTo))
    }
  ),
  pagingInfo: if(isnull(ri!pagingInfo),
    #&quot;SYSTEM_SYSRULES_pagingInfo&quot;(startIndex: 1, batchSize: -1, sort: #&quot;SYSTEM_SYSRULES_sortInfo&quot;(field: &quot;modifiedDatetime&quot;, ascending: false)),
    ri!pagingInfo
  )
)</definition>
        <namedTypedValue>
            <name>columns</name>
            <type>
                <name>Text?list</name>
                <namespace>http://www.appian.com/ae/types/2009</namespace>
            </type>
        </namedTypedValue>
        <namedTypedValue>
            <name>pagingInfo</name>
            <type>
                <name>Variant</name>
                <namespace>http://www.appian.com/ae/types/2009</namespace>
            </type>
        </namedTypedValue>
        <namedTypedValue>
            <name>resourceId</name>
            <type>
                <name>int</name>
                <namespace>http://www.w3.org/2001/XMLSchema</namespace>
            </type>
        </namedTypedValue>
        <namedTypedValue>
            <name>name</name>
            <type>
                <name>string</name>
                <namespace>http://www.w3.org/2001/XMLSchema</namespace>
            </type>
            <value/>
        </namedTypedValue>
        <namedTypedValue>
            <name>categoryId</name>
            <type>
                <name>string</name>
                <namespace>http://www.w3.org/2001/XMLSchema</namespace>
            </type>
            <value/>
        </namedTypedValue>
        <namedTypedValue>
            <name>categoryDisplay</name>
            <type>
                <name>string</name>
                <namespace>http://www.w3.org/2001/XMLSchema</namespace>
            </type>
            <value/>
        </namedTypedValue>
        <namedTypedValue>
            <name>subCategoryId</name>
            <type>
                <name>string</name>
                <namespace>http://www.w3.org/2001/XMLSchema</namespace>
            </type>
            <value/>
        </namedTypedValue>
        <namedTypedValue>
            <name>subCategoryDisplay</name>
            <type>
                <name>string</name>
                <namespace>http://www.w3.org/2001/XMLSchema</namespace>
            </type>
            <value/>
        </namedTypedValue>
        <namedTypedValue>
            <name>typeId</name>
            <type>
                <name>string</name>
                <namespace>http://www.w3.org/2001/XMLSchema</namespace>
            </type>
            <value/>
        </namedTypedValue>
        <namedTypedValue>
            <name>typeDisplay</name>
            <type>
                <name>string</name>
                <namespace>http://www.w3.org/2001/XMLSchema</namespace>
            </type>
            <value/>
        </namedTypedValue>
        <namedTypedValue>
            <name>description</name>
            <type>
                <name>string</name>
                <namespace>http://www.w3.org/2001/XMLSchema</namespace>
            </type>
            <value/>
        </namedTypedValue>
        <namedTypedValue>
            <name>knowledgeCenterId</name>
            <type>
                <name>int</name>
                <namespace>http://www.w3.org/2001/XMLSchema</namespace>
            </type>
        </namedTypedValue>
        <namedTypedValue>
            <name>createdDatetimeFrom</name>
            <type>
                <name>dateTime</name>
                <namespace>http://www.w3.org/2001/XMLSchema</namespace>
            </type>
        </namedTypedValue>
        <namedTypedValue>
            <name>createdDatetimeTo</name>
            <type>
                <name>dateTime</name>
                <namespace>http://www.w3.org/2001/XMLSchema</namespace>
            </type>
        </namedTypedValue>
        <namedTypedValue>
            <name>modifiedDatetimeFrom</name>
            <type>
                <name>dateTime</name>
                <namespace>http://www.w3.org/2001/XMLSchema</namespace>
            </type>
        </namedTypedValue>
        <namedTypedValue>
            <name>modifiedDatetimeTo</name>
            <type>
                <name>dateTime</name>
                <namespace>http://www.w3.org/2001/XMLSchema</namespace>
            </type>
        </namedTypedValue>
        <namedTypedValue>
            <name>summary</name>
            <type>
                <name>string</name>
                <namespace>http://www.w3.org/2001/XMLSchema</namespace>
            </type>
            <value/>
        </namedTypedValue>
        <namedTypedValue>
            <name>internalFlag</name>
            <type>
                <name>boolean</name>
                <namespace>http://www.w3.org/2001/XMLSchema</namespace>
            </type>
        </namedTypedValue>
        <namedTypedValue>
            <name>statusId</name>
            <type>
                <name>string</name>
                <namespace>http://www.w3.org/2001/XMLSchema</namespace>
            </type>
            <value/>
        </namedTypedValue>
        <namedTypedValue>
            <name>statusDisplay</name>
            <type>
                <name>string</name>
                <namespace>http://www.w3.org/2001/XMLSchema</namespace>
            </type>
            <value/>
        </namedTypedValue>
        <preferredEditor>legacy</preferredEditor>
        <offlineEnabled>false</offlineEnabled>
    </rule>
    <roleMap public="true">
        <role allowForAll="false" inherit="true" name="readers">
            <users/>
            <groups/>
        </role>
        <role allowForAll="false" inherit="true" name="authors">
            <users/>
            <groups/>
        </role>
        <role allowForAll="false" inherit="true" name="administrators">
            <users/>
            <groups/>
        </role>
        <role allowForAll="false" inherit="false" name="denyReaders">
            <users/>
            <groups/>
        </role>
        <role allowForAll="false" inherit="false" name="denyAuthors">
            <users/>
            <groups/>
        </role>
        <role allowForAll="false" inherit="false" name="denyAdministrators">
            <users/>
            <groups/>
        </role>
    </roleMap>
</contentHaul>
