<?xml version="1.0" encoding="UTF-8" standalone="yes"?>
<contentHaul xmlns:a="http://www.appian.com/ae/types/2009">
    <rule>
        <name>HELP_SCT_Resource_links</name>
        <uuid>_a-0000dd4b-0482-8000-9ba2-011c48011c48_19236</uuid>
        <description>Section that will store the links grid of a resource.</description>
        <parentUuid>_a-0000dd4b-0482-8000-9ba2-011c48011c48_18233</parentUuid>
        <visibility>
            <advertise>false</advertise>
            <hierarchy>true</hierarchy>
            <indexable>true</indexable>
            <quota>false</quota>
            <searchable>true</searchable>
            <system>false</system>
            <unlogged>false</unlogged>
        </visibility>
        <definition>#&quot;SYSTEM_SYSRULES_sectionLayout&quot;(
  label: &quot;Links&quot;,
  firstColumnContents: {
    if(ri!hideTabLinksFlag,
      {},
      #&quot;ec1839c6-de8f-4834-8397-681ea3dbeed5&quot;(
        labels: {&quot;View Existing&quot;, &quot;Add/Edit&quot;},
        tabToShow: ri!tabToShow
      )
    ),
    choose(ri!tabToShow,
      {
        #&quot;SYSTEM_SYSRULES_gridField&quot;(
          totalCount: ri!datasubset.totalCount,
          columns: {
            #&quot;SYSTEM_SYSRULES_gridTextColumn&quot;(
              label: &quot;Link&quot;,
              field: &quot;link&quot;,
              data: apply(#&quot;062e67eb-1413-4d5b-9717-42de322d70ce&quot;, index(ri!datasubset.data, &quot;link&quot;, {})),
              links: apply(
                #&quot;SYSTEM_SYSRULES_safeLink&quot;(
                  label: _,
                  uri: _
                ),
                merge(
                  index(ri!datasubset.data, &quot;link&quot;, {}),
                  index(ri!datasubset.data, &quot;link&quot;, {})
                )
              )
            ),
            #&quot;SYSTEM_SYSRULES_gridTextColumn&quot;(
              label: &quot;Summary&quot;,
              field: &quot;summary&quot;,
              data: index(ri!datasubset.data, &quot;summary&quot;, {})
            )
          },
          value: ri!pagingInfo,
          saveInto: #&quot;4c0833a9-0127-4d25-9d6d-cb881c688e7d&quot;(
            gridSelectionOrPagingInfo: ri!pagingInfo
            /*,*/
            /*additionalSaveInto: a!save(ri!datasubset, todatasubset(ri!resource_link_cdt, ri!pagingInfo))*/
          )
        )
      },
      {
        #&quot;SYSTEM_SYSRULES_gridLayout&quot;(
          headerCells: #&quot;SYSTEM_SYSRULES_applyComponents&quot;(
            function: #&quot;SYSTEM_SYSRULES_gridLayoutHeaderCell&quot;(label: _),
            array: {&quot;Link&quot;, &quot;Summary&quot;, if(ri!readOnly, {}, {null, null, null})}
          ),
          columnConfigs: #&quot;SYSTEM_SYSRULES_applyComponents&quot;(
            function: #&quot;SYSTEM_SYSRULES_gridLayoutColumnConfig&quot;(weight: _),
            array: {6, 6, 2, 2, 2}
          ),
          rows: #&quot;SYSTEM_SYSRULES_applyComponents&quot;(
            function: #&quot;_a-0000dd4b-0482-8000-9ba2-011c48011c48_19246&quot;(
              index: _, 
              resource_link_cdt: ri!resource_link_cdt,
              targetFolder: ri!resource_cdt.appianFolderId,
              createFlag: ri!createFlag
            ),
            array: if(#&quot;2168a5de-fb70-4d66-8b97-b547e3ac6e57&quot;(ri!resource_link_cdt), {}, enumerate(length(ri!resource_link_cdt))+1)
          ),
          addRowLink: #&quot;SYSTEM_SYSRULES_dynamicLink&quot;(
            label: &quot;Add Link&quot;,
            value: 'type!{urn:com:appian:types:HELP}HELP_Resource_Link'(resourceId: ri!resource_cdt.resourceId),
            saveInto: a!save(ri!resource_link_cdt, append(ri!resource_link_cdt, save!value))
          )
        )
      }
    )
  }
)</definition>
        <namedTypedValue>
            <name>tabToShow</name>
            <type>
                <name>int</name>
                <namespace>http://www.w3.org/2001/XMLSchema</namespace>
            </type>
        </namedTypedValue>
        <namedTypedValue>
            <name>pagingInfo</name>
            <type>
                <name>Variant</name>
                <namespace>http://www.appian.com/ae/types/2009</namespace>
            </type>
        </namedTypedValue>
        <namedTypedValue>
            <name>hideTabLinksFlag</name>
            <type>
                <name>boolean</name>
                <namespace>http://www.w3.org/2001/XMLSchema</namespace>
            </type>
        </namedTypedValue>
        <namedTypedValue>
            <name>readOnly</name>
            <type>
                <name>boolean</name>
                <namespace>http://www.w3.org/2001/XMLSchema</namespace>
            </type>
        </namedTypedValue>
        <namedTypedValue>
            <name>resource_link_cdt</name>
            <type>
                <name>HELP_Resource_Link?list</name>
                <namespace>urn:com:appian:types:HELP</namespace>
            </type>
        </namedTypedValue>
        <namedTypedValue>
            <name>dataSubset</name>
            <type>
                <name>Variant</name>
                <namespace>http://www.appian.com/ae/types/2009</namespace>
            </type>
        </namedTypedValue>
        <namedTypedValue>
            <name>resource_cdt</name>
            <type>
                <name>HELP_Resource</name>
                <namespace>urn:com:appian:types:HELP</namespace>
            </type>
        </namedTypedValue>
        <namedTypedValue>
            <name>createFlag</name>
            <type>
                <name>boolean</name>
                <namespace>http://www.w3.org/2001/XMLSchema</namespace>
            </type>
        </namedTypedValue>
        <preferredEditor>interface</preferredEditor>
        <offlineEnabled>false</offlineEnabled>
    </rule>
    <roleMap public="true">
        <role allowForAll="false" inherit="true" name="readers">
            <users/>
            <groups/>
        </role>
        <role allowForAll="false" inherit="true" name="authors">
            <users/>
            <groups/>
        </role>
        <role allowForAll="false" inherit="true" name="administrators">
            <users>
                <userUuid>luke.schurman</userUuid>
            </users>
            <groups/>
        </role>
        <role allowForAll="false" inherit="false" name="denyReaders">
            <users/>
            <groups/>
        </role>
        <role allowForAll="false" inherit="false" name="denyAuthors">
            <users/>
            <groups/>
        </role>
        <role allowForAll="false" inherit="false" name="denyAdministrators">
            <users/>
            <groups/>
        </role>
    </roleMap>
    <typedValue>
        <type>
            <name>RuleTestConfig?list</name>
            <namespace>http://www.appian.com/ae/types/2009</namespace>
        </type>
        <value>
            <el>
                <a:name/>
                <a:ruleInputTestConfigs>
                    <a:value xmlns:xsi="http://www.w3.org/2001/XMLSchema-instance" xsi:type="a:Expression">1</a:value>
                    <a:nameRef>tabToShow</a:nameRef>
                    <a:id/>
                </a:ruleInputTestConfigs>
                <a:ruleInputTestConfigs>
                    <a:value xmlns:xsi="http://www.w3.org/2001/XMLSchema-instance" xsi:type="a:Expression">#&quot;SYSTEM_SYSRULES_pagingInfo&quot;(startIndex: 1, batchSize: 2)</a:value>
                    <a:nameRef>pagingInfo</a:nameRef>
                    <a:id/>
                </a:ruleInputTestConfigs>
                <a:ruleInputTestConfigs>
                    <a:value xmlns:xsi="http://www.w3.org/2001/XMLSchema-instance" xsi:type="a:Expression">false</a:value>
                    <a:nameRef>hideTabLinksFlag</a:nameRef>
                    <a:id/>
                </a:ruleInputTestConfigs>
                <a:ruleInputTestConfigs>
                    <a:value xmlns:xsd="http://www.w3.org/2001/XMLSchema" xmlns:xsi="http://www.w3.org/2001/XMLSchema-instance" xsi:nil="true" xsi:type="xsd:boolean"/>
                    <a:nameRef>readOnly</a:nameRef>
                    <a:id/>
                </a:ruleInputTestConfigs>
                <a:ruleInputTestConfigs>
                    <a:nameRef>resource_link_cdt</a:nameRef>
                    <a:id/>
                </a:ruleInputTestConfigs>
                <a:ruleInputTestConfigs>
                    <a:value xmlns:xsd="http://www.w3.org/2001/XMLSchema" xmlns:xsi="http://www.w3.org/2001/XMLSchema-instance" xsi:type="xsd:string"/>
                    <a:nameRef>dataSubset</a:nameRef>
                    <a:id/>
                </a:ruleInputTestConfigs>
                <a:ruleInputTestConfigs>
                    <a:value xmlns:n1="urn:com:appian:types:HELP" xmlns:xsi="http://www.w3.org/2001/XMLSchema-instance" xsi:nil="true" xsi:type="n1:HELP_Resource"/>
                    <a:nameRef>resource_cdt</a:nameRef>
                    <a:id/>
                </a:ruleInputTestConfigs>
                <a:ruleInputTestConfigs>
                    <a:value xmlns:xsd="http://www.w3.org/2001/XMLSchema" xmlns:xsi="http://www.w3.org/2001/XMLSchema-instance" xsi:nil="true" xsi:type="xsd:boolean"/>
                    <a:nameRef>createFlag</a:nameRef>
                    <a:id/>
                </a:ruleInputTestConfigs>
                <a:assertions xmlns:xsi="http://www.w3.org/2001/XMLSchema-instance" xsi:nil="true"/>
            </el>
        </value>
    </typedValue>
</contentHaul>
