<?xml version="1.0" encoding="UTF-8" standalone="yes"?>
<contentHaul xmlns:a="http://www.appian.com/ae/types/2009">
    <rule>
        <name>HELP_FRM_Resource_deactivate</name>
        <uuid>_a-0000dd72-ed8d-8000-9ba2-011c48011c48_23383</uuid>
        <description>Form to deactivate a help resource</description>
        <parentUuid>_a-0000dd4b-0482-8000-9ba2-011c48011c48_16454</parentUuid>
        <visibility>
            <advertise>false</advertise>
            <hierarchy>true</hierarchy>
            <indexable>true</indexable>
            <quota>false</quota>
            <searchable>true</searchable>
            <system>false</system>
            <unlogged>false</unlogged>
        </visibility>
        <definition>load(
  local!filesPagingInfo: #&quot;SYSTEM_SYSRULES_pagingInfo&quot;(startIndex: 1, batchSize: 5, sort: #&quot;SYSTEM_SYSRULES_sortInfo&quot;(&quot;order&quot;, true)),
  local!linksPagingInfo: #&quot;SYSTEM_SYSRULES_pagingInfo&quot;(startIndex: 1, batchSize: 5, sort: #&quot;SYSTEM_SYSRULES_sortInfo&quot;(&quot;order&quot;, true)),
  local!commentsPagingInfo: #&quot;SYSTEM_SYSRULES_pagingInfo&quot;(startIndex: 1, batchSize: 5, sort: #&quot;SYSTEM_SYSRULES_sortInfo&quot;(&quot;commentDatetime&quot;)),
  local!resource_file_cdt: #&quot;_a-0000dd4b-0482-8000-9ba2-011c48011c48_19038&quot;(resourceId: ri!resource_cdt.resourceId).data,
  local!resource_link_cdt: #&quot;_a-0000dd4b-0482-8000-9ba2-011c48011c48_19025&quot;(resourceId: ri!resource_cdt.resourceId).data,
  local!commentsDatasubset: todatasubset(ri!resource_comment_cdt, local!commentsPagingInfo),
  local!newComment,
  #&quot;SYSTEM_SYSRULES_formLayout&quot;(
    label: ri!formLabel,
    firstColumnContents: {
      #&quot;_a-0000dd4b-0482-8000-9ba2-011c48011c48_19084&quot;(
        resource_cdt: ri!resource_cdt,
        readOnly: true,
        recordFlag: true
      ),
      #&quot;_a-0000dd4b-0482-8000-9ba2-011c48011c48_19201&quot;(
        tabToShow: 1,
        pagingInfo: local!filesPagingInfo,
        hideTabLinksFlag: true,
        readOnly: true,
        resource_file_cdt: local!resource_file_cdt,
        dataSubset: todatasubset(local!resource_file_cdt, local!filesPagingInfo),
        resource_cdt: ri!resource_cdt,
        createFlag: false
      ),
      #&quot;_a-0000dd4b-0482-8000-9ba2-011c48011c48_19236&quot;(
        tabToShow: 1,
        pagingInfo: local!linksPagingInfo,
        hideTabLinksFlag: true,
        readOnly: true,
        resource_link_cdt: local!resource_link_cdt,
        dataSubset: todatasubset(local!resource_link_cdt, local!linksPagingInfo),
        resource_cdt: ri!resource_cdt,
        createFlag: false
      ),
      #&quot;_a-0000dd72-ed8d-8000-9ba2-011c48011c48_23433&quot;(
        resource_comment_cdt: ri!resource_comment_cdt,
        pagingInfo: local!commentsPagingInfo,
        dataSubset: local!commentsDatasubset,
        newComment: local!newComment,
        resourceId: ri!resource_cdt.resourceId,
        readOnly: false
      )
    },
    buttons: #&quot;SYSTEM_SYSRULES_ButtonLayout&quot;(
      primaryButtons: {
        #&quot;SYSTEM_SYSRULES_ButtonWidgetSubmit&quot;(
          label: #&quot;_a-0000dd72-ed8d-8000-9ba2-011c48011c48_23509&quot;,
          style: &quot;DESTRUCTIVE&quot;,
          confirmMessage: &quot;Are you sure you wish to deactivate this Help resource?&quot;,
          value: #&quot;_a-0000dd72-ed8d-8000-9ba2-011c48011c48_23509&quot;,
          saveInto: ri!buttonClicked
        )
      },
      secondaryButtons: {
        #&quot;SYSTEM_SYSRULES_ButtonWidgetSubmit&quot;(
          label: #&quot;_a-0000dd0d-462c-8000-9ba2-011c48011c48_5426&quot;,
          value: #&quot;_a-0000dd0d-462c-8000-9ba2-011c48011c48_5426&quot;,
          saveInto: ri!buttonClicked
        )
      }
    )
  )
)</definition>
        <namedTypedValue>
            <name>resource_cdt</name>
            <type>
                <name>HELP_Resource</name>
                <namespace>urn:com:appian:types:HELP</namespace>
            </type>
        </namedTypedValue>
        <namedTypedValue>
            <name>formLabel</name>
            <type>
                <name>string</name>
                <namespace>http://www.w3.org/2001/XMLSchema</namespace>
            </type>
            <value/>
        </namedTypedValue>
        <namedTypedValue>
            <name>buttonClicked</name>
            <type>
                <name>string</name>
                <namespace>http://www.w3.org/2001/XMLSchema</namespace>
            </type>
            <value/>
        </namedTypedValue>
        <namedTypedValue>
            <name>resource_comment_cdt</name>
            <type>
                <name>HELP_Resource_Comment?list</name>
                <namespace>urn:com:appian:types:HELP</namespace>
            </type>
        </namedTypedValue>
        <preferredEditor>interface</preferredEditor>
        <offlineEnabled>false</offlineEnabled>
    </rule>
    <roleMap public="true">
        <role allowForAll="false" inherit="true" name="readers">
            <users/>
            <groups/>
        </role>
        <role allowForAll="false" inherit="true" name="authors">
            <users/>
            <groups/>
        </role>
        <role allowForAll="false" inherit="true" name="administrators">
            <users>
                <userUuid>rob.turverey</userUuid>
                <userUuid>justin.watts</userUuid>
            </users>
            <groups/>
        </role>
        <role allowForAll="false" inherit="false" name="denyReaders">
            <users/>
            <groups/>
        </role>
        <role allowForAll="false" inherit="false" name="denyAuthors">
            <users/>
            <groups/>
        </role>
        <role allowForAll="false" inherit="false" name="denyAdministrators">
            <users/>
            <groups/>
        </role>
    </roleMap>
    <typedValue>
        <type>
            <name>RuleTestConfig?list</name>
            <namespace>http://www.appian.com/ae/types/2009</namespace>
        </type>
        <value>
            <el>
                <a:name/>
                <a:ruleInputTestConfigs>
                    <a:value xmlns:n1="urn:com:appian:types:HELP" xmlns:xsi="http://www.w3.org/2001/XMLSchema-instance" xsi:nil="true" xsi:type="n1:HELP_Resource"/>
                    <a:nameRef>resource_cdt</a:nameRef>
                    <a:id/>
                </a:ruleInputTestConfigs>
                <a:ruleInputTestConfigs>
                    <a:value xmlns:xsd="http://www.w3.org/2001/XMLSchema" xmlns:xsi="http://www.w3.org/2001/XMLSchema-instance" xsi:type="xsd:string"/>
                    <a:nameRef>formLabel</a:nameRef>
                    <a:id/>
                </a:ruleInputTestConfigs>
                <a:ruleInputTestConfigs>
                    <a:value xmlns:xsd="http://www.w3.org/2001/XMLSchema" xmlns:xsi="http://www.w3.org/2001/XMLSchema-instance" xsi:type="xsd:string"/>
                    <a:nameRef>buttonClicked</a:nameRef>
                    <a:id/>
                </a:ruleInputTestConfigs>
                <a:ruleInputTestConfigs>
                    <a:nameRef>resource_comment_cdt</a:nameRef>
                    <a:id/>
                </a:ruleInputTestConfigs>
                <a:assertions xmlns:xsi="http://www.w3.org/2001/XMLSchema-instance" xsi:nil="true"/>
            </el>
        </value>
    </typedValue>
</contentHaul>
