<?xml version="1.0" encoding="UTF-8" standalone="yes"?>
<contentHaul xmlns:a="http://www.appian.com/ae/types/2009">
    <rule>
        <name>HELP_RULE_ResourceReport_arrayPickerSuggest</name>
        <uuid>_a-0000dd4b-0482-8000-9ba2-011c48011c48_20384</uuid>
        <description>Array picker suggest function with free text.  Returns a datasubset</description>
        <parentUuid>_a-0000dd4b-0482-8000-9ba2-011c48011c48_20350</parentUuid>
        <visibility>
            <advertise>false</advertise>
            <hierarchy>true</hierarchy>
            <indexable>true</indexable>
            <quota>false</quota>
            <searchable>true</searchable>
            <system>false</system>
            <unlogged>false</unlogged>
        </visibility>
        <definition>=with(
  local!matches: where(search(ri!typedText, ri!labels, 1)),
  local!indices: if(length(local!matches)=0, null, local!matches),
  local!exactMatches: any(fn!exact, apply(fn!upper, ri!labels), upper(ri!typedText)),
  local!labels: {index(ri!labels, local!indices, {})},
  local!ids: {index(ri!identifiers, local!indices, {})},
  local!data: index(local!labels, enumerate(min({15,length(local!labels)}))+1, {}),
  local!identifiers: index(local!ids, enumerate(min({15, length(local!ids)}))+1, {}),
  #&quot;SYSTEM_SYSRULES_dataSubset&quot;(
    data: local!data,
    identifiers: local!identifiers
  )
)</definition>
        <namedTypedValue>
            <name>typedText</name>
            <type>
                <name>string</name>
                <namespace>http://www.w3.org/2001/XMLSchema</namespace>
            </type>
            <value/>
        </namedTypedValue>
        <namedTypedValue>
            <name>labels</name>
            <type>
                <name>Text?list</name>
                <namespace>http://www.appian.com/ae/types/2009</namespace>
            </type>
        </namedTypedValue>
        <namedTypedValue>
            <name>identifiers</name>
            <type>
                <name>Integer?list</name>
                <namespace>http://www.appian.com/ae/types/2009</namespace>
            </type>
        </namedTypedValue>
        <preferredEditor>legacy</preferredEditor>
        <offlineEnabled>false</offlineEnabled>
    </rule>
    <roleMap public="true">
        <role allowForAll="false" inherit="true" name="readers">
            <users/>
            <groups/>
        </role>
        <role allowForAll="false" inherit="true" name="authors">
            <users/>
            <groups/>
        </role>
        <role allowForAll="false" inherit="true" name="administrators">
            <users/>
            <groups/>
        </role>
        <role allowForAll="false" inherit="false" name="denyReaders">
            <users/>
            <groups/>
        </role>
        <role allowForAll="false" inherit="false" name="denyAuthors">
            <users/>
            <groups/>
        </role>
        <role allowForAll="false" inherit="false" name="denyAdministrators">
            <users/>
            <groups/>
        </role>
    </roleMap>
</contentHaul>
