<?xml version="1.0" encoding="UTF-8" standalone="yes"?>
<contentHaul xmlns:a="http://www.appian.com/ae/types/2009">
    <rule>
        <name>EFM_FRM_Eligibility_ApprovalForm</name>
        <uuid>0c0b6242-00e8-455b-a0b6-0218494653ef</uuid>
        <description>Form to approve eligibility</description>
        <parentUuid>_a-0000dd16-5d72-8000-9ba2-011c48011c48_6194</parentUuid>
        <visibility>
            <advertise>false</advertise>
            <hierarchy>true</hierarchy>
            <indexable>true</indexable>
            <quota>false</quota>
            <searchable>true</searchable>
            <system>false</system>
            <unlogged>false</unlogged>
        </visibility>
        <definition>=#&quot;SYSTEM_SYSRULES_formLayout&quot;(
  label: &quot;Home to Work Transportation Eligibility Review&quot;,
  instructions: &quot;&quot;,
  firstColumnContents: {
    #&quot;SYSTEM_SYSRULES_sectionLayout&quot;(
      label: &quot;Applicant Information&quot;,
      firstColumnContents: {
        #&quot;SYSTEM_SYSRULES_textField&quot;(
          label: &quot;Name of Employee&quot;,
          labelPosition: &quot;ADJACENT&quot;,
          saveInto: {},
          refreshAfter: &quot;UNFOCUS&quot;,
          readOnly: true,
          value: &quot;Test Name&quot;,
          validations: {}
        ),
        #&quot;SYSTEM_SYSRULES_textField&quot;(
          label: &quot;Occupation or Title&quot;,
          labelPosition: &quot;ADJACENT&quot;,
          saveInto: {},
          refreshAfter: &quot;UNFOCUS&quot;,
          readOnly: true,
          value: &quot;Agent&quot;,
          validations: {}
        )},
      secondColumnContents: {
        #&quot;SYSTEM_SYSRULES_textField&quot;(
          label: &quot;Agency&quot;,
          labelPosition: &quot;ADJACENT&quot;,
          saveInto: {},
          refreshAfter: &quot;UNFOCUS&quot;,
          value: &quot;U.S. Immigration and Customs Enforcement&quot;,
          readOnly: true,
          validations: {}
        ),
        #&quot;SYSTEM_SYSRULES_textField&quot;(
          label: &quot;Organizational Unit&quot;,
          labelPosition: &quot;ADJACENT&quot;,
          saveInto: {},
          refreshAfter: &quot;UNFOCUS&quot;,
          value: &quot;Homeland Security Investigations&quot;,
          readOnly: true,
          validations: {}
        ),}
    ),
    #&quot;SYSTEM_SYSRULES_sectionLayout&quot;(
      label: &quot;Distance Information&quot;,
      firstColumnContents: {
        #&quot;SYSTEM_SYSRULES_textField&quot;(
          label: &quot;Residence to Office&quot;,
          labelPosition: &quot;ADJACENT&quot;,
          saveInto: {},
          refreshAfter: &quot;UNFOCUS&quot;,
          readOnly: true,
          value: &quot;3 Miles&quot;,
          validations: {}
        ),
        #&quot;SYSTEM_SYSRULES_textField&quot;(
          label: &quot;Residence to nearest facility&quot;,
          labelPosition: &quot;ADJACENT&quot;,
          saveInto: {},
          refreshAfter: &quot;UNFOCUS&quot;,
          readOnly: true,
          value: &quot;10 Miles&quot;,
          validations: {}
        )},
      secondColumnContents: {
        #&quot;SYSTEM_SYSRULES_paragraphField&quot;(
          label: &quot;Daily tour of duty&quot;,
          labelPosition: &quot;ADJACENT&quot;,
          saveInto: {},
          refreshAfter: &quot;UNFOCUS&quot;,
          value: &quot;Home to office - 3 miles; Office to field station - 10 miles; Field station to area office - 4 miles&quot;,
          readOnly: true,
          validations: {}
        )}
    ),
    #&quot;SYSTEM_SYSRULES_sectionLayout&quot;(
      label: &quot; &quot; &amp; char(1),
      firstColumnContents: {
        #&quot;SYSTEM_SYSRULES_richTextDisplayField&quot;(
          label: &quot;Eligibility Determination&quot;,
          labelPosition: &quot;COLLAPSED&quot;, 
          instructions: &quot;Review the applicant's justfication and the agency definitions below and select the categories in which the user is eligible for Home To Work.&quot;,
          value: {
            #&quot;SYSTEM_SYSRULES_richTextItem&quot;( 
            text: &quot;Eligibility Determination&quot;,
            style: &quot;HEADER_MEDIUM&quot;
            )
          }
        ),
        #&quot;SYSTEM_SYSRULES_richTextDisplayField&quot;(
          label: &quot;Submitted Reason for Request&quot;, 
          helpTooltip: &quot;The user has submitted the following information for Home To Work justification&quot;,
          value: {
            #&quot;SYSTEM_SYSRULES_richTextItem&quot;(
              text: &quot;Option - &quot;, 
              style: &quot;EMPHASIS&quot;
            ) ,
            #&quot;SYSTEM_SYSRULES_richTextItem&quot;(
              text: &quot;An emergency has created an immediate, unforeseeable temporary need to provide home-to-work transportation in order to guarantee uninterrupted performance of the agency's mission. &quot;
            ),
            #&quot;SYSTEM_SYSRULES_richTextBulletedList&quot;(),
            #&quot;SYSTEM_SYSRULES_richTextItem&quot;(
              text: &quot;Description - &quot;, 
              style: &quot;EMPHASIS&quot;
            ),
            #&quot;SYSTEM_SYSRULES_richTextItem&quot;(
              text: &quot;Stationed at a field point with no office and normally proceed directly from residence to varying points of duty.&quot;
            ),
          },
          readOnly: true
        ),
        #&quot;SYSTEM_SYSRULES_radioButtonField&quot;(
          label: &quot;Eligible Categories&quot;,
          labelPosition: &quot;ABOVE&quot;,
          choiceLabels: {&quot;Legislative&quot;, &quot;Fieldwork&quot;, &quot;Intelligence, Counterintelligence, Protective Services, or Criminal Law Enforcement&quot;, &quot;Highly Unusual Circumstances&quot;, &quot;Contingency Determinations&quot;, &quot;Not Applicable&quot;
          },
          choiceValues: {1, 2, 3, 4, 5, 6},
          saveInto: {},
          validations: {}
        ), 
        #&quot;SYSTEM_SYSRULES_paragraphField&quot;(
          label: &quot;Reviewer Comments&quot;,
          value: {},
          saveInto: {},
          placeholder: &quot;Enter reasoning for the category selected above.&quot;
        )
      },
      secondColumnContents: {
        #&quot;SYSTEM_SYSRULES_richTextDisplayField&quot;(
          label: &quot;Agency Definitions&quot;,
          labelPosition: &quot;COLLAPSED&quot;, 
          instructions: &quot;The items below are defined by your agency to indicate eligibility.&quot;,
          value: {
            #&quot;SYSTEM_SYSRULES_richTextItem&quot;( 
            text: &quot;Agency Definitions&quot;,
            style: &quot;HEADER_MEDIUM&quot;
            )
          }
        ),
        #&quot;SYSTEM_SYSRULES_richTextDisplayField&quot;(
          label: &quot;Legislative&quot;,
          labelPosition: &quot;COLLAPSED&quot;,
          value: {
            #&quot;SYSTEM_SYSRULES_richTextItem&quot;( 
            text: &quot;Legislative&quot;,
            style: &quot;HEADER_SMALL&quot;
            ), 
            #&quot;SYSTEM_SYSRULES_richTextBulletedList&quot;(
              items: {&quot;Title 41 C.F.R. § 102-5.50&quot;, &quot;Title 31 U.S.C. § 1344&quot;}
            )
          
          }
        ),
        #&quot;SYSTEM_SYSRULES_richTextDisplayField&quot;(
          label: &quot;Fieldwork&quot;,
          labelPosition: &quot;COLLAPSED&quot;,
          value: {
            #&quot;SYSTEM_SYSRULES_richTextItem&quot;( 
            text: &quot;Fieldwork&quot;,
            style: &quot;HEADER_SMALL&quot;
            ), 
            #&quot;SYSTEM_SYSRULES_richTextBulletedList&quot;(
              items: {&quot;Location only accessible through government transportation.&quot;, &quot;Employee will spend a significant amount of time in the field&quot;}
            )
            
            }
        ),
        #&quot;SYSTEM_SYSRULES_richTextDisplayField&quot;(
          label: &quot;Intelligence, Counterintelligence, Protective Services, or Criminal Law Enforcement&quot;,
          labelPosition: &quot;COLLAPSED&quot;,
          value: {
            #&quot;SYSTEM_SYSRULES_richTextItem&quot;( 
            text: &quot;Intelligence, Counterintelligence, Protective Services, or Criminal Law Enforcement&quot;,
            style: &quot;HEADER_SMALL&quot;
            ), 
            #&quot;SYSTEM_SYSRULES_richTextBulletedList&quot;(
              items: {&quot;Directly engaged in one of the four categories.&quot;}
            )}
        ),
        #&quot;SYSTEM_SYSRULES_richTextDisplayField&quot;(
          label: &quot;Highly Unusual Circumstances&quot;,
          labelPosition: &quot;COLLAPSED&quot;,
          value: {
            #&quot;SYSTEM_SYSRULES_richTextItem&quot;( 
            text: &quot;Highly Unusual Circumstances&quot;,
            style: &quot;HEADER_SMALL&quot;
            ), 
            #&quot;SYSTEM_SYSRULES_richTextBulletedList&quot;(
              items: {&quot;Clear and present danger&quot;, &quot;Compelling operational considerations&quot;}
            )}
        ),
        #&quot;SYSTEM_SYSRULES_richTextDisplayField&quot;(
          label: &quot;Contingency Determinations&quot;,
          labelPosition: &quot;COLLAPSED&quot;,
          value: {
            #&quot;SYSTEM_SYSRULES_richTextItem&quot;( 
            text: &quot;Contingency Determinations&quot;,
            style: &quot;HEADER_SMALL&quot;
            ), 
            #&quot;SYSTEM_SYSRULES_richTextBulletedList&quot;(
              items: {&quot;Foreseeable, but sudden and immediate circumstances that arise without warning&quot;}
            )}
        )}
    ),
    #&quot;SYSTEM_SYSRULES_sectionLayout&quot;(
      label: &quot;Recommendation Decision&quot;,
      firstColumnContents: {
        #&quot;SYSTEM_SYSRULES_radioButtonField&quot;(
          label: &quot;Do you recommend this user for Home to Work?&quot;,
          labelPosition: &quot;ABOVE&quot;,
          choiceLabels: {&quot;Yes&quot;, &quot;No&quot;},
          choiceValues: {1, 2},
          required: true,
          saveInto: {},
          validations: {}
        )
      },
      secondColumnContents: {
        
        #&quot;SYSTEM_SYSRULES_checkboxField&quot;(
          label: &quot;Confirmation&quot;,
          labelPosition: &quot;ABOVE&quot;,
          choiceLabels: {
          &quot;I have reviewed the above information and confirmed the eligibility based on the definitions indicated above.&quot;
          },
          choiceValues: {true},
          saveInto: {},
          required: true,
          validations: {}
        )
      }
    )
  },
  secondColumnContents: {},
  buttons: #&quot;SYSTEM_SYSRULES_ButtonLayout&quot;(
    primaryButtons: {
      #&quot;SYSTEM_SYSRULES_ButtonWidgetSubmit&quot;(
        label: &quot;Submit&quot;,
        style: &quot;PRIMARY&quot;,
        saveInto: {}
      )
    },
    secondaryButtons: {
      #&quot;SYSTEM_SYSRULES_ButtonWidgetSubmit&quot;(
        label: &quot;Cancel&quot;,
        style: &quot;NORMAL&quot;,
        value: true,
        skipValidation: true
      )
    }
  ),
  validations: {}
)</definition>
        <preferredEditor>interface</preferredEditor>
        <offlineEnabled>false</offlineEnabled>
    </rule>
    <roleMap public="true">
        <role allowForAll="false" inherit="true" name="readers">
            <users/>
            <groups/>
        </role>
        <role allowForAll="false" inherit="true" name="authors">
            <users/>
            <groups/>
        </role>
        <role allowForAll="false" inherit="true" name="administrators">
            <users>
                <userUuid>sylvia.an</userUuid>
            </users>
            <groups/>
        </role>
        <role allowForAll="false" inherit="false" name="denyReaders">
            <users/>
            <groups/>
        </role>
        <role allowForAll="false" inherit="false" name="denyAuthors">
            <users/>
            <groups/>
        </role>
        <role allowForAll="false" inherit="false" name="denyAdministrators">
            <users/>
            <groups/>
        </role>
    </roleMap>
</contentHaul>
