<?xml version="1.0" encoding="UTF-8" standalone="yes"?>
<contentHaul xmlns:a="http://www.appian.com/ae/types/2009">
    <rule>
        <name>EFM_DASH_Fleet_Costs</name>
        <uuid>11c2a43b-a659-4b39-b986-4f273d444f61</uuid>
        <description>Fleet record view for costs</description>
        <parentUuid>_a-0000dd16-785e-8000-9ba2-011c48011c48_6259</parentUuid>
        <visibility>
            <advertise>false</advertise>
            <hierarchy>true</hierarchy>
            <indexable>true</indexable>
            <quota>false</quota>
            <searchable>true</searchable>
            <system>false</system>
            <unlogged>false</unlogged>
        </visibility>
        <definition>=load(
  local!expenseCategories: #&quot;SYSTEM_SYSRULES_queryEntity&quot;(
    entity: #&quot;_a-0000dd17-9077-8000-9ba2-011c48011c48_10785&quot;,
    query: #&quot;SYSTEM_SYSRULES_query&quot;(pagingInfo: #&quot;SYSTEM_SYSRULES_pagingInfo&quot;(startIndex: 1, batchSize: -1))
  ).data,
  local!pagingInfo: #&quot;SYSTEM_SYSRULES_pagingInfo&quot;(
    startIndex: 1,
    batchSize: -1,
    sort: #&quot;SYSTEM_SYSRULES_sortInfo&quot;(field: &quot;amount&quot;, ascending: false)
  ),
  
  with(
    local!datasubset: #&quot;SYSTEM_SYSRULES_queryEntity&quot;(
      entity: #&quot;_a-0000dd4b-0482-8000-9ba2-011c48011c48_18877&quot;,
      query: #&quot;SYSTEM_SYSRULES_query&quot;(
        logicalExpression: #&quot;SYSTEM_SYSRULES_queryLogicalExpression&quot;(
          operator: &quot;AND&quot;,
          filters: {
            if(#&quot;2168a5de-fb70-4d66-8b97-b547e3ac6e57&quot;(ri!fleetId), 
              #&quot;SYSTEM_SYSRULES_queryFilter&quot;(field: &quot;fleetId&quot;, operator: &quot;not null&quot;),
              #&quot;SYSTEM_SYSRULES_queryFilter&quot;(field: &quot;fleetId&quot;, operator: &quot;=&quot;, value: ri!fleetId)
            )
          }
        ),
        aggregation: #&quot;SYSTEM_SYSRULES_queryAggregation&quot;(aggregationColumns: {
          #&quot;SYSTEM_SYSRULES_queryAggregationColumn&quot;(field: &quot;categoryId&quot;, isGrouping: true),
          #&quot;SYSTEM_SYSRULES_queryAggregationColumn&quot;(field: &quot;amount&quot;, aggregationFunction: &quot;SUM&quot;)
        }),
        pagingInfo: local!pagingInfo
      )
    ),
  #&quot;SYSTEM_SYSRULES_dashboardLayout&quot;(
    firstColumnContents: {
      #&quot;_a-0000dd4b-0482-8000-9ba2-011c48011c48_18909&quot;(
        fleetId: ri!fleetId
      )
    },
    secondColumnContents: {
      #&quot;SYSTEM_SYSRULES_richTextDisplayField&quot;(
        label:&quot;Top Costs For This Fleet&quot;,
        value:#&quot;SYSTEM_SYSRULES_richTextNumberedList&quot;(
          items:{
            #&quot;SYSTEM_SYSRULES_applyComponents&quot;(#&quot;SYSTEM_SYSRULES_richTextListItem&quot;(text: _),
              apply(#&quot;_a-0000dd4b-0482-8000-9ba2-011c48011c48_18919&quot;(expenseCategory:_, amount:_),
                merge(apply(displayvalue(_, property(local!expenseCategories, &quot;id&quot;, {}), property(local!expenseCategories, &quot;description&quot;, {}), {}), index(local!datasubset.data, &quot;categoryId&quot;, {})),
                apply(#&quot;e3a37a1b-0acc-46d5-a7bc-42eec7fb6691&quot;(number:_, decimals: 2, no_commas: false), index(local!datasubset.data, &quot;amount&quot;, {})))
            ))
          }
        )
      )
    }
  ))
)





/*hardcoded until work orders gets built out*/
/*load(
  local!showMonth,
  local!pagingInfo:a!pagingInfo(startIndex:1,batchSize:5),
  a!dashboardLayout(
    firstColumnContents:{
      a!sectionLayout(
        firstColumnContents:{
          a!columnChartField(
              label:&quot;Costs Month Over Month&quot;,
              categories:{&quot;April 2016&quot;,&quot;May 2016&quot;,&quot;June 2016&quot;},
              yAxisTitle:&quot;Cost in ($)&quot;,
              xAxisTitle:&quot;Months&quot;,
              series:{
                a!chartSeries(label:&quot;Monthly Costs&quot;,data:{&quot;$15,100&quot;,&quot;$25,100&quot;,&quot;$20,000&quot;},
                  links:apply(a!dynamicLink(value:_,saveInto:local!showMonth),{1,2,3})
                )
              }
          )
        },
        secondColumnContents:{
          a!richTextDisplayField(
            label:&quot;Top Costs For This Fleet&quot;,
            value:a!richTextNumberedList(
              items:{
                a!richTextListItem(text:&quot;Fuel - Unleaded - $46,340.21&quot;),
                a!richTextListItem(text:&quot;Tires - $33,340.21&quot;),
                a!richTextListItem(text:&quot;Oil - $25,340.21&quot;),
                a!richTextListItem(text:&quot;Registration/Inspection Fees - $10,391.22&quot;)
              }
            )
          )
        }
      ),
      if(isnull(local!showMonth),{},
        a!sectionLayout(
          label:&quot;Costs for &quot;&amp;choose(local!showMonth,&quot;April 2016&quot;,&quot;May 2016&quot;,&quot;June 2016&quot;),
          firstColumnContents:{
            /*TO DO replace with maintenance and costs query*/
            /*a!gridField(
              totalCount:4,
              columns:{
                a!gridTextColumn(
                  label:&quot;Invoice Number&quot;,
                  data:{&quot;AA-1234&quot;,&quot;AA-1256&quot;,&quot;AB-3555&quot;}
                ),
                a!gridTextColumn(
                  label:&quot;Description&quot;,
                  data:{&quot;Inspection&quot;,&quot;Fuel&quot;,&quot;Fuel&quot;}
                ),                
                a!gridTextColumn(
                  label:&quot;Cost&quot;,
                  data:{&quot;$25.00&quot;,&quot;$56.23&quot;,&quot;$22.10&quot;}
                ),
                a!gridImageColumn(
                  label:&quot;Paid&quot;,
                  size:&quot;ICON&quot;,
                  data:{
                    a!documentImage(document:a!iconIndicator(icon:&quot;STATUS_OK&quot;)),
                    a!documentImage(document:a!iconIndicator(icon:&quot;STATUS_OK&quot;)),
                    a!documentImage(document:a!iconIndicator(icon:&quot;STATUS_NOTDONE&quot;))
                  }
                )                
              },
              value:local!pagingInfo,
              saveInot:local!pagingInfo
            )
          }
        )
      )
    }
  )
)*/</definition>
        <namedTypedValue>
            <name>fleetId</name>
            <type>
                <name>int</name>
                <namespace>http://www.w3.org/2001/XMLSchema</namespace>
            </type>
        </namedTypedValue>
        <preferredEditor>interface</preferredEditor>
        <offlineEnabled>false</offlineEnabled>
    </rule>
    <roleMap public="true">
        <role allowForAll="false" inherit="true" name="readers">
            <users/>
            <groups/>
        </role>
        <role allowForAll="false" inherit="true" name="authors">
            <users/>
            <groups/>
        </role>
        <role allowForAll="false" inherit="true" name="administrators">
            <users>
                <userUuid>justin.watts</userUuid>
            </users>
            <groups/>
        </role>
        <role allowForAll="false" inherit="false" name="denyReaders">
            <users/>
            <groups/>
        </role>
        <role allowForAll="false" inherit="false" name="denyAuthors">
            <users/>
            <groups/>
        </role>
        <role allowForAll="false" inherit="false" name="denyAdministrators">
            <users/>
            <groups/>
        </role>
    </roleMap>
</contentHaul>
