<?xml version="1.0" encoding="UTF-8" standalone="yes"?>
<contentHaul xmlns:a="http://www.appian.com/ae/types/2009">
    <rule>
        <name>EFM_SCT_Event_usageCheckOut</name>
        <uuid>35afe779-9c54-4495-8f07-b8da8319295c</uuid>
        <description></description>
        <parentUuid>_a-0000dd16-5d72-8000-9ba2-011c48011c48_6199</parentUuid>
        <visibility>
            <advertise>false</advertise>
            <hierarchy>true</hierarchy>
            <indexable>true</indexable>
            <quota>false</quota>
            <searchable>true</searchable>
            <system>false</system>
            <unlogged>false</unlogged>
        </visibility>
        <definition>with(
  local!fleets:#&quot;SYSTEM_SYSRULES_queryEntity&quot;(
    entity:#&quot;_a-0000dd17-9077-8000-9ba2-011c48011c48_10917&quot;,
    query:#&quot;SYSTEM_SYSRULES_query&quot;(
      pagingInfo:#&quot;SYSTEM_SYSRULES_pagingInfo&quot;(1, -1)
    )
  ).data,
  {
      #&quot;SYSTEM_SYSRULES_sectionLayout&quot;(
      label: &quot;Enter Transfer Details&quot;,
      firstColumnContents: {
            #&quot;SYSTEM_SYSRULES_dateTimeField&quot;(
              label: &quot;Check Out Time&quot;,
              value: ri!checkOutTime,
              saveInto: ri!checkOutTime,
              readOnly: ri!readOnly,
              required: true
              
            ),
            #&quot;SYSTEM_SYSRULES_radioButtonField&quot;(
              label: &quot;Transfer Type&quot;,
              choiceLabels: {&quot;Transfer Vehicle Location&quot;, &quot;Assign to User&quot;, &quot;Other&quot;},
              choiceValues: {1, 2, 3},
              value: ri!usageType,
              saveInto: ri!usageType,
              disabled: ri!readOnly,
              required: true
            )
          },
          secondColumnContents: {
            #&quot;SYSTEM_SYSRULES_floatingPointField&quot;(
              label: &quot;Starting Mileage&quot;, 
              value: ri!startingMileage,
              saveInto: ri!startingMileage,
              readOnly: ri!readOnly
            ),
            if(not(isnull(ri!usageType)), 
            choose(ri!usageType,
            if(ri!readOnly,
                #&quot;SYSTEM_SYSRULES_textField&quot;(
                  label:&quot;New Fleet Location&quot;,
                  value:displayvalue(
                    ri!fleetId, 
                    property(local!fleets, &quot;fleetId&quot;, {}),
                    property(local!fleets, &quot;name&quot;, {}),
                    &quot;&quot;
                  ),
                  readonly:true
                ),
                #&quot;SYSTEM_SYSRULES_dropdownField&quot;(
                  label:&quot;New Fleet Location&quot;,
                  placeholderLabel:&quot;-- Select a Fleet --&quot;,
                  choiceLabels:property(local!fleets, &quot;name&quot;, {}),
                  choiceValues:property(local!fleets, &quot;fleetId&quot;, {}),
                  value:ri!fleetId,
                  saveInto:ri!fleetId,
                  required:true
                )
              ), 
            if(ri!readOnly,
                #&quot;SYSTEM_SYSRULES_pickerFieldUsers&quot;(
                  label:&quot;Assigned User&quot;,
                  value:ri!assignedUser,
                  saveInto: ri!assignedUser,
                  readonly:true
                ),
                #&quot;SYSTEM_SYSRULES_pickerFieldUsers&quot;(
                  label:&quot;User to Assign&quot;,
                  value:ri!assignedUser,
                  saveInto: ri!assignedUser,
                  required:true
                )
              ), 
            if(ri!readOnly,
                #&quot;SYSTEM_SYSRULES_textField&quot;(
                  label:&quot;Transfer Description&quot;,
                  value:  ri!usageComments,
                  readonly:true
                ),
                #&quot;SYSTEM_SYSRULES_textField&quot;(
                  label:&quot;Transfer Description&quot;,
                  value:  ri!usageComments,
                  saveInto:  ri!usageComments,
                  required:true
                )
              ), 
              {}),
              
              {})
          },
          validations: {}
        )
  }
)</definition>
        <namedTypedValue>
            <name>checkOutTime</name>
            <type>
                <name>dateTime</name>
                <namespace>http://www.w3.org/2001/XMLSchema</namespace>
            </type>
        </namedTypedValue>
        <namedTypedValue>
            <name>startingMileage</name>
            <type>
                <name>double</name>
                <namespace>http://www.w3.org/2001/XMLSchema</namespace>
            </type>
        </namedTypedValue>
        <namedTypedValue>
            <name>readOnly</name>
            <type>
                <name>boolean</name>
                <namespace>http://www.w3.org/2001/XMLSchema</namespace>
            </type>
        </namedTypedValue>
        <namedTypedValue>
            <name>fleetId</name>
            <type>
                <name>int</name>
                <namespace>http://www.w3.org/2001/XMLSchema</namespace>
            </type>
        </namedTypedValue>
        <namedTypedValue>
            <name>usageType</name>
            <type>
                <name>int</name>
                <namespace>http://www.w3.org/2001/XMLSchema</namespace>
            </type>
        </namedTypedValue>
        <namedTypedValue>
            <name>assignedUser</name>
            <type>
                <name>User</name>
                <namespace>http://www.appian.com/ae/types/2009</namespace>
            </type>
        </namedTypedValue>
        <namedTypedValue>
            <name>usageComments</name>
            <type>
                <name>string</name>
                <namespace>http://www.w3.org/2001/XMLSchema</namespace>
            </type>
            <value/>
        </namedTypedValue>
        <preferredEditor>interface</preferredEditor>
        <offlineEnabled>false</offlineEnabled>
    </rule>
    <roleMap public="true">
        <role allowForAll="false" inherit="true" name="readers">
            <users/>
            <groups/>
        </role>
        <role allowForAll="false" inherit="true" name="authors">
            <users/>
            <groups/>
        </role>
        <role allowForAll="false" inherit="true" name="administrators">
            <users>
                <userUuid>sylvia.an</userUuid>
            </users>
            <groups/>
        </role>
        <role allowForAll="false" inherit="false" name="denyReaders">
            <users/>
            <groups/>
        </role>
        <role allowForAll="false" inherit="false" name="denyAuthors">
            <users/>
            <groups/>
        </role>
        <role allowForAll="false" inherit="false" name="denyAdministrators">
            <users/>
            <groups/>
        </role>
    </roleMap>
    <typedValue>
        <type>
            <name>RuleTestConfig?list</name>
            <namespace>http://www.appian.com/ae/types/2009</namespace>
        </type>
        <value>
            <el>
                <a:name/>
                <a:ruleInputTestConfigs>
                    <a:value xmlns:xsd="http://www.w3.org/2001/XMLSchema" xmlns:xsi="http://www.w3.org/2001/XMLSchema-instance" xsi:nil="true" xsi:type="xsd:dateTime"/>
                    <a:nameRef>checkOutTime</a:nameRef>
                    <a:id/>
                </a:ruleInputTestConfigs>
                <a:ruleInputTestConfigs>
                    <a:value xmlns:xsd="http://www.w3.org/2001/XMLSchema" xmlns:xsi="http://www.w3.org/2001/XMLSchema-instance" xsi:nil="true" xsi:type="xsd:double"/>
                    <a:nameRef>startingMileage</a:nameRef>
                    <a:id/>
                </a:ruleInputTestConfigs>
                <a:ruleInputTestConfigs>
                    <a:value xmlns:xsd="http://www.w3.org/2001/XMLSchema" xmlns:xsi="http://www.w3.org/2001/XMLSchema-instance" xsi:nil="true" xsi:type="xsd:boolean"/>
                    <a:nameRef>readOnly</a:nameRef>
                    <a:id/>
                </a:ruleInputTestConfigs>
                <a:ruleInputTestConfigs>
                    <a:value xmlns:xsd="http://www.w3.org/2001/XMLSchema" xmlns:xsi="http://www.w3.org/2001/XMLSchema-instance" xsi:nil="true" xsi:type="xsd:int"/>
                    <a:nameRef>fleetId</a:nameRef>
                    <a:id/>
                </a:ruleInputTestConfigs>
                <a:ruleInputTestConfigs>
                    <a:value xmlns:xsd="http://www.w3.org/2001/XMLSchema" xmlns:xsi="http://www.w3.org/2001/XMLSchema-instance" xsi:nil="true" xsi:type="xsd:int"/>
                    <a:nameRef>usageType</a:nameRef>
                    <a:id/>
                </a:ruleInputTestConfigs>
                <a:ruleInputTestConfigs>
                    <a:value xmlns:xsi="http://www.w3.org/2001/XMLSchema-instance" xsi:nil="true" xsi:type="a:User"/>
                    <a:nameRef>assignedUser</a:nameRef>
                    <a:id/>
                </a:ruleInputTestConfigs>
                <a:ruleInputTestConfigs>
                    <a:value xmlns:xsd="http://www.w3.org/2001/XMLSchema" xmlns:xsi="http://www.w3.org/2001/XMLSchema-instance" xsi:type="xsd:string"/>
                    <a:nameRef>usageComments</a:nameRef>
                    <a:id/>
                </a:ruleInputTestConfigs>
                <a:assertions xmlns:xsi="http://www.w3.org/2001/XMLSchema-instance" xsi:nil="true"/>
            </el>
        </value>
    </typedValue>
</contentHaul>
