<?xml version="1.0" encoding="UTF-8" standalone="yes"?>
<contentHaul xmlns:a="http://www.appian.com/ae/types/2009">
    <rule>
        <name>EFM_SCT_Event_maintCheckOut</name>
        <uuid>3ef4f44c-1743-4674-98ff-e9d2d711d3ed</uuid>
        <description></description>
        <parentUuid>_a-0000dd16-5d72-8000-9ba2-011c48011c48_6199</parentUuid>
        <visibility>
            <advertise>false</advertise>
            <hierarchy>true</hierarchy>
            <indexable>true</indexable>
            <quota>false</quota>
            <searchable>true</searchable>
            <system>false</system>
            <unlogged>false</unlogged>
        </visibility>
        <definition>{
  #&quot;SYSTEM_SYSRULES_sectionLayout&quot;(
    label: &quot;Enter Maintenance Details&quot;,
    firstColumnContents: {
          #&quot;SYSTEM_SYSRULES_dateTimeField&quot;(
            label: &quot;Check Out Time&quot;,
            value: ri!checkOutTime,
            saveInto: ri!checkOutTime,
            readOnly: ri!readOnly,
            required: true
          )
          
        },
        secondColumnContents: {
          if(ri!readOnly, 
          #&quot;SYSTEM_SYSRULES_textField&quot;(
            label: &quot;Maintenance Type&quot;,
            readOnly: true,
            value: #&quot;68a09f9a-5b5b-410e-b9b3-913c6e3c6f0c&quot;(id: ri!maintType).description
          ),
          #&quot;SYSTEM_SYSRULES_dropdownField&quot;(
            label: &quot;Maintenance Type&quot;,
            choiceLabels: #&quot;259b2820-4ef7-424a-b372-c4c0fed920e6&quot;(
                eventTypeId: #&quot;_a-0000dd3a-bcbf-8000-9ba2-011c48011c48_15151&quot;, 
                toReturn: #&quot;_a-0000dd3a-bcbf-8000-9ba2-011c48011c48_15148&quot;),
            choiceValues: #&quot;259b2820-4ef7-424a-b372-c4c0fed920e6&quot;(
                eventTypeId: #&quot;_a-0000dd3a-bcbf-8000-9ba2-011c48011c48_15151&quot;, 
                toReturn: #&quot;_a-0000dd3a-bcbf-8000-9ba2-011c48011c48_15147&quot;),
            placeholderLabel: &quot;-- (Required) --&quot;,
            value: ri!maintType,
            saveInto: ri!maintType,
            required: true
          ))
          
        },
        validations: {}
      )
}</definition>
        <namedTypedValue>
            <name>checkOutTime</name>
            <type>
                <name>dateTime</name>
                <namespace>http://www.w3.org/2001/XMLSchema</namespace>
            </type>
        </namedTypedValue>
        <namedTypedValue>
            <name>maintType</name>
            <type>
                <name>int</name>
                <namespace>http://www.w3.org/2001/XMLSchema</namespace>
            </type>
        </namedTypedValue>
        <namedTypedValue>
            <name>readOnly</name>
            <type>
                <name>boolean</name>
                <namespace>http://www.w3.org/2001/XMLSchema</namespace>
            </type>
        </namedTypedValue>
        <preferredEditor>interface</preferredEditor>
        <offlineEnabled>false</offlineEnabled>
    </rule>
    <roleMap public="true">
        <role allowForAll="false" inherit="true" name="readers">
            <users/>
            <groups/>
        </role>
        <role allowForAll="false" inherit="true" name="authors">
            <users/>
            <groups/>
        </role>
        <role allowForAll="false" inherit="true" name="administrators">
            <users>
                <userUuid>sylvia.an</userUuid>
            </users>
            <groups/>
        </role>
        <role allowForAll="false" inherit="false" name="denyReaders">
            <users/>
            <groups/>
        </role>
        <role allowForAll="false" inherit="false" name="denyAuthors">
            <users/>
            <groups/>
        </role>
        <role allowForAll="false" inherit="false" name="denyAdministrators">
            <users/>
            <groups/>
        </role>
    </roleMap>
</contentHaul>
