<?xml version="1.0" encoding="UTF-8" standalone="yes"?>
<contentHaul xmlns:a="http://www.appian.com/ae/types/2009">
    <rule>
        <name>EFM_DASH_Vehicle_Summary</name>
        <uuid>769ad0b2-ae5c-4c83-8d4a-2ce24f1ec78a</uuid>
        <description>Vehicle Summary Interface</description>
        <parentUuid>_a-0000dd16-785e-8000-9ba2-011c48011c48_6259</parentUuid>
        <visibility>
            <advertise>false</advertise>
            <hierarchy>true</hierarchy>
            <indexable>true</indexable>
            <quota>false</quota>
            <searchable>true</searchable>
            <system>false</system>
            <unlogged>false</unlogged>
        </visibility>
        <definition>=load(&#xD;
  local!vehicle:#&quot;SYSTEM_SYSRULES_queryEntity&quot;(&#xD;
    entity: #&quot;_a-0000dd16-5d72-8000-9ba2-011c48011c48_6224&quot;,&#xD;
    query: #&quot;SYSTEM_SYSRULES_query&quot;(&#xD;
      pagingInfo: #&quot;SYSTEM_SYSRULES_pagingInfo&quot;(startIndex: 1, batchSize: 1),&#xD;
      filter: #&quot;SYSTEM_SYSRULES_queryFilter&quot;(field: &quot;vehicleId&quot;, operator: &quot;=&quot;, value: ri!id)&#xD;
    )&#xD;
  ).data,&#xD;
  &#xD;
  local!vehicleView:#&quot;SYSTEM_SYSRULES_queryEntity&quot;(&#xD;
    entity: #&quot;_a-0000dd17-9077-8000-9ba2-011c48011c48_10837&quot;,&#xD;
    query: #&quot;SYSTEM_SYSRULES_query&quot;(&#xD;
      pagingInfo: #&quot;SYSTEM_SYSRULES_pagingInfo&quot;(startIndex: 1, batchSize: 1),&#xD;
      filter: #&quot;SYSTEM_SYSRULES_queryFilter&quot;(field: &quot;vehicleId&quot;, operator: &quot;=&quot;, value: ri!id)&#xD;
    )&#xD;
  ).data,&#xD;
&#xD;
  #&quot;SYSTEM_SYSRULES_dashboardLayout&quot;(&#xD;
    firstColumnContents: {&#xD;
      #&quot;SYSTEM_SYSRULES_sectionLayout&quot;(&#xD;
        firstColumnContents: {&#xD;
          #&quot;_a-0000dd17-9077-8000-9ba2-011c48011c48_11317&quot;(statusId: property(local!vehicle, &quot;statusId&quot;, 6))&#xD;
        },&#xD;
        secondColumnContents: {&#xD;
          #&quot;_a-0000dd4b-0482-8000-9ba2-011c48011c48_18521&quot;(endOfLifeId: #&quot;_a-0000dd4b-0482-8000-9ba2-011c48011c48_18477&quot;(vehicle: local!vehicle), align: &quot;RIGHT&quot;)&#xD;
        }&#xD;
      ),&#xD;
      #&quot;_a-0000dd4b-0482-8000-9ba2-011c48011c48_18573&quot;(&#xD;
        readOnly: true,&#xD;
        vehicle: local!vehicle&#xD;
      ),&#xD;
      #&quot;_a-0000dd4b-0482-8000-9ba2-011c48011c48_18596&quot;(&#xD;
        readOnly: true,&#xD;
        vehicleView: local!vehicleView&#xD;
      ),&#xD;
      #&quot;_a-0000dd4b-0482-8000-9ba2-011c48011c48_18599&quot;(&#xD;
        readOnly: true,&#xD;
        vehicle: local!vehicle&#xD;
      )&#xD;
    }&#xD;
  )&#xD;
)</definition>
        <namedTypedValue>
            <name>id</name>
            <type>
                <name>int</name>
                <namespace>http://www.w3.org/2001/XMLSchema</namespace>
            </type>
        </namedTypedValue>
        <preferredEditor>interface</preferredEditor>
        <offlineEnabled>false</offlineEnabled>
    </rule>
    <roleMap public="true">
        <role allowForAll="false" inherit="true" name="readers">
            <users/>
            <groups/>
        </role>
        <role allowForAll="false" inherit="true" name="authors">
            <users/>
            <groups/>
        </role>
        <role allowForAll="false" inherit="true" name="administrators">
            <users>
                <userUuid>justin.watts</userUuid>
            </users>
            <groups/>
        </role>
        <role allowForAll="false" inherit="false" name="denyReaders">
            <users/>
            <groups/>
        </role>
        <role allowForAll="false" inherit="false" name="denyAuthors">
            <users/>
            <groups/>
        </role>
        <role allowForAll="false" inherit="false" name="denyAdministrators">
            <users/>
            <groups/>
        </role>
    </roleMap>
    <typedValue>
        <type>
            <name>RuleTestConfig?list</name>
            <namespace>http://www.appian.com/ae/types/2009</namespace>
        </type>
        <value>
            <el>
                <a:name/>
                <a:ruleInputTestConfigs>
                    <a:value xmlns:xsi="http://www.w3.org/2001/XMLSchema-instance" xsi:type="a:Expression">4</a:value>
                    <a:nameRef>id</a:nameRef>
                    <a:id/>
                </a:ruleInputTestConfigs>
                <a:assertions xmlns:xsi="http://www.w3.org/2001/XMLSchema-instance" xsi:nil="true"/>
            </el>
        </value>
    </typedValue>
</contentHaul>
