<?xml version="1.0" encoding="UTF-8" standalone="yes"?>
<contentHaul xmlns:a="http://www.appian.com/ae/types/2009">
    <rule>
        <name>EFM_RPT_Vehicle_inventory</name>
        <uuid>_a-0000dd4b-0482-8000-9ba2-011c48011c48_18501</uuid>
        <description>Interface to display the vehicle inventory report</description>
        <parentUuid>_a-0000dd17-9077-8000-9ba2-011c48011c48_6579</parentUuid>
        <visibility>
            <advertise>false</advertise>
            <hierarchy>true</hierarchy>
            <indexable>true</indexable>
            <quota>false</quota>
            <searchable>true</searchable>
            <system>false</system>
            <unlogged>false</unlogged>
        </visibility>
        <definition>load(
  local!fleets:#&quot;SYSTEM_SYSRULES_queryEntity&quot;(
    entity:#&quot;_a-0000dd17-9077-8000-9ba2-011c48011c48_10917&quot;,
    query:#&quot;SYSTEM_SYSRULES_query&quot;(
      pagingInfo:#&quot;SYSTEM_SYSRULES_pagingInfo&quot;(
        startIndex: 1, 
        batchSize: -1,
        sort: #&quot;SYSTEM_SYSRULES_sortInfo&quot;(
          field: &quot;fleetId&quot;,
          ascending: true
        )
        )
    )
  ).data,
  local!types:#&quot;SYSTEM_SYSRULES_queryEntity&quot;(
    entity:#&quot;_a-0000dd17-9077-8000-9ba2-011c48011c48_10787&quot;,
    query:#&quot;SYSTEM_SYSRULES_query&quot;(
      pagingInfo:#&quot;SYSTEM_SYSRULES_pagingInfo&quot;(1, -1)
    )
  ).data,
  local!statuses:#&quot;SYSTEM_SYSRULES_queryEntity&quot;(
    entity:#&quot;_a-0000dd17-9077-8000-9ba2-011c48011c48_10786&quot;,
    query:#&quot;SYSTEM_SYSRULES_query&quot;(
      pagingInfo:#&quot;SYSTEM_SYSRULES_pagingInfo&quot;(1, -1)
    )
  ).data,
  local!pagingInfo: #&quot;SYSTEM_SYSRULES_pagingInfo&quot;(
    startIndex: 1,
    batchSize: -1,
    sort: #&quot;SYSTEM_SYSRULES_sortInfo&quot;(
      field: &quot;fleetId&quot;,
      ascending: true
    )
  ),
  local!status,
  local!datasubset: #&quot;SYSTEM_SYSRULES_queryEntity&quot;(
    entity: #&quot;_a-0000dd16-5d72-8000-9ba2-011c48011c48_6224&quot;,
    query: #&quot;SYSTEM_SYSRULES_query&quot;(
      aggregation: #&quot;SYSTEM_SYSRULES_queryAggregation&quot;(aggregationColumns: {
        #&quot;SYSTEM_SYSRULES_queryAggregationColumn&quot;(field: &quot;vehicleId&quot;, aggregationFunction: &quot;COUNT&quot;),
        #&quot;SYSTEM_SYSRULES_queryAggregationColumn&quot;(field: &quot;fleetId&quot;, isGrouping: true),
        #&quot;SYSTEM_SYSRULES_queryAggregationColumn&quot;(field: &quot;vehicleTypeId&quot;, isGrouping: true),
      }),
      logicalExpression:#&quot;SYSTEM_SYSRULES_queryLogicalExpression&quot;(
        operator:&quot;AND&quot;,
        filters:{
          #&quot;SYSTEM_SYSRULES_queryFilter&quot;(
            field:&quot;vehicleId&quot;,
            operator:&quot;not null&quot;
          ),
          if(isnull(local!status), {},
            #&quot;SYSTEM_SYSRULES_queryFilter&quot;(
              field:&quot;statusId&quot;,
              operator:&quot;=&quot;,
              value:local!status
            )
          )
        }
      ),
      pagingInfo: local!pagingInfo
    )
  ),
  {
    #&quot;SYSTEM_SYSRULES_sectionLayout&quot;(
      label:&quot;Filters&quot;,
      firstColumnContents:{
        #&quot;SYSTEM_SYSRULES_dropdownField&quot;(
          label:&quot;Status&quot;,
          placeholderLabel:&quot;-- Select a Status --&quot;,
          choiceLabels:property(local!statuses, &quot;description&quot;, {}),
          choiceValues:property(local!statuses, &quot;id&quot;, {}),
          value:local!status,
          saveInto:local!status
        ),
        #&quot;SYSTEM_SYSRULES_ButtonLayout&quot;(
          secondaryButtons:{
            #&quot;SYSTEM_SYSRULES_ButtonWidget&quot;(
              label:&quot;Apply Filters&quot;,
              style:&quot;NORMAL&quot;,
              value:null,
              saveInto:{
                a!save(
                  local!datasubset,
                  #&quot;SYSTEM_SYSRULES_queryEntity&quot;(
                    entity: #&quot;_a-0000dd16-5d72-8000-9ba2-011c48011c48_6224&quot;,
                    query: #&quot;SYSTEM_SYSRULES_query&quot;(
                      aggregation: #&quot;SYSTEM_SYSRULES_queryAggregation&quot;(aggregationColumns: {
                        #&quot;SYSTEM_SYSRULES_queryAggregationColumn&quot;(field: &quot;vehicleId&quot;, aggregationFunction: &quot;COUNT&quot;),
                        #&quot;SYSTEM_SYSRULES_queryAggregationColumn&quot;(field: &quot;fleetId&quot;, isGrouping: true),
                        #&quot;SYSTEM_SYSRULES_queryAggregationColumn&quot;(field: &quot;vehicleTypeId&quot;, isGrouping: true),
                      }),
                      logicalExpression:#&quot;SYSTEM_SYSRULES_queryLogicalExpression&quot;(
                        operator:&quot;AND&quot;,
                        filters:{
                          #&quot;SYSTEM_SYSRULES_queryFilter&quot;(
                            field:&quot;vehicleId&quot;,
                            operator:&quot;not null&quot;
                          ),
                          if(isnull(local!status), {},
                            #&quot;SYSTEM_SYSRULES_queryFilter&quot;(
                              field:&quot;statusId&quot;,
                              operator:&quot;=&quot;,
                              value:local!status
                            )
                          )
                        }
                      ),
                      pagingInfo: local!pagingInfo
                    )
                  )
                )
              }
            )
          }
        )
      },
      secondColumnContents:{

      }
    ),
    #&quot;SYSTEM_SYSRULES_sectionLayout&quot;(
      label:&quot;Data&quot;,
      firstColumnContents:{
        if(local!datasubset.totalCount = 0, 
          #&quot;SYSTEM_SYSRULES_richTextDisplayField&quot;(
            value:{
              #&quot;SYSTEM_SYSRULES_richTextItem&quot;(
                text:&quot;There are no vehicles that match your filter criteria&quot;,
                style:&quot;HEADER_SMALL&quot;
              )
            }
          ),
          #&quot;SYSTEM_SYSRULES_columnChartField&quot;(
            categories: {
              apply(
                displayvalue(_,
                  property(local!fleets, &quot;fleetId&quot;, {}),
                  property(local!fleets, &quot;name&quot;, {}),
                  {}
                ),
                #&quot;_a-0000d690-12fb-8000-0f1a-010000010000_1375&quot;(property(local!datasubset.data, &quot;fleetId&quot;, {}))
              )
            },
            series:#&quot;SYSTEM_SYSRULES_applyComponents&quot;(
              #&quot;_a-0000dd4b-0482-8000-9ba2-011c48011c48_18522&quot;(
                dataSubset:local!datasubset,
                label:_,
                barFieldName:&quot;fleetId&quot;,
                stackFieldName:&quot;vehicleTypeId&quot;,
                stackFieldId:_,
                indexFieldName:&quot;vehicleId&quot;
              ),
              merge(
                apply(
                  displayvalue(
                    _,
                    property(local!types, &quot;id&quot;, {}),
                    property(local!types, &quot;description&quot;, {}),
                    &quot;&quot;
                  ),
                  #&quot;_a-0000d690-12fb-8000-0f1a-010000010000_1375&quot;(property(local!datasubset.data, &quot;vehicleTypeId&quot;, {}))
                ),
                #&quot;_a-0000d690-12fb-8000-0f1a-010000010000_1375&quot;(property(local!datasubset.data, &quot;vehicleTypeId&quot;, {}))
              )
            ),
            stacking:&quot;NORMAL&quot;
          )
        )
      }
    )
    /*a!paragraphField(*/
    /*  value:local!datasubset*/
    /*),*/
    /*a!paragraphField(*/
    /*  value:a!applyComponents(*/
    /*    rule!EFM_RULE_General_generateInventoryReportChartSeries(*/
    /*      dataSubset:local!datasubset,*/
    /*      label:_,*/
    /*      barFieldName:&quot;fleetId&quot;,*/
    /*      stackFieldName:&quot;vehicleTypeId&quot;,*/
    /*      stackFieldId:_,*/
    /*      indexFieldName:&quot;vehicleId&quot;*/
    /*    ),*/
    /*    merge(*/
    /*      apply(*/
    /*        displayvalue(*/
    /*          _,*/
    /*          property(local!types, &quot;id&quot;, {}),*/
    /*          property(local!types, &quot;description&quot;, {}),*/
    /*          &quot;&quot;*/
    /*        ),*/
    /*        rule!APN_distinct(property(local!datasubset.data, &quot;vehicleTypeId&quot;, {}))*/
    /*      ),*/
    /*      rule!APN_distinct(property(local!datasubset.data, &quot;vehicleTypeId&quot;, {}))*/
    /*    )*/
    /*  )*/
    /*)*/
  }
)
</definition>
        <preferredEditor>interface</preferredEditor>
        <offlineEnabled>false</offlineEnabled>
    </rule>
    <roleMap public="true">
        <role allowForAll="false" inherit="true" name="readers">
            <users/>
            <groups/>
        </role>
        <role allowForAll="false" inherit="true" name="authors">
            <users/>
            <groups/>
        </role>
        <role allowForAll="false" inherit="true" name="administrators">
            <users/>
            <groups/>
        </role>
        <role allowForAll="false" inherit="false" name="denyReaders">
            <users/>
            <groups/>
        </role>
        <role allowForAll="false" inherit="false" name="denyAuthors">
            <users/>
            <groups/>
        </role>
        <role allowForAll="false" inherit="false" name="denyAdministrators">
            <users/>
            <groups/>
        </role>
    </roleMap>
</contentHaul>
