<?xml version="1.0" encoding="UTF-8" standalone="yes"?>
<contentHaul xmlns:a="http://www.appian.com/ae/types/2009">
    <rule>
        <name>EFM_SCT_Fleet_expensesChart</name>
        <uuid>_a-0000dd4b-0482-8000-9ba2-011c48011c48_18909</uuid>
        <description>Bar chart of expenses for a fleet by expense date</description>
        <parentUuid>_a-0000dd16-5d72-8000-9ba2-011c48011c48_6199</parentUuid>
        <visibility>
            <advertise>false</advertise>
            <hierarchy>true</hierarchy>
            <indexable>true</indexable>
            <quota>false</quota>
            <searchable>true</searchable>
            <system>false</system>
            <unlogged>false</unlogged>
        </visibility>
        <definition>=load(
  local!expenseCategories: #&quot;SYSTEM_SYSRULES_queryEntity&quot;(
    entity: #&quot;_a-0000dd17-9077-8000-9ba2-011c48011c48_10785&quot;,
    query: #&quot;SYSTEM_SYSRULES_query&quot;(pagingInfo: #&quot;SYSTEM_SYSRULES_pagingInfo&quot;(startIndex: 1, batchSize: -1))
  ),
  local!pagingInfo: #&quot;SYSTEM_SYSRULES_pagingInfo&quot;(
    startIndex: 1,
    batchSize: -1,
    sort: #&quot;SYSTEM_SYSRULES_sortInfo&quot;(field: &quot;date&quot;, ascending: true)
  ),
  
  with(
    local!datasubset: #&quot;SYSTEM_SYSRULES_queryEntity&quot;(
      entity: #&quot;_a-0000dd4b-0482-8000-9ba2-011c48011c48_18877&quot;,
      query: #&quot;SYSTEM_SYSRULES_query&quot;(
        logicalExpression: #&quot;SYSTEM_SYSRULES_queryLogicalExpression&quot;(
          operator: &quot;AND&quot;,
          filters: {
            if(#&quot;2168a5de-fb70-4d66-8b97-b547e3ac6e57&quot;(ri!fleetId), {},
              #&quot;SYSTEM_SYSRULES_queryFilter&quot;(field: &quot;fleetId&quot;, operator: &quot;=&quot;, value: ri!fleetId)
            )
          }
        ),
        aggregation: #&quot;SYSTEM_SYSRULES_queryAggregation&quot;(aggregationColumns: {
          #&quot;SYSTEM_SYSRULES_queryAggregationColumn&quot;(field: &quot;date&quot;, isGrouping: true),
          #&quot;SYSTEM_SYSRULES_queryAggregationColumn&quot;(field: &quot;category&quot;, isGrouping: true),
          #&quot;SYSTEM_SYSRULES_queryAggregationColumn&quot;(field: &quot;amount&quot;, aggregationFunction: &quot;SUM&quot;)
        }),
        pagingInfo: local!pagingInfo
      )
    ),
    #&quot;SYSTEM_SYSRULES_columnChartField&quot;(
      label: &quot;Fleet Expenses&quot;,
      categories: union(index(local!datasubset.data, &quot;date&quot;, {}), cast(typeof(index(local!datasubset.data, &quot;date&quot;, {})), {})),
      showLegend: true,
      stacking: &quot;NORMAL&quot;,
      series: {
        apply(
          #&quot;_a-0000dd4b-0482-8000-9ba2-011c48011c48_18898&quot;(
            data: local!datasubset.data,
            categoryField: &quot;date&quot;,
            labelField: &quot;category&quot;,
            datapointField: &quot;amount&quot;,
            categories: union(index(local!datasubset.data, &quot;date&quot;, {}), cast(typeof(index(local!datasubset.data, &quot;date&quot;, {})), {})),
            label: _
            ),
          union(index(local!datasubset.data, &quot;category&quot;, {}), cast(typeof(index(local!datasubset.data, &quot;category&quot;, {})), {}))  
        )
      }
    )
  )
)</definition>
        <namedTypedValue>
            <name>fleetId</name>
            <type>
                <name>int</name>
                <namespace>http://www.w3.org/2001/XMLSchema</namespace>
            </type>
        </namedTypedValue>
        <preferredEditor>interface</preferredEditor>
        <offlineEnabled>false</offlineEnabled>
    </rule>
    <roleMap public="true">
        <role allowForAll="false" inherit="true" name="readers">
            <users/>
            <groups/>
        </role>
        <role allowForAll="false" inherit="true" name="authors">
            <users/>
            <groups/>
        </role>
        <role allowForAll="false" inherit="true" name="administrators">
            <users>
                <userUuid>katie.hsu</userUuid>
            </users>
            <groups/>
        </role>
        <role allowForAll="false" inherit="false" name="denyReaders">
            <users/>
            <groups/>
        </role>
        <role allowForAll="false" inherit="false" name="denyAuthors">
            <users/>
            <groups/>
        </role>
        <role allowForAll="false" inherit="false" name="denyAdministrators">
            <users/>
            <groups/>
        </role>
    </roleMap>
</contentHaul>
