<?xml version="1.0" encoding="UTF-8" standalone="yes"?>
<contentHaul xmlns:a="http://www.appian.com/ae/types/2009">
    <rule>
        <name>EFM_FRM_Trips_createNew</name>
        <uuid>_a-0000dd17-9077-8000-9ba2-011c48011c48_6560</uuid>
        <description>Create a new Trip</description>
        <parentUuid>_a-0000dd16-5d72-8000-9ba2-011c48011c48_6194</parentUuid>
        <visibility>
            <advertise>false</advertise>
            <hierarchy>true</hierarchy>
            <indexable>true</indexable>
            <quota>false</quota>
            <searchable>true</searchable>
            <system>false</system>
            <unlogged>false</unlogged>
        </visibility>
        <definition>/* NOTE: currently passing in hardcoded userid TODO: null handling */
=load(
  local!selectedTrip,
  local!endPoints:{&quot;40.736017,-74.173535&quot;},
  local!comments,
  local!selectedRecentTripIdx,
  local!createNew:false,
  local!allRecentTrips:#&quot;_a-0000dd17-9077-8000-9ba2-011c48011c48_6538&quot;(userId: 1, pagingInfo:#&quot;SYSTEM_SYSRULES_pagingInfo&quot;(startIndex:1,batchSize:2)).data,
  local!recentVehicles,
  local!recentLocations,
  #&quot;SYSTEM_SYSRULES_formLayout&quot;(
    firstColumnContents: {
      #&quot;SYSTEM_SYSRULES_sectionLayout&quot;(
        label:if(and(ri!selectedVehicleId=0,ri!startLocationId=0,ri!endLocationId=0),&quot;&quot;,&quot;Trip Summary&quot;),
        firstColumnContents: {
          if(isnull(ri!selectedRecentTrip),{},
            #&quot;SYSTEM_SYSRULES_richTextDisplayField&quot;(
              labelPosition:&quot;COLLAPSED&quot;,
              value:{
                #&quot;SYSTEM_SYSRULES_richTextItem&quot;(text:&quot;Vehicle: &quot;,style:&quot;STRONG&quot;),#&quot;SYSTEM_SYSRULES_richTextItem&quot;(text:ri!selectedRecentTrip.make&amp;&quot; &quot;&amp;ri!selectedRecentTrip.model),
                char(10),
                #&quot;SYSTEM_SYSRULES_richTextItem&quot;(text:&quot;Start: &quot;,style:&quot;STRONG&quot;),#&quot;SYSTEM_SYSRULES_richTextItem&quot;(text:ri!selectedRecentTrip.fromLocationName),
                char(10),
                #&quot;SYSTEM_SYSRULES_richTextItem&quot;(text:&quot;End: &quot;,style:&quot;STRONG&quot;),#&quot;SYSTEM_SYSRULES_richTextItem&quot;(text:ri!selectedRecentTrip.toLocationName)
              }
            )
          ),
          if(or(isnull(ri!selectedVehicleId),ri!selectedVehicleId=0),{},
            #&quot;SYSTEM_SYSRULES_richTextDisplayField&quot;(
              labelPosition:&quot;COLLAPSED&quot;,
              value:{
                #&quot;SYSTEM_SYSRULES_richTextItem&quot;(text:&quot;Vehicle: &quot;,style:&quot;STRONG&quot;),#&quot;SYSTEM_SYSRULES_richTextItem&quot;(text:displayvalue(ri!selectedVehicleId,local!recentVehicles.vehicleId,local!recentVehicles.model,&quot;&quot;)),#&quot;SYSTEM_SYSRULES_richTextImage&quot;(image:#&quot;SYSTEM_SYSRULES_documentImage&quot;(document:#&quot;SYSTEM_SYSRULES_iconIndicator&quot;(icon:&quot;REMOVE&quot;),link:#&quot;SYSTEM_SYSRULES_dynamicLink&quot;(value:null,saveInto:ri!selectedVehicleId)))
              }
            )
          ),
          if(or(isnull(ri!startLocationId),ri!startLocationId=0),{},
            #&quot;SYSTEM_SYSRULES_richTextDisplayField&quot;(
              labelPosition:&quot;COLLAPSED&quot;,
              value:{
                #&quot;SYSTEM_SYSRULES_richTextItem&quot;(text:&quot;Start: &quot;,style:&quot;STRONG&quot;),#&quot;SYSTEM_SYSRULES_richTextItem&quot;(text:displayvalue(ri!startLocationId,local!recentLocations.locationId,local!recentLocations.name,&quot;&quot;)),#&quot;SYSTEM_SYSRULES_richTextImage&quot;(image:#&quot;SYSTEM_SYSRULES_documentImage&quot;(document:#&quot;SYSTEM_SYSRULES_iconIndicator&quot;(icon:&quot;REMOVE&quot;),link:#&quot;SYSTEM_SYSRULES_dynamicLink&quot;(value:null,saveInto:ri!startLocationId)))
              }
            )
          ),
          if(or(isnull(ri!endLocationId),ri!endLocationId=0),{},
            #&quot;SYSTEM_SYSRULES_richTextDisplayField&quot;(
              labelPosition:&quot;COLLAPSED&quot;,
              value:{
                #&quot;SYSTEM_SYSRULES_richTextItem&quot;(text:&quot;End: &quot;,style:&quot;STRONG&quot;),#&quot;SYSTEM_SYSRULES_richTextItem&quot;(text:displayvalue(ri!endLocationId,local!recentLocations.locationId,local!recentLocations.name,&quot;&quot;)),#&quot;SYSTEM_SYSRULES_richTextImage&quot;(image:#&quot;SYSTEM_SYSRULES_documentImage&quot;(document:#&quot;SYSTEM_SYSRULES_iconIndicator&quot;(icon:&quot;REMOVE&quot;),link:#&quot;SYSTEM_SYSRULES_dynamicLink&quot;(value:null,saveInto:ri!endLocationId)))
              }
            )
          )          
        }
      ),
      if(or(local!createNew,not(isnull(ri!selectedRecentTrip))),{},
        #&quot;SYSTEM_SYSRULES_sectionLayout&quot;(
          firstColumnContents:{
            #&quot;SYSTEM_SYSRULES_dropdownFieldByIndex&quot;(
              label:&quot;Start From A Recent Trip&quot;,
              choiceLabels:apply(fn!concat(_,&quot; &quot;,_,&quot; | &quot;,_,&quot; --&gt; &quot;,_),merge(local!allRecentTrips.make,local!allRecentTrips.model,local!allRecentTrips.fromLocationName,local!allRecentTrips.toLocationName)),
              placeholderLabel:&quot;Select a recent trip&quot;,
              value:local!selectedRecentTripIdx,
              saveInto:{
                a!save(ri!selectedRecentTrip,index(local!allRecentTrips,save!value,null)),
                local!selectedRecentTripIdx
              }
            ),
              #&quot;SYSTEM_SYSRULES_richTextDisplayField&quot;(
                value:#&quot;SYSTEM_SYSRULES_richTextItem&quot;(text:&quot;OR&quot;, style:&quot;HEADER_SMALL&quot;)
              ),          
            #&quot;SYSTEM_SYSRULES_ButtonLayout&quot;(
              secondaryButtons:{
                #&quot;SYSTEM_SYSRULES_ButtonWidget&quot;(
                  label:&quot;Create New Trip&quot;,
                  value:true,
                  saveInto:{
                    local!createNew,
                    a!save(local!recentVehicles,#&quot;7f28ea60-693a-4952-bbbc-effd6fd06858&quot;(assignedFleetId:1).data),
                    a!save(local!recentLocations,#&quot;_a-0000dd17-9077-8000-9ba2-011c48011c48_6698&quot;(locationId:null).data)
                  }
                )
              }
            )
          }
        )
      ),
      if(and(local!createNew,ri!selectedVehicleId&lt;1),
        #&quot;SYSTEM_SYSRULES_sectionLayout&quot;(
          label:&quot;1. Select A Vehicle&quot;,
          firstColumnContents:{
            #&quot;SYSTEM_SYSRULES_dropdownField&quot;(
              label:&quot;Assigned vehicles&quot;,
              helpTooltip:&quot;Select any vehicle&quot;,
              labelPosition:&quot;ABOVE&quot;,
              placeholderLabel:&quot;-- Vehicle --&quot;,
              choiceLabels:apply(fn!concat(_,&quot; &quot;,_),merge(local!recentVehicles.model,local!recentVehicles.vinNumber)),
              choiceValues:local!recentVehicles.vehicleId,
              saveInto: ri!selectedVehicleId,
              value: if(ri!selectedVehicleId=0,null,ri!selectedVehicleId),
              validations: {}            
            )
          }
        ),{}
      ),
      if(and(local!createNew,ri!startLocationId&lt;1),      
        #&quot;SYSTEM_SYSRULES_sectionLayout&quot;(
          label:&quot;2. Select Start&quot;,
          firstColumnContents:{
            #&quot;SYSTEM_SYSRULES_dropdownField&quot;(
              label:&quot;Select any Location&quot;,
              helpTooltip:&quot;Select any location&quot;,
              labelPosition:&quot;ABOVE&quot;,
              placeholderLabel:&quot;-- Locations --&quot;,
              choiceLabels:local!recentLocations.name,
              choiceValues:local!recentLocations.locationId,
              saveInto: ri!startLocationId,
              value: if(ri!startLocationId=0,null,ri!startLocationId),
              validations: {}            
            )
          }
        ),
      {}),
      if(and(local!createNew,ri!endLocationId&lt;1),
      #&quot;SYSTEM_SYSRULES_sectionLayout&quot;(
        label:&quot;3. Select End&quot;,        
        firstColumnContents:{
          #&quot;SYSTEM_SYSRULES_dropdownField&quot;(
            label:&quot;Select any Location&quot;,
            helpTooltip:&quot;Select any location&quot;,
            labelPosition:&quot;ABOVE&quot;,
            placeholderLabel:&quot;-- Locations --&quot;,
            choiceLabels:local!recentLocations.name,
            choiceValues:local!recentLocations.locationId,
            saveInto: ri!endLocationId,
            value: if(ri!endLocationId=0,null,ri!endLocationId),
            validations: {}              
          )
        }
      ),{}),
      if(or(local!createNew,not(isnull(ri!selectedRecentTrip))),
        #&quot;SYSTEM_SYSRULES_sectionLayout&quot;(
        label:if(local!createNew,&quot;4. &quot;,&quot;&quot;)&amp;&quot;Enter Mileage&quot;,
        firstColumnContents: {
          #&quot;SYSTEM_SYSRULES_floatingPointField&quot;(
            label:&quot;Ending Odometer&quot;,
            required:true,
            value:ri!odometer,
            saveInto:ri!odometer
          ),
          #&quot;SYSTEM_SYSRULES_paragraphField&quot;(
            label:&quot;Comments&quot;,
            value:local!comments,
            saveInto:local!comments
          ),
          #&quot;SYSTEM_SYSRULES_checkboxField&quot;(
            label: &quot;Expenses&quot;,
            helpTooltip: &quot;Do you have an expense related to this trip?&quot;,
            choiceLabels: {&quot;&quot;},
            choiceValues: {true},
            value: ri!expenseFlag,
            saveInto: ri!expenseFlag
          )
        },
        secondColumnContents:{
          #&quot;SYSTEM_SYSRULES_imageField&quot;(
            label: &quot;Location Summary&quot;,
            images:{
              #&quot;SYSTEM_SYSRULES_webImage&quot;(
                source:&quot;https://maps.googleapis.com/maps/api/staticmap?center=Brooklyn+Bridge,New+York,NY&amp;zoom=10&amp;size=800x400&amp;maptype=roadmap&amp;markers=color:red%7Clabel:S%7C40.702147,-74.015794&amp;markers=color:green%7Clabel:E%7C&quot;&amp;local!endPoints
              )
            },
            readOnly: true      
          )
        }
      ),{})
    },
    secondColumnContents: {},
    buttons: if(or(local!createNew,not(isnull(ri!selectedRecentTrip))),
      #&quot;SYSTEM_SYSRULES_ButtonLayout&quot;(
        secondaryButtons:{
            #&quot;SYSTEM_SYSRULES_ButtonWidgetSubmit&quot;(
              label: #&quot;_a-0000dd17-9077-8000-9ba2-011c48011c48_6715&quot;,
              style: &quot;NORMAL&quot;,
              value: #&quot;_a-0000dd17-9077-8000-9ba2-011c48011c48_6715&quot;,
              skipValidation:true,
              saveInto: {
                  ri!submitValue
              }
            )          
        },
        primaryButtons: {
            #&quot;SYSTEM_SYSRULES_ButtonWidgetSubmit&quot;(
              label: #&quot;_a-0000dd17-9077-8000-9ba2-011c48011c48_6617&quot;,
              style: &quot;PRIMARY&quot;,
              value:#&quot;_a-0000dd17-9077-8000-9ba2-011c48011c48_6617&quot;,
              saveInto: {
                ri!submitValue,
                /* hard coded for now until we discuss user management strategy */
                a!save(ri!userId,1)
              }
            )
        }
      ),
    {}),
    validations: {}
  )

)</definition>
        <namedTypedValue>
            <name>odometer</name>
            <type>
                <name>double</name>
                <namespace>http://www.w3.org/2001/XMLSchema</namespace>
            </type>
        </namedTypedValue>
        <namedTypedValue>
            <name>startLocationId</name>
            <type>
                <name>int</name>
                <namespace>http://www.w3.org/2001/XMLSchema</namespace>
            </type>
        </namedTypedValue>
        <namedTypedValue>
            <name>endLocationId</name>
            <type>
                <name>int</name>
                <namespace>http://www.w3.org/2001/XMLSchema</namespace>
            </type>
        </namedTypedValue>
        <namedTypedValue>
            <name>selectedVehicleId</name>
            <type>
                <name>int</name>
                <namespace>http://www.w3.org/2001/XMLSchema</namespace>
            </type>
        </namedTypedValue>
        <namedTypedValue>
            <name>selectedRecentTrip</name>
            <type>
                <name>EFM_V_User_Trips</name>
                <namespace>urn:com:appian:types:EFM</namespace>
            </type>
        </namedTypedValue>
        <namedTypedValue>
            <name>userId</name>
            <type>
                <name>int</name>
                <namespace>http://www.w3.org/2001/XMLSchema</namespace>
            </type>
        </namedTypedValue>
        <namedTypedValue>
            <name>submitValue</name>
            <type>
                <name>string</name>
                <namespace>http://www.w3.org/2001/XMLSchema</namespace>
            </type>
            <value/>
        </namedTypedValue>
        <namedTypedValue>
            <name>expenseFlag</name>
            <type>
                <name>boolean</name>
                <namespace>http://www.w3.org/2001/XMLSchema</namespace>
            </type>
        </namedTypedValue>
        <preferredEditor>interface</preferredEditor>
        <offlineEnabled>false</offlineEnabled>
    </rule>
    <roleMap public="true">
        <role allowForAll="false" inherit="true" name="readers">
            <users/>
            <groups/>
        </role>
        <role allowForAll="false" inherit="true" name="authors">
            <users/>
            <groups/>
        </role>
        <role allowForAll="false" inherit="true" name="administrators">
            <users/>
            <groups/>
        </role>
        <role allowForAll="false" inherit="false" name="denyReaders">
            <users/>
            <groups/>
        </role>
        <role allowForAll="false" inherit="false" name="denyAuthors">
            <users/>
            <groups/>
        </role>
        <role allowForAll="false" inherit="false" name="denyAdministrators">
            <users/>
            <groups/>
        </role>
    </roleMap>
    <typedValue>
        <type>
            <name>RuleTestConfig?list</name>
            <namespace>http://www.appian.com/ae/types/2009</namespace>
        </type>
        <value>
            <el>
                <a:name/>
                <a:ruleInputTestConfigs>
                    <a:value xmlns:xsd="http://www.w3.org/2001/XMLSchema" xmlns:xsi="http://www.w3.org/2001/XMLSchema-instance" xsi:nil="true" xsi:type="xsd:double"/>
                    <a:nameRef>odometer</a:nameRef>
                    <a:id/>
                </a:ruleInputTestConfigs>
                <a:ruleInputTestConfigs>
                    <a:value xmlns:xsd="http://www.w3.org/2001/XMLSchema" xmlns:xsi="http://www.w3.org/2001/XMLSchema-instance" xsi:nil="true" xsi:type="xsd:int"/>
                    <a:nameRef>startLocationId</a:nameRef>
                    <a:id/>
                </a:ruleInputTestConfigs>
                <a:ruleInputTestConfigs>
                    <a:value xmlns:xsd="http://www.w3.org/2001/XMLSchema" xmlns:xsi="http://www.w3.org/2001/XMLSchema-instance" xsi:nil="true" xsi:type="xsd:int"/>
                    <a:nameRef>endLocationId</a:nameRef>
                    <a:id/>
                </a:ruleInputTestConfigs>
                <a:ruleInputTestConfigs>
                    <a:value xmlns:xsd="http://www.w3.org/2001/XMLSchema" xmlns:xsi="http://www.w3.org/2001/XMLSchema-instance" xsi:nil="true" xsi:type="xsd:int"/>
                    <a:nameRef>selectedVehicleId</a:nameRef>
                    <a:id/>
                </a:ruleInputTestConfigs>
                <a:ruleInputTestConfigs>
                    <a:value xmlns:n1="urn:com:appian:types:EFM" xmlns:xsi="http://www.w3.org/2001/XMLSchema-instance" xsi:nil="true" xsi:type="n1:EFM_V_User_Trips"/>
                    <a:nameRef>selectedRecentTrip</a:nameRef>
                    <a:id/>
                </a:ruleInputTestConfigs>
                <a:ruleInputTestConfigs>
                    <a:value xmlns:xsd="http://www.w3.org/2001/XMLSchema" xmlns:xsi="http://www.w3.org/2001/XMLSchema-instance" xsi:nil="true" xsi:type="xsd:int"/>
                    <a:nameRef>userId</a:nameRef>
                    <a:id/>
                </a:ruleInputTestConfigs>
                <a:ruleInputTestConfigs>
                    <a:value xmlns:xsd="http://www.w3.org/2001/XMLSchema" xmlns:xsi="http://www.w3.org/2001/XMLSchema-instance" xsi:type="xsd:string"/>
                    <a:nameRef>submitValue</a:nameRef>
                    <a:id/>
                </a:ruleInputTestConfigs>
                <a:ruleInputTestConfigs>
                    <a:value xmlns:xsd="http://www.w3.org/2001/XMLSchema" xmlns:xsi="http://www.w3.org/2001/XMLSchema-instance" xsi:nil="true" xsi:type="xsd:boolean"/>
                    <a:nameRef>expenseFlag</a:nameRef>
                    <a:id/>
                </a:ruleInputTestConfigs>
                <a:assertions xmlns:xsi="http://www.w3.org/2001/XMLSchema-instance" xsi:nil="true"/>
            </el>
        </value>
    </typedValue>
</contentHaul>
