<?xml version="1.0" encoding="UTF-8" standalone="yes"?>
<contentHaul xmlns:a="http://www.appian.com/ae/types/2009">
    <rule>
        <name>EFM_CMPT_Vehicle_DisplayStatus</name>
        <uuid>_a-0000dd17-9077-8000-9ba2-011c48011c48_11317</uuid>
        <description>Displays a status icon for the vehicle</description>
        <parentUuid>_a-0000dd16-247e-8000-9ba2-011c48011c48_6191</parentUuid>
        <visibility>
            <advertise>false</advertise>
            <hierarchy>true</hierarchy>
            <indexable>true</indexable>
            <quota>false</quota>
            <searchable>true</searchable>
            <system>false</system>
            <unlogged>false</unlogged>
        </visibility>
        <definition>=load(&#xD;
  &#xD;
  local!status: #&quot;SYSTEM_SYSRULES_queryEntity&quot;(&#xD;
    entity: #&quot;_a-0000dd17-9077-8000-9ba2-011c48011c48_10786&quot;,&#xD;
    query: #&quot;SYSTEM_SYSRULES_query&quot;(&#xD;
      pagingInfo: #&quot;SYSTEM_SYSRULES_pagingInfo&quot;(startIndex: 1, batchSize: 1),&#xD;
      filter: #&quot;SYSTEM_SYSRULES_queryFilter&quot;(field: &quot;id&quot;, operator: &quot;=&quot;, value: ri!statusId)&#xD;
    )&#xD;
  ).data,&#xD;
  &#xD;
  /* validation on status id input */&#xD;
  local!statusId: if(&#xD;
    or(&#xD;
      #&quot;_a-0000d62a-67b3-8000-da6f-010000010000_950&quot;(ri!statusId),&#xD;
      ri!statusId &lt;=0,&#xD;
      ri!statusId &gt; 5&#xD;
    ),&#xD;
    6,&#xD;
    ri!statusId&#xD;
  ),&#xD;
  &#xD;
  &#xD;
  #&quot;SYSTEM_SYSRULES_richTextDisplayField&quot;(&#xD;
    value: {&#xD;
      #&quot;SYSTEM_SYSRULES_richTextImage&quot;(&#xD;
        image: #&quot;SYSTEM_SYSRULES_documentImage&quot;(&#xD;
          document: #&quot;SYSTEM_SYSRULES_iconIndicator&quot;(&#xD;
            icon: choose(&#xD;
              local!statusId,&#xD;
              /* 1 = Available */&#xD;
              &quot;STATUS_OK&quot;,&#xD;
              /* 2 = In Use */&#xD;
              &quot;PROGRESS_RUNNING&quot;,&#xD;
              /* 3 = Pending Maintenance */&#xD;
              &quot;WAIT_CLOCK&quot;,&#xD;
              /* 4 = Undergoing Maintenance */&#xD;
              &quot;WAIT_CLOCK&quot;,&#xD;
              /* 5 = Retired */&#xD;
              &quot;REMOVE_DISABLED&quot;,&#xD;
              /* 6 = Unknown */&#xD;
              &quot;STATUS_WARN&quot;&#xD;
              &#xD;
            )&#xD;
          ),&#xD;
          altText: &quot;[Status: &quot; &amp; property(local!status, &quot;description&quot;, &quot;Unknown&quot;) &amp; &quot;]&quot;,&#xD;
          caption: property(local!status, &quot;description&quot;, &quot;(Unknown)&quot;)&#xD;
        )&#xD;
      ),&#xD;
      #&quot;SYSTEM_SYSRULES_richTextItem&quot;(text: property(local!status, &quot;description&quot;, &quot;Unknown&quot;))&#xD;
    }&#xD;
  )&#xD;
)&#xD;
&#xD;
&#xD;
</definition>
        <namedTypedValue>
            <name>statusId</name>
            <type>
                <name>int</name>
                <namespace>http://www.w3.org/2001/XMLSchema</namespace>
            </type>
        </namedTypedValue>
        <preferredEditor>interface</preferredEditor>
        <offlineEnabled>false</offlineEnabled>
    </rule>
    <roleMap public="true">
        <role allowForAll="false" inherit="true" name="readers">
            <users/>
            <groups/>
        </role>
        <role allowForAll="false" inherit="true" name="authors">
            <users/>
            <groups/>
        </role>
        <role allowForAll="false" inherit="true" name="administrators">
            <users/>
            <groups/>
        </role>
        <role allowForAll="false" inherit="false" name="denyReaders">
            <users/>
            <groups/>
        </role>
        <role allowForAll="false" inherit="false" name="denyAuthors">
            <users/>
            <groups/>
        </role>
        <role allowForAll="false" inherit="false" name="denyAdministrators">
            <users/>
            <groups/>
        </role>
    </roleMap>
    <typedValue>
        <type>
            <name>RuleTestConfig?list</name>
            <namespace>http://www.appian.com/ae/types/2009</namespace>
        </type>
        <value>
            <el>
                <a:name/>
                <a:ruleInputTestConfigs>
                    <a:value xmlns:xsi="http://www.w3.org/2001/XMLSchema-instance" xsi:type="a:Expression">1</a:value>
                    <a:nameRef>statusId</a:nameRef>
                    <a:id/>
                </a:ruleInputTestConfigs>
                <a:assertions xmlns:xsi="http://www.w3.org/2001/XMLSchema-instance" xsi:nil="true"/>
            </el>
        </value>
    </typedValue>
</contentHaul>
