<?xml version="1.0" encoding="UTF-8" standalone="yes"?>
<contentHaul xmlns:a="http://www.appian.com/ae/types/2009">
    <rule>
        <name>EFM_RULE_Vehicle_calculateEndOfLife</name>
        <uuid>_a-0000dd4b-0482-8000-9ba2-011c48011c48_18477</uuid>
        <description>POC - Determines whether a vehicle is nearing end of life</description>
        <parentUuid>_a-0000dd16-5d72-8000-9ba2-011c48011c48_6198</parentUuid>
        <visibility>
            <advertise>false</advertise>
            <hierarchy>true</hierarchy>
            <indexable>true</indexable>
            <quota>false</quota>
            <searchable>true</searchable>
            <system>false</system>
            <unlogged>false</unlogged>
        </visibility>
        <definition>=load(
  local!endOfLifeMileage: 
    choose(ri!vehicle.vehicleTypeId,
      /*Car*/ 100000,
      /*Truck*/ 150000,
      /*SUV*/ 125000,
      /*Van*/ 75000
    ),
  local!mileageThreshold: 
    choose(ri!vehicle.vehicleTypeId,
      /*Car*/ 90000,
      /*Truck*/ 140000,
      /*SUV*/ 115000,
      /*Van*/ 65000
    ),
  local!endOfLifeYear: 
    choose(ri!vehicle.vehicleTypeId,
      /*Car*/ 10,
      /*Truck*/ 5,
      /*SUV*/ 10,
      /*Van*/ 12
    ),
  local!yearThreshold: 
    choose(ri!vehicle.vehicleTypeId,
      /*Car*/ 8,
      /*Truck*/ 3,
      /*SUV*/ 7,
      /*Van*/ 10
    ),
  local!currentYear: year(today()),
  
  if(ri!vehicle.statusId = #&quot;_a-0000dd3a-bcbf-8000-9ba2-011c48011c48_15591&quot;,
    1, /*Null Indicator*/
    if(or(ri!vehicle.mileage &gt;= local!endOfLifeMileage, local!currentYear-ri!vehicle.year &gt;= local!endOfLifeYear),
      3, /*Exceeded End of Life*/
      if(or(and(ri!vehicle.mileage &gt;= local!mileageThreshold, ri!vehicle.mileage &lt; local!endOfLifeMileage), and(local!currentYear-ri!vehicle.year &gt;= local!yearThreshold, local!currentYear-ri!vehicle.year &lt; local!endOfLifeYear)),
        2, /*Warning approaching end of life*/
        1 /*Null Indicator*/
      )
    )
  )
)</definition>
        <namedTypedValue>
            <name>vehicle</name>
            <type>
                <name>EFM_Vehicle</name>
                <namespace>urn:com:appian:types:EFM</namespace>
            </type>
        </namedTypedValue>
        <preferredEditor>legacy</preferredEditor>
        <offlineEnabled>false</offlineEnabled>
    </rule>
    <roleMap public="true">
        <role allowForAll="false" inherit="true" name="readers">
            <users/>
            <groups/>
        </role>
        <role allowForAll="false" inherit="true" name="authors">
            <users/>
            <groups/>
        </role>
        <role allowForAll="false" inherit="true" name="administrators">
            <users/>
            <groups/>
        </role>
        <role allowForAll="false" inherit="false" name="denyReaders">
            <users/>
            <groups/>
        </role>
        <role allowForAll="false" inherit="false" name="denyAuthors">
            <users/>
            <groups/>
        </role>
        <role allowForAll="false" inherit="false" name="denyAdministrators">
            <users/>
            <groups/>
        </role>
    </roleMap>
</contentHaul>
