<?xml version="1.0" encoding="UTF-8" standalone="yes"?>
<contentHaul xmlns:a="http://www.appian.com/ae/types/2009">
    <rule>
        <name>EFM_SCT_Vehicle_usage</name>
        <uuid>_a-0000dd4b-0482-8000-9ba2-011c48011c48_18596</uuid>
        <description>Usage information about a vehicle</description>
        <parentUuid>_a-0000dd16-5d72-8000-9ba2-011c48011c48_6199</parentUuid>
        <visibility>
            <advertise>false</advertise>
            <hierarchy>true</hierarchy>
            <indexable>true</indexable>
            <quota>false</quota>
            <searchable>true</searchable>
            <system>false</system>
            <unlogged>false</unlogged>
        </visibility>
        <definition>=load(
  #&quot;SYSTEM_SYSRULES_sectionLayout&quot;(
    label: &quot;Usage Details&quot;,
    firstColumnContents: {
      #&quot;_a-0000dd0d-462c-8000-9ba2-011c48011c48_3690&quot;(
        label: &quot;Average MPG&quot;,
        readOnly: ri!readOnly,
        value: if(#&quot;2168a5de-fb70-4d66-8b97-b547e3ac6e57&quot;(ri!vehicleView.mpg), {}, text(ri!vehicleView.mpg, &quot;.##&quot;))
      ),
      #&quot;_a-0000dd0d-462c-8000-9ba2-011c48011c48_3690&quot;(
        label: &quot;Mileage&quot;,
        readOnly: ri!readOnly,
        value: ri!vehicleView.mileage
      )
    },
    secondColumnContents: {
      #&quot;_a-0000dd0d-462c-8000-9ba2-011c48011c48_3690&quot;(
        label: &quot;Total # of Trips&quot;,
        readOnly: ri!readOnly,
        value: ri!vehicleView.numTrips
      ),
      #&quot;_a-0000dd0d-462c-8000-9ba2-011c48011c48_3690&quot;(
        label: &quot;Time Spent In-Use&quot;,
        readOnly: ri!readOnly,
        value: if(#&quot;2168a5de-fb70-4d66-8b97-b547e3ac6e57&quot;(ri!vehicleView.daysInUse), {}, round(ri!vehicleView.daysInUse / calworkdays(ri!vehicleView.addedDate, today()) * 100,2) &amp; &quot; %&quot;)
      )
    }
  )
)</definition>
        <namedTypedValue>
            <name>readOnly</name>
            <type>
                <name>boolean</name>
                <namespace>http://www.w3.org/2001/XMLSchema</namespace>
            </type>
        </namedTypedValue>
        <namedTypedValue>
            <name>vehicleView</name>
            <type>
                <name>EFM_V_Vehicle</name>
                <namespace>urn:com:appian:types:EFM</namespace>
            </type>
        </namedTypedValue>
        <preferredEditor>interface</preferredEditor>
        <offlineEnabled>false</offlineEnabled>
    </rule>
    <roleMap public="true">
        <role allowForAll="false" inherit="true" name="readers">
            <users/>
            <groups/>
        </role>
        <role allowForAll="false" inherit="true" name="authors">
            <users/>
            <groups/>
        </role>
        <role allowForAll="false" inherit="true" name="administrators">
            <users>
                <userUuid>katie.hsu</userUuid>
            </users>
            <groups/>
        </role>
        <role allowForAll="false" inherit="false" name="denyReaders">
            <users/>
            <groups/>
        </role>
        <role allowForAll="false" inherit="false" name="denyAuthors">
            <users/>
            <groups/>
        </role>
        <role allowForAll="false" inherit="false" name="denyAdministrators">
            <users/>
            <groups/>
        </role>
    </roleMap>
</contentHaul>
