<?xml version="1.0" encoding="UTF-8" standalone="yes"?>
<contentHaul xmlns:a="http://www.appian.com/ae/types/2009">
    <rule>
        <name>EFM_CMPT_Vehicle_displayEndOfLifeIndicator</name>
        <uuid>_a-0000dd4b-0482-8000-9ba2-011c48011c48_18521</uuid>
        <description>Displays an icon for the vehicle if approaching or exceeded end of life</description>
        <parentUuid>_a-0000dd16-247e-8000-9ba2-011c48011c48_6191</parentUuid>
        <visibility>
            <advertise>false</advertise>
            <hierarchy>true</hierarchy>
            <indexable>true</indexable>
            <quota>false</quota>
            <searchable>true</searchable>
            <system>false</system>
            <unlogged>false</unlogged>
        </visibility>
        <definition>=load(&#xD;
  /* validation on endOfLifeId input */&#xD;
  local!endOfLifeId: if(&#xD;
    or(&#xD;
      #&quot;2168a5de-fb70-4d66-8b97-b547e3ac6e57&quot;(ri!endOfLifeId),&#xD;
      ri!endOfLifeId &lt;=1,&#xD;
      ri!endOfLifeId &gt; 3&#xD;
    ),&#xD;
    4,&#xD;
    ri!endOfLifeId&#xD;
  ),&#xD;
  local!endOfLifeText: choose(local!endOfLifeId,&#xD;
    &quot;&quot;,&#xD;
    &quot;Warning: End of Life Approaching&quot;,&#xD;
    &quot;Error: End of Life Exceeded&quot;,&#xD;
    &quot;&quot;&#xD;
  ),&#xD;
  &#xD;
  #&quot;SYSTEM_SYSRULES_richTextDisplayField&quot;(&#xD;
    align: if(#&quot;2168a5de-fb70-4d66-8b97-b547e3ac6e57&quot;(ri!align), &quot;LEFT&quot;, ri!align),&#xD;
    value: {&#xD;
      if(local!endOfLifeId = 4, {},&#xD;
      {#&quot;SYSTEM_SYSRULES_richTextImage&quot;(&#xD;
        image: #&quot;SYSTEM_SYSRULES_documentImage&quot;(&#xD;
          document: #&quot;SYSTEM_SYSRULES_iconIndicator&quot;(&#xD;
            icon: choose(&#xD;
              local!endOfLifeId,&#xD;
              /* 1 = Skip, Null indicator */&#xD;
              &quot;STATUS_OK&quot;,&#xD;
              /* 2 = Warning Approaching End of Life */&#xD;
              &quot;STATUS_WARN&quot;,&#xD;
              /* 3 = Exceeded End of Life */&#xD;
              &quot;STATUS_ERROR&quot;,&#xD;
              /* 4 = Skip, Null indicator */&#xD;
              &quot;STATUS_OK&quot;&#xD;
            )&#xD;
          ),&#xD;
          altText: local!endOfLifeText,&#xD;
          caption: local!endOfLifeText&#xD;
        )&#xD;
      ),&#xD;
      #&quot;SYSTEM_SYSRULES_richTextItem&quot;(text: local!endOfLifeText)}&#xD;
      )&#xD;
    }&#xD;
  )&#xD;
)&#xD;
&#xD;
&#xD;
</definition>
        <namedTypedValue>
            <name>endOfLifeId</name>
            <type>
                <name>int</name>
                <namespace>http://www.w3.org/2001/XMLSchema</namespace>
            </type>
        </namedTypedValue>
        <namedTypedValue>
            <name>align</name>
            <type>
                <name>string</name>
                <namespace>http://www.w3.org/2001/XMLSchema</namespace>
            </type>
            <value/>
        </namedTypedValue>
        <preferredEditor>interface</preferredEditor>
        <offlineEnabled>false</offlineEnabled>
    </rule>
    <roleMap public="true">
        <role allowForAll="false" inherit="true" name="readers">
            <users/>
            <groups/>
        </role>
        <role allowForAll="false" inherit="true" name="authors">
            <users/>
            <groups/>
        </role>
        <role allowForAll="false" inherit="true" name="administrators">
            <users>
                <userUuid>katie.hsu</userUuid>
            </users>
            <groups/>
        </role>
        <role allowForAll="false" inherit="false" name="denyReaders">
            <users/>
            <groups/>
        </role>
        <role allowForAll="false" inherit="false" name="denyAuthors">
            <users/>
            <groups/>
        </role>
        <role allowForAll="false" inherit="false" name="denyAdministrators">
            <users/>
            <groups/>
        </role>
    </roleMap>
    <typedValue>
        <type>
            <name>RuleTestConfig?list</name>
            <namespace>http://www.appian.com/ae/types/2009</namespace>
        </type>
        <value>
            <el>
                <a:name/>
                <a:ruleInputTestConfigs>
                    <a:value xmlns:xsi="http://www.w3.org/2001/XMLSchema-instance" xsi:type="a:Expression">1</a:value>
                    <a:nameRef>endOfLifeId</a:nameRef>
                    <a:id/>
                </a:ruleInputTestConfigs>
                <a:ruleInputTestConfigs>
                    <a:value xmlns:xsd="http://www.w3.org/2001/XMLSchema" xmlns:xsi="http://www.w3.org/2001/XMLSchema-instance" xsi:type="xsd:string"/>
                    <a:nameRef>align</a:nameRef>
                    <a:id/>
                </a:ruleInputTestConfigs>
                <a:assertions xmlns:xsi="http://www.w3.org/2001/XMLSchema-instance" xsi:nil="true"/>
            </el>
        </value>
    </typedValue>
</contentHaul>
