<?xml version="1.0" encoding="UTF-8" standalone="yes"?>
<contentHaul xmlns:a="http://www.appian.com/ae/types/2009">
    <rule>
        <name>EFM_SCT_Vehicle_details</name>
        <uuid>_a-0000dd4b-0482-8000-9ba2-011c48011c48_18573</uuid>
        <description>Basic information about a vehicle</description>
        <parentUuid>_a-0000dd16-5d72-8000-9ba2-011c48011c48_6199</parentUuid>
        <visibility>
            <advertise>false</advertise>
            <hierarchy>true</hierarchy>
            <indexable>true</indexable>
            <quota>false</quota>
            <searchable>true</searchable>
            <system>false</system>
            <unlogged>false</unlogged>
        </visibility>
        <definition>=load(
  local!fleet: tostring(
    property(
      index(
        #&quot;SYSTEM_SYSRULES_queryEntity&quot;(
          entity: #&quot;_a-0000dd17-9077-8000-9ba2-011c48011c48_10917&quot;,
          query: #&quot;SYSTEM_SYSRULES_query&quot;(
            pagingInfo: #&quot;SYSTEM_SYSRULES_pagingInfo&quot;(startIndex: 1, batchSize: -1),
            filter: #&quot;SYSTEM_SYSRULES_queryFilter&quot;(field: &quot;fleetId&quot;, operator: &quot;=&quot;, value: property(ri!vehicle, &quot;fleetId&quot;, -1))
          )
        ).data,
        1,
        {}
      ),
      &quot;name&quot;,
      &quot;Unassigned&quot;
    )
  ),
  local!vehicleType:property(
    #&quot;SYSTEM_SYSRULES_queryEntity&quot;(
      entity:#&quot;_a-0000dd17-9077-8000-9ba2-011c48011c48_10787&quot;,
      query:#&quot;SYSTEM_SYSRULES_query&quot;(
        selection:#&quot;SYSTEM_SYSRULES_querySelection&quot;(
          columns:{
            #&quot;SYSTEM_SYSRULES_queryColumn&quot;(field:&quot;description&quot;)
          }
        ),
        filter:#&quot;SYSTEM_SYSRULES_queryFilter&quot;(field:&quot;id&quot;,operator:&quot;=&quot;,value:ri!vehicle.vehicleTypeId),
        pagingInfo: #&quot;SYSTEM_SYSRULES_pagingInfo&quot;(startIndex: 1, batchSize: 1)
      )
    ).data,
    &quot;description&quot;,
    &quot;N/A&quot;
  ),
  
  #&quot;SYSTEM_SYSRULES_sectionLayout&quot;(
    label: &quot;Basic Information&quot;,
    firstColumnContents: {
      #&quot;_a-0000dd0d-462c-8000-9ba2-011c48011c48_3690&quot;(
        label: &quot;Year/Make/Model&quot;,
        readOnly: ri!readOnly,
        value: ri!vehicle.year &amp; &quot; &quot; &amp; ri!vehicle.make &amp; &quot; &quot; &amp; ri!vehicle.model
      ),
      #&quot;_a-0000dd0d-462c-8000-9ba2-011c48011c48_3690&quot;(
        label: &quot;State Registered&quot;,
        readOnly: ri!readOnly,
        value: ri!vehicle.state
      ),
      #&quot;_a-0000dd0d-462c-8000-9ba2-011c48011c48_3690&quot;(
        label: &quot;License Plate&quot;,
        readOnly: ri!readOnly,
        value: ri!vehicle.plate
      ),
      #&quot;SYSTEM_SYSRULES_imageField&quot;(
        labelPosition: &quot;ADJACENT&quot;,
        images: #&quot;SYSTEM_SYSRULES_documentImage&quot;(
          document: ri!vehicle.image,
          altText: &quot;Image of &quot; &amp; ri!vehicle.year &amp; &quot; &quot; &amp; ri!vehicle.make &amp; &quot; &quot; &amp; ri!vehicle.model,
          caption: ri!vehicle.year &amp; &quot; &quot; &amp; ri!vehicle.make &amp; &quot; &quot; &amp; ri!vehicle.model
        )
      )
    },
    secondColumnContents: {
      if(
        local!fleet = &quot;Unassigned&quot;,
        #&quot;_a-0000dd0d-462c-8000-9ba2-011c48011c48_3690&quot;(
          label: &quot;Assigned Fleet&quot;,
          readOnly: ri!readOnly,
          value: &quot;Unassigned&quot;
        ),
        #&quot;SYSTEM_SYSRULES_richTextDisplayField&quot;(
          label: &quot;Assigned Fleet&quot;,
          labelPosition: #&quot;7515f385-6042-4961-b666-89d55ce8534e&quot;(readOnly: ri!readOnly),
          value: with(
            local!link: #&quot;73395716-12a2-4363-b454-cca042a95a62&quot;(
              label: local!fleet,
              uri: urlforrecord(#&quot;_a-0000dd17-9077-8000-9ba2-011c48011c48_6345&quot;, ri!vehicle.fleetId)
            ),
           #&quot;SYSTEM_SYSRULES_richTextItem&quot;(
             text: index(local!link, &quot;label&quot;),
             link: local!link
            )
          )
        )
      ),
      #&quot;fa8d3278-99cb-48cb-b4c8-5602158660a9&quot;(
        label: &quot;Date Added&quot;,
        readOnly: ri!readOnly,
        value: ri!vehicle.createdDt
      ),
      #&quot;_a-0000dd0d-462c-8000-9ba2-011c48011c48_3690&quot;(
        label: &quot;Type&quot;,
        readOnly: ri!readOnly,
        value:local!vehicleType
      )
    }
  )
)</definition>
        <namedTypedValue>
            <name>readOnly</name>
            <type>
                <name>boolean</name>
                <namespace>http://www.w3.org/2001/XMLSchema</namespace>
            </type>
        </namedTypedValue>
        <namedTypedValue>
            <name>vehicle</name>
            <type>
                <name>EFM_Vehicle</name>
                <namespace>urn:com:appian:types:EFM</namespace>
            </type>
        </namedTypedValue>
        <preferredEditor>interface</preferredEditor>
        <offlineEnabled>false</offlineEnabled>
    </rule>
    <roleMap public="true">
        <role allowForAll="false" inherit="true" name="readers">
            <users/>
            <groups/>
        </role>
        <role allowForAll="false" inherit="true" name="authors">
            <users/>
            <groups/>
        </role>
        <role allowForAll="false" inherit="true" name="administrators">
            <users/>
            <groups/>
        </role>
        <role allowForAll="false" inherit="false" name="denyReaders">
            <users/>
            <groups/>
        </role>
        <role allowForAll="false" inherit="false" name="denyAuthors">
            <users/>
            <groups/>
        </role>
        <role allowForAll="false" inherit="false" name="denyAdministrators">
            <users/>
            <groups/>
        </role>
    </roleMap>
</contentHaul>
