<?xml version="1.0" encoding="UTF-8" standalone="yes"?>
<contentHaul xmlns:a="http://www.appian.com/ae/types/2009">
    <rule>
        <name>EFM_FRM_Eligibility_EditDefinition</name>
        <uuid>c391527e-f0cd-44b1-99c8-2d0c5ef48b02</uuid>
        <description>Modify category definition for eligibility</description>
        <parentUuid>_a-0000dd16-5d72-8000-9ba2-011c48011c48_6194</parentUuid>
        <visibility>
            <advertise>false</advertise>
            <hierarchy>true</hierarchy>
            <indexable>true</indexable>
            <quota>false</quota>
            <searchable>true</searchable>
            <system>false</system>
            <unlogged>false</unlogged>
        </visibility>
        <definition>=load(
  local!itemsToken,
  local!definitionData: ri!definitionData,
  /* Set the default paging and sorting config `*/
  local!gridSelection: #&quot;SYSTEM_SYSRULES_gridSelection&quot;(
    pagingInfo: #&quot;SYSTEM_SYSRULES_pagingInfo&quot;(
      startIndex: 1,
      batchSize: 20,
      sort: #&quot;SYSTEM_SYSRULES_sortInfo&quot;(
        field: &quot;id&quot;,
        ascending: true
      )
    )
  ),
    #&quot;SYSTEM_SYSRULES_formLayout&quot;(
    label: &quot;Edit Eligibility Category Definitions&quot;,
    instructions: &quot;&quot;,
    firstColumnContents: {
    #&quot;SYSTEM_SYSRULES_sectionLayout&quot;(
      label: &quot;Legislative Definition&quot;,
      firstColumnContents: {
        #&quot;SYSTEM_SYSRULES_gridField&quot;(
          label: &quot;Current Definition List&quot;,
          labelPosition: &quot;ABOVE&quot;,
          totalCount: count(ri!definitionData),
          columns: {
            #&quot;SYSTEM_SYSRULES_gridTextColumn&quot;(
              label: &quot;Eligibility Items (Original)&quot;,
              data: ri!definitionData.item
            )
          },
          value: #&quot;SYSTEM_SYSRULES_pagingInfo&quot;(startIndex: 1, batchSize: 10),
          saveInto: {},
          validations: {},
          helpTooltip: &quot;The values currently in the system before modification&quot;
        )
      },
      isCollapsible: true,
      secondColumnContents: {}
    ),
      #&quot;SYSTEM_SYSRULES_sectionLayout&quot;(
        label: &quot;Modify Eligibility Values&quot;,
        firstColumnContents: {
          
      #&quot;SYSTEM_SYSRULES_gridLayout&quot;(
        totalCount: count(local!definitionData),
        headerCells: {
          #&quot;SYSTEM_SYSRULES_gridLayoutHeaderCell&quot;(label: &quot;Eligibility Items&quot;),
          #&quot;SYSTEM_SYSRULES_gridLayoutHeaderCell&quot;(label: &quot;&quot;)
        },
        /* Only needed when some columns need to be narrow */
        columnConfigs: {
          #&quot;SYSTEM_SYSRULES_gridLayoutColumnConfig&quot;(width: &quot;DISTRIBUTE&quot;),
          #&quot;SYSTEM_SYSRULES_gridLayoutColumnConfig&quot;(width: &quot;ICON&quot;)
        },
        rows: #&quot;SYSTEM_SYSRULES_applyComponents&quot;(
          function: #&quot;8e5f4804-dbf5-4479-a963-d3981688aa3b&quot;(
            items: local!definitionData,
            index: _,
            itemsToken: local!itemsToken
          ),
          array: if(or(isnull(local!definitionData), count(local!definitionData) &lt; 1), {}, 1+enumerate(count(local!definitionData))),
          arrayVariable: local!itemsToken
        ),
        addRowlink: #&quot;SYSTEM_SYSRULES_dynamicLink&quot;(
          label: &quot;Add Item&quot;,
          /*
           * For your use case, set the value to a blank instance of your CDT using
           * the type constructor, e.g. type!PurchaseRequestItem(). Only specify the field
           * if you want to give it a default value e.g. due: today()+1.
           */
          value: {agencyId: &quot;1&quot;, categoryId: &quot;1&quot;},
          saveInto: {
            a!save(local!definitionData, append(local!definitionData, save!value)),
            /*` When modifying the size of the array used in a!applyComponents, */
            /* make the same change in the &quot;token&quot; array variable               */
            a!save(local!itemsToken, append(local!itemsToken, save!value))
          }
        )
      )
        },
        secondColumnContents: {}
      )
    },
    secondColumnContents: {},
    buttons: #&quot;SYSTEM_SYSRULES_ButtonLayout&quot;(
      primaryButtons: {
        #&quot;SYSTEM_SYSRULES_ButtonWidgetSubmit&quot;(
          label: &quot;Submit&quot;,
          style: &quot;PRIMARY&quot;,
          saveInto: {}
        )
      },
      secondaryButtons: {
        #&quot;SYSTEM_SYSRULES_ButtonWidgetSubmit&quot;(
          label: &quot;Cancel&quot;,
          style: &quot;NORMAL&quot;,
          value: true,
          skipValidation: true
        )
      }
    ),
    validations: {}
))</definition>
        <namedTypedValue>
            <name>definitionData</name>
            <type>
                <name>Variant</name>
                <namespace>http://www.appian.com/ae/types/2009</namespace>
            </type>
        </namedTypedValue>
        <preferredEditor>interface</preferredEditor>
        <offlineEnabled>false</offlineEnabled>
    </rule>
    <roleMap public="true">
        <role allowForAll="false" inherit="true" name="readers">
            <users/>
            <groups/>
        </role>
        <role allowForAll="false" inherit="true" name="authors">
            <users/>
            <groups/>
        </role>
        <role allowForAll="false" inherit="true" name="administrators">
            <users>
                <userUuid>sylvia.an</userUuid>
            </users>
            <groups/>
        </role>
        <role allowForAll="false" inherit="false" name="denyReaders">
            <users/>
            <groups/>
        </role>
        <role allowForAll="false" inherit="false" name="denyAuthors">
            <users/>
            <groups/>
        </role>
        <role allowForAll="false" inherit="false" name="denyAdministrators">
            <users/>
            <groups/>
        </role>
    </roleMap>
    <typedValue>
        <type>
            <name>RuleTestConfig?list</name>
            <namespace>http://www.appian.com/ae/types/2009</namespace>
        </type>
        <value>
            <el>
                <a:name/>
                <a:ruleInputTestConfigs>
                    <a:value xmlns:xsi="http://www.w3.org/2001/XMLSchema-instance" xsi:type="a:Expression">{{agencyId:1,categoryId:1,item:&quot;Title 41 C.F.R. § 102-5.50&quot;}, {agencyId:1,categoryId:1,item:&quot;Title 31 U.S.C. § 1344&quot;}}</a:value>
                    <a:nameRef>definitionData</a:nameRef>
                    <a:id/>
                </a:ruleInputTestConfigs>
                <a:assertions xmlns:xsi="http://www.w3.org/2001/XMLSchema-instance" xsi:nil="true"/>
            </el>
        </value>
    </typedValue>
</contentHaul>
