<?xml version="1.0" encoding="UTF-8" standalone="yes"?>
<contentHaul xmlns:a="http://www.appian.com/ae/types/2009">
    <rule>
        <name>EFM_FRM_Eligibility_RequestForm</name>
        <uuid>cd40b66b-5191-458c-a464-c9d51baebb4a</uuid>
        <description>Form to request eligibility</description>
        <parentUuid>_a-0000dd16-5d72-8000-9ba2-011c48011c48_6194</parentUuid>
        <visibility>
            <advertise>false</advertise>
            <hierarchy>true</hierarchy>
            <indexable>true</indexable>
            <quota>false</quota>
            <searchable>true</searchable>
            <system>false</system>
            <unlogged>false</unlogged>
        </visibility>
        <definition>=#&quot;SYSTEM_SYSRULES_formLayout&quot;(
  label: &quot;Request and Authorization For Home to Work Transportation&quot;,
  instructions: &quot;Enter all fields to submit the authorization form to be reviewed by your supervisor&quot;,
  firstColumnContents: {
    #&quot;SYSTEM_SYSRULES_sectionLayout&quot;(
      label: &quot;General Information&quot;,
      firstColumnContents: {
        #&quot;SYSTEM_SYSRULES_textField&quot;(
          label: &quot;Name of Employee&quot;,
          labelPosition: &quot;ABOVE&quot;,
          saveInto: {},
          refreshAfter: &quot;UNFOCUS&quot;,
          required: true,
          validations: {}
        ),
        #&quot;SYSTEM_SYSRULES_textField&quot;(
          label: &quot;Address&quot;,
          labelPosition: &quot;ABOVE&quot;,
          placeholder: &quot;Street Address&quot;,
          saveInto: {},
          refreshAfter: &quot;UNFOCUS&quot;,
          required: true,
          validations: {}
        ),
        #&quot;SYSTEM_SYSRULES_textField&quot;(
          label: &quot;City&quot;,
          labelPosition: &quot;COLLAPSED&quot;,
          placeholder: &quot;City&quot;,
          saveInto: {},
          refreshAfter: &quot;UNFOCUS&quot;,
          required: true,
          validations: {}
        ),
        #&quot;SYSTEM_SYSRULES_textField&quot;(
          label: &quot;State/Region&quot;,
          labelPosition: &quot;COLLAPSED&quot;,
          placeholder: &quot;State/Region&quot;,
          saveInto: {},
          refreshAfter: &quot;UNFOCUS&quot;,
          required: true,
          validations: {}
        ),
        #&quot;SYSTEM_SYSRULES_textField&quot;(
          label: &quot;Zip Code&quot;,
          labelPosition: &quot;COLLAPSED&quot;,
          placeholder: &quot;Postal Code&quot;,
          saveInto: {},
          refreshAfter: &quot;UNFOCUS&quot;,
          required: true,
          validations: {}
        )
      },
      secondColumnContents: {
        #&quot;SYSTEM_SYSRULES_textField&quot;(
          label: &quot;Agency&quot;,
          labelPosition: &quot;ABOVE&quot;,
          saveInto: {},
          refreshAfter: &quot;UNFOCUS&quot;,
          required: true,
          validations: {}
        ),
        #&quot;SYSTEM_SYSRULES_textField&quot;(
          label: &quot;Organizational Unit&quot;,
          labelPosition: &quot;ABOVE&quot;,
          saveInto: {},
          refreshAfter: &quot;UNFOCUS&quot;,
          required: true,
          validations: {}
        ),
        #&quot;SYSTEM_SYSRULES_textField&quot;(
          label: &quot;Occupation or Title&quot;,
          labelPosition: &quot;ABOVE&quot;,
          saveInto: {},
          refreshAfter: &quot;UNFOCUS&quot;,
          required: true,
          validations: {}
        ),
        #&quot;SYSTEM_SYSRULES_textField&quot;(
          label: &quot;Official Station&quot;,
          labelPosition: &quot;ABOVE&quot;,
          saveInto: {},
          refreshAfter: &quot;UNFOCUS&quot;,
          required: true,
          validations: {}
        )
        
        }
    ),
    #&quot;SYSTEM_SYSRULES_sectionLayout&quot;(
      label: &quot;Distances Traveled From:&quot;,
      firstColumnContents: {
        #&quot;SYSTEM_SYSRULES_textField&quot;(
          label: &quot;Residence to Office&quot;,
          labelPosition: &quot;ABOVE&quot;,
          instructions:&quot;Enter the distance in miles from the residence to the primary office location&quot;,
          saveInto: {}, 
          refreshAfter: &quot;UNFOCUS&quot;,
          required: true,
          validations: {}
        ),
        #&quot;SYSTEM_SYSRULES_textField&quot;(
          label: &quot;Residence to nearest facility&quot;,
          labelPosition: &quot;ABOVE&quot;,
          instructions: &quot;Enter the distance in miles from the residence to the Government or Commercial storage facility offering service during required hours&quot;,
          saveInto: {},
          refreshAfter: &quot;UNFOCUS&quot;,
          required: true,
          validations: {}
        ),
        #&quot;SYSTEM_SYSRULES_paragraphField&quot;(
          label: &quot;Daily tour of duty&quot;,
          labelPosition: &quot;ABOVE&quot;,
          instructions: &quot;Give each location starting with first departure (Home or office, plant, establishment, etc.) and mileage between each point. &quot; &amp; char(0) &amp; &quot;i.e. Home to office - 3 miles; Office to field station - 10 miles; Field station to area office - 4 miles.&quot; ,
          saveInto: {},
          refreshAfter: &quot;UNFOCUS&quot;,
          required: true,
          validations: {}
        )
      },
      secondColumnContents: {
      }
    ),
    #&quot;SYSTEM_SYSRULES_sectionLayout&quot;(
      label: &quot;Reason For Home To Work Transportation&quot;,
      firstColumnContents: {
        #&quot;SYSTEM_SYSRULES_radioButtonField&quot;(
          label: &quot;Reason For Home To Work Transportation&quot;,
          labelPosition: &quot;COLLAPSED&quot;,
          choiceLabels: {
          &quot;An immediate or imminent clear and present danger presents a threat to the physical safety of the employee's person or property.&quot;,
          &quot;An emergency has created an immediate, unforeseeable temporary need to provide home-to-work transportation in order to guarantee uninterrupted performance of the agency's mission.&quot;,
          &quot;Compelling operational considerations make the provision of home-to-work transportation essential to the conduct of official business or would substantially increase the agency's efficiency or economy&quot;, 
          &quot;Field Work.&quot;,
          &quot;Residence is permanent Official Duty Station&quot;
          
          },
          choiceValues: {1, 2, 3, 4, 5},
          saveInto: {},
          required: true,
          validations: {}
        ),
        #&quot;SYSTEM_SYSRULES_paragraphField&quot;(
        label: &quot;Description&quot;,
        saveInto: {},
        required: true
        )
        
      },
      secondColumnContents: {}
    ),
    #&quot;SYSTEM_SYSRULES_sectionLayout&quot;(
      label: &quot;Privacy Act Statement&quot;,
      firstColumnContents: {
        #&quot;SYSTEM_SYSRULES_paragraphField&quot;(
        label: &quot;&quot;, 
        labelPosition: &quot;COLLAPSED&quot;,
        value: &quot;AUTHORITY: The authority to collect personal information on this form is derived from Title 5 U.S. Code, Section 301 and 31 U.S.C. 1349(b).&quot;, 
        readOnly: true
        ),
        
        #&quot;SYSTEM_SYSRULES_paragraphField&quot;(
        label: &quot;&quot;, 
        labelPosition: &quot;&quot;,
        value: &quot;PURPOSE: The principle purpose for soliciting personal information on this form is to formally document the private residence for which the authorization to store a government owned or leased motor vehicle is being requested. The information establishes a legal basis for personnel or financial actions which might result from use of a government owned or leased motor vehicle in a nonofficial capacity. &quot;, 
        readOnly: true
        ),
        
        #&quot;SYSTEM_SYSRULES_paragraphField&quot;(
        label: &quot;&quot;, 
        labelPosition: &quot;&quot;,
        value: &quot;EFFECTS OF NONDISCLOSURE: The disclosure of this information is voluntary, however, failure to furnish the information may result in the disapproval of a request to store a government owned or leased motor vehicle at or near a private residence.&quot;, 
        readOnly: true
        )
        
      },
      secondColumnContents: {}
    ),
  
    #&quot;SYSTEM_SYSRULES_sectionLayout&quot;(
      label: &quot;Reviewer Information&quot;,
      firstColumnContents: {
        #&quot;SYSTEM_SYSRULES_pickerFieldUsers&quot;(
          label: &quot;Reviewer User Name&quot;,
          labelPosition: &quot;ABOVE&quot;,
          instructions: &quot;&quot;,
          value: {},
          saveInto: {},
          validations: {}
        )
      },
      secondColumnContents: {
        #&quot;SYSTEM_SYSRULES_dropdownField&quot;(
          label: &quot;Reviewer Role&quot;,
          placeholderLabel: &quot;select&quot;, 
          choiceLabels: {&quot;1&quot;},
          choiceValues : {&quot;1&quot;},
          value: &quot;&quot;,
          saveInto: {}
        )
      }
    ),
  
    #&quot;SYSTEM_SYSRULES_sectionLayout&quot;(
      label: &quot;Certification&quot;,
      firstColumnContents: {
        #&quot;SYSTEM_SYSRULES_checkboxField&quot;(
          label: &quot;Certification&quot;,
          labelPosition: &quot;COLLAPSED&quot;,
          choiceLabels: {
          &quot;I CERTIFY that the above information is true and correct to the best of my knowledge. I will not use this vehicle at any time for my personal convenience or permit others to do so. When parked at or near residence, vehicle will be kept locked and every precaution taken to guard it against damage or theft, etc. I understand that use of this vehicle for other than official purposes makes me subject to suspension without pay for a period of not less than one month or to removal summarily from office as provided in 31 U.S.C. 1349 (b)&quot;
          
          },
          choiceValues: {true},
          saveInto: {},
          required: true,
          validations: {}
        )
      },
      secondColumnContents: {}
    )
  },
  secondColumnContents: {},
  buttons: #&quot;SYSTEM_SYSRULES_ButtonLayout&quot;(
    primaryButtons: {
      #&quot;SYSTEM_SYSRULES_ButtonWidgetSubmit&quot;(
        label: &quot;Submit&quot;,
        style: &quot;PRIMARY&quot;,
        saveInto: {},
        skipValidation: true
      )
    },
    secondaryButtons: {
      #&quot;SYSTEM_SYSRULES_ButtonWidgetSubmit&quot;(
        label: &quot;Cancel&quot;,
        style: &quot;NORMAL&quot;,
        value: true,
        skipValidation: true
      )
    }
  ),
  validations: {}
)</definition>
        <preferredEditor>interface</preferredEditor>
        <offlineEnabled>false</offlineEnabled>
    </rule>
    <roleMap public="true">
        <role allowForAll="false" inherit="true" name="readers">
            <users/>
            <groups/>
        </role>
        <role allowForAll="false" inherit="true" name="authors">
            <users/>
            <groups/>
        </role>
        <role allowForAll="false" inherit="true" name="administrators">
            <users>
                <userUuid>sylvia.an</userUuid>
            </users>
            <groups/>
        </role>
        <role allowForAll="false" inherit="false" name="denyReaders">
            <users/>
            <groups/>
        </role>
        <role allowForAll="false" inherit="false" name="denyAuthors">
            <users/>
            <groups/>
        </role>
        <role allowForAll="false" inherit="false" name="denyAdministrators">
            <users/>
            <groups/>
        </role>
    </roleMap>
</contentHaul>
