<?xml version="1.0" encoding="UTF-8" standalone="yes"?>
<contentHaul xmlns:a="http://www.appian.com/ae/types/2009">
    <rule>
        <name>EFM_SCT_expenseFileUpload</name>
        <uuid>ea413e81-a177-41c0-b00d-d5fc33da8076</uuid>
        <description>Section to add a file upload se on the Create Expense Section</description>
        <parentUuid>_a-0000dd16-5d72-8000-9ba2-011c48011c48_6199</parentUuid>
        <visibility>
            <advertise>false</advertise>
            <hierarchy>true</hierarchy>
            <indexable>true</indexable>
            <quota>false</quota>
            <searchable>true</searchable>
            <system>false</system>
            <unlogged>false</unlogged>
        </visibility>
        <definition>load(
  local!attachments,
  local!attachmentsFolder:tofolder(8),
  #&quot;SYSTEM_SYSRULES_sectionLayout&quot;(
      label: &quot;&quot;,
      firstColumnContents: {
      
      #&quot;SYSTEM_SYSRULES_fileUploadField&quot;(
        label:&quot;Receipt for &quot; &amp; ri!expense.comments,
        target:local!attachmentsFolder,
        documentName:&quot;Receipt&quot;,
        value:local!attachments,
        saveInto:local!attachments,
        instructions: &quot;Scan and upload the receipt for the corresponding expense item&quot;
      )
      },
      secondColumnContents: {
        #&quot;SYSTEM_SYSRULES_paragraphField&quot;(
          label: &quot;Comments&quot;, 
          helpTooltip: &quot;This field is required if 'Other' is selected for expense Category&quot;
        )
      }
    ))</definition>
        <namedTypedValue>
            <name>expense</name>
            <type>
                <name>Variant</name>
                <namespace>http://www.appian.com/ae/types/2009</namespace>
            </type>
        </namedTypedValue>
        <preferredEditor>interface</preferredEditor>
        <offlineEnabled>false</offlineEnabled>
    </rule>
    <roleMap public="true">
        <role allowForAll="false" inherit="true" name="readers">
            <users/>
            <groups/>
        </role>
        <role allowForAll="false" inherit="true" name="authors">
            <users/>
            <groups/>
        </role>
        <role allowForAll="false" inherit="true" name="administrators">
            <users>
                <userUuid>sylvia.an</userUuid>
            </users>
            <groups/>
        </role>
        <role allowForAll="false" inherit="false" name="denyReaders">
            <users/>
            <groups/>
        </role>
        <role allowForAll="false" inherit="false" name="denyAuthors">
            <users/>
            <groups/>
        </role>
        <role allowForAll="false" inherit="false" name="denyAdministrators">
            <users/>
            <groups/>
        </role>
    </roleMap>
    <typedValue>
        <type>
            <name>RuleTestConfig?list</name>
            <namespace>http://www.appian.com/ae/types/2009</namespace>
        </type>
        <value>
            <el>
                <a:name/>
                <a:ruleInputTestConfigs>
                    <a:value xmlns:xsd="http://www.w3.org/2001/XMLSchema" xmlns:xsi="http://www.w3.org/2001/XMLSchema-instance" xsi:type="xsd:string"/>
                    <a:nameRef>expense</a:nameRef>
                    <a:id/>
                </a:ruleInputTestConfigs>
                <a:assertions xmlns:xsi="http://www.w3.org/2001/XMLSchema-instance" xsi:nil="true"/>
            </el>
        </value>
    </typedValue>
</contentHaul>
