<?xml version="1.0" encoding="UTF-8" standalone="yes"?>
<groupHaul xmlns:a="http://www.appian.com/ae/types/2009">
    <group>
        <name>CTS Program Offices</name>
        <securityMap>SECURITYMAP_PUBLIC</securityMap>
        <uuid>_e-0000dcf6-b054-8000-9aee-01075c01075c_96</uuid>
        <groupTypeUuid>SYSTEM_GROUP_TYPE_CUSTOM</groupTypeUuid>
        <parentUuid>_e-0000dcf6-b054-8000-9aee-01075c01075c_93</parentUuid>
        <description>Parent level group for all program offices in CTS</description>
        <delegatedCreation>false</delegatedCreation>
        <memberPolicy>MEMBERPOLICY_CLOSED</memberPolicy>
        <viewingPolicy>VIEWINGPOLICY_LOW</viewingPolicy>
        <attributes/>
    </group>
    <members>
        <users/>
        <groups>
            <groupUuid>_e-0000dcf6-b054-8000-9aee-01075c01075c_153</groupUuid>
            <groupUuid>_e-0000dcf6-b054-8000-9aee-01075c01075c_154</groupUuid>
            <groupUuid>_e-0000dcf6-b054-8000-9aee-01075c01075c_155</groupUuid>
            <groupUuid>_e-0000dcf6-b054-8000-9aee-01075c01075c_156</groupUuid>
            <groupUuid>_e-0000dcf6-b054-8000-9aee-01075c01075c_157</groupUuid>
        </groups>
    </members>
    <admins>
        <users/>
        <groups/>
    </admins>
    <ruleSet/>
</groupHaul>
