<?xml version="1.0" encoding="UTF-8" standalone="yes"?>
<groupHaul xmlns:a="http://www.appian.com/ae/types/2009">
    <group>
        <name>CTS All Users</name>
        <securityMap>SECURITYMAP_TEAM</securityMap>
        <uuid>_e-0000dc7a-bc14-8000-9aee-01075c01075c_36</uuid>
        <groupTypeUuid>SYSTEM_GROUP_TYPE_CUSTOM</groupTypeUuid>
        <description>All users of the CTS application</description>
        <delegatedCreation>false</delegatedCreation>
        <memberPolicy>MEMBERPOLICY_CLOSED</memberPolicy>
        <viewingPolicy>VIEWINGPOLICY_LOW</viewingPolicy>
        <attributes/>
    </group>
    <members>
        <users/>
        <groups>
            <groupUuid>_e-0000dcf6-b054-8000-9aee-01075c01075c_94</groupUuid>
            <groupUuid>_e-0000dcf6-b054-8000-9aee-01075c01075c_93</groupUuid>
            <groupUuid>_e-0000dc7a-bc14-8000-9aee-01075c01075c_35</groupUuid>
        </groups>
    </members>
    <admins>
        <users>
            <userUuid>sarah.eade</userUuid>
        </users>
        <groups>
            <groupUuid>_e-0000dc7a-bc14-8000-9aee-01075c01075c_35</groupUuid>
        </groups>
    </admins>
    <ruleSet/>
</groupHaul>
