<?xml version="1.0" encoding="UTF-8" standalone="yes"?>
<groupHaul xmlns:a="http://www.appian.com/ae/types/2009">
    <group>
        <name>CTS HQFOIA Office of Freedom of Information Act</name>
        <securityMap>SECURITYMAP_PUBLIC</securityMap>
        <uuid>_e-0000dcf6-b054-8000-9aee-01075c01075c_157</uuid>
        <groupTypeUuid>_f-0000dcf6-b054-8000-9aee-01075c01075c_2</groupTypeUuid>
        <parentUuid>_e-0000dcf6-b054-8000-9aee-01075c01075c_96</parentUuid>
        <description>5</description>
        <delegatedCreation>false</delegatedCreation>
        <memberPolicy>MEMBERPOLICY_CLOSED</memberPolicy>
        <viewingPolicy>VIEWINGPOLICY_LOW</viewingPolicy>
        <attributes/>
    </group>
    <members>
        <users/>
        <groups>
            <groupUuid>_e-0000dcf6-b054-8000-9aee-01075c01075c_152</groupUuid>
            <groupUuid>_e-0000dcf6-b054-8000-9aee-01075c01075c_142</groupUuid>
            <groupUuid>_e-0000dcf6-b054-8000-9aee-01075c01075c_132</groupUuid>
            <groupUuid>_e-0000dcf6-b054-8000-9aee-01075c01075c_166</groupUuid>
            <groupUuid>_e-0000dcf6-b054-8000-9aee-01075c01075c_167</groupUuid>
            <groupUuid>_e-0000dcf6-b054-8000-9aee-01075c01075c_147</groupUuid>
        </groups>
    </members>
    <admins>
        <users/>
        <groups/>
    </admins>
    <ruleSet/>
</groupHaul>
