<?xml version="1.0" encoding="UTF-8" standalone="yes"?>
<groupHaul xmlns:a="http://www.appian.com/ae/types/2009">
    <group>
        <name>CTS Action Officer</name>
        <securityMap>SECURITYMAP_PUBLIC</securityMap>
        <uuid>_e-0000dcf6-b054-8000-9aee-01075c01075c_97</uuid>
        <groupTypeUuid>_f-0000dcf6-b054-8000-9aee-01075c01075c_1</groupTypeUuid>
        <parentUuid>_e-0000dcf6-b054-8000-9aee-01075c01075c_95</parentUuid>
        <description>The action officers (AO) prepare and review responses to incoming correspondence. They also route the folders for final review and concurrence, and sign completed responses if necessary</description>
        <delegatedCreation>false</delegatedCreation>
        <memberPolicy>MEMBERPOLICY_CLOSED</memberPolicy>
        <viewingPolicy>VIEWINGPOLICY_LOW</viewingPolicy>
        <attributes/>
    </group>
    <members>
        <users/>
        <groups>
            <groupUuid>_e-0000dcf6-b054-8000-9aee-01075c01075c_164</groupUuid>
            <groupUuid>_e-0000dcf6-b054-8000-9aee-01075c01075c_100</groupUuid>
            <groupUuid>_e-0000dcf6-b054-8000-9aee-01075c01075c_166</groupUuid>
            <groupUuid>_e-0000dcf6-b054-8000-9aee-01075c01075c_160</groupUuid>
            <groupUuid>_e-0000dcf6-b054-8000-9aee-01075c01075c_162</groupUuid>
            <groupUuid>_e-0000dcf6-b054-8000-9aee-01075c01075c_98</groupUuid>
            <groupUuid>_e-0000dcf6-b054-8000-9aee-01075c01075c_101</groupUuid>
            <groupUuid>_e-0000dcf6-b054-8000-9aee-01075c01075c_158</groupUuid>
            <groupUuid>_e-0000dcf6-b054-8000-9aee-01075c01075c_99</groupUuid>
        </groups>
    </members>
    <admins>
        <users/>
        <groups/>
    </admins>
    <ruleSet/>
</groupHaul>
