<?xml version="1.0" encoding="UTF-8" standalone="yes"?>
<dataStoreHaul xmlns:a="http://www.appian.com/ae/types/2009">
    <dataStore>
        <uuid>_a-0000dc7a-bcb3-8000-9ba2-011c48011c48_6142</uuid>
        <name>CTS Transactional</name>
        <description>CTS Transactional Datastore</description>
        <dataSourceKey>java:/jdbc/Appian</dataSourceKey>
        <adaptingExplicitSqlNames>false</adaptingExplicitSqlNames>
        <autoUpdateSchema>false</autoUpdateSchema>
        <entities>
            <entity>
                <uuid>4da9d3d8-f981-40ce-b4db-0820fd6aecb8</uuid>
                <name>Doc_Tag</name>
                <type>{urn:com:appian:types:CTS}CTS_Doc_Tag</type>
            </entity>
            <entity>
                <uuid>9f066c30-a6c3-4075-af3c-9180bb3358a2</uuid>
                <name>Doc</name>
                <type>{urn:com:appian:types:CTS}CTS_Doc</type>
            </entity>
            <entity>
                <uuid>0485792c-4365-434e-a966-a7c6527107d9</uuid>
                <name>Folder</name>
                <type>{urn:com:appian:types:CTS}CTS_Folder</type>
            </entity>
            <entity>
                <uuid>35b34218-d415-4b51-958d-ecebdf7bdae1</uuid>
                <name>Assign</name>
                <type>{urn:com:appian:types:CTS}CTS_Assign</type>
            </entity>
            <entity>
                <uuid>2f615954-5c61-4f75-b6de-d446600a743c</uuid>
                <name>Folder_Note</name>
                <type>{urn:com:appian:types:CTS}CTS_Folder_Note</type>
            </entity>
            <entity>
                <uuid>90d385e0-d2fa-44bb-8a80-7d335f20a924</uuid>
                <name>L_Folder_Doc</name>
                <type>{urn:com:appian:types:CTS}CTS_L_Folder_Doc</type>
            </entity>
            <entity>
                <uuid>c1ae538e-f76c-4f4d-a686-26a9cbb24b07</uuid>
                <name>Doc_ListView</name>
                <type>{urn:com:appian:types:CTS}CTS_Doc_ListView</type>
            </entity>
            <entity>
                <uuid>a1a03018-302e-42cb-89d3-2699c3777c1d</uuid>
                <name>Task_Metric</name>
                <type>{urn:com:appian:types:CTS}CTS_Task_Metric</type>
            </entity>
            <entity>
                <uuid>a96d321d-88ff-40c0-a19c-9ea85843c846</uuid>
                <name>Doc_Audit</name>
                <type>{urn:com:appian:types:CTS}CTS_Doc_Audit</type>
            </entity>
            <entity>
                <uuid>daa91e94-653b-4d33-b4b5-9cd89b99ca52</uuid>
                <name>Folder_Audit</name>
                <type>{urn:com:appian:types:CTS}CTS_Folder_Audit</type>
            </entity>
            <entity>
                <uuid>4416e55a-0528-466d-90fa-433c0725925f</uuid>
                <name>Assign_Audit</name>
                <type>{urn:com:appian:types:CTS}CTS_Assign_Audit</type>
            </entity>
            <entity>
                <uuid>152a9a32-9e09-44fd-a718-4fb248b3b316</uuid>
                <name>Saved_Workflow_Assignment</name>
                <type>{urn:com:appian:types:CTS}CTS_Saved_Workflow_Assignment</type>
            </entity>
            <entity>
                <uuid>61401975-eef8-4b0e-8c97-46982b78b8d2</uuid>
                <name>Saved_Workflow</name>
                <type>{urn:com:appian:types:CTS}CTS_Saved_Workflow</type>
            </entity>
        </entities>
    </dataStore>
    <isPublished>true</isPublished>
    <roleMap>
        <role allowForAll="false" inherit="false" name="administrators">
            <users/>
            <groups>
                <groupUuid>_e-0000dc7a-bc14-8000-9aee-01075c01075c_35</groupUuid>
            </groups>
        </role>
        <role allowForAll="false" inherit="false" name="authors">
            <users/>
            <groups/>
        </role>
        <role allowForAll="false" inherit="false" name="denyAdministrators">
            <users/>
            <groups/>
        </role>
        <role allowForAll="false" inherit="false" name="denyAuthors">
            <users/>
            <groups/>
        </role>
        <role allowForAll="false" inherit="false" name="denyReaders">
            <users/>
            <groups/>
        </role>
        <role allowForAll="false" inherit="false" name="readers">
            <users/>
            <groups>
                <groupUuid>_e-0000dc7a-bc14-8000-9aee-01075c01075c_36</groupUuid>
            </groups>
        </role>
    </roleMap>
</dataStoreHaul>
