<?xml version="1.0" encoding="UTF-8" standalone="yes"?>
<recordTypeHaul xmlns:a="http://www.appian.com/ae/types/2009">
    <recordType name="System Account" a:uuid="SYSTEM_RECORD_TYPE_USER">
        <a:pluralName>System Accounts</a:pluralName>
        <a:description>Directory of system accounts</a:description>
        <a:urlStub>U1TzGg</a:urlStub>
        <a:source xmlns:xsi="http://www.w3.org/2001/XMLSchema-instance" xsi:type="a:Datatype" a:uuid="{http://www.appian.com/ae/types/2009}UserProfile"/>
        <a:listViewTemplateExpr>#&quot;SYSTEM_SYSRULES_recordGridLayoutColumns&quot;(
  columns: {
    #&quot;SYSTEM_SYSRULES_gridLayoutColumn&quot;(
      label: &quot;username&quot;,
      component: #&quot;SYSTEM_SYSRULES_recordGrid_linkField&quot;(
        links: #&quot;SYSTEM_SYSRULES_recordLink&quot;(   
          label: rf!username,
          recordType: rp!type,
          identifier: rp!id
        )
      )
    ),
    #&quot;SYSTEM_SYSRULES_gridLayoutColumn&quot;(
      label: &quot;firstName&quot;,
      component: #&quot;SYSTEM_SYSRULES_recordGrid_textField&quot;(
        displayValue: rf!firstName
      )
    ),
    #&quot;SYSTEM_SYSRULES_gridLayoutColumn&quot;(
      label: &quot;middleName&quot;,
      component: #&quot;SYSTEM_SYSRULES_recordGrid_textField&quot;(
        displayValue: rf!middleName
      )
    )  
  },
  pageSize: 50,
  defaultSort: #&quot;SYSTEM_SYSRULES_sortInfo&quot;(
    field: &quot;username&quot;,
    ascending: fn!true()
  )
)</a:listViewTemplateExpr>
        <a:detailViewCfg>
            <a:nameExpr>=&quot;Summary&quot;</a:nameExpr>
            <a:uiExpr>#&quot;SYSTEM_SYSRULES_userRecordSummaryDashboard&quot;()</a:uiExpr>
            <a:visibilityExpr>=true()</a:visibilityExpr>
            <a:urlStub>summary</a:urlStub>
            <a:headerExpr>#&quot;SYSTEM_SYSRULES_userRecordHeader&quot;()</a:headerExpr>
        </a:detailViewCfg>
        <a:isSystem>true</a:isSystem>
        <a:dataSrcExpr>fn!queryuserrecord_appian_internal(rsp!query)</a:dataSrcExpr>
        <a:facetsListExpr>#&quot;SYSTEM_SYSRULES_userRecordFacets&quot;()</a:facetsListExpr>
        <a:titleExpr></a:titleExpr>
        <a:defaultFiltersExpr></a:defaultFiltersExpr>
        <a:layoutType>GRID</a:layoutType>
        <a:security>32767</a:security>
    </recordType>
    <roleMap>
        <role name="record_type_administrator">
            <users/>
            <groups>
                <groupUuid>_e-0000dd29-17a1-8000-9aee-01075c01075c_99</groupUuid>
            </groups>
        </role>
    </roleMap>
</recordTypeHaul>
