<?xml version="1.0" encoding="UTF-8" standalone="yes"?>
<contentHaul xmlns:a="http://www.appian.com/ae/types/2009">
    <rule>
        <name>HR_Rule_equipmentRecordListView</name>
        <uuid>09cfb09c-85d4-449b-93cb-011e7d3ac478</uuid>
        <description></description>
        <parentUuid>_a-0000dd0d-462c-8000-9ba2-011c48011c48_3809</parentUuid>
        <visibility>
            <advertise>false</advertise>
            <hierarchy>true</hierarchy>
            <indexable>true</indexable>
            <quota>false</quota>
            <searchable>true</searchable>
            <system>false</system>
            <unlogged>false</unlogged>
        </visibility>
        <definition>#&quot;SYSTEM_SYSRULES_listViewItem&quot;(&#xD;
  title: rf!itEquipmentTypeLabel &amp; &quot; - &quot; &amp; rf!model &amp; &quot; - &quot; &amp; rf!serialNumber &amp; &quot; - &quot; &#xD;
  &amp; &#xD;
  if(&#xD;
    isnull(rf!userAssigned),&#xD;
    if(&#xD;
      rf!roomAssigned= &quot;N/A&quot;,&#xD;
        &quot;Unassigned&quot;,&#xD;
        rf!roomAssigned&#xD;
    ),&#xD;
    #&quot;64f07310-4544-413c-96ea-2bd500ad735e&quot;(rf!userAssigned)&#xD;
  )&#xD;
  ,&#xD;
  details: &quot;Acquired: &quot; &#xD;
  &amp; &#xD;
  if(&#xD;
    isnull( rf!purchaseDate ),&#xD;
      &quot;N/A&quot;,  &#xD;
      #&quot;_a-0000dd4b-0482-8000-9ba2-011c48011c48_18950&quot;(rf!purchaseDate)&#xD;
  ) &#xD;
  &amp; &quot; | &quot; &amp; rf!purchaseType &amp; &quot; | Warranty End Date: &quot; &amp; &#xD;
  if(&#xD;
    isnull(rf!warrantyEndDate),&#xD;
    &quot;N/A&quot;,&#xD;
    #&quot;_a-0000dd4b-0482-8000-9ba2-011c48011c48_18950&quot;(rf!warrantyEndDate)&#xD;
  )&#xD;
  ,&#xD;
  timestamp: rf!lastModifiedDatetime&#xD;
  ,&#xD;
  image: if(isnull(rf!status),&#xD;
    {}, &#xD;
    #&quot;_a-0000dd8b-d239-8000-9ba2-011c48011c48_28508&quot;[lookup(&#xD;
      #&quot;_a-0000dd8b-d239-8000-9ba2-011c48011c48_28485&quot;, rf!status&#xD;
    )]&#xD;
    )&#xD;
)&#xD;
</definition>
        <preferredEditor>legacy</preferredEditor>
        <offlineEnabled>false</offlineEnabled>
    </rule>
    <roleMap public="true">
        <role allowForAll="false" inherit="true" name="readers">
            <users/>
            <groups/>
        </role>
        <role allowForAll="false" inherit="true" name="authors">
            <users/>
            <groups/>
        </role>
        <role allowForAll="false" inherit="true" name="administrators">
            <users/>
            <groups/>
        </role>
        <role allowForAll="false" inherit="false" name="denyReaders">
            <users/>
            <groups/>
        </role>
        <role allowForAll="false" inherit="false" name="denyAuthors">
            <users/>
            <groups/>
        </role>
        <role allowForAll="false" inherit="false" name="denyAdministrators">
            <users/>
            <groups/>
        </role>
    </roleMap>
</contentHaul>
