<?xml version="1.0" encoding="UTF-8" standalone="yes"?>
<contentHaul xmlns:a="http://www.appian.com/ae/types/2009">
    <rule>
        <name>HR_SCT_Hoteling_floorDetails</name>
        <uuid>1261a84e-08ea-49ee-86c9-769c49c9738e</uuid>
        <description>Contains all details about a floor</description>
        <parentUuid>_a-0000dd0d-462c-8000-9ba2-011c48011c48_3551</parentUuid>
        <visibility>
            <advertise>false</advertise>
            <hierarchy>true</hierarchy>
            <indexable>true</indexable>
            <quota>false</quota>
            <searchable>true</searchable>
            <system>false</system>
            <unlogged>false</unlogged>
        </visibility>
        <definition>load(
  local!building: #&quot;_a-0000dd0d-462c-8000-9ba2-011c48011c48_5503&quot;(
    columns: {
      &quot;buildingId&quot;,
      &quot;buildingName&quot;
    },
    pagingInfo: #&quot;SYSTEM_SYSRULES_pagingInfo&quot;(
      startIndex: 1,
      batchSize: -1,
      sort: #&quot;SYSTEM_SYSRULES_sortInfo&quot;(
        field: &quot;buildingName&quot;,
        ascending: true
      )
    )
  ).data,
  #&quot;SYSTEM_SYSRULES_sectionLayout&quot;(
    label: &quot;Floor Details&quot;,
    firstColumnContents: {
      #&quot;_a-0000dd0d-462c-8000-9ba2-011c48011c48_3690&quot;(
        label: &quot;Name&quot;,
        required: true,
        readOnly: ri!readOnly,
        value: ri!floor.floorName,
        saveInto: ri!floor.floorName
      ),
      #&quot;_a-0000dd17-9077-8000-9ba2-011c48011c48_10649&quot;(
        readOnly: ri!readOnly,
        choiceLabel: &quot;Open Floor Plan&quot;,
        value: ri!floor.openFloorPlan,
        saveInto: ri!floor.openFloorPlan,
        labelPosition: if(ri!readOnly,
          #&quot;7515f385-6042-4961-b666-89d55ce8534e&quot;(readOnly: true),
          &quot;COLLAPSED&quot;
        )
      ),
      #&quot;_a-0000dd17-9077-8000-9ba2-011c48011c48_10649&quot;(
        readOnly: ri!readOnly,
        choiceLabel: &quot;Quiet Area Only&quot;,
        value: ri!floor.quietAreaOnly,
        saveInto: ri!floor.quietAreaOnly,
        labelPosition: if(ri!readOnly,
          #&quot;7515f385-6042-4961-b666-89d55ce8534e&quot;(readOnly: true),
          &quot;COLLAPSED&quot;
        )
      ),
      #&quot;_a-0000dd17-9077-8000-9ba2-011c48011c48_10649&quot;(
        readOnly: ri!readOnly,
        choiceLabel: &quot;Badge Required&quot;,
        value: ri!floor.badgeRequired,
        saveInto: ri!floor.badgeRequired,
        labelPosition: if(ri!readOnly,
          #&quot;7515f385-6042-4961-b666-89d55ce8534e&quot;(readOnly: true),
          &quot;COLLAPSED&quot;
        )
      ),
      if(
        and(
          ri!newFloor,
          not(
            ri!readOnly
          )
        ),
        #&quot;SYSTEM_SYSRULES_fileUploadField&quot;(
          label: &quot;Floor Plan&quot;,
          target: #&quot;_a-0000dd0d-462c-8000-9ba2-011c48011c48_6183&quot;,
          value: ri!floorPlan,
          saveInto: ri!floorPlan
        ),
        if(
          isnull(
            ri!floor.floorPlan
          ),
          #&quot;SYSTEM_SYSRULES_richTextDisplayField&quot;(
            label: &quot;Floor Plan&quot;,
            labelPosition: #&quot;7515f385-6042-4961-b666-89d55ce8534e&quot;(
              readOnly: ri!readOnly
            ),
            value: #&quot;SYSTEM_SYSRULES_richTextItem&quot;(
              text: &quot;No floor plan available&quot;,
              style: &quot;EMPHASIS&quot;
            )
          ),
          #&quot;SYSTEM_SYSRULES_imageField&quot;(
            label: &quot;Floor Plan&quot;,
            images: #&quot;SYSTEM_SYSRULES_documentImage&quot;(
              document: ri!floor.floorPlan
            ),
            labelPosition: #&quot;7515f385-6042-4961-b666-89d55ce8534e&quot;(
              readOnly: ri!readOnly
            )
          )
        )
      )
    },
    secondColumnContents: {
      #&quot;_a-0000dd0d-462c-8000-9ba2-011c48011c48_3685&quot;(
        label: &quot;Building&quot;,
        required: true,
        readOnly: ri!readOnly,
        choiceLabels: local!building.buildingName,
        choiceValues: local!building.buildingId,
        value: ri!floor.buildingId,
        saveInto: ri!floor.buildingId
      ),
      #&quot;_a-0000dd17-9077-8000-9ba2-011c48011c48_10649&quot;(
        readOnly: ri!readOnly,
        choiceLabel: &quot;Has Kitchen&quot;,
        value: ri!floor.hasKitchen,
        saveInto: ri!floor.hasKitchen,
        labelPosition: if(ri!readOnly,
          #&quot;7515f385-6042-4961-b666-89d55ce8534e&quot;(readOnly: true),
          &quot;COLLAPSED&quot;
        )
      ),
      #&quot;_a-0000dd17-9077-8000-9ba2-011c48011c48_10649&quot;(
        readOnly: ri!readOnly,
        choiceLabel: &quot;Has Common Area&quot;,
        value: ri!floor.hasCommonArea,
        saveInto: ri!floor.hasCommonArea,
        labelPosition: if(ri!readOnly,
          #&quot;7515f385-6042-4961-b666-89d55ce8534e&quot;(readOnly: true),
          &quot;COLLAPSED&quot;
        )
      ),
      if(
        or(
          ri!readOnly,
          ri!newFloor
        ),
        {},
        #&quot;SYSTEM_SYSRULES_fileUploadField&quot;(
          label: &quot;New Floor Plan&quot;,
          target: #&quot;_a-0000dd0d-462c-8000-9ba2-011c48011c48_6183&quot;,
          value: ri!floorPlan,
          saveInto: ri!floorPlan
        )
      )
    }
  )
)</definition>
        <namedTypedValue>
            <name>readOnly</name>
            <type>
                <name>boolean</name>
                <namespace>http://www.w3.org/2001/XMLSchema</namespace>
            </type>
        </namedTypedValue>
        <namedTypedValue>
            <name>floor</name>
            <type>
                <name>HR_Floor</name>
                <namespace>urn:com:appian:types:HR</namespace>
            </type>
        </namedTypedValue>
        <namedTypedValue>
            <name>floorPlan</name>
            <type>
                <name>CollaborationDocument</name>
                <namespace>http://www.appian.com/ae/types/2009</namespace>
            </type>
        </namedTypedValue>
        <namedTypedValue>
            <name>newFloor</name>
            <type>
                <name>boolean</name>
                <namespace>http://www.w3.org/2001/XMLSchema</namespace>
            </type>
        </namedTypedValue>
        <preferredEditor>interface</preferredEditor>
        <offlineEnabled>false</offlineEnabled>
    </rule>
    <roleMap public="true">
        <role allowForAll="true" inherit="false" name="readers">
            <users/>
            <groups/>
        </role>
        <role allowForAll="true" inherit="false" name="authors">
            <users/>
            <groups/>
        </role>
        <role allowForAll="false" inherit="false" name="administrators">
            <users/>
            <groups>
                <groupUuid>_e-0000dd0a-93c8-8000-9aee-01075c01075c_12</groupUuid>
            </groups>
        </role>
        <role allowForAll="false" inherit="false" name="denyReaders">
            <users/>
            <groups/>
        </role>
        <role allowForAll="false" inherit="false" name="denyAuthors">
            <users/>
            <groups/>
        </role>
        <role allowForAll="false" inherit="false" name="denyAdministrators">
            <users/>
            <groups/>
        </role>
    </roleMap>
    <typedValue>
        <type>
            <name>RuleTestConfig?list</name>
            <namespace>http://www.appian.com/ae/types/2009</namespace>
        </type>
        <value>
            <el>
                <a:name/>
                <a:ruleInputTestConfigs>
                    <a:value xmlns:xsd="http://www.w3.org/2001/XMLSchema" xmlns:xsi="http://www.w3.org/2001/XMLSchema-instance" xsi:type="xsd:boolean">false</a:value>
                    <a:nameRef>readOnly</a:nameRef>
                    <a:id/>
                </a:ruleInputTestConfigs>
                <a:ruleInputTestConfigs>
                    <a:value xmlns:n1="urn:com:appian:types:HR" xmlns:xsi="http://www.w3.org/2001/XMLSchema-instance" xsi:nil="true" xsi:type="n1:HR_Floor"/>
                    <a:nameRef>floor</a:nameRef>
                    <a:id/>
                </a:ruleInputTestConfigs>
                <a:ruleInputTestConfigs>
                    <a:value xmlns:xsi="http://www.w3.org/2001/XMLSchema-instance" xsi:nil="true" xsi:type="a:CollaborationDocument"/>
                    <a:nameRef>floorPlan</a:nameRef>
                    <a:id/>
                </a:ruleInputTestConfigs>
                <a:ruleInputTestConfigs>
                    <a:value xmlns:xsd="http://www.w3.org/2001/XMLSchema" xmlns:xsi="http://www.w3.org/2001/XMLSchema-instance" xsi:nil="true" xsi:type="xsd:boolean"/>
                    <a:nameRef>newFloor</a:nameRef>
                    <a:id/>
                </a:ruleInputTestConfigs>
                <a:assertions xmlns:xsi="http://www.w3.org/2001/XMLSchema-instance" xsi:nil="true"/>
            </el>
        </value>
    </typedValue>
</contentHaul>
