<?xml version="1.0" encoding="UTF-8" standalone="yes"?>
<contentHaul xmlns:a="http://www.appian.com/ae/types/2009">
    <rule>
        <name>HR_GDRW_Workflow_documents</name>
        <uuid>2895487b-4c1e-4f8b-9358-fc686af6aa4e</uuid>
        <description>Grid row to be used when adding new documents</description>
        <parentUuid>_a-0000dd0d-462c-8000-9ba2-011c48011c48_3805</parentUuid>
        <visibility>
            <advertise>false</advertise>
            <hierarchy>true</hierarchy>
            <indexable>true</indexable>
            <quota>false</quota>
            <searchable>true</searchable>
            <system>false</system>
            <unlogged>false</unlogged>
        </visibility>
        <definition>with(
  local!readOnly: or(ri!readOnly, not(isnull(ri!workflowDocuments[ri!index].documentId))),
  #&quot;SYSTEM_SYSRULES_gridRowLayout&quot;(
    contents: {
      if(local!readOnly,
        #&quot;SYSTEM_SYSRULES_textField&quot;(
          label: &quot;Document&quot;,
          readOnly: true,
          value: document(ri!workflowDocuments[ri!index].docAppianDocumentId, &quot;name&quot;)
        ),
        #&quot;SYSTEM_SYSRULES_fileUploadField&quot;(
          label: &quot;Document&quot;,
          target: ri!targetFolder,
          value: ri!workflowDocuments[ri!index].docAppianDocumentId,
          saveInto: ri!workflowDocuments[ri!index].docAppianDocumentId
        )
      ),
      #&quot;SYSTEM_SYSRULES_paragraphField&quot;(
        label: &quot;Description&quot;,
        readOnly: local!readOnly,
        value: ri!workflowDocuments[ri!index].docDescription,
        saveInto: ri!workflowDocuments[ri!index].docDescription
      ),
      #&quot;SYSTEM_SYSRULES_textField&quot;(
        label: &quot;Uploaded By&quot;,
        value: #&quot;64f07310-4544-413c-96ea-2bd500ad735e&quot;(user: ri!workflowDocuments[ri!index].docUploadedBy),
        readOnly: true
      ),
      #&quot;SYSTEM_SYSRULES_dateTimeField&quot;(
        label: &quot;Uploaded Date&quot;,
        value: ri!workflowDocuments[ri!index].docUploadedDatetime,
        readOnly: true
      ),
      if(ri!showDeleteColumn,
        #&quot;SYSTEM_SYSRULES_imageField&quot;(
          images: #&quot;SYSTEM_SYSRULES_documentImage&quot;(
            document: #&quot;_a-0000dd0d-462c-8000-9ba2-011c48011c48_4053&quot;,
            altText: &quot;Delete&quot;,
            caption: &quot;Delete document&quot;,
            link: #&quot;SYSTEM_SYSRULES_dynamicLink&quot;(
              saveInto: {
                #&quot;_a-0000dd8b-d239-8000-9ba2-011c48011c48_30193&quot;(
                  pagingInfo: ri!pagingInfo,
                  index: ri!index
                ),
                a!save(ri!workflowDocuments, remove(ri!workflowDocuments, ri!index))
              }
            )
          ),
          size: &quot;ICON&quot;
        ),
        {}
      )
    },
    id: ri!index
  )
)</definition>
        <namedTypedValue>
            <name>index</name>
            <type>
                <name>int</name>
                <namespace>http://www.w3.org/2001/XMLSchema</namespace>
            </type>
        </namedTypedValue>
        <namedTypedValue>
            <name>workflowDocuments</name>
            <type>
                <name>HR_Workflow_Document?list</name>
                <namespace>urn:com:appian:types:HR</namespace>
            </type>
        </namedTypedValue>
        <namedTypedValue>
            <name>targetFolder</name>
            <type>
                <name>CollaborationFolder</name>
                <namespace>http://www.appian.com/ae/types/2009</namespace>
            </type>
        </namedTypedValue>
        <namedTypedValue>
            <name>pagingInfo</name>
            <type>
                <name>PagingInfo</name>
                <namespace>http://www.appian.com/ae/types/2009</namespace>
            </type>
        </namedTypedValue>
        <namedTypedValue>
            <name>showDeleteColumn</name>
            <type>
                <name>boolean</name>
                <namespace>http://www.w3.org/2001/XMLSchema</namespace>
            </type>
        </namedTypedValue>
        <namedTypedValue>
            <name>readOnly</name>
            <type>
                <name>boolean</name>
                <namespace>http://www.w3.org/2001/XMLSchema</namespace>
            </type>
        </namedTypedValue>
        <preferredEditor>interface</preferredEditor>
        <offlineEnabled>false</offlineEnabled>
    </rule>
    <roleMap public="true">
        <role allowForAll="true" inherit="false" name="readers">
            <users/>
            <groups/>
        </role>
        <role allowForAll="true" inherit="false" name="authors">
            <users/>
            <groups/>
        </role>
        <role allowForAll="false" inherit="false" name="administrators">
            <users/>
            <groups>
                <groupUuid>_e-0000dd0a-93c8-8000-9aee-01075c01075c_12</groupUuid>
            </groups>
        </role>
        <role allowForAll="false" inherit="false" name="denyReaders">
            <users/>
            <groups/>
        </role>
        <role allowForAll="false" inherit="false" name="denyAuthors">
            <users/>
            <groups/>
        </role>
        <role allowForAll="false" inherit="false" name="denyAdministrators">
            <users/>
            <groups/>
        </role>
    </roleMap>
</contentHaul>
