<?xml version="1.0" encoding="UTF-8" standalone="yes"?>
<contentHaul xmlns:a="http://www.appian.com/ae/types/2009">
    <rule>
        <name>HR_SCT_Position_positionInformation</name>
        <uuid>35183054-05ce-4a02-ba80-da7452da4492</uuid>
        <description>Fields specific to a position</description>
        <parentUuid>_a-0000dd0d-462c-8000-9ba2-011c48011c48_3551</parentUuid>
        <visibility>
            <advertise>false</advertise>
            <hierarchy>true</hierarchy>
            <indexable>true</indexable>
            <quota>false</quota>
            <searchable>true</searchable>
            <system>false</system>
            <unlogged>false</unlogged>
        </visibility>
        <definition>load(
  local!positionStatus: #&quot;3af0f2e5-5c7f-4f1b-b92a-7b2b087a2287&quot;(
    columns: {
      &quot;id&quot;,
      &quot;label&quot;
    },
    type: #&quot;_a-0000dd0d-462c-8000-9ba2-011c48011c48_7091&quot;,
    isActive: true
  ).data,
  local!positionDescriptions: #&quot;31da1a12-7bc9-4c72-a9a9-9915f1f0a757&quot;(
    columns: {
      &quot;positionDescId&quot;,
      &quot;positionDescName&quot;
    }
  ).data,
  #&quot;SYSTEM_SYSRULES_sectionLayout&quot;(
    label: &quot;Position Information&quot;,
    firstColumnContents: {
      #&quot;_a-0000dd0d-462c-8000-9ba2-011c48011c48_3690&quot;(
        label: &quot;Name&quot;,
        required: true,
        readOnly: ri!readOnly,
        value: ri!position.positionName,
        saveInto: ri!position.positionName
      ),
      #&quot;fa8d3278-99cb-48cb-b4c8-5602158660a9&quot;(
        label: &quot;Open From&quot;,
        required: true,
        readOnly: ri!readOnly,
        value: ri!position.positionOpenDate,
        saveInto: ri!position.positionOpenDate
      ),
      #&quot;fa8d3278-99cb-48cb-b4c8-5602158660a9&quot;(
        label: &quot;Open To&quot;,
        required: true,
        readOnly: ri!readOnly,
        value: ri!position.positionCloseDate,
        saveInto: ri!position.positionCloseDate
      )
    },
    secondColumnContents: {
      #&quot;_a-0000dd0d-462c-8000-9ba2-011c48011c48_3685&quot;(
        label: &quot;Status&quot;,
        required: true,
        readOnly: ri!readOnly,
        choiceLabels: local!positionStatus.label,
        choiceValues: local!positionStatus.id,
        value: ri!position.positionStatusId,
        saveInto: {
          ri!position.positionStatusId,
          if(
            isnull(
              ri!position.positionStatusId
            ),
            a!save(
              ri!position.userId,
              null
            ),
            null
          )
        }
      ),
      if(
        and(
          ri!readOnly,
          isnull(
            ri!position.userId
          )
        ),
        #&quot;_a-0000dd0d-462c-8000-9ba2-011c48011c48_3690&quot;(
          label: &quot;Filled By&quot;,
          readOnly: true,
          value: #&quot;_a-0000dd0d-462c-8000-9ba2-011c48011c48_4158&quot;,
          labelPosition: #&quot;7515f385-6042-4961-b666-89d55ce8534e&quot;(
            readOnly: ri!readOnly
          )
        ),
        #&quot;_a-0000dd0d-462c-8000-9ba2-011c48011c48_7226&quot;(
          label: &quot;Filled By&quot;,
          maxSelections: 1,
          readOnly: ri!readOnly,
          value: ri!position.userId,
          saveInto: ri!position.userId
        )
      ),
      #&quot;_a-0000dd0d-462c-8000-9ba2-011c48011c48_3685&quot;(
        label: &quot;Position Description&quot;,
        required: true,
        readOnly: ri!readOnly,
        choiceLabels: local!positionDescriptions.positionDescName,
        choiceValues: local!positionDescriptions.positionDescId,
        value: ri!position.positionDescId,
        saveInto: {
          ri!position.positionDescId,
          a!save(
            ri!positionDescription,
            if(
              isnull(
                save!value
              ),
              null,
              #&quot;_a-0000dd3a-bcbf-8000-9ba2-011c48011c48_15651&quot;(
                positionDescId: save!value
              ).data
            )
          )
        }
      )
    }
  )
)</definition>
        <namedTypedValue>
            <name>readOnly</name>
            <type>
                <name>boolean</name>
                <namespace>http://www.w3.org/2001/XMLSchema</namespace>
            </type>
        </namedTypedValue>
        <namedTypedValue>
            <name>position</name>
            <type>
                <name>HR_Position</name>
                <namespace>urn:com:appian:types:HR</namespace>
            </type>
        </namedTypedValue>
        <namedTypedValue>
            <name>positionDescription</name>
            <type>
                <name>HR_V_PositionDescription_Record</name>
                <namespace>urn:com:appian:types:HR</namespace>
            </type>
        </namedTypedValue>
        <preferredEditor>interface</preferredEditor>
        <offlineEnabled>false</offlineEnabled>
    </rule>
    <roleMap public="true">
        <role allowForAll="true" inherit="false" name="readers">
            <users/>
            <groups/>
        </role>
        <role allowForAll="true" inherit="false" name="authors">
            <users/>
            <groups/>
        </role>
        <role allowForAll="false" inherit="false" name="administrators">
            <users/>
            <groups>
                <groupUuid>_e-0000dd0a-93c8-8000-9aee-01075c01075c_12</groupUuid>
            </groups>
        </role>
        <role allowForAll="false" inherit="false" name="denyReaders">
            <users/>
            <groups/>
        </role>
        <role allowForAll="false" inherit="false" name="denyAuthors">
            <users/>
            <groups/>
        </role>
        <role allowForAll="false" inherit="false" name="denyAdministrators">
            <users/>
            <groups/>
        </role>
    </roleMap>
</contentHaul>
