<?xml version="1.0" encoding="UTF-8" standalone="yes"?>
<contentHaul xmlns:a="http://www.appian.com/ae/types/2009">
    <rule>
        <name>HR_CMPT_Hoteling_repeatBy</name>
        <uuid>56fc3369-959b-4c15-89c5-f6a5d5c1cec3</uuid>
        <description>Component to handle repeating something monthly</description>
        <parentUuid>_a-0000dd0d-462c-8000-9ba2-011c48011c48_3623</parentUuid>
        <visibility>
            <advertise>false</advertise>
            <hierarchy>true</hierarchy>
            <indexable>true</indexable>
            <quota>false</quota>
            <searchable>true</searchable>
            <system>false</system>
            <unlogged>false</unlogged>
        </visibility>
        <definition>#&quot;_a-0000dd0d-462c-8000-9ba2-011c48011c48_3692&quot;(
  label: &quot;Repeat by&quot;,
  required: true,
  readOnly: ri!readOnly,
  choiceLabels: #&quot;_a-0000dd3a-bcbf-8000-9ba2-011c48011c48_14453&quot;,
  choiceValues: #&quot;_a-0000dd3a-bcbf-8000-9ba2-011c48011c48_14454&quot;,
  value: ri!reservation.repeatBy,
  saveInto: {
    ri!reservation.repeatBy,
    a!save({ri!reservation.afterOccurrences, ri!reservation.onDate}, null)
  },
  choiceLayout: &quot;COMPACT&quot;
)</definition>
        <namedTypedValue>
            <name>readOnly</name>
            <type>
                <name>boolean</name>
                <namespace>http://www.w3.org/2001/XMLSchema</namespace>
            </type>
        </namedTypedValue>
        <namedTypedValue>
            <name>reservation</name>
            <type>
                <name>HR_Reservation</name>
                <namespace>urn:com:appian:types:HR</namespace>
            </type>
        </namedTypedValue>
        <preferredEditor>interface</preferredEditor>
        <offlineEnabled>false</offlineEnabled>
    </rule>
    <roleMap public="true">
        <role allowForAll="true" inherit="false" name="readers">
            <users/>
            <groups/>
        </role>
        <role allowForAll="true" inherit="false" name="authors">
            <users/>
            <groups/>
        </role>
        <role allowForAll="false" inherit="false" name="administrators">
            <users/>
            <groups>
                <groupUuid>_e-0000dd0a-93c8-8000-9aee-01075c01075c_12</groupUuid>
            </groups>
        </role>
        <role allowForAll="false" inherit="false" name="denyReaders">
            <users/>
            <groups/>
        </role>
        <role allowForAll="false" inherit="false" name="denyAuthors">
            <users/>
            <groups/>
        </role>
        <role allowForAll="false" inherit="false" name="denyAdministrators">
            <users/>
            <groups/>
        </role>
    </roleMap>
</contentHaul>
