<?xml version="1.0" encoding="UTF-8" standalone="yes"?>
<contentHaul xmlns:a="http://www.appian.com/ae/types/2009">
    <rule>
        <name>HR_CMPT_Hoteling_repeatEvery</name>
        <uuid>5fc2a624-999f-4e9b-9aaf-b598888142c0</uuid>
        <description>Dropdown used to choose how often something should be repeated</description>
        <parentUuid>_a-0000dd0d-462c-8000-9ba2-011c48011c48_3621</parentUuid>
        <visibility>
            <advertise>false</advertise>
            <hierarchy>true</hierarchy>
            <indexable>true</indexable>
            <quota>false</quota>
            <searchable>true</searchable>
            <system>false</system>
            <unlogged>false</unlogged>
        </visibility>
        <definition>#&quot;_a-0000dd0d-462c-8000-9ba2-011c48011c48_3685&quot;(
  label: &quot;Repeat every x &quot; &amp; choose(ri!reservation.repeatType,
    &quot;Days&quot;,
    null, null, null,
    &quot;Weeks&quot;,
    &quot;Months&quot;,
    &quot;Years&quot;
  ),
  required: true,
  readOnly: ri!readOnly,
  choiceLabels: enumerate(30) + 1,
  choiceValues: enumerate(30) + 1,
  value: ri!reservation.repeatEvery,
  saveInto: {
    ri!reservation.repeatEvery,
    a!save({ri!reservation.afterOccurrences, ri!reservation.onDate}, null)
  }
)</definition>
        <namedTypedValue>
            <name>readOnly</name>
            <type>
                <name>boolean</name>
                <namespace>http://www.w3.org/2001/XMLSchema</namespace>
            </type>
        </namedTypedValue>
        <namedTypedValue>
            <name>reservation</name>
            <type>
                <name>HR_Reservation</name>
                <namespace>urn:com:appian:types:HR</namespace>
            </type>
        </namedTypedValue>
        <preferredEditor>interface</preferredEditor>
        <offlineEnabled>false</offlineEnabled>
    </rule>
    <roleMap public="true">
        <role allowForAll="true" inherit="false" name="readers">
            <users/>
            <groups/>
        </role>
        <role allowForAll="true" inherit="false" name="authors">
            <users/>
            <groups/>
        </role>
        <role allowForAll="false" inherit="false" name="administrators">
            <users/>
            <groups>
                <groupUuid>_e-0000dd0a-93c8-8000-9aee-01075c01075c_12</groupUuid>
            </groups>
        </role>
        <role allowForAll="false" inherit="false" name="denyReaders">
            <users/>
            <groups/>
        </role>
        <role allowForAll="false" inherit="false" name="denyAuthors">
            <users/>
            <groups/>
        </role>
        <role allowForAll="false" inherit="false" name="denyAdministrators">
            <users/>
            <groups/>
        </role>
    </roleMap>
</contentHaul>
