<?xml version="1.0" encoding="UTF-8" standalone="yes"?>
<contentHaul xmlns:a="http://www.appian.com/ae/types/2009">
    <rule>
        <name>HR_RULE_Position_positionDescriptionRequiredFields</name>
        <uuid>6817f798-cd70-4325-8f45-cd718209b7d8</uuid>
        <description>Returns a validation message if the positionDescription cdt is missing required fields</description>
        <parentUuid>_a-0000dd0d-462c-8000-9ba2-011c48011c48_3790</parentUuid>
        <visibility>
            <advertise>false</advertise>
            <hierarchy>true</hierarchy>
            <indexable>true</indexable>
            <quota>false</quota>
            <searchable>true</searchable>
            <system>false</system>
            <unlogged>false</unlogged>
        </visibility>
        <definition>with(
  local!indices: where(
    {
      any(
        fn!isnull,
        apply(
          index(
            ri!positionDescription,
            _,
            null
          ),
          {
            &quot;positionDescName&quot;,
            &quot;positionDesc&quot;,
            &quot;positionDescSalaryLower&quot;,
            &quot;positionDescSalaryUpper&quot;,
            &quot;salaryFrequencyId&quot;,
            &quot;positionDescLocation&quot;,
            &quot;positionDescInfo&quot;,
            &quot;eligibilityId&quot;
          }
        )
      ),
      any(
        fn!isnull,
        apply(
          index(
            ri!positionDescription,
            _,
            null
          ),
          {
            &quot;positionDescSeries&quot;,
            &quot;positionDescGrade&quot;,
            &quot;positionDescAnnouncement&quot;,
            &quot;positionDescSupervisoryStatus&quot;,
            &quot;deptId&quot;,
            &quot;agencyId&quot;,
            &quot;positionDescPromotionPotential&quot;,
            &quot;positionDescControlNumber&quot;
          }
        )
      ),
      any(
        fn!isnull,
        apply(
          index(
            ri!positionDescription,
            _,
            null
          ),
          {
            &quot;positionDescSummary&quot;,
            &quot;positionDescDuties&quot;,
            &quot;positionDescTravelPercentage&quot;,
            &quot;positionDescRelocationAuthorized&quot;
          }
        )
      ),
      any(
        fn!isnull,
        apply(
          index(
            ri!positionDescription,
            _,
            null
          ),
          {
            &quot;positionDescKeyRequirements&quot;,
            &quot;securityClearanceId&quot;,
            &quot;positionDescQualifications&quot;
          }
        )
      ),
      false
    }
  ),
  if(
    length(
      local!indices
    ) = 0,
    null,
    {
      #&quot;SYSTEM_SYSRULES_validationMessage&quot;(
        message: &quot;The following fields are missing required fields:&quot;,
        validateAFter: &quot;SUBMIT&quot;
      ),
      #&quot;SYSTEM_SYSRULES_applyComponents&quot;(
        function: #&quot;SYSTEM_SYSRULES_validationMessage&quot;(
          message: _,
          validateAFter: &quot;SUBMIT&quot;
        ),
        array: apply(
          index(
            #&quot;_a-0000dd3a-bcbf-8000-9ba2-011c48011c48_15659&quot;,
            _,
            null
          ),
          local!indices
        )
      )
    }
  )
)</definition>
        <namedTypedValue>
            <name>positionDescription</name>
            <type>
                <name>HR_PositionDescription</name>
                <namespace>urn:com:appian:types:HR</namespace>
            </type>
        </namedTypedValue>
        <preferredEditor>legacy</preferredEditor>
        <offlineEnabled>false</offlineEnabled>
    </rule>
    <roleMap public="true">
        <role allowForAll="true" inherit="false" name="readers">
            <users/>
            <groups/>
        </role>
        <role allowForAll="true" inherit="false" name="authors">
            <users/>
            <groups/>
        </role>
        <role allowForAll="false" inherit="false" name="administrators">
            <users/>
            <groups>
                <groupUuid>_e-0000dd0a-93c8-8000-9aee-01075c01075c_12</groupUuid>
            </groups>
        </role>
        <role allowForAll="false" inherit="false" name="denyReaders">
            <users/>
            <groups/>
        </role>
        <role allowForAll="false" inherit="false" name="denyAuthors">
            <users/>
            <groups/>
        </role>
        <role allowForAll="false" inherit="false" name="denyAdministrators">
            <users/>
            <groups/>
        </role>
    </roleMap>
</contentHaul>
