<?xml version="1.0" encoding="UTF-8" standalone="yes"?>
<contentHaul xmlns:a="http://www.appian.com/ae/types/2009">
    <rule>
        <name>HR_QRY_getPortalReportTasks</name>
        <uuid>6dcd73ca-b91f-42fd-8716-dd7d7aafdd1b</uuid>
        <description>Query for all tasks in given process ids,
c0 = workflowId,
c2 = appianTaskId,
c3 = taskStartDatetime,
c4 = taskAcceptDatetime,
c5 = taskEndDatetime,
c6 = initialAssignees,
c7 = taskAssigneeOwner
c8 = taskDisplayName
c9 = taskTypeId
c10=taskStatus
c11=taskOwner</description>
        <parentUuid>_a-0000dd0d-462c-8000-9ba2-011c48011c48_3584</parentUuid>
        <visibility>
            <advertise>false</advertise>
            <hierarchy>true</hierarchy>
            <indexable>true</indexable>
            <quota>false</quota>
            <searchable>true</searchable>
            <system>false</system>
            <unlogged>false</unlogged>
        </visibility>
        <definition>a!queryProcessAnalytics(&#xD;
  report: #&quot;_a-0000dd0d-462c-8000-9ba2-011c48011c48_4227&quot;,&#xD;
  contextProcessIds: if(#&quot;2168a5de-fb70-4d66-8b97-b547e3ac6e57&quot;(ri!contextProcessIds),&#xD;
    if(isnull(ri!workflowId),&#xD;
      null,&#xD;
      #&quot;_a-0000dd8b-d239-8000-9ba2-011c48011c48_30806&quot;(&#xD;
        columns: &quot;workflowAppianProcessId&quot;,&#xD;
        workflowId: ri!workflowId&#xD;
      ).data.workflowAppianProcessId&#xD;
    ),&#xD;
    ri!contextProcessIds&#xD;
  ),&#xD;
  query: #&quot;SYSTEM_SYSRULES_query&quot;(&#xD;
    logicalExpression: #&quot;SYSTEM_SYSRULES_queryLogicalExpression&quot;(&#xD;
      operator: &quot;AND&quot;,&#xD;
      filters: {&#xD;
        if(isnull(ri!appianTaskId), {}, #&quot;SYSTEM_SYSRULES_queryFilter&quot;(field: &quot;c2&quot;, operator: &quot;=&quot;, value: ri!appianTaskId)),&#xD;
        if(ri!activeFlag, #&quot;SYSTEM_SYSRULES_queryFilter&quot;(field: &quot;c10&quot;, operator: &quot;in&quot;, value: {0, 1}), {})&#xD;
      }&#xD;
    ),&#xD;
    pagingInfo: if(isnull(ri!pagingInfo),&#xD;
      #&quot;SYSTEM_SYSRULES_pagingInfo&quot;(&#xD;
        startIndex: 1,&#xD;
        batchSize: -1&#xD;
      ),&#xD;
      ri!pagingInfo&#xD;
    )&#xD;
  )&#xD;
)</definition>
        <namedTypedValue>
            <name>contextProcessIds</name>
            <type>
                <name>Integer?list</name>
                <namespace>http://www.appian.com/ae/types/2009</namespace>
            </type>
        </namedTypedValue>
        <namedTypedValue>
            <name>pagingInfo</name>
            <type>
                <name>PagingInfo</name>
                <namespace>http://www.appian.com/ae/types/2009</namespace>
            </type>
        </namedTypedValue>
        <namedTypedValue>
            <name>appianTaskId</name>
            <type>
                <name>int</name>
                <namespace>http://www.w3.org/2001/XMLSchema</namespace>
            </type>
        </namedTypedValue>
        <namedTypedValue>
            <name>workflowId</name>
            <type>
                <name>Integer?list</name>
                <namespace>http://www.appian.com/ae/types/2009</namespace>
            </type>
        </namedTypedValue>
        <namedTypedValue>
            <name>activeFlag</name>
            <type>
                <name>boolean</name>
                <namespace>http://www.w3.org/2001/XMLSchema</namespace>
            </type>
        </namedTypedValue>
        <preferredEditor>legacy</preferredEditor>
        <offlineEnabled>false</offlineEnabled>
    </rule>
    <roleMap public="true">
        <role allowForAll="true" inherit="false" name="readers">
            <users/>
            <groups/>
        </role>
        <role allowForAll="true" inherit="false" name="authors">
            <users/>
            <groups/>
        </role>
        <role allowForAll="false" inherit="false" name="administrators">
            <users/>
            <groups>
                <groupUuid>_e-0000dd0a-93c8-8000-9aee-01075c01075c_12</groupUuid>
            </groups>
        </role>
        <role allowForAll="false" inherit="false" name="denyReaders">
            <users/>
            <groups/>
        </role>
        <role allowForAll="false" inherit="false" name="denyAuthors">
            <users/>
            <groups/>
        </role>
        <role allowForAll="false" inherit="false" name="denyAdministrators">
            <users/>
            <groups/>
        </role>
    </roleMap>
</contentHaul>
