<?xml version="1.0" encoding="UTF-8" standalone="yes"?>
<contentHaul xmlns:a="http://www.appian.com/ae/types/2009">
    <rule>
        <name>HR_RULE_Hoteling_checkSpaceAvailabilityLogicalExpression</name>
        <uuid>766471eb-bb92-4cd0-b040-834d0d75913f</uuid>
        <description>The series of logical expressions used to determine if a space is a available for a given reservation</description>
        <parentUuid>_a-0000dd0d-462c-8000-9ba2-011c48011c48_3790</parentUuid>
        <visibility>
            <advertise>false</advertise>
            <hierarchy>true</hierarchy>
            <indexable>true</indexable>
            <quota>false</quota>
            <searchable>true</searchable>
            <system>false</system>
            <unlogged>false</unlogged>
        </visibility>
        <definition>#&quot;SYSTEM_SYSRULES_queryLogicalExpression&quot;(
  operator: &quot;OR&quot;,
  logicalExpressions: {
    #&quot;SYSTEM_SYSRULES_queryLogicalExpression&quot;(
      operator: &quot;AND&quot;,
      filters: {
        #&quot;SYSTEM_SYSRULES_queryFilter&quot;(
          field: &quot;reservationFrom&quot;,
          operator: &quot;&lt;&quot;,
          value: ri!reservationFrom
        ),
        #&quot;SYSTEM_SYSRULES_queryFilter&quot;(
          field: &quot;reservationTo&quot;,
          operator: &quot;&gt;&quot;,
          value: ri!reservationFrom
        )
      }
    ),
    #&quot;SYSTEM_SYSRULES_queryLogicalExpression&quot;(
      operator: &quot;AND&quot;,
      filters: {
        #&quot;SYSTEM_SYSRULES_queryFilter&quot;(
          field: &quot;reservationFrom&quot;,
          operator: &quot;&lt;&quot;,
          value: ri!reservationTo
        ),
        #&quot;SYSTEM_SYSRULES_queryFilter&quot;(
          field: &quot;reservationTo&quot;,
          operator: &quot;&gt;&quot;,
          value: ri!reservationTo
        )
      }
    )
  }
)</definition>
        <namedTypedValue>
            <name>reservationFrom</name>
            <type>
                <name>dateTime</name>
                <namespace>http://www.w3.org/2001/XMLSchema</namespace>
            </type>
        </namedTypedValue>
        <namedTypedValue>
            <name>reservationTo</name>
            <type>
                <name>dateTime</name>
                <namespace>http://www.w3.org/2001/XMLSchema</namespace>
            </type>
        </namedTypedValue>
        <preferredEditor>legacy</preferredEditor>
        <offlineEnabled>false</offlineEnabled>
    </rule>
    <roleMap public="true">
        <role allowForAll="true" inherit="false" name="readers">
            <users/>
            <groups/>
        </role>
        <role allowForAll="true" inherit="false" name="authors">
            <users/>
            <groups/>
        </role>
        <role allowForAll="false" inherit="false" name="administrators">
            <users/>
            <groups>
                <groupUuid>_e-0000dd0a-93c8-8000-9aee-01075c01075c_12</groupUuid>
            </groups>
        </role>
        <role allowForAll="false" inherit="false" name="denyReaders">
            <users/>
            <groups/>
        </role>
        <role allowForAll="false" inherit="false" name="denyAuthors">
            <users/>
            <groups/>
        </role>
        <role allowForAll="false" inherit="false" name="denyAdministrators">
            <users/>
            <groups/>
        </role>
    </roleMap>
</contentHaul>
