<?xml version="1.0" encoding="UTF-8" standalone="yes"?>
<contentHaul xmlns:a="http://www.appian.com/ae/types/2009">
    <rule>
        <name>HR_RULE_Utility_updateAppianTaskId</name>
        <uuid>819e45fe-b5bd-41f9-8911-dc1e0f8837d7</uuid>
        <description>Given a workflow_All cdt and an appianTaskId, assigns the appianTaskId to the relevant task within the workflow_All cdt. The result of this expression should be saved into workflow_All.workflowTasks</description>
        <parentUuid>_a-0000dd0d-462c-8000-9ba2-011c48011c48_3791</parentUuid>
        <visibility>
            <advertise>false</advertise>
            <hierarchy>true</hierarchy>
            <indexable>true</indexable>
            <quota>false</quota>
            <searchable>true</searchable>
            <system>false</system>
            <unlogged>false</unlogged>
        </visibility>
        <definition>with(
  local!currentTaskIndex: where(apply(fn!isnull, ri!workflow_All.workflowTasks.taskId))[1],
  updatearray(
    ri!workflow_All.workflowTasks,
    local!currentTaskIndex,
    'type!{urn:com:appian:types:HR}HR_Workflow_Task'(
      workflowId: ri!workflow_All.workflow.workflowId,
      taskTypeId: ri!workflow_All.workflowTasks[local!currentTaskIndex].taskTypeId,
      appianTaskId: ri!appianTaskId,
      taskAssigneeUsers: loggedInUser(),
      taskOwner: loggedInUser()
    )
  )
)</definition>
        <namedTypedValue>
            <name>workflow_All</name>
            <type>
                <name>HR_Workflow_All</name>
                <namespace>urn:com:appian:types:HR</namespace>
            </type>
        </namedTypedValue>
        <namedTypedValue>
            <name>appianTaskId</name>
            <type>
                <name>int</name>
                <namespace>http://www.w3.org/2001/XMLSchema</namespace>
            </type>
        </namedTypedValue>
        <preferredEditor>legacy</preferredEditor>
        <offlineEnabled>false</offlineEnabled>
    </rule>
    <roleMap public="true">
        <role allowForAll="true" inherit="false" name="readers">
            <users/>
            <groups/>
        </role>
        <role allowForAll="true" inherit="false" name="authors">
            <users/>
            <groups/>
        </role>
        <role allowForAll="false" inherit="false" name="administrators">
            <users/>
            <groups>
                <groupUuid>_e-0000dd0a-93c8-8000-9aee-01075c01075c_12</groupUuid>
            </groups>
        </role>
        <role allowForAll="false" inherit="false" name="denyReaders">
            <users/>
            <groups/>
        </role>
        <role allowForAll="false" inherit="false" name="denyAuthors">
            <users/>
            <groups/>
        </role>
        <role allowForAll="false" inherit="false" name="denyAdministrators">
            <users/>
            <groups/>
        </role>
    </roleMap>
</contentHaul>
