<?xml version="1.0" encoding="UTF-8" standalone="yes"?>
<contentHaul xmlns:a="http://www.appian.com/ae/types/2009">
    <rule>
        <name>HR_RULE_Hoteling_addMonWedFri</name>
        <uuid>8584b72e-99bc-4050-a366-541c0ef2a260</uuid>
        <description>Determines when the next Monday, Wednesday, or Friday is from the last item in the array and adds that to the array</description>
        <parentUuid>_a-0000dd0d-462c-8000-9ba2-011c48011c48_3790</parentUuid>
        <visibility>
            <advertise>false</advertise>
            <hierarchy>true</hierarchy>
            <indexable>true</indexable>
            <quota>false</quota>
            <searchable>true</searchable>
            <system>false</system>
            <unlogged>false</unlogged>
        </visibility>
        <definition>with(
  choose(weekday(ri!dateTimes[length(ri!dateTimes)], 2),
    /* Monday */
    append(ri!dateTimes, ri!dateTimes[length(ri!dateTimes)] + 2),
    /* Tuesday */
    append(ri!dateTimes, ri!dateTimes[length(ri!dateTimes)] + 1),
    /* Wednesday */
    append(ri!dateTimes, ri!dateTimes[length(ri!dateTimes)] + 2),
    /* Thursday */
    append(ri!dateTimes, ri!dateTimes[length(ri!dateTimes)] + 1),
    /* Friday */
    append(ri!dateTimes, ri!dateTimes[length(ri!dateTimes)] + 3),
    /* Saturday */
    append(ri!dateTimes, ri!dateTimes[length(ri!dateTimes)] + 2),
    /* Sunday */
    append(ri!dateTimes, ri!dateTimes[length(ri!dateTimes)] + 1)
  )
)</definition>
        <namedTypedValue>
            <name>dateTimes</name>
            <type>
                <name>Datetime?list</name>
                <namespace>http://www.appian.com/ae/types/2009</namespace>
            </type>
        </namedTypedValue>
        <namedTypedValue>
            <name>input</name>
            <type>
                <name>int</name>
                <namespace>http://www.w3.org/2001/XMLSchema</namespace>
            </type>
        </namedTypedValue>
        <preferredEditor>legacy</preferredEditor>
        <offlineEnabled>false</offlineEnabled>
    </rule>
    <roleMap public="true">
        <role allowForAll="true" inherit="false" name="readers">
            <users/>
            <groups/>
        </role>
        <role allowForAll="true" inherit="false" name="authors">
            <users/>
            <groups/>
        </role>
        <role allowForAll="false" inherit="false" name="administrators">
            <users/>
            <groups>
                <groupUuid>_e-0000dd0a-93c8-8000-9aee-01075c01075c_12</groupUuid>
            </groups>
        </role>
        <role allowForAll="false" inherit="false" name="denyReaders">
            <users/>
            <groups/>
        </role>
        <role allowForAll="false" inherit="false" name="denyAuthors">
            <users/>
            <groups/>
        </role>
        <role allowForAll="false" inherit="false" name="denyAdministrators">
            <users/>
            <groups/>
        </role>
    </roleMap>
</contentHaul>
