<?xml version="1.0" encoding="UTF-8" standalone="yes"?>
<contentHaul xmlns:a="http://www.appian.com/ae/types/2009">
    <rule>
        <name>HR_SCT_Hoteling_buildingDetails</name>
        <uuid>860dc48f-84f4-4b5b-8f73-f90dc755d833</uuid>
        <description>Contains all details about a building</description>
        <parentUuid>_a-0000dd0d-462c-8000-9ba2-011c48011c48_3551</parentUuid>
        <visibility>
            <advertise>false</advertise>
            <hierarchy>true</hierarchy>
            <indexable>true</indexable>
            <quota>false</quota>
            <searchable>true</searchable>
            <system>false</system>
            <unlogged>false</unlogged>
        </visibility>
        <definition>load(
  local!campus: #&quot;_a-0000dd0d-462c-8000-9ba2-011c48011c48_5501&quot;(
    columns: {
      &quot;campusId&quot;,
      &quot;campusName&quot;
    },
    pagingInfo: #&quot;SYSTEM_SYSRULES_pagingInfo&quot;(
      startIndex: 1,
      batchSize: - 1,
      sort: #&quot;SYSTEM_SYSRULES_sortInfo&quot;(
        field: &quot;campusName&quot;,
        ascending: true
      )
    )
  ).data,
  #&quot;SYSTEM_SYSRULES_sectionLayout&quot;(
    label: &quot;Building Details&quot;,
    firstColumnContents: {
      #&quot;_a-0000dd0d-462c-8000-9ba2-011c48011c48_3690&quot;(
        label: &quot;Name&quot;,
        required: true,
        readOnly: ri!readOnly,
        value: ri!building.buildingName,
        saveInto: ri!building.buildingName
      ),
      #&quot;_a-0000dd0d-462c-8000-9ba2-011c48011c48_3690&quot;(
        label: &quot;Code&quot;,
        readOnly: ri!readOnly,
        value: ri!building.code,
        saveInto: ri!building.code
      ),
      if(ri!readOnly,
        {},
        #&quot;_a-0000dd17-9077-8000-9ba2-011c48011c48_10649&quot;(
          readOnly: false,
          choiceLabel: &quot;Is Leased&quot;,
          value: ri!building.isLeased,
          saveInto: {
            ri!building.isLeased,
            a!save({ri!building.leaseFromDate, ri!building.leaseToDate, ri!building.purchaseDate, ri!building.sellDate}, null)
          },
          labelPosition: &quot;COLLAPSED&quot;
        )
      ),
      if(ri!building.isLeased,
        {
          #&quot;fa8d3278-99cb-48cb-b4c8-5602158660a9&quot;(
            label: &quot;Lease Start&quot;,
            readOnly: ri!readOnly,
            value: ri!building.leaseFromDate,
            saveInto: ri!building.leaseFromDate
          ),
          #&quot;fa8d3278-99cb-48cb-b4c8-5602158660a9&quot;(
            label: &quot;Lease End&quot;,
            readOnly: ri!readOnly,
            value: ri!building.leaseToDate,
            saveInto: ri!building.leaseToDate
          )
        },
        {
          #&quot;fa8d3278-99cb-48cb-b4c8-5602158660a9&quot;(
            label: &quot;Purchase Date&quot;,
            readOnly: ri!readOnly,
            value: ri!building.purchaseDate,
            saveInto: ri!building.purchaseDate
          ),
          #&quot;fa8d3278-99cb-48cb-b4c8-5602158660a9&quot;(
            label: &quot;Sell Date&quot;,
            readOnly: ri!readOnly,
            value: ri!building.sellDate,
            saveInto: ri!building.sellDate
          )
        }
      ),
      #&quot;_a-0000dd17-9077-8000-9ba2-011c48011c48_10649&quot;(
        readOnly: ri!readOnly,
        choiceLabel: &quot;Has Parking&quot;,
        value: ri!building.hasParking,
        saveInto: {
          ri!building.hasParking,
          a!save(ri!building.freeParking, null)
        },
        labelPosition: if(ri!readOnly,
          #&quot;7515f385-6042-4961-b666-89d55ce8534e&quot;(readOnly: true),
          &quot;COLLAPSED&quot;
        )
      ),
      if(ri!building.hasParking,
        #&quot;_a-0000dd17-9077-8000-9ba2-011c48011c48_10649&quot;(
          readOnly: ri!readOnly,
          choiceLabel: &quot;Free Parking&quot;,
          value: ri!building.freeParking,
          saveInto: ri!building.freeParking,
          labelPosition: if(ri!readOnly,
            #&quot;7515f385-6042-4961-b666-89d55ce8534e&quot;(readOnly: true),
            &quot;COLLAPSED&quot;
          )
        ),
        {}
      ),
      #&quot;_a-0000dd17-9077-8000-9ba2-011c48011c48_10649&quot;(
        readOnly: ri!readOnly,
        choiceLabel: &quot;Badge Required&quot;,
        value: ri!building.badgeRequired,
        saveInto: ri!building.badgeRequired,
        labelPosition: if(ri!readOnly,
          #&quot;7515f385-6042-4961-b666-89d55ce8534e&quot;(readOnly: true),
          &quot;COLLAPSED&quot;
        )
      ),
      if(
        and(
          ri!newBuilding,
          not(
            ri!readOnly
          )
        ),
        #&quot;SYSTEM_SYSRULES_fileUploadField&quot;(
          label: &quot;Building Photo&quot;,
          target: #&quot;_a-0000dd0d-462c-8000-9ba2-011c48011c48_6311&quot;,
          value: ri!buildingPhoto,
          saveInto: ri!buildingPhoto
        ),
        if(
          isnull(
            ri!building.buildingPhoto
          ),
          #&quot;SYSTEM_SYSRULES_richTextDisplayField&quot;(
            label: &quot;Building Photo&quot;,
            labelPosition: #&quot;7515f385-6042-4961-b666-89d55ce8534e&quot;(
              readOnly: ri!readOnly
            ),
            value: #&quot;SYSTEM_SYSRULES_richTextItem&quot;(
              text: &quot;No building photo available&quot;,
              style: &quot;EMPHASIS&quot;
            )
          ),
          #&quot;SYSTEM_SYSRULES_imageField&quot;(
            label: &quot;Building Photo&quot;,
            images: #&quot;SYSTEM_SYSRULES_documentImage&quot;(
              document: ri!building.buildingPhoto
            ),
            size: &quot;LARGE&quot;,
            labelPosition: #&quot;7515f385-6042-4961-b666-89d55ce8534e&quot;(
              readOnly: ri!readOnly
            )
          )
        )
      )
    },
    secondColumnContents: {
      #&quot;_a-0000dd0d-462c-8000-9ba2-011c48011c48_3685&quot;(
        label: &quot;Campus&quot;,
        required: true,
        readOnly: ri!readOnly,
        choiceLabels: local!campus.campusName,
        choiceValues: local!campus.campusId,
        value: ri!building.campusId,
        saveInto: ri!building.campusId
      ),
      #&quot;_a-0000dd0d-462c-8000-9ba2-011c48011c48_3690&quot;(
        label: &quot;Address Line 1&quot;,
        required: true,
        readOnly: ri!readOnly,
        value: ri!building.addressLine1,
        saveInto: ri!building.addressLine1
      ),
      #&quot;_a-0000dd0d-462c-8000-9ba2-011c48011c48_3690&quot;(
        label: &quot;Address Line 2&quot;,
        readOnly: ri!readOnly,
        value: ri!building.addressLine2,
        saveInto: ri!building.addressLine2
      ),
      #&quot;_a-0000dd0d-462c-8000-9ba2-011c48011c48_3690&quot;(
        label: &quot;Address Line 3&quot;,
        readOnly: ri!readOnly,
        value: ri!building.addressLine3,
        saveInto: ri!building.addressLine3
      ),
      #&quot;_a-0000dd0d-462c-8000-9ba2-011c48011c48_3690&quot;(
        label: &quot;Phone Number&quot;,
        readOnly: ri!readOnly,
        value: #&quot;_a-0000dd0d-462c-8000-9ba2-011c48011c48_4714&quot;(
          phoneNumber: ri!building.phoneNumber
        ),
        saveInto: a!save(
          ri!building.phoneNumber,
          cleanwith(
            save!value,
            &quot;0123456789&quot;
          )
        )
      ),
      #&quot;_a-0000dd17-9077-8000-9ba2-011c48011c48_10649&quot;(
        readOnly: ri!readOnly,
        choiceLabel: &quot;Has Front Desk&quot;,
        value: ri!building.hasFrontDesk,
        saveInto: ri!building.hasFrontDesk,
        labelPosition: if(ri!readOnly,
          #&quot;7515f385-6042-4961-b666-89d55ce8534e&quot;(readOnly: true),
          &quot;COLLAPSED&quot;
        )
      ),
      #&quot;_a-0000dd17-9077-8000-9ba2-011c48011c48_10649&quot;(
        readOnly: ri!readOnly,
        choiceLabel: &quot;Has Cafeteria&quot;,
        value: ri!building.hasCafeteria,
        saveInto: ri!building.hasCafeteria,
        labelPosition: if(ri!readOnly,
          #&quot;7515f385-6042-4961-b666-89d55ce8534e&quot;(readOnly: true),
          &quot;COLLAPSED&quot;
        )
      ),
      #&quot;_a-0000dd17-9077-8000-9ba2-011c48011c48_10649&quot;(
        readOnly: ri!readOnly,
        choiceLabel: &quot;Has Gym&quot;,
        value: ri!building.hasGym,
        saveInto: ri!building.hasGym,
        labelPosition: if(ri!readOnly,
          #&quot;7515f385-6042-4961-b666-89d55ce8534e&quot;(readOnly: true),
          &quot;COLLAPSED&quot;
        )
      ),
      #&quot;_a-0000dd0d-462c-8000-9ba2-011c48011c48_5526&quot;(
        label: &quot;Square Feet&quot;,
        readOnly: ri!readOnly,
        value: ri!building.squareFeet,
        saveInto: ri!building.squareFeet
      ),
      if(
        or(
          ri!readOnly,
          ri!newBuilding
        ),
        {},
        #&quot;SYSTEM_SYSRULES_fileUploadField&quot;(
          label: &quot;New Building Photo&quot;,
          target: #&quot;_a-0000dd0d-462c-8000-9ba2-011c48011c48_6311&quot;,
          value: ri!buildingPhoto,
          saveInto: ri!buildingPhoto
        )
      )
    }
  )
)</definition>
        <namedTypedValue>
            <name>readOnly</name>
            <type>
                <name>boolean</name>
                <namespace>http://www.w3.org/2001/XMLSchema</namespace>
            </type>
        </namedTypedValue>
        <namedTypedValue>
            <name>building</name>
            <type>
                <name>HR_Building</name>
                <namespace>urn:com:appian:types:HR</namespace>
            </type>
        </namedTypedValue>
        <namedTypedValue>
            <name>buildingPhoto</name>
            <type>
                <name>CollaborationDocument</name>
                <namespace>http://www.appian.com/ae/types/2009</namespace>
            </type>
        </namedTypedValue>
        <namedTypedValue>
            <name>newBuilding</name>
            <type>
                <name>boolean</name>
                <namespace>http://www.w3.org/2001/XMLSchema</namespace>
            </type>
        </namedTypedValue>
        <preferredEditor>interface</preferredEditor>
        <offlineEnabled>false</offlineEnabled>
    </rule>
    <roleMap public="true">
        <role allowForAll="true" inherit="false" name="readers">
            <users/>
            <groups/>
        </role>
        <role allowForAll="true" inherit="false" name="authors">
            <users/>
            <groups/>
        </role>
        <role allowForAll="false" inherit="false" name="administrators">
            <users/>
            <groups>
                <groupUuid>_e-0000dd0a-93c8-8000-9aee-01075c01075c_12</groupUuid>
            </groups>
        </role>
        <role allowForAll="false" inherit="false" name="denyReaders">
            <users/>
            <groups/>
        </role>
        <role allowForAll="false" inherit="false" name="denyAuthors">
            <users/>
            <groups/>
        </role>
        <role allowForAll="false" inherit="false" name="denyAdministrators">
            <users/>
            <groups/>
        </role>
    </roleMap>
    <typedValue>
        <type>
            <name>RuleTestConfig?list</name>
            <namespace>http://www.appian.com/ae/types/2009</namespace>
        </type>
        <value>
            <el>
                <a:name/>
                <a:ruleInputTestConfigs>
                    <a:value xmlns:xsd="http://www.w3.org/2001/XMLSchema" xmlns:xsi="http://www.w3.org/2001/XMLSchema-instance" xsi:type="xsd:boolean">false</a:value>
                    <a:nameRef>readOnly</a:nameRef>
                    <a:id/>
                </a:ruleInputTestConfigs>
                <a:ruleInputTestConfigs>
                    <a:value xmlns:n1="urn:com:appian:types:HR" xmlns:xsi="http://www.w3.org/2001/XMLSchema-instance" xsi:nil="true" xsi:type="n1:HR_Building"/>
                    <a:nameRef>building</a:nameRef>
                    <a:id/>
                </a:ruleInputTestConfigs>
                <a:ruleInputTestConfigs>
                    <a:value xmlns:xsi="http://www.w3.org/2001/XMLSchema-instance" xsi:nil="true" xsi:type="a:CollaborationDocument"/>
                    <a:nameRef>buildingPhoto</a:nameRef>
                    <a:id/>
                </a:ruleInputTestConfigs>
                <a:ruleInputTestConfigs>
                    <a:value xmlns:xsd="http://www.w3.org/2001/XMLSchema" xmlns:xsi="http://www.w3.org/2001/XMLSchema-instance" xsi:nil="true" xsi:type="xsd:boolean"/>
                    <a:nameRef>newBuilding</a:nameRef>
                    <a:id/>
                </a:ruleInputTestConfigs>
                <a:assertions xmlns:xsi="http://www.w3.org/2001/XMLSchema-instance" xsi:nil="true"/>
            </el>
        </value>
    </typedValue>
</contentHaul>
