<?xml version="1.0" encoding="UTF-8" standalone="yes"?>
<contentHaul xmlns:a="http://www.appian.com/ae/types/2009">
    <rule>
        <name>HR_CMPT_Hoteling_repeatEnds</name>
        <uuid>8c36105e-4176-41d6-9c63-85d6cbd091f5</uuid>
        <description>Components that let a user select when the repeat should end</description>
        <parentUuid>_a-0000dd0d-462c-8000-9ba2-011c48011c48_3621</parentUuid>
        <visibility>
            <advertise>false</advertise>
            <hierarchy>true</hierarchy>
            <indexable>true</indexable>
            <quota>false</quota>
            <searchable>true</searchable>
            <system>false</system>
            <unlogged>false</unlogged>
        </visibility>
        <definition>{
  #&quot;_a-0000dd0d-462c-8000-9ba2-011c48011c48_3692&quot;(
    label: &quot;Ends&quot;,
    required: true,
    readOnly: ri!readOnly,
    choiceLabels: #&quot;_a-0000dd3a-bcbf-8000-9ba2-011c48011c48_14402&quot;,
    choiceValues: #&quot;_a-0000dd3a-bcbf-8000-9ba2-011c48011c48_14401&quot;,
    value: ri!reservation.repeatEnds,
    saveInto: {
      ri!reservation.repeatEnds,
      a!save({ri!reservation.afterOccurrences, ri!reservation.onDate}, null)
    }
  ),
  if(isnull(ri!reservation.repeatEnds),
    {},
    choose(ri!reservation.repeatEnds,
      #&quot;_a-0000dd0d-462c-8000-9ba2-011c48011c48_5526&quot;(
        label: &quot;How many occurences?&quot;,
        required: true,
        readOnly: ri!readOnly,
        value: ri!reservation.afterOccurrences,
        validations: if(ri!reservation.afterOccurrences &lt; 1, &quot;Value must be at least 1&quot;, null),
        saveInto: {
          ri!reservation.afterOccurrences,
          a!save(
            ri!repeatReservations,
            if(isnull(ri!reservation.afterOccurrences), null, #&quot;a99fbd02-5244-4f67-aaf6-5eaa592ffa11&quot;(reservation: ri!reservation))
          )
        }
      ),
      #&quot;fa8d3278-99cb-48cb-b4c8-5602158660a9&quot;(
        label: &quot;Which date?&quot;,
        required: true,
        readOnly: ri!readOnly,
        value: ri!reservation.onDate,
        validations: {if(ri!reservation.onDate &lt;= local(ri!reservation.reservationFrom), &quot;Date must be after the reservation date&quot;, 
        if(ri!reservation.onDate &lt; ri!reservation.reservationFrom + ri!reservation.repeatEvery, &quot;Date must be at least &quot; &amp; datetext(ri!reservation.reservationFrom + ri!reservation.repeatEvery, &quot;MM/dd/yyyy&quot;) &amp; &quot; for a repetition&quot;, null)
        )
        },
        saveInto: {
          ri!reservation.onDate,
          if(ri!reservation.onDate &lt;= local(ri!reservation.reservationFrom),
            null,
            a!save(
              ri!repeatReservations,
              if(isnull(ri!reservation.onDate), null, #&quot;a99fbd02-5244-4f67-aaf6-5eaa592ffa11&quot;(reservation: ri!reservation))
            )
          )
        }
      )
    )
  )
}</definition>
        <namedTypedValue>
            <name>readOnly</name>
            <type>
                <name>boolean</name>
                <namespace>http://www.w3.org/2001/XMLSchema</namespace>
            </type>
        </namedTypedValue>
        <namedTypedValue>
            <name>reservation</name>
            <type>
                <name>HR_Reservation</name>
                <namespace>urn:com:appian:types:HR</namespace>
            </type>
        </namedTypedValue>
        <namedTypedValue>
            <name>repeatReservations</name>
            <type>
                <name>HR_Reservation?list</name>
                <namespace>urn:com:appian:types:HR</namespace>
            </type>
        </namedTypedValue>
        <preferredEditor>interface</preferredEditor>
        <offlineEnabled>false</offlineEnabled>
    </rule>
    <roleMap public="true">
        <role allowForAll="true" inherit="false" name="readers">
            <users/>
            <groups/>
        </role>
        <role allowForAll="true" inherit="false" name="authors">
            <users/>
            <groups/>
        </role>
        <role allowForAll="false" inherit="false" name="administrators">
            <users/>
            <groups>
                <groupUuid>_e-0000dd0a-93c8-8000-9aee-01075c01075c_12</groupUuid>
            </groups>
        </role>
        <role allowForAll="false" inherit="false" name="denyReaders">
            <users/>
            <groups/>
        </role>
        <role allowForAll="false" inherit="false" name="denyAuthors">
            <users/>
            <groups/>
        </role>
        <role allowForAll="false" inherit="false" name="denyAdministrators">
            <users/>
            <groups/>
        </role>
    </roleMap>
</contentHaul>
