<?xml version="1.0" encoding="UTF-8" standalone="yes"?>
<contentHaul xmlns:a="http://www.appian.com/ae/types/2009">
    <rule>
        <name>HR_DASH_User_onboarding</name>
        <uuid>8d132b48-1ce2-49ff-8b9a-9a2722c6a317</uuid>
        <description>Onboarding dashboard for a user</description>
        <parentUuid>_a-0000dd0a-80c8-8000-aae2-01ef9001ef90_3769</parentUuid>
        <visibility>
            <advertise>false</advertise>
            <hierarchy>true</hierarchy>
            <indexable>true</indexable>
            <quota>false</quota>
            <searchable>true</searchable>
            <system>false</system>
            <unlogged>false</unlogged>
        </visibility>
        <definition>load(
  local!completedPagingInfo: #&quot;SYSTEM_SYSRULES_pagingInfo&quot;(
    startIndex: 1,
    batchSize: #&quot;_a-0000dd0d-462c-8000-9ba2-011c48011c48_4972&quot;,
    sort: #&quot;SYSTEM_SYSRULES_sortInfo&quot;(
      field: &quot;taskStartDatetime&quot;,
      ascending: true
    )
  ),
  local!completedDataSubset: #&quot;_a-0000dd8b-d239-8000-9ba2-011c48011c48_30913&quot;(
    columns: {&quot;taskTypeLabel&quot;, &quot;taskStartDatetime&quot;, &quot;taskEndDatetime&quot;, &quot;taskOwnerName&quot;},
    pagingInfo: local!completedPagingInfo,
    workflowId: rf!onboardingWorkflowId
  ),
  local!activePagingInfo: #&quot;SYSTEM_SYSRULES_pagingInfo&quot;(startIndex: 1, batchSize: 1),
  local!activeDataSubset: #&quot;6dcd73ca-b91f-42fd-8716-dd7d7aafdd1b&quot;(
    pagingInfo: local!activePagingInfo,
    workflowId: rf!onboardingWorkflowId,
    activeFlag: true
  ),
  local!futureTasks: if(#&quot;2168a5de-fb70-4d66-8b97-b547e3ac6e57&quot;(index(local!activeDataSubset.data, &quot;c9&quot;, null)),
    null,
    index(#&quot;_a-0000dd0d-462c-8000-9ba2-011c48011c48_4101&quot;(
      columns: {&quot;name&quot;},
      workflowTypeId: #&quot;_a-0000dd8b-d239-8000-9ba2-011c48011c48_30265&quot;,
      taskOrderGreaterThan: #&quot;_a-0000dd0d-462c-8000-9ba2-011c48011c48_4101&quot;(
        columns: {&quot;taskOrder&quot;},
        taskTypeId: local!activeDataSubset.data.c9
      ).data.taskOrder
    ).data, &quot;name&quot;, null)
  ),
  #&quot;SYSTEM_SYSRULES_dashboardLayout&quot;(
    firstColumnContents: {
      #&quot;_a-0000dd8b-d239-8000-9ba2-011c48011c48_30898&quot;(
        label: &quot;Completed Tasks&quot;,
        dataSubset: local!completedDatasubset,
        pagingInfo: local!completedPagingInfo,
        additionalSaveInto: a!save(
          local!completedDataSubset,
          #&quot;_a-0000dd8b-d239-8000-9ba2-011c48011c48_30913&quot;(
            columns: {&quot;taskTypeLabel&quot;, &quot;taskStartDatetime&quot;, &quot;taskEndDatetime&quot;, &quot;taskOwnerName&quot;},
            pagingInfo: local!completedPagingInfo,
            workflowId: rf!onboardingWorkflowId
          )
        )
      ),
      #&quot;_a-0000dd8b-d239-8000-9ba2-011c48011c48_30917&quot;(
        label: &quot;Pending Tasks&quot;,
        dataSubset: local!activeDataSubset,
        pagingInfo: local!activePagingInfo
      ),
      #&quot;SYSTEM_SYSRULES_sectionLayout&quot;(
        label: &quot;Future Tasks&quot;,
        firstColumnContents: {
          #&quot;SYSTEM_SYSRULES_richTextDisplayField&quot;(
            value: if(#&quot;2168a5de-fb70-4d66-8b97-b547e3ac6e57&quot;(local!futureTasks),
              #&quot;SYSTEM_SYSRULES_richTextItem&quot;(
                text: &quot;No more tasks&quot;,
                style: &quot;EMPHASIS&quot;
              ),
              #&quot;SYSTEM_SYSRULES_richTextNumberedList&quot;(
                items: local!futureTasks
              )
            )
          )
        }
      )
    }
  )
)</definition>
        <preferredEditor>interface</preferredEditor>
        <offlineEnabled>false</offlineEnabled>
    </rule>
    <roleMap public="true">
        <role allowForAll="false" inherit="true" name="readers">
            <users/>
            <groups/>
        </role>
        <role allowForAll="false" inherit="true" name="authors">
            <users/>
            <groups/>
        </role>
        <role allowForAll="false" inherit="true" name="administrators">
            <users>
                <userUuid>rob.turverey</userUuid>
            </users>
            <groups/>
        </role>
        <role allowForAll="false" inherit="false" name="denyReaders">
            <users/>
            <groups/>
        </role>
        <role allowForAll="false" inherit="false" name="denyAuthors">
            <users/>
            <groups/>
        </role>
        <role allowForAll="false" inherit="false" name="denyAdministrators">
            <users/>
            <groups/>
        </role>
    </roleMap>
</contentHaul>
