<?xml version="1.0" encoding="UTF-8" standalone="yes"?>
<contentHaul xmlns:a="http://www.appian.com/ae/types/2009">
    <rule>
        <name>HR_QRY_getAvailableSpaces</name>
        <uuid>954818aa-7666-449d-b57e-747b93fe0ac7</uuid>
        <description>Returns all available spaces for the given time range. reservationFrom and reservation To are required</description>
        <parentUuid>_a-0000dd0d-462c-8000-9ba2-011c48011c48_3808</parentUuid>
        <visibility>
            <advertise>false</advertise>
            <hierarchy>true</hierarchy>
            <indexable>true</indexable>
            <quota>false</quota>
            <searchable>true</searchable>
            <system>false</system>
            <unlogged>false</unlogged>
        </visibility>
        <definition>#&quot;_a-0000dd0d-462c-8000-9ba2-011c48011c48_4973&quot;(
  columns: ri!columns,
  pagingInfo: ri!pagingInfo,
  spaceName: ri!spaceName,
  spaceTypeId: ri!spaceTypeId,
  campusId: ri!campusId,
  buildingId: ri!buildingId,
  floorId: ri!floorId,
  notInIds: index(#&quot;fdea6255-5ee8-42a2-bdb1-aace3c917d86&quot;(
    entity: #&quot;_a-0000dd0d-462c-8000-9ba2-011c48011c48_4999&quot;,
    columns: {&quot;spaceId&quot;},
    logicalExpression: #&quot;SYSTEM_SYSRULES_queryLogicalExpression&quot;(
      operator: &quot;AND&quot;,
      filters: {
        #&quot;SYSTEM_SYSRULES_queryFilter&quot;(field: &quot;reservationFrom&quot;, operator: &quot;&lt;=&quot;, value: ri!reservationFrom),
        #&quot;SYSTEM_SYSRULES_queryFilter&quot;(field: &quot;reservationTo&quot;, operator: &quot;&gt;=&quot;, value: ri!reservationTo),
        if(isnull(ri!spaceName), {}, #&quot;SYSTEM_SYSRULES_queryFilter&quot;(field: &quot;spaceName&quot;, operator: &quot;includes&quot;, value: ri!spaceName)),
        if(isnull(ri!spaceTypeId), {}, #&quot;SYSTEM_SYSRULES_queryFilter&quot;(field: &quot;spaceTypeId&quot;, operator: &quot;=&quot;, value: ri!spaceTypeId)),
        if(isnull(ri!campusId), {}, #&quot;SYSTEM_SYSRULES_queryFilter&quot;(field: &quot;campusId&quot;, operator: &quot;=&quot;, value: ri!campusId)),
        if(isnull(ri!buildingId), {}, #&quot;SYSTEM_SYSRULES_queryFilter&quot;(field: &quot;buildingId&quot;, operator: &quot;=&quot;, value: ri!buildingId)),
        if(isnull(ri!floorId), {}, #&quot;SYSTEM_SYSRULES_queryFilter&quot;(field: &quot;floorId&quot;, operator: &quot;=&quot;, value: ri!floorId))
      }
    )
  ).data, &quot;spaceId&quot;, {})
)</definition>
        <namedTypedValue>
            <name>columns</name>
            <type>
                <name>Text?list</name>
                <namespace>http://www.appian.com/ae/types/2009</namespace>
            </type>
        </namedTypedValue>
        <namedTypedValue>
            <name>pagingInfo</name>
            <type>
                <name>PagingInfo</name>
                <namespace>http://www.appian.com/ae/types/2009</namespace>
            </type>
        </namedTypedValue>
        <namedTypedValue>
            <name>reservationFrom</name>
            <type>
                <name>dateTime</name>
                <namespace>http://www.w3.org/2001/XMLSchema</namespace>
            </type>
        </namedTypedValue>
        <namedTypedValue>
            <name>reservationTo</name>
            <type>
                <name>dateTime</name>
                <namespace>http://www.w3.org/2001/XMLSchema</namespace>
            </type>
        </namedTypedValue>
        <namedTypedValue>
            <name>spaceName</name>
            <type>
                <name>string</name>
                <namespace>http://www.w3.org/2001/XMLSchema</namespace>
            </type>
            <value/>
        </namedTypedValue>
        <namedTypedValue>
            <name>spaceTypeId</name>
            <type>
                <name>int</name>
                <namespace>http://www.w3.org/2001/XMLSchema</namespace>
            </type>
        </namedTypedValue>
        <namedTypedValue>
            <name>campusId</name>
            <type>
                <name>int</name>
                <namespace>http://www.w3.org/2001/XMLSchema</namespace>
            </type>
        </namedTypedValue>
        <namedTypedValue>
            <name>buildingId</name>
            <type>
                <name>int</name>
                <namespace>http://www.w3.org/2001/XMLSchema</namespace>
            </type>
        </namedTypedValue>
        <namedTypedValue>
            <name>floorId</name>
            <type>
                <name>int</name>
                <namespace>http://www.w3.org/2001/XMLSchema</namespace>
            </type>
        </namedTypedValue>
        <preferredEditor>legacy</preferredEditor>
        <offlineEnabled>false</offlineEnabled>
    </rule>
    <roleMap public="true">
        <role allowForAll="true" inherit="false" name="readers">
            <users/>
            <groups/>
        </role>
        <role allowForAll="true" inherit="false" name="authors">
            <users/>
            <groups/>
        </role>
        <role allowForAll="false" inherit="false" name="administrators">
            <users/>
            <groups>
                <groupUuid>_e-0000dd0a-93c8-8000-9aee-01075c01075c_12</groupUuid>
            </groups>
        </role>
        <role allowForAll="false" inherit="false" name="denyReaders">
            <users/>
            <groups/>
        </role>
        <role allowForAll="false" inherit="false" name="denyAuthors">
            <users/>
            <groups/>
        </role>
        <role allowForAll="false" inherit="false" name="denyAdministrators">
            <users/>
            <groups/>
        </role>
    </roleMap>
</contentHaul>
