<?xml version="1.0" encoding="UTF-8" standalone="yes"?>
<contentHaul xmlns:a="http://www.appian.com/ae/types/2009">
    <rule>
        <name>HR_CMPT_User_onboardingCheckbox</name>
        <uuid>993035e8-3bda-43fc-bdc5-d43b038ca477</uuid>
        <description></description>
        <parentUuid>_a-0000dd0d-462c-8000-9ba2-011c48011c48_3621</parentUuid>
        <visibility>
            <advertise>false</advertise>
            <hierarchy>true</hierarchy>
            <indexable>true</indexable>
            <quota>false</quota>
            <searchable>true</searchable>
            <system>false</system>
            <unlogged>false</unlogged>
        </visibility>
        <definition>load(
  local!checked: if(ri!checked, true, false),
  #&quot;SYSTEM_SYSRULES_richTextImage&quot;(
    image: if(local!checked,
      #&quot;SYSTEM_SYSRULES_documentImage&quot;(
        document: #&quot;_a-0000dd72-ed8d-8000-9ba2-011c48011c48_23594&quot;,
        caption: &quot;Complete&quot;,
        link: #&quot;SYSTEM_SYSRULES_dynamicLink&quot;(
          saveInto: a!save(local!checked, not(local!checked))
        )
      ),
      #&quot;SYSTEM_SYSRULES_documentImage&quot;(
        document: #&quot;_a-0000dd72-ed8d-8000-9ba2-011c48011c48_23593&quot;,
        caption: &quot;Incomplete&quot;,
        link: #&quot;SYSTEM_SYSRULES_dynamicLink&quot;(
          saveInto: a!save(local!checked, not(local!checked))
        )
      )
    )
  )
)</definition>
        <namedTypedValue>
            <name>checked</name>
            <type>
                <name>boolean</name>
                <namespace>http://www.w3.org/2001/XMLSchema</namespace>
            </type>
        </namedTypedValue>
        <preferredEditor>interface</preferredEditor>
        <offlineEnabled>false</offlineEnabled>
    </rule>
    <roleMap public="true">
        <role allowForAll="false" inherit="true" name="readers">
            <users/>
            <groups/>
        </role>
        <role allowForAll="false" inherit="true" name="authors">
            <users/>
            <groups/>
        </role>
        <role allowForAll="false" inherit="true" name="administrators">
            <users>
                <userUuid>rob.turverey</userUuid>
            </users>
            <groups/>
        </role>
        <role allowForAll="false" inherit="false" name="denyReaders">
            <users/>
            <groups/>
        </role>
        <role allowForAll="false" inherit="false" name="denyAuthors">
            <users/>
            <groups/>
        </role>
        <role allowForAll="false" inherit="false" name="denyAdministrators">
            <users/>
            <groups/>
        </role>
    </roleMap>
</contentHaul>
