<?xml version="1.0" encoding="UTF-8" standalone="yes"?>
<contentHaul xmlns:a="http://www.appian.com/ae/types/2009">
    <rule>
        <name>HR_RULE_Hoteling_repeatMonthly</name>
        <uuid>_a-0000dd72-ed8d-8000-9ba2-011c48011c48_24263</uuid>
        <description>Rule used when reservations are to be repeated monthly</description>
        <parentUuid>_a-0000dd0d-462c-8000-9ba2-011c48011c48_3790</parentUuid>
        <visibility>
            <advertise>false</advertise>
            <hierarchy>true</hierarchy>
            <indexable>true</indexable>
            <quota>false</quota>
            <searchable>true</searchable>
            <system>false</system>
            <unlogged>false</unlogged>
        </visibility>
        <definition>
if(ri!repeatBy=1,
  with(
    local!date: local(ri!dateTimes[1]),
    local!edate: edate(local!date, ri!repeatEvery*ri!iteration),
    local!truncate: and(not(isnull(ri!onDate)), ri!onDate&lt;local!edate),
    if(local!truncate,
      ri!dateTimes,
      append(ri!dateTimes,
        userdatetime(
          year(local!edate),
          month(local!edate),
          day(local!edate),
          hour(local(ri!dateTimes[length(ri!dateTimes)])),
          minute(local(ri!dateTimes[length(ri!dateTimes)]))
        )
        
      )
    )
  ),
  with(
    local!edate: edate(local(ri!dateTimes[length(ri!dateTimes)]), ri!repeatEvery),
    local!firstOfMonth: date(year(local!edate), month(local!edate), 1),
    local!firstOfMonthWeekday: weekday(local!firstOfMonth),
    local!difference: ri!originalWeekday-local!firstOfMonthWeekday,
    local!distance: if(local!difference&lt;0, mod(local!difference, 7), local!difference),
    local!nthWeekdayOfMonthInitial: date(year(local!edate), month(local!edate), 1+7*(ri!nthWeekdayOfMonth-1)+local!distance),
    local!nthWeekdayOfMonth: if(isnull(local!nthWeekdayOfMonthInitial),
      date(year(local!edate), month(local!edate), 1+7*(ri!nthWeekdayOfMonth-2)+local!distance),
      local!nthWeekdayOfMonthInitial
    ),
    if(and(not(isnull(ri!onDate)), local!nthWeekdayOfMonth&gt;ri!onDate),
      ri!dateTimes,
      append(
        ri!dateTimes,
        userdatetime(
          year(local!nthWeekdayOfMonth), 
          month(local!nthWeekdayOfMonth), 
          day(local!nthWeekdayOfMonth),
          hour(local(ri!dateTimes[length(ri!dateTimes)])),
          minute(local(ri!dateTimes[length(ri!dateTimes)]))
          )
      )
    )
  )
)</definition>
        <namedTypedValue>
            <name>dateTimes</name>
            <type>
                <name>Datetime?list</name>
                <namespace>http://www.appian.com/ae/types/2009</namespace>
            </type>
        </namedTypedValue>
        <namedTypedValue>
            <name>iteration</name>
            <type>
                <name>int</name>
                <namespace>http://www.w3.org/2001/XMLSchema</namespace>
            </type>
        </namedTypedValue>
        <namedTypedValue>
            <name>repeatBy</name>
            <type>
                <name>int</name>
                <namespace>http://www.w3.org/2001/XMLSchema</namespace>
            </type>
        </namedTypedValue>
        <namedTypedValue>
            <name>repeatEvery</name>
            <type>
                <name>int</name>
                <namespace>http://www.w3.org/2001/XMLSchema</namespace>
            </type>
        </namedTypedValue>
        <namedTypedValue>
            <name>onDate</name>
            <type>
                <name>date</name>
                <namespace>http://www.w3.org/2001/XMLSchema</namespace>
            </type>
        </namedTypedValue>
        <namedTypedValue>
            <name>nthWeekdayOfMonth</name>
            <type>
                <name>int</name>
                <namespace>http://www.w3.org/2001/XMLSchema</namespace>
            </type>
        </namedTypedValue>
        <namedTypedValue>
            <name>originalWeekday</name>
            <type>
                <name>int</name>
                <namespace>http://www.w3.org/2001/XMLSchema</namespace>
            </type>
        </namedTypedValue>
        <preferredEditor>legacy</preferredEditor>
        <offlineEnabled>false</offlineEnabled>
    </rule>
    <roleMap public="true">
        <role allowForAll="false" inherit="true" name="readers">
            <users/>
            <groups/>
        </role>
        <role allowForAll="false" inherit="true" name="authors">
            <users/>
            <groups/>
        </role>
        <role allowForAll="false" inherit="true" name="administrators">
            <users/>
            <groups/>
        </role>
        <role allowForAll="false" inherit="false" name="denyReaders">
            <users/>
            <groups/>
        </role>
        <role allowForAll="false" inherit="false" name="denyAuthors">
            <users/>
            <groups/>
        </role>
        <role allowForAll="false" inherit="false" name="denyAdministrators">
            <users/>
            <groups/>
        </role>
    </roleMap>
</contentHaul>
