<?xml version="1.0" encoding="UTF-8" standalone="yes"?>
<contentHaul xmlns:a="http://www.appian.com/ae/types/2009">
    <rule>
        <name>HR_DASH_ItEquipment_Summary</name>
        <uuid>_a-0000dd0d-462c-8000-9ba2-011c48011c48_4633</uuid>
        <description>Equipment Record Summary Interface</description>
        <parentUuid>_a-0000dd0a-80c8-8000-aae2-01ef9001ef90_3769</parentUuid>
        <visibility>
            <advertise>false</advertise>
            <hierarchy>true</hierarchy>
            <indexable>true</indexable>
            <quota>false</quota>
            <searchable>true</searchable>
            <system>false</system>
            <unlogged>false</unlogged>
        </visibility>
        <definition>#&quot;SYSTEM_SYSRULES_dashboardLayout&quot;(
  firstColumnContents: {
    #&quot;SYSTEM_SYSRULES_sectionLayout&quot;(
      label: &quot;General Information&quot;,
      firstColumnContents: {
        
        #&quot;_a-0000dd0d-462c-8000-9ba2-011c48011c48_3690&quot;(
          label: &quot;Make&quot;,
          readOnly: true,
          value: rf!make
        ),
        #&quot;_a-0000dd0d-462c-8000-9ba2-011c48011c48_3690&quot;(
          label: &quot;Model&quot;,
          readOnly: true,
          value: rf!model
        ),
        #&quot;_a-0000dd0d-462c-8000-9ba2-011c48011c48_3690&quot;(
          label: &quot;Serial Number&quot;,
          readOnly: true,
          value: rf!serialNumber,
          saveInto: rf!serialNumber
        ),
        #&quot;_a-0000dd0d-462c-8000-9ba2-011c48011c48_3690&quot;(
          label: &quot;Asset ID&quot;,
          readOnly: true,
          value: rf!itEquipmentId
        ),
        #&quot;_a-0000dd0d-462c-8000-9ba2-011c48011c48_3690&quot;(
          label: &quot;Location&quot;,
          readOnly: true,
          value: rf!location
        ),
        #&quot;_a-0000dd0d-462c-8000-9ba2-011c48011c48_3690&quot;(
          label: &quot;Status&quot;,
          readOnly: true,
          value: if(isnull(rf!status), &quot;N/A&quot;, rf!status)
        )
      },
      secondColumnContents: {
        if(or(rule!APN_AF_RULE_General_isBlankk(rf!processor), rf!itEquipmentTypeId &lt;&gt; 50),{},#&quot;_a-0000dd0d-462c-8000-9ba2-011c48011c48_3690&quot;(
          label: &quot;Processor&quot;,
          readOnly: true,
          value: rf!processor
        )),
        if(or(rule!APN_AF_RULE_General_isBlankk(rf!HDSize), rf!itEquipmentTypeId &lt;&gt; 50),{},#&quot;_a-0000dd0d-462c-8000-9ba2-011c48011c48_3690&quot;(
          label: &quot;HD Size&quot;,
          readOnly: true,
          value: rf!HDSize,
          saveInto: rf!HDSize
        )),
        if(or(rule!APN_AF_RULE_General_isBlankk(rf!memory), and(rf!itEquipmentTypeId &lt;&gt; 50, rf!itEquipmentTypeId &lt;&gt; 52)),{},#&quot;_a-0000dd0d-462c-8000-9ba2-011c48011c48_3690&quot;(
          label: &quot;Memory Size&quot;,
          readOnly: true,
          value: rf!memory
        )),
        if(or(rule!APN_AF_RULE_General_isBlankk(rf!monitorSize), rf!itEquipmentTypeId &lt;&gt; 27),{},#&quot;_a-0000dd0d-462c-8000-9ba2-011c48011c48_3690&quot;(
          label: &quot;Monitor Size&quot;,
          readOnly: true,
          value: rf!monitorSize
        )),
        #&quot;_a-0000dd0d-462c-8000-9ba2-011c48011c48_3690&quot;(
          label: &quot;Portable?&quot;,
          readOnly: true,
          value: if(
              rf!isPortable = &quot;1&quot; ,
            &quot;Yes&quot;,
              &quot;No&quot;
            )
        ),
        #&quot;_a-0000dd0d-462c-8000-9ba2-011c48011c48_3687&quot;(
          label: &quot;Notes&quot;,
          value: rf!notes,
          readOnly: true
        )}),
        #&quot;SYSTEM_SYSRULES_sectionLayout&quot;(
          label: &quot;Acquisition Information&quot;,
      firstColumnContents: {
        #&quot;_a-0000dd0d-462c-8000-9ba2-011c48011c48_3690&quot;(
          label: &quot;Acquisition Date&quot;,
          value: if(
            rule!APN_AF_RULE_General_isBlankk(
              rf!purchaseDate
            ),
            &quot;N/A&quot;,
           rf!purchaseDate
          ),
          readOnly: true
        ),
        #&quot;_a-0000dd0d-462c-8000-9ba2-011c48011c48_3690&quot;(
          label: &quot;Acquisition Type&quot;,
          value: rf!purchaseType,
          readOnly: true
        ),
        if(rule!APN_AF_RULE_General_isBlankk(rf!orderNumber), {}, #&quot;_a-0000dd0d-462c-8000-9ba2-011c48011c48_3690&quot;(
          label: &quot;Order Number&quot;,
          value: 
              rf!orderNumber,
          readOnly: true
        ))
      },
      secondColumnContents: {
        if(rule!APN_AF_RULE_General_isBlankk(rf!expenseNumber),{},#&quot;_a-0000dd0d-462c-8000-9ba2-011c48011c48_3690&quot;(
          label: &quot;Expense Number&quot;,
          value: if(
            rule!APN_AF_RULE_General_isBlankk(
              rf!expenseNumber
            ),
            &quot;N/A&quot;,
            rf!expenseNumber
          ),
          readOnly: true,
          disabled: if(
            rf!purchaseType &lt;&gt; &quot;Expensed&quot;,
            true,
            false
          )
        )),
       if(rule!APN_AF_RULE_General_isBlankk(rf!leaseNumber),{}, #&quot;_a-0000dd0d-462c-8000-9ba2-011c48011c48_3690&quot;(
          label: &quot;Lease Number&quot;,
          value: if(
            rule!APN_AF_RULE_General_isBlankk(
              rf!leaseNumber
            ),
            &quot;N/A&quot;,
            rf!leaseNumber
          ),
          readOnly: true,
          disabled: if(
            rf!purchaseType &lt;&gt; &quot;Leased&quot;,
            true,
            false
          )
        )),
        if(rule!APN_AF_RULE_General_isBlankk(rf!leaseToDate),{},#&quot;_a-0000dd0d-462c-8000-9ba2-011c48011c48_3690&quot;(
          label: &quot;Lease End Date&quot;,
          value: if(
            rule!APN_AF_RULE_General_isBlankk(
              rf!leaseToDate
            ),
            &quot;N/A&quot;,
            rf!leaseToDate
          ),
          readOnly: true,
          disabled: if(
            rf!purchaseType &lt;&gt; &quot;Leased&quot;,
            true,
            false
          ))
        ),
        /* the purpose of this blank paragraph field is to add additional space between sections in the dashboard view */#&quot;SYSTEM_SYSRULES_paragraphField&quot;(
          label: null(),
          readOnly: true
        )
      }
    ),
    #&quot;SYSTEM_SYSRULES_sectionLayout&quot;(
      label: &quot;Warranty Information&quot;,
      firstColumnContents: {
       #&quot;_a-0000dd0d-462c-8000-9ba2-011c48011c48_3690&quot;(
          label: &quot;Warranty Type&quot;,
          value: if(
            rule!APN_AF_RULE_General_isBlankk(
              rf!warrantyType
            ),
            &quot;N/A&quot;,
            rf!warrantyType
          ),
          readOnly: true,
          disabled: if(
            or(
              rf!itEquipmentTypeId = &quot;1&quot;,
              rf!itEquipmentTypeId = &quot;6&quot;
            ),
            false,
            true
          )
        )
      },
      secondColumnContents: {
        #&quot;_a-0000dd0d-462c-8000-9ba2-011c48011c48_3690&quot;(
          label: &quot;Warranty End Date&quot;,
          value: if(
            rule!APN_AF_RULE_General_isBlankk(
              rf!warrantyEndDate
            ),
            &quot;N/A&quot;,
            rf!warrantyEndDate
          ),
          readOnly: true,
          disabled: if(
            or(
              rf!itEquipmentTypeId = &quot;1&quot;,
              rf!itEquipmentTypeId = &quot;6&quot;
            ),
            false,
            true
          )
        ),
        /* the purpose of this blank paragraph field is to add additional space between sections in the dashboard view */#&quot;SYSTEM_SYSRULES_paragraphField&quot;(
          label: null(),
          readOnly: true
        )
      }
    ),
            #&quot;SYSTEM_SYSRULES_sectionLayout&quot;(
      label: &quot;Allocation Information&quot;,
      firstColumnContents: {
       if(rule!APN_AF_RULE_General_isBlankk(rf!assignedDate),{},#&quot;_a-0000dd0d-462c-8000-9ba2-011c48011c48_3690&quot;(
          label: &quot;Date Assigned&quot;,
          value: rf!assignedDate,
          readOnly: true
        )),
        if(
          rule!APN_AF_RULE_General_isBlankk(
            rf!userId
          ),
          #&quot;_a-0000dd0d-462c-8000-9ba2-011c48011c48_3690&quot;(
            label: &quot;Assigned To&quot;,
            value: &quot;Unassigned&quot;,
            readOnly: true
          ),
          #&quot;SYSTEM_SYSRULES_linkField&quot;(
            label: &quot;Assigned To&quot;,
            labelPosition: #&quot;7515f385-6042-4961-b666-89d55ce8534e&quot;(true),
            links: #&quot;SYSTEM_SYSRULES_recordLink&quot;(
              label: #&quot;_a-0000dd0d-462c-8000-9ba2-011c48011c48_3612&quot;(columns: {&quot;userName&quot;}, userId: rf!userId).data.userName,
              recordType: #&quot;_a-0000dd0d-462c-8000-9ba2-011c48011c48_3992&quot;,
              identifier: rf!userId,
              dashboard: &quot;_r4oUkQ&quot;
            )
          )
        )
      },
      secondColumnContents: {
        if(rule!APN_AF_RULE_General_isBlankk(rf!userAssigned),{},#&quot;SYSTEM_SYSRULES_linkField&quot;(
          label: &quot;Manager&quot;,
          labelPosition: &quot;ADJACENT&quot;,
          links: if(or(rule!APN_AF_RULE_General_isBlankk(rf!userAssigned),not(isuseractive(&quot;rf!userAssigned&quot;))), {},{#&quot;SYSTEM_SYSRULES_userRecordLink&quot;(label:rule!APN_AF_RULE_General_displayUserayUser(
            supervisor(rf!userAssigned)),
            user:supervisor(rf!userAssigned)
          )
      })
        )),
        if(rule!APN_AF_RULE_General_isBlankk(rf!userAssigned),{},#&quot;_a-0000dd0d-462c-8000-9ba2-011c48011c48_3690&quot;(
          label: &quot;Department&quot;,
          value: rf!userDepartment,
          readOnly: true
        )),
        /* the purpose of this blank paragraph field is to add additional space between sections in the dashboard view */#&quot;SYSTEM_SYSRULES_paragraphField&quot;(
          label: null(),
          readOnly: true
        )
      }
    ),
    #&quot;SYSTEM_SYSRULES_sectionLayout&quot;(
      label: &quot;Record Details&quot;,
      firstColumnContents: {
      	#&quot;SYSTEM_SYSRULES_linkField&quot;(
          label: &quot;Created By&quot;,
          labelPosition: #&quot;7515f385-6042-4961-b666-89d55ce8534e&quot;(true),
          links: if(rule!APN_AF_RULE_General_isBlankk(rf!createdBy), {},{#&quot;SYSTEM_SYSRULES_userRecordLink&quot;(label:#&quot;64f07310-4544-413c-96ea-2bd500ad735e&quot;(
            rf!createdBy),
            user:rf!createdBy
          )
      })
        ),
        #&quot;SYSTEM_SYSRULES_dateTimeField&quot;(
          label: &quot;Created Date&quot;,
          labelPosition: #&quot;7515f385-6042-4961-b666-89d55ce8534e&quot;(true),
          value: rf!createdDatetime,
          readOnly: true
        )
      },
      secondColumnContents: {
      	#&quot;SYSTEM_SYSRULES_linkField&quot;(
          label: &quot;Last Modified By&quot;,
          labelPosition: #&quot;7515f385-6042-4961-b666-89d55ce8534e&quot;(true),
          links: if(rule!APN_AF_RULE_General_isBlankk(rf!lastModifiedBy), {},{#&quot;SYSTEM_SYSRULES_userRecordLink&quot;(label:#&quot;64f07310-4544-413c-96ea-2bd500ad735e&quot;(
            rf!lastModifiedBy),
            user:rf!lastModifiedBy
          )
      })
        ),
        #&quot;SYSTEM_SYSRULES_dateTimeField&quot;(
          label: &quot;Last Modified Date&quot;,
          labelPosition: #&quot;7515f385-6042-4961-b666-89d55ce8534e&quot;(true),
          value: rf!lastModifiedDatetime,
          readOnly: true
        )
      }
    ),
    #&quot;_a-0000dd8b-d239-8000-9ba2-011c48011c48_26637&quot;(recordTypeId: ri!recordTypeId,
    recordId: ri!recordId
    )
  }
)</definition>
        <namedTypedValue>
            <name>recordTypeId</name>
            <type>
                <name>int</name>
                <namespace>http://www.w3.org/2001/XMLSchema</namespace>
            </type>
        </namedTypedValue>
        <namedTypedValue>
            <name>recordId</name>
            <type>
                <name>int</name>
                <namespace>http://www.w3.org/2001/XMLSchema</namespace>
            </type>
        </namedTypedValue>
        <preferredEditor>interface</preferredEditor>
        <offlineEnabled>false</offlineEnabled>
    </rule>
    <roleMap public="true">
        <role allowForAll="true" inherit="false" name="readers">
            <users/>
            <groups/>
        </role>
        <role allowForAll="true" inherit="false" name="authors">
            <users/>
            <groups/>
        </role>
        <role allowForAll="false" inherit="false" name="administrators">
            <users/>
            <groups>
                <groupUuid>_e-0000dd0a-93c8-8000-9aee-01075c01075c_12</groupUuid>
            </groups>
        </role>
        <role allowForAll="false" inherit="false" name="denyReaders">
            <users/>
            <groups/>
        </role>
        <role allowForAll="false" inherit="false" name="denyAuthors">
            <users/>
            <groups/>
        </role>
        <role allowForAll="false" inherit="false" name="denyAdministrators">
            <users/>
            <groups/>
        </role>
    </roleMap>
</contentHaul>
