<?xml version="1.0" encoding="UTF-8" standalone="yes"?>
<contentHaul xmlns:a="http://www.appian.com/ae/types/2009">
    <rule>
        <name>HR_DASH_Training_Summary</name>
        <uuid>_a-0000dd04-1e13-8000-aae2-01ef9001ef90_3680</uuid>
        <description>Training record summary interface</description>
        <parentUuid>_a-0000dd0a-80c8-8000-aae2-01ef9001ef90_3769</parentUuid>
        <visibility>
            <advertise>false</advertise>
            <hierarchy>true</hierarchy>
            <indexable>true</indexable>
            <quota>false</quota>
            <searchable>true</searchable>
            <system>false</system>
            <unlogged>false</unlogged>
        </visibility>
        <definition>load(
  local!page: 1,
  local!ethicsChoice,
  local!training_cdt: #&quot;_a-0000dd0d-462c-8000-9ba2-011c48011c48_4682&quot;(
    trainingId: ri!trainingId
  ).data[1],
  local!isEmployee: isusermemberofgroup(
    loggedinuser(),
    #&quot;_a-0000dd0d-462c-8000-9ba2-011c48011c48_4687&quot;
  ),
  local!userTraining_cdt: if(
    local!isEmployee,
    #&quot;e5e734d1-e79a-4461-bfab-9c0b4df0e93d&quot;(
      userId: index(
        #&quot;_a-0000dd0d-462c-8000-9ba2-011c48011c48_3612&quot;(
          columns: &quot;userId&quot;,
          appianUsername: loggedInUser()
        ).data,
        &quot;userId&quot;,
        - 1
      ),
      trainingId: ri!trainingId
    ).data,
    {}
  ),
  local!trainingAggregation: if(
    local!isEmployee,
    {},
    #&quot;_a-0000dd0d-462c-8000-9ba2-011c48011c48_4559&quot;(
      pagingInfo: #&quot;SYSTEM_SYSRULES_pagingInfo&quot;(
        startIndex: 1,
        batchSize: - 1
      ),
      trainingId: ri!trainingId
    ).data
  ),
  local!totalUserTrainingCount: if(
    local!isEmployee,
    {},
    #&quot;e5e734d1-e79a-4461-bfab-9c0b4df0e93d&quot;(
      trainingId: ri!trainingId,
      pagingInfo: #&quot;SYSTEM_SYSRULES_pagingInfo&quot;(
        startIndex: 1,
        batchSize: 0
      ),
      columns: &quot;userId&quot;
    ).totalCount
  ),
  #&quot;SYSTEM_SYSRULES_dashboardLayout&quot;(
    firstColumnContents: {
      if(local!page = 1,
                #&quot;_a-0000dd0d-462c-8000-9ba2-011c48011c48_4557&quot;(
            userTraining: local!userTraining_cdt,
            training: local!training_cdt,
            isEmployee: local!isEmployee,
            trainingAggregation: local!trainingAggregation,
            totalUserTrainingCount: local!totalUserTrainingCount
          ), {}),
      if(
        or(
          {
            2,
            3
          } = ri!trainingId
        ),
        {
          if(
            local!isEmployee,
            #&quot;SYSTEM_SYSRULES_sectionLayout&quot;(
              firstColumnContents: if(
                length(
                  local!userTraining_cdt
                ) = 0,
                {
                  #&quot;SYSTEM_SYSRULES_richTextDisplayField&quot;(
                    value: {
                      #&quot;SYSTEM_SYSRULES_richTextItem&quot;(
                        text: &quot;Welcome to the FY2016 Financial Disclosure Report!&quot;,
                        style: &quot;HEADER_MEDIUM&quot;
                      ),
                      #&quot;SYSTEM_SYSRULES_richTextItem&quot;(
                        text: &quot;Click Start in the top right to begin&quot;,
                        style: &quot;EMPHASIS&quot;
                      )
                    }
                  ),
                  #&quot;SYSTEM_SYSRULES_richTextDisplayField&quot;(
                    value: {
                      #&quot;SYSTEM_SYSRULES_richTextItem&quot;(
                        text: &quot;Why Must I File&quot; &amp; char(
                          10
                        ),
                        style: &quot;HEADER_SMALL&quot;
                      ),
                      &quot;The duties and responsibilities of your position require you to file the Confidential Financial Disclosure Report to avoid involvement in a real or apparent conflict of interest. The purpose of this report is to assist employees and their agencies in avoiding conflicts between official duties and private financial interests or affiliations. The information you provide will only be used for legitimate purposes, and will not be disclosed to any requesting person unless authorized by law. (See the Privacy Act Statement at the bottom of this page.) Please ensure that the information you provide is complete and accurate.&quot;
                    }
                  ),
                  #&quot;SYSTEM_SYSRULES_richTextDisplayField&quot;(
                    value: {
                      #&quot;SYSTEM_SYSRULES_richTextItem&quot;(
                        text: &quot;When Must I File&quot; &amp; char(
                          10
                        ),
                        style: &quot;HEADER_SMALL&quot;
                      ),
                      #&quot;SYSTEM_SYSRULES_richTextItem&quot;(
                        text: &quot;New Entrants:&quot;,
                        style: &quot;STRONG&quot;
                      ),
                      &quot; The report is due within 30 days of your assuming a position designated for filing, unless your agency requests the report earlier or your agency grants you a filing extension.&quot; &amp; char(
                        10
                      ),
                      #&quot;SYSTEM_SYSRULES_richTextItem&quot;(
                        text: &quot;Annual Filers:&quot;,
                        style: &quot;STRONG&quot;
                      ),
                      &quot;The report is due no later than February 15, unless your agency grants you a filing extension.&quot;
                    }
                  ),
                  #&quot;SYSTEM_SYSRULES_richTextDisplayField&quot;(
                    value: {
                      #&quot;SYSTEM_SYSRULES_richTextItem&quot;(
                        text: &quot;What is the Reporting Period&quot; &amp; char(
                          10
                        ),
                        style: &quot;HEADER_SMALL&quot;
                      ),
                      #&quot;SYSTEM_SYSRULES_richTextItem&quot;(
                        text: &quot;New Entrants:&quot;,
                        style: &quot;STRONG&quot;
                      ),
                      &quot; Report the required information for the 12 months preceding your filing of this form.&quot; &amp; char(
                        10
                      ),
                      #&quot;SYSTEM_SYSRULES_richTextItem&quot;(
                        text: &quot;Annual Filers:&quot;,
                        style: &quot;STRONG&quot;
                      ),
                      &quot; Report the required information for the preceding calendar year (January 1 - December 31).&quot;
                    }
                  ),
                  #&quot;SYSTEM_SYSRULES_richTextDisplayField&quot;(
                    value: {
                      #&quot;SYSTEM_SYSRULES_richTextItem&quot;(
                        text: &quot;What if I have Questions&quot; &amp; char(
                          10
                        ),
                        style: &quot;HEADER_SMALL&quot;
                      ),
                      &quot;If you have any questions about how to complete this form, please contact your ethics official or go to the Office of Government Ethics web site at &quot;,
                      #&quot;SYSTEM_SYSRULES_richTextItem&quot;(
                        text: &quot;www.oge.gov&quot;,
                        link: #&quot;SYSTEM_SYSRULES_safeLink&quot;(
                          uri: &quot;https://oge.gov/&quot;
                        )
                      ),
                      &quot; and select &quot;,
                      #&quot;SYSTEM_SYSRULES_richTextItem&quot;(
                        text: &quot;OGE Form 450: Confidential Financial Disclosure Report&quot;,
                        style: &quot;STRONG&quot;
                      ),
                      &quot; under &quot;,
                      #&quot;SYSTEM_SYSRULES_richTextItem&quot;(
                        text: &quot;Forms Library&quot;,
                        style: &quot;STRONG&quot;
                      ),
                      &quot;.&quot;
                    }
                  )
                },
                {}
              )
            ),
            {}
          ),
          {}
        },
        {
          choose(
            local!page,
            #&quot;SYSTEM_SYSRULES_sectionLayout&quot;(
              firstColumnContents: {
                #&quot;SYSTEM_SYSRULES_richTextDisplayField&quot;(
                  value: {
                    #&quot;SYSTEM_SYSRULES_richTextItem&quot;(
                      text: &quot;Welcome to the FY2016 Ethics Training!&quot;,
                      style: &quot;HEADER_MEDIUM&quot;
                    ),
                    #&quot;SYSTEM_SYSRULES_richTextItem&quot;(
                      text: &quot;Click Start to Begin&quot;,
                      style: &quot;EMPHASIS&quot;
                    )
                  }
                ),
                #&quot;SYSTEM_SYSRULES_ButtonLayout&quot;(
                  primaryButtons: {
                    #&quot;SYSTEM_SYSRULES_ButtonWidget&quot;(
                      label: &quot;Start&quot;,
                      style: &quot;PRIMARY&quot;,
                      value: 2,
                      saveInto: local!page
                    )
                  }
                )
              }
            ),
            #&quot;SYSTEM_SYSRULES_sectionLayout&quot;(
              firstColumnContents: {
                #&quot;SYSTEM_SYSRULES_progressBarField&quot;(
                  label: &quot;Your Progress&quot;,
                  instructions: 5 - local!page + 1 &amp; &quot; out 5 pages remaining&quot;,
                  percentage: 20 * (
                    local!page - 1
                  )
                ),
                #&quot;SYSTEM_SYSRULES_paragraphField&quot;(
                  value: &quot;In this training you will meet your yearly Ethics compliance requirement, as covered by E.O. 12674.&quot;,
                  readOnly: true
                ),
                #&quot;SYSTEM_SYSRULES_paragraphField&quot;(
                  value: &quot;Lorem ipsum dolor sit amet, consectetur adipiscing elit. Cras semper semper mauris, ut pharetra quam tincidunt ultrices. Phasellus dignissim nulla et massa molestie, eget suscipit nulla finibus. Aenean massa magna, porttitor vel posuere consequat, venenatis non sapien. Nullam convallis felis eget fringilla laoreet. Etiam eget fringilla nisi. Nullam vel massa dictum, consequat nulla non, porttitor metus. Duis ac est semper, imperdiet nulla eget, dapibus nunc.&quot;,
                  readOnly: true
                ),
                #&quot;SYSTEM_SYSRULES_paragraphField&quot;(
                  value: &quot;Lorem ipsum dolor sit amet, consectetur adipiscing elit. Cras semper semper mauris, ut pharetra quam tincidunt ultrices. Phasellus dignissim nulla et massa molestie, eget suscipit nulla finibus. Aenean massa magna, porttitor vel posuere consequat, venenatis non sapien. Nullam convallis felis eget fringilla laoreet. Etiam eget fringilla nisi. Nullam vel massa dictum, consequat nulla non, porttitor metus. Duis ac est semper, imperdiet nulla eget, dapibus nunc.&quot;,
                  readOnly: true
                ),
                #&quot;SYSTEM_SYSRULES_ButtonLayout&quot;(
                  primaryButtons: {
                    #&quot;SYSTEM_SYSRULES_ButtonWidget&quot;(
                      label: &quot;Next&quot;,
                      style: &quot;PRIMARY&quot;,
                      value: local!page + 1,
                      saveInto: local!page
                    )
                  },
                  secondaryButtons: {
                    #&quot;SYSTEM_SYSRULES_ButtonWidget&quot;(
                      label: &quot;Previous&quot;,
                      value: local!page - 1,
                      saveInto: local!page
                    )
                  }
                )
              }
            ),
            #&quot;SYSTEM_SYSRULES_sectionLayout&quot;(
              firstColumnContents: {
                #&quot;SYSTEM_SYSRULES_progressBarField&quot;(
                  label: &quot;Your Progress&quot;,
                  instructions: 5 - local!page + 1 &amp; &quot; out 5 pages remaining&quot;,
                  percentage: 20 * (
                    local!page - 1
                  )
                ),
                #&quot;SYSTEM_SYSRULES_paragraphField&quot;(
                  value: &quot;Watch the following video. Once completed, you will be prompted to answer questions to confirm what you learned.&quot;,
                  readOnly: true
                ),
                #&quot;SYSTEM_SYSRULES_videoField&quot;(
                  videos: #&quot;SYSTEM_SYSRULES_webVideo&quot;(
                    source: &quot;https://www.youtube.com/embed/izXuboAZzCM&quot;
                  )
                ),
                #&quot;SYSTEM_SYSRULES_ButtonLayout&quot;(
                  primaryButtons: {
                    #&quot;SYSTEM_SYSRULES_ButtonWidget&quot;(
                      label: &quot;Next&quot;,
                      style: &quot;PRIMARY&quot;,
                      value: local!page + 1,
                      saveInto: local!page
                    )
                  },
                  secondaryButtons: {
                    #&quot;SYSTEM_SYSRULES_ButtonWidget&quot;(
                      label: &quot;Previous&quot;,
                      value: local!page - 1,
                      saveInto: local!page
                    )
                  }
                )
              }
            ),
            #&quot;SYSTEM_SYSRULES_sectionLayout&quot;(
              firstColumnContents: {
                #&quot;SYSTEM_SYSRULES_progressBarField&quot;(
                  label: &quot;Your Progress&quot;,
                  instructions: 5 - local!page + 1 &amp; &quot; out 5 pages remaining&quot;,
                  percentage: 20 * (
                    local!page - 1
                  )
                ),
                #&quot;SYSTEM_SYSRULES_paragraphField&quot;(
                  value: &quot;In the previous video, you learned about a situation with Cathy and David. What should Cathy have done after hearing David talk about gambling?&quot;,
                  readOnly: true
                ),
                #&quot;SYSTEM_SYSRULES_checkboxField&quot;(
                  label: &quot;Cathy should have:&quot;,
                  choiceLabels: {
                    &quot;Contacted her Ethics Officer&quot;,
                    &quot;Yelled at David&quot;,
                    &quot;Done nothing&quot;
                  },
                  choiceValues: {
                    1,
                    2,
                    3
                  },
                  value: local!ethicsChoice,
                  saveInto: local!ethicsChoice
                ),
                if(
                  not(
                    isnull(
                      local!ethicsChoice
                    )
                  ),
                  {
                    #&quot;SYSTEM_SYSRULES_richTextDisplayField&quot;(
                      value: choose(
                        local!ethicsChoice,
                        {
                          #&quot;SYSTEM_SYSRULES_richTextImage&quot;(
                            image: #&quot;SYSTEM_SYSRULES_documentImage&quot;(
                              document: #&quot;SYSTEM_SYSRULES_iconIndicator&quot;(
                                icon: &quot;STATUS_OK&quot;
                              )
                            )
                          ),
                          #&quot;SYSTEM_SYSRULES_richTextItem&quot;(
                            text: &quot;Correct!&quot;
                          )
                        },
                        {
                          #&quot;SYSTEM_SYSRULES_richTextImage&quot;(
                            image: #&quot;SYSTEM_SYSRULES_documentImage&quot;(
                              document: #&quot;SYSTEM_SYSRULES_iconIndicator&quot;(
                                icon: &quot;STATUS_WARN&quot;
                              )
                            )
                          ),
                          #&quot;SYSTEM_SYSRULES_richTextItem&quot;(
                            text: &quot;Incorrect!&quot;
                          )
                        },
                        {
                          #&quot;SYSTEM_SYSRULES_richTextImage&quot;(
                            image: #&quot;SYSTEM_SYSRULES_documentImage&quot;(
                              document: #&quot;SYSTEM_SYSRULES_iconIndicator&quot;(
                                icon: &quot;STATUS_WARN&quot;
                              )
                            )
                          ),
                          #&quot;SYSTEM_SYSRULES_richTextItem&quot;(
                            text: &quot;Incorrect!&quot;
                          )
                        }
                      )
                    )
                  },
                  {}
                ),
                #&quot;SYSTEM_SYSRULES_ButtonLayout&quot;(
                  primaryButtons: {
                    #&quot;SYSTEM_SYSRULES_ButtonWidget&quot;(
                      label: &quot;Next&quot;,
                      style: &quot;PRIMARY&quot;,
                      value: local!page + 1,
                      saveInto: local!page
                    )
                  },
                  secondaryButtons: {
                    #&quot;SYSTEM_SYSRULES_ButtonWidget&quot;(
                      label: &quot;Previous&quot;,
                      value: local!page - 1,
                      saveInto: local!page
                    )
                  }
                )
              }
            )
          )
        }
      )
    }
  )
)</definition>
        <namedTypedValue>
            <name>trainingId</name>
            <type>
                <name>int</name>
                <namespace>http://www.w3.org/2001/XMLSchema</namespace>
            </type>
        </namedTypedValue>
        <preferredEditor>interface</preferredEditor>
        <offlineEnabled>false</offlineEnabled>
    </rule>
    <roleMap public="true">
        <role allowForAll="true" inherit="false" name="readers">
            <users/>
            <groups/>
        </role>
        <role allowForAll="true" inherit="false" name="authors">
            <users/>
            <groups/>
        </role>
        <role allowForAll="false" inherit="false" name="administrators">
            <users/>
            <groups>
                <groupUuid>_e-0000dd0a-93c8-8000-9aee-01075c01075c_12</groupUuid>
            </groups>
        </role>
        <role allowForAll="false" inherit="false" name="denyReaders">
            <users/>
            <groups/>
        </role>
        <role allowForAll="false" inherit="false" name="denyAuthors">
            <users/>
            <groups/>
        </role>
        <role allowForAll="false" inherit="false" name="denyAdministrators">
            <users/>
            <groups/>
        </role>
    </roleMap>
    <typedValue>
        <type>
            <name>RuleTestConfig?list</name>
            <namespace>http://www.appian.com/ae/types/2009</namespace>
        </type>
        <value>
            <el>
                <a:name/>
                <a:ruleInputTestConfigs>
                    <a:value xmlns:xsi="http://www.w3.org/2001/XMLSchema-instance" xsi:type="a:Expression">2</a:value>
                    <a:nameRef>trainingId</a:nameRef>
                    <a:id/>
                </a:ruleInputTestConfigs>
                <a:assertions xmlns:xsi="http://www.w3.org/2001/XMLSchema-instance" xsi:nil="true"/>
            </el>
        </value>
    </typedValue>
</contentHaul>
