<?xml version="1.0" encoding="UTF-8" standalone="yes"?>
<contentHaul xmlns:a="http://www.appian.com/ae/types/2009">
    <rule>
        <name>HR_REPORT_Hoteling_reservation</name>
        <uuid>_a-0000dd0d-462c-8000-9ba2-011c48011c48_4926</uuid>
        <description>All reservations report</description>
        <parentUuid>_a-0000dd0a-5e76-8000-aae2-01ef9001ef90_3752</parentUuid>
        <visibility>
            <advertise>false</advertise>
            <hierarchy>true</hierarchy>
            <indexable>true</indexable>
            <quota>false</quota>
            <searchable>true</searchable>
            <system>false</system>
            <unlogged>false</unlogged>
        </visibility>
        <definition>load(
  local!spaceTypes: #&quot;3af0f2e5-5c7f-4f1b-b92a-7b2b087a2287&quot;(
    columns: {
      &quot;id&quot;,
      &quot;label&quot;
    },
    type: #&quot;_a-0000dd0d-462c-8000-9ba2-011c48011c48_4971&quot;,
    isActive: true
  ).data,
  local!pagingInfo: #&quot;SYSTEM_SYSRULES_pagingInfo&quot;(
    startIndex: 1,
    batchSize: #&quot;_a-0000dd0d-462c-8000-9ba2-011c48011c48_4972&quot;,
    sort: #&quot;SYSTEM_SYSRULES_sortInfo&quot;(
      field: &quot;reservationFrom&quot;
    )
  ),
  local!reservationColumns: {
    &quot;spaceId&quot;,
    &quot;spaceName&quot;,
    &quot;spaceTypeLabel&quot;,
    &quot;reservationUserName&quot;,
    &quot;reservationFrom&quot;,
    &quot;reservationTo&quot;,
    &quot;needsApproval&quot;
  },
  local!searchRequest,
  local!temp_searchRequest,
  local!blank_searchRequest: 'type!{urn:com:appian:types:HR}HR_Hoteling_SearchRequest'(),
  local!dataSubset: #&quot;_a-0000dd8b-d239-8000-9ba2-011c48011c48_29569&quot;(
    columns: local!reservationColumns,
    pagingInfo: local!pagingInfo,
    searchRequest: local!searchRequest
  ),
  local!showColumns: false,
  local!choiceLabels: {
    &quot;Space Type&quot;,
    &quot;Reserved By&quot;,
    &quot;Reserved From&quot;,
    &quot;Reserved To&quot;,
    &quot;Needs Approval?&quot;
  },
  local!showColumn: local!choiceLabels,
  local!selectedReservation,
  local!selectedSpace,
  local!isError,
  local!repeat,
  local!repeatType,
  local!repeatEvery,
  local!repeatEnds,
  local!afterOccurrences,
  local!onDate,
  local!repeatOn,
  local!repeatBy,
  local!repeatReservations,
  #&quot;SYSTEM_SYSRULES_dashboardLayout&quot;(
    firstColumnContents: if(
      isnull(
        local!selectedReservation
      ),
      {
        #&quot;_a-0000dd8b-d239-8000-9ba2-011c48011c48_29588&quot;(
          temp_searchRequest: local!temp_searchRequest,
          searchRequest: local!searchRequest,
          dataSubset: local!dataSubset,
          pagingInfo: local!pagingInfo,
          blank_searchRequest: local!blank_searchRequest
        ),
        #&quot;SYSTEM_SYSRULES_sectionLayout&quot;(
          label: &quot;Reservations&quot;,
          firstColumnContents: {
            #&quot;SYSTEM_SYSRULES_gridField&quot;(
              totalCount: local!datasubset.totalCount,
              columns: {
                #&quot;SYSTEM_SYSRULES_gridTextColumn&quot;(
                  label: &quot;Space Name&quot;,
                  field: &quot;spaceName&quot;,
                  data: index(
                    local!datasubset.data,
                    &quot;spaceName&quot;,
                    {}
                  ),
                  links: #&quot;SYSTEM_SYSRULES_applyComponents&quot;(
                    function: #&quot;SYSTEM_SYSRULES_recordLink&quot;(
                      recordType: #&quot;_a-0000dd0d-462c-8000-9ba2-011c48011c48_4983&quot;,
                      identifier: _
                    ),
                    array: index(
                      local!datasubset.data,
                      &quot;spaceId&quot;,
                      {}
                    )
                  )
                ),
                if(
                  contains(
                    local!showColumn,
                    &quot;Space Type&quot;
                  ),
                  #&quot;SYSTEM_SYSRULES_gridTextColumn&quot;(
                    label: &quot;Space Type&quot;,
                    field: &quot;spaceTypeLabel&quot;,
                    data: index(
                      local!datasubset.data,
                      &quot;spaceTypeLabel&quot;,
                      {}
                    )
                  ),
                  {}
                ),
                if(
                  contains(
                    local!showColumn,
                    &quot;Reserved By&quot;
                  ),
                  #&quot;SYSTEM_SYSRULES_gridTextColumn&quot;(
                    label: &quot;Reserved For&quot;,
                    field: &quot;reservationUserName&quot;,
                    data: index(
                      local!datasubset.data,
                      &quot;reservationUserName&quot;,
                      {}
                    )
                  ),
                  {}
                ),
                if(
                  contains(
                    local!showColumn,
                    &quot;Reserved From&quot;
                  ),
                  #&quot;SYSTEM_SYSRULES_gridTextColumn&quot;(
                    label: &quot;Reserved From&quot;,
                    field: &quot;reservationFrom&quot;,
                    data: index(
                      local!datasubset.data,
                      &quot;reservationFrom&quot;,
                      {}
                    )
                  ),
                  {}
                ),
                if(
                  contains(
                    local!showColumn,
                    &quot;Reserved To&quot;
                  ),
                  #&quot;SYSTEM_SYSRULES_gridTextColumn&quot;(
                    label: &quot;Reserved To&quot;,
                    field: &quot;reservationTo&quot;,
                    data: index(
                      local!datasubset.data,
                      &quot;reservationTo&quot;,
                      {}
                    )
                  ),
                  {}
                ),
                if(
                  contains(
                    local!showColumn,
                    &quot;Needs Approval?&quot;
                  ),
                  #&quot;SYSTEM_SYSRULES_gridTextColumn&quot;(
                    label: &quot;Needs Approval?&quot;,
                    field: &quot;needsApproval&quot;,
                    data: apply(
                      #&quot;_a-0000dd0d-462c-8000-9ba2-011c48011c48_5334&quot;,
                      index(
                        local!datasubset.data,
                        &quot;needsApproval&quot;,
                        {}
                      )
                    )
                  ),
                  {}
                ),
                #&quot;SYSTEM_SYSRULES_gridImageColumn&quot;(
                  field: #&quot;_a-0000dd0d-462c-8000-9ba2-011c48011c48_3897&quot;,
                  size: &quot;ICON&quot;,
                  data: #&quot;SYSTEM_SYSRULES_applyComponents&quot;(
                    function: #&quot;_a-0000dd17-9077-8000-9ba2-011c48011c48_11477&quot;(
                      image: #&quot;_a-0000dd3a-bcbf-8000-9ba2-011c48011c48_14693&quot;,
                      caption: #&quot;_a-0000dd3a-bcbf-8000-9ba2-011c48011c48_14667&quot;,
                      selectedReservation: local!selectedReservation,
                      selectedSpace: local!selectedSpace,
                      reservationId: _,
                      spaceId: _
                    ),
                    array: merge(
                      index(
                        local!datasubset.data,
                        &quot;reservationId&quot;,
                        {}
                      ),
                      index(
                        local!datasubset.data,
                        &quot;spaceId&quot;,
                        {}
                      )
                    )
                  )
                )
              },
              value: local!pagingInfo,
              saveInto: #&quot;4c0833a9-0127-4d25-9d6d-cb881c688e7d&quot;(
                gridSelectionOrPagingInfo: local!pagingInfo,
                additionalSaveInto: {
                  a!save(
                    local!dataSubset,
                    #&quot;_a-0000dd8b-d239-8000-9ba2-011c48011c48_29569&quot;(
                      columns: local!reservationColumns,
                      pagingInfo: local!pagingInfo,
                      searchRequest: local!searchRequest
                    )
                  )
                }
              )
            ),
            #&quot;2d786626-f8a4-4c46-a2a6-c0c8fe96a4ad&quot;(
              showColumns: local!showColumns,
              choiceLabels: local!choiceLabels,
              showColumn: local!showColumn
            )
          }
        )
      },
      {
        #&quot;9883829a-f08b-4dc1-892d-8b34fc49265c&quot;(
          previousText: {
            &quot;All Reservations&quot;
          },
          previousLinks: #&quot;SYSTEM_SYSRULES_dynamicLink&quot;(
            saveInto: a!save(
              {
                local!selectedReservation,
                local!selectedSpace,
                local!isError
              },
              null
            )
          ),
          currentText: &quot;Reservation - &quot; &amp; local!selectedReservation.reservationId
        ),
        #&quot;_a-0000dd0d-462c-8000-9ba2-011c48011c48_5354&quot;(
          space: local!selectedSpace
        ),
        #&quot;_a-0000dd0d-462c-8000-9ba2-011c48011c48_5412&quot;(
          readOnly: false,
          space: local!selectedSpace,
          reservation: local!selectedReservation,
          repeatReservations: local!repeatReservations,
          isEdit: true
        ),
        #&quot;SYSTEM_SYSRULES_ButtonLayout&quot;(
          primaryButtons: {
            #&quot;SYSTEM_SYSRULES_ButtonWidget&quot;(
              label: &quot;Update Reservation&quot;,
              confirmMessage: #&quot;7f62a623-5366-4c78-b206-93377a4aef6b&quot;(needsApproval: local!selectedSpace.needsApproval),
              saveInto: {
                #&quot;SYSTEM_SYSRULES_startProcess&quot;(
                  processModel: #&quot;_a-0000dd4b-0482-8000-9ba2-011c48011c48_15862&quot;,
                  processParameters: {
                    reservation: local!selectedReservation,
                    space: local!selectedSpace,
                    fromReport: true,
                    repeatReservations: local!repeatReservations
                  },
                  onSuccess: {
                    a!save(
                      {
                        local!selectedSpace,
                        local!isError
                      },
                      null
                    ),
                    a!save(
                      local!selectedReservation,
                      'type!{urn:com:appian:types:HR}HR_V_Reservation'()
                    )
                  },
                  onError: {
                    a!save(
                      {
                        local!selectedSpace,
                        local!isError
                      },
                      null
                    ),
                    a!save(
                      local!selectedReservation,
                      'type!{urn:com:appian:types:HR}HR_V_Reservation'()
                    )
                  }
                )
              },
              validate: true
            )
          },
          secondaryButtons: {
            #&quot;SYSTEM_SYSRULES_ButtonWidget&quot;(
              label: &quot;Cancel Reservation&quot;,
              style: &quot;DESTRUCTIVE&quot;,
              confirmMessage: &quot;Warning: This will delete the reservation from the system. Are you sure you wish to proceed?&quot;,
              saveInto: {
                #&quot;SYSTEM_SYSRULES_deleteFromDataStoreEntities&quot;(
                  dataToDelete: {
                    entity: #&quot;_a-0000dd0d-462c-8000-9ba2-011c48011c48_5125&quot;,
                    identifiers: local!selectedReservation.reservationId
                  },
                  onSuccess: {
                    a!save(
                      {
                        local!selectedReservation,
                        local!selectedSpace,
                        local!isError
                      },
                      null
                    ),
                    a!save(
                      local!dataSubset,
                      #&quot;_a-0000dd8b-d239-8000-9ba2-011c48011c48_29569&quot;(
                        searchRequest: local!searchRequest,
                        pagingInfo: local!pagingInfo,
                        columns: local!reservationColumns
                      )
                    )
                  },
                  onError: a!save(
                    local!isError,
                    true
                  )
                )
              },
              validate: false
            )
          }
        ),
        #&quot;SYSTEM_SYSRULES_sectionLayout&quot;(
          validations: {
            if(
              and(
                local!repeat,
                not(
                  all(
                    fn!isnull,
                    {
                      local!afterOccurrences,
                      local!onDate
                    }
                  )
                )
              ),
              #&quot;SYSTEM_SYSRULES_validationMessage&quot;(
                message: if(
                  #&quot;_a-0000dd0d-462c-8000-9ba2-011c48011c48_5290&quot;(
                    reservationFrom: local!repeatReservations.reservationFrom,
                    reservationTo: local!repeatReservations.reservationTo,
                    spaceId: local!selectedSpace.spaceId,
                    currentReservationId: local!selectedReservation.reservationId
                  ),
                  &quot;At least one of the repeated reservations has a conflict.&quot;,
                  null
                ),
                validateAfter: &quot;SUBMIT&quot;
              ),
              {}
            ),
            if(
              local!isError,
              &quot;An error occured while executing the action. Please return and try again at a later time.&quot;,
              {}
            )
          }
        )
      }
    )
  )
)</definition>
        <preferredEditor>interface</preferredEditor>
        <offlineEnabled>false</offlineEnabled>
    </rule>
    <roleMap public="true">
        <role allowForAll="true" inherit="false" name="readers">
            <users/>
            <groups/>
        </role>
        <role allowForAll="true" inherit="false" name="authors">
            <users/>
            <groups/>
        </role>
        <role allowForAll="false" inherit="false" name="administrators">
            <users/>
            <groups>
                <groupUuid>_e-0000dd0a-93c8-8000-9aee-01075c01075c_12</groupUuid>
            </groups>
        </role>
        <role allowForAll="false" inherit="false" name="denyReaders">
            <users/>
            <groups/>
        </role>
        <role allowForAll="false" inherit="false" name="denyAuthors">
            <users/>
            <groups/>
        </role>
        <role allowForAll="false" inherit="false" name="denyAdministrators">
            <users/>
            <groups/>
        </role>
    </roleMap>
</contentHaul>
