<?xml version="1.0" encoding="UTF-8" standalone="yes"?>
<contentHaul xmlns:a="http://www.appian.com/ae/types/2009">
    <rule>
        <name>HR_RULE_Utility_hotelingGetCheckInOutLabel</name>
        <uuid>_a-0000dd3a-bcbf-8000-9ba2-011c48011c48_14247</uuid>
        <description>If reservation is available for check in, returns &quot;Check In&quot;. If available for check out, returns &quot;Check Out&quot;. Otherwise, returns blank.</description>
        <parentUuid>_a-0000dd0d-462c-8000-9ba2-011c48011c48_3791</parentUuid>
        <visibility>
            <advertise>false</advertise>
            <hierarchy>true</hierarchy>
            <indexable>true</indexable>
            <quota>false</quota>
            <searchable>true</searchable>
            <system>false</system>
            <unlogged>false</unlogged>
        </visibility>
        <definition>if(
  or(
    isnull(
      ri!fromDate
    ),
    isnull(
      ri!toDate
    )
  ),
  &quot;&quot;,
  if(
    and(
      isnull(
        ri!checkOutDate
      ),
      not(
        isnull(
          ri!checkInDate
        )
      )
    ),
    &quot;Check Out&quot;,
    if(
      and(
        isnull(
          ri!checkInDate
        ),
        #&quot;_a-0000dd3a-bcbf-8000-9ba2-011c48011c48_14655&quot;(
          fromDate: ri!fromDate,
          toDate: ri!toDate
        )
      ),
      &quot;Check In&quot;,
      &quot;&quot;
    )
  )
)</definition>
        <namedTypedValue>
            <name>fromDate</name>
            <type>
                <name>dateTime</name>
                <namespace>http://www.w3.org/2001/XMLSchema</namespace>
            </type>
        </namedTypedValue>
        <namedTypedValue>
            <name>toDate</name>
            <type>
                <name>dateTime</name>
                <namespace>http://www.w3.org/2001/XMLSchema</namespace>
            </type>
        </namedTypedValue>
        <namedTypedValue>
            <name>checkInDate</name>
            <type>
                <name>dateTime</name>
                <namespace>http://www.w3.org/2001/XMLSchema</namespace>
            </type>
        </namedTypedValue>
        <namedTypedValue>
            <name>checkOutDate</name>
            <type>
                <name>dateTime</name>
                <namespace>http://www.w3.org/2001/XMLSchema</namespace>
            </type>
        </namedTypedValue>
        <preferredEditor>legacy</preferredEditor>
        <offlineEnabled>false</offlineEnabled>
    </rule>
    <roleMap public="true">
        <role allowForAll="true" inherit="false" name="readers">
            <users/>
            <groups/>
        </role>
        <role allowForAll="true" inherit="false" name="authors">
            <users/>
            <groups/>
        </role>
        <role allowForAll="false" inherit="false" name="administrators">
            <users/>
            <groups>
                <groupUuid>_e-0000dd0a-93c8-8000-9aee-01075c01075c_12</groupUuid>
            </groups>
        </role>
        <role allowForAll="false" inherit="false" name="denyReaders">
            <users/>
            <groups/>
        </role>
        <role allowForAll="false" inherit="false" name="denyAuthors">
            <users/>
            <groups/>
        </role>
        <role allowForAll="false" inherit="false" name="denyAdministrators">
            <users/>
            <groups/>
        </role>
    </roleMap>
</contentHaul>
