<?xml version="1.0" encoding="UTF-8" standalone="yes"?>
<contentHaul xmlns:a="http://www.appian.com/ae/types/2009">
    <rule>
        <name>HR_SCT_Position_additionalDetailsView</name>
        <uuid>_a-0000dd3a-bcbf-8000-9ba2-011c48011c48_15626</uuid>
        <description>Reusable section for additional details for a position</description>
        <parentUuid>_a-0000dd0d-462c-8000-9ba2-011c48011c48_3551</parentUuid>
        <visibility>
            <advertise>false</advertise>
            <hierarchy>true</hierarchy>
            <indexable>true</indexable>
            <quota>false</quota>
            <searchable>true</searchable>
            <system>false</system>
            <unlogged>false</unlogged>
        </visibility>
        <definition>#&quot;SYSTEM_SYSRULES_sectionLayout&quot;(
  label: &quot;Additional Details&quot;,
  firstColumnContents: {
    #&quot;_a-0000dd0d-462c-8000-9ba2-011c48011c48_3690&quot;(
          label: &quot;Series &amp; Grade&quot;,
          readonly: true,
          value: ri!positionDescription.positionDescSeries &amp; &quot;/&quot; &amp; ri!positionDescription.positionDescGrade
        ),
    #&quot;_a-0000dd0d-462c-8000-9ba2-011c48011c48_3690&quot;(
      label: &quot;Announcement Number&quot;,
      readOnly: true,
      value: ri!positionDescription.positionDescAnnouncement
    ),
    #&quot;SYSTEM_SYSRULES_richTextDisplayField&quot;(
          label: &quot;Supervisory Status&quot;,
          labelPosition: &quot;ADJACENT&quot;,
          value: if(
            isnull(
              ri!positionDescription.positionDescSupervisoryStatus
            ),
            {},
            if(
              ri!positionDescription.positionDescSupervisoryStatus,
              {
                #&quot;SYSTEM_SYSRULES_richTextItem&quot;(
                  text: &quot;Yes &quot;
                ),
                #&quot;SYSTEM_SYSRULES_richTextImage&quot;(
                  image: #&quot;SYSTEM_SYSRULES_documentImage&quot;(
                    document: #&quot;SYSTEM_SYSRULES_iconIndicator&quot;(
                      icon: &quot;STATUS_OK&quot;
                    )
                  )
                )
              },
              {
                #&quot;SYSTEM_SYSRULES_richTextItem&quot;(
                  text: &quot;No &quot;
                ),
                #&quot;SYSTEM_SYSRULES_richTextImage&quot;(
                  image: #&quot;SYSTEM_SYSRULES_documentImage&quot;(
                    document: #&quot;SYSTEM_SYSRULES_iconIndicator&quot;(
                      icon: &quot;STATUS_NOTDONE&quot;
                    )
                  )
                )
              }
            )
          )
        ),
    #&quot;_a-0000dd0d-462c-8000-9ba2-011c48011c48_3690&quot;(
      label: &quot;Control Number&quot;,
      readOnly: true,
      value: ri!positionDescription.positionDescControlNumber
    )
  },
  secondColumnContents: {
    #&quot;_a-0000dd0d-462c-8000-9ba2-011c48011c48_3685&quot;(
      label: &quot;Department&quot;,
      readOnly: true,
      value: ri!positionDescription.deptName
    ),
    #&quot;_a-0000dd0d-462c-8000-9ba2-011c48011c48_3685&quot;(
      label: &quot;Agency&quot;,
      readOnly: true,
      value: ri!positionDescription.agencyName
    ),
    #&quot;_a-0000dd0d-462c-8000-9ba2-011c48011c48_3690&quot;(
      label: &quot;Promotion Potential&quot;,
      readOnly: true,
      value: ri!positionDescription.positionDescPromotionPotential
    ),
    if(isnull(ri!positionDescription.positionDescPromotionPotential), {}, #&quot;SYSTEM_SYSRULES_progressBarField&quot;(
          labelPosition: &quot;ADJACENT&quot;,
          percentage: #&quot;e3a37a1b-0acc-46d5-a7bc-42eec7fb6691&quot;(
            number: ri!positionDescription.positionDescPromotionPotential / #&quot;_a-0000dd0d-462c-8000-9ba2-011c48011c48_4180&quot;
          ) * 100
        ))
  },
  isCollapsible: true
)</definition>
        <namedTypedValue>
            <name>positionDescription</name>
            <type>
                <name>HR_V_PositionDescription_Record</name>
                <namespace>urn:com:appian:types:HR</namespace>
            </type>
        </namedTypedValue>
        <preferredEditor>interface</preferredEditor>
        <offlineEnabled>false</offlineEnabled>
    </rule>
    <roleMap public="true">
        <role allowForAll="true" inherit="false" name="readers">
            <users/>
            <groups/>
        </role>
        <role allowForAll="true" inherit="false" name="authors">
            <users/>
            <groups/>
        </role>
        <role allowForAll="false" inherit="false" name="administrators">
            <users/>
            <groups>
                <groupUuid>_e-0000dd0a-93c8-8000-9aee-01075c01075c_12</groupUuid>
            </groups>
        </role>
        <role allowForAll="false" inherit="false" name="denyReaders">
            <users/>
            <groups/>
        </role>
        <role allowForAll="false" inherit="false" name="denyAuthors">
            <users/>
            <groups/>
        </role>
        <role allowForAll="false" inherit="false" name="denyAdministrators">
            <users/>
            <groups/>
        </role>
    </roleMap>
</contentHaul>
