<?xml version="1.0" encoding="UTF-8" standalone="yes"?>
<contentHaul xmlns:a="http://www.appian.com/ae/types/2009">
    <rule>
        <name>HR_DASH_Position_audit</name>
        <uuid>_a-0000dd4b-0482-8000-9ba2-011c48011c48_17771</uuid>
        <description>Position Audit Subdashboard Interface</description>
        <parentUuid>_a-0000dd0a-80c8-8000-aae2-01ef9001ef90_3769</parentUuid>
        <visibility>
            <advertise>false</advertise>
            <hierarchy>true</hierarchy>
            <indexable>true</indexable>
            <quota>false</quota>
            <searchable>true</searchable>
            <system>false</system>
            <unlogged>false</unlogged>
        </visibility>
        <definition>load(
  local!pagingInfo: #&quot;SYSTEM_SYSRULES_pagingInfo&quot;(
    startIndex: 1,
    batchSize: 10,
    sort: #&quot;SYSTEM_SYSRULES_sortInfo&quot;(
      field: &quot;auditDatetime&quot;
    )
  ),
  with(
    local!dataSubset: #&quot;_a-0000dd4b-0482-8000-9ba2-011c48011c48_18173&quot;(
      pagingInfo: local!pagingInfo,
      columns: {
        &quot;auditActionLabel&quot;,
        &quot;auditOldValue&quot;,
        &quot;auditNewValue&quot;,
        &quot;auditDatetime&quot;
      },
      positionId: rf!positionId
    ),
    #&quot;SYSTEM_SYSRULES_dashboardLayout&quot;(
      firstColumnContents: {
        #&quot;SYSTEM_SYSRULES_sectionLayout&quot;(
          label: &quot;Audit&quot;,
          firstColumnContents: {
            #&quot;_a-0000dd4b-0482-8000-9ba2-011c48011c48_17770&quot;(
              dataSubset: local!dataSubset,
              pagingInfo: local!pagingInfo
            )
          }
        )
      }
    )
  )
)</definition>
        <preferredEditor>interface</preferredEditor>
        <offlineEnabled>false</offlineEnabled>
    </rule>
    <roleMap public="true">
        <role allowForAll="false" inherit="true" name="readers">
            <users/>
            <groups/>
        </role>
        <role allowForAll="false" inherit="true" name="authors">
            <users/>
            <groups/>
        </role>
        <role allowForAll="false" inherit="true" name="administrators">
            <users/>
            <groups/>
        </role>
        <role allowForAll="false" inherit="false" name="denyReaders">
            <users/>
            <groups/>
        </role>
        <role allowForAll="false" inherit="false" name="denyAuthors">
            <users/>
            <groups/>
        </role>
        <role allowForAll="false" inherit="false" name="denyAdministrators">
            <users/>
            <groups/>
        </role>
    </roleMap>
</contentHaul>
