<?xml version="1.0" encoding="UTF-8" standalone="yes"?>
<contentHaul xmlns:a="http://www.appian.com/ae/types/2009">
    <rule>
        <name>HR_QRY_checkSpaceAvailability</name>
        <uuid>_a-0000dd0d-462c-8000-9ba2-011c48011c48_5290</uuid>
        <description>Used to determine if the reservation request conflicts with an existing reservation.</description>
        <parentUuid>_a-0000dd0d-462c-8000-9ba2-011c48011c48_3807</parentUuid>
        <visibility>
            <advertise>false</advertise>
            <hierarchy>true</hierarchy>
            <indexable>true</indexable>
            <quota>false</quota>
            <searchable>true</searchable>
            <system>false</system>
            <unlogged>false</unlogged>
        </visibility>
        <definition>#&quot;fdea6255-5ee8-42a2-bdb1-aace3c917d86&quot;(
  entity: #&quot;_a-0000dd0d-462c-8000-9ba2-011c48011c48_5125&quot;,
  columns: {&quot;reservationId&quot;},
  logicalExpression: #&quot;SYSTEM_SYSRULES_queryLogicalExpression&quot;(
    operator: &quot;AND&quot;,
    logicalExpressions: {
      #&quot;SYSTEM_SYSRULES_applyComponents&quot;(
        function: #&quot;766471eb-bb92-4cd0-b040-834d0d75913f&quot;(
          reservationFrom: _,
          reservationTo: _
        ),
        array: merge(
          ri!reservationFrom,
          ri!reservationTo
        )
      ),
      #&quot;SYSTEM_SYSRULES_queryLogicalExpression&quot;(
        operator: &quot;AND&quot;,
        filters: {
          #&quot;SYSTEM_SYSRULES_queryFilter&quot;(
            field: &quot;spaceId&quot;,
            operator: &quot;=&quot;,
            value: ri!spaceId
          ),
          if(isnull(ri!currentReservationId),
            {},
            #&quot;SYSTEM_SYSRULES_queryFilter&quot;(
              field: &quot;reservationId&quot;,
              operator: &quot;&lt;&gt;&quot;,
              value: ri!currentReservationId
            )
          )
        }
      )
    }
  ),
  pagingInfo: #&quot;SYSTEM_SYSRULES_pagingInfo&quot;(
    startIndex: 1,
    batchSize: -1
  )
).totalCount = 0</definition>
        <namedTypedValue>
            <name>reservationFrom</name>
            <type>
                <name>Datetime?list</name>
                <namespace>http://www.appian.com/ae/types/2009</namespace>
            </type>
        </namedTypedValue>
        <namedTypedValue>
            <name>reservationTo</name>
            <type>
                <name>Datetime?list</name>
                <namespace>http://www.appian.com/ae/types/2009</namespace>
            </type>
        </namedTypedValue>
        <namedTypedValue>
            <name>spaceId</name>
            <type>
                <name>int</name>
                <namespace>http://www.w3.org/2001/XMLSchema</namespace>
            </type>
        </namedTypedValue>
        <namedTypedValue>
            <name>currentReservationId</name>
            <type>
                <name>int</name>
                <namespace>http://www.w3.org/2001/XMLSchema</namespace>
            </type>
        </namedTypedValue>
        <preferredEditor>legacy</preferredEditor>
        <offlineEnabled>false</offlineEnabled>
    </rule>
    <roleMap public="true">
        <role allowForAll="true" inherit="false" name="readers">
            <users/>
            <groups/>
        </role>
        <role allowForAll="true" inherit="false" name="authors">
            <users/>
            <groups/>
        </role>
        <role allowForAll="false" inherit="false" name="administrators">
            <users/>
            <groups>
                <groupUuid>_e-0000dd0a-93c8-8000-9aee-01075c01075c_12</groupUuid>
            </groups>
        </role>
        <role allowForAll="false" inherit="false" name="denyReaders">
            <users/>
            <groups/>
        </role>
        <role allowForAll="false" inherit="false" name="denyAuthors">
            <users/>
            <groups/>
        </role>
        <role allowForAll="false" inherit="false" name="denyAdministrators">
            <users/>
            <groups/>
        </role>
    </roleMap>
</contentHaul>
