<?xml version="1.0" encoding="UTF-8" standalone="yes"?>
<contentHaul xmlns:a="http://www.appian.com/ae/types/2009">
    <rule>
        <name>HR_FRM_Position_editPositionDescriptionRequest</name>
        <uuid>_a-0000dd4b-0482-8000-9ba2-011c48011c48_15778</uuid>
        <description>Main form for editing an exsisting position description</description>
        <parentUuid>_a-0000dd0d-462c-8000-9ba2-011c48011c48_3563</parentUuid>
        <visibility>
            <advertise>false</advertise>
            <hierarchy>true</hierarchy>
            <indexable>true</indexable>
            <quota>false</quota>
            <searchable>true</searchable>
            <system>false</system>
            <unlogged>false</unlogged>
        </visibility>
        <definition>load(&#xD;
  local!tabToShow: 1,&#xD;
  #&quot;SYSTEM_SYSRULES_formLayout&quot;(&#xD;
    label: ri!formLabel,&#xD;
    firstColumnContents: {&#xD;
      #&quot;ec1839c6-de8f-4834-8397-681ea3dbeed5&quot;(&#xD;
        labels: #&quot;_a-0000dd3a-bcbf-8000-9ba2-011c48011c48_15659&quot;,&#xD;
        tabToShow: local!tabToShow&#xD;
      ),&#xD;
      choose(&#xD;
        key: local!tabToShow,&#xD;
        choice1: {&#xD;
          #&quot;_a-0000dd0d-462c-8000-9ba2-011c48011c48_4354&quot;(&#xD;
            readOnly: false,&#xD;
            positionDescription: ri!positionDescription&#xD;
          )&#xD;
        },&#xD;
        choice2: {&#xD;
          #&quot;_a-0000dd0d-462c-8000-9ba2-011c48011c48_4355&quot;(&#xD;
            readOnly: false,&#xD;
            positionDescription: ri!positionDescription&#xD;
          )&#xD;
        },&#xD;
        choice3: {&#xD;
          #&quot;_a-0000dd0d-462c-8000-9ba2-011c48011c48_4330&quot;(&#xD;
            readOnly: false,&#xD;
            positionDescription: ri!positionDescription&#xD;
          )&#xD;
        },&#xD;
        choice4: {&#xD;
          #&quot;_a-0000dd0d-462c-8000-9ba2-011c48011c48_4356&quot;(&#xD;
            readOnly: false,&#xD;
            positionDescription: ri!positionDescription&#xD;
          )&#xD;
        },&#xD;
        choice5: {&#xD;
          #&quot;_a-0000dd0d-462c-8000-9ba2-011c48011c48_4357&quot;(&#xD;
            readOnly: false,&#xD;
            positionDescription: ri!positionDescription&#xD;
          )&#xD;
        }&#xD;
      )&#xD;
    },&#xD;
    buttons: #&quot;SYSTEM_SYSRULES_ButtonLayout&quot;(&#xD;
      primaryButtons: {&#xD;
        #&quot;SYSTEM_SYSRULES_ButtonWidgetSubmit&quot;(&#xD;
          label: #&quot;_a-0000dd0d-462c-8000-9ba2-011c48011c48_5544&quot;,&#xD;
          style: &quot;PRIMARY&quot;,&#xD;
          confirmMessage: &quot;Are you sure you wish to edit the position description? The request will be reviewed.&quot;,&#xD;
          value: #&quot;_a-0000dd0d-462c-8000-9ba2-011c48011c48_5544&quot;,&#xD;
          saveInto: ri!buttonClicked&#xD;
        )&#xD;
      },&#xD;
      secondaryButtons: {&#xD;
        #&quot;SYSTEM_SYSRULES_ButtonWidgetSubmit&quot;(&#xD;
          label: #&quot;_a-0000dd0d-462c-8000-9ba2-011c48011c48_5426&quot;,&#xD;
          confirmMessage: &quot;Are you sure you wish to cancel?&quot;,&#xD;
          value: #&quot;_a-0000dd0d-462c-8000-9ba2-011c48011c48_5426&quot;,&#xD;
          saveInto: ri!buttonClicked,&#xD;
          skipValidation: true&#xD;
        )&#xD;
      }&#xD;
    )&#xD;
  )&#xD;
)</definition>
        <namedTypedValue>
            <name>positionDescription</name>
            <type>
                <name>HR_PositionDescription</name>
                <namespace>urn:com:appian:types:HR</namespace>
            </type>
        </namedTypedValue>
        <namedTypedValue>
            <name>buttonClicked</name>
            <type>
                <name>string</name>
                <namespace>http://www.w3.org/2001/XMLSchema</namespace>
            </type>
            <value/>
        </namedTypedValue>
        <namedTypedValue>
            <name>formLabel</name>
            <type>
                <name>string</name>
                <namespace>http://www.w3.org/2001/XMLSchema</namespace>
            </type>
            <value/>
        </namedTypedValue>
        <preferredEditor>interface</preferredEditor>
        <offlineEnabled>false</offlineEnabled>
    </rule>
    <roleMap public="true">
        <role allowForAll="true" inherit="false" name="readers">
            <users/>
            <groups/>
        </role>
        <role allowForAll="true" inherit="false" name="authors">
            <users/>
            <groups/>
        </role>
        <role allowForAll="false" inherit="false" name="administrators">
            <users/>
            <groups>
                <groupUuid>_e-0000dd0a-93c8-8000-9aee-01075c01075c_12</groupUuid>
            </groups>
        </role>
        <role allowForAll="false" inherit="false" name="denyReaders">
            <users/>
            <groups/>
        </role>
        <role allowForAll="false" inherit="false" name="denyAuthors">
            <users/>
            <groups/>
        </role>
        <role allowForAll="false" inherit="false" name="denyAdministrators">
            <users/>
            <groups/>
        </role>
    </roleMap>
    <typedValue>
        <type>
            <name>RuleTestConfig?list</name>
            <namespace>http://www.appian.com/ae/types/2009</namespace>
        </type>
        <value>
            <el>
                <a:name/>
                <a:ruleInputTestConfigs>
                    <a:value xmlns:n1="urn:com:appian:types:HR" xmlns:xsi="http://www.w3.org/2001/XMLSchema-instance" xsi:nil="true" xsi:type="n1:HR_PositionDescription"/>
                    <a:nameRef>positionDescription</a:nameRef>
                    <a:id/>
                </a:ruleInputTestConfigs>
                <a:ruleInputTestConfigs>
                    <a:value xmlns:xsd="http://www.w3.org/2001/XMLSchema" xmlns:xsi="http://www.w3.org/2001/XMLSchema-instance" xsi:type="xsd:string"/>
                    <a:nameRef>buttonClicked</a:nameRef>
                    <a:id/>
                </a:ruleInputTestConfigs>
                <a:ruleInputTestConfigs>
                    <a:value xmlns:xsd="http://www.w3.org/2001/XMLSchema" xmlns:xsi="http://www.w3.org/2001/XMLSchema-instance" xsi:type="xsd:string"/>
                    <a:nameRef>formLabel</a:nameRef>
                    <a:id/>
                </a:ruleInputTestConfigs>
                <a:assertions xmlns:xsi="http://www.w3.org/2001/XMLSchema-instance" xsi:nil="true"/>
            </el>
        </value>
    </typedValue>
</contentHaul>
