<?xml version="1.0" encoding="UTF-8" standalone="yes"?>
<contentHaul xmlns:a="http://www.appian.com/ae/types/2009">
    <rule>
        <name>HR_SCT_Position_jobOverview</name>
        <uuid>_a-0000dd0d-462c-8000-9ba2-011c48011c48_4330</uuid>
        <description>Reusable section for the job overview of a position description</description>
        <parentUuid>_a-0000dd0d-462c-8000-9ba2-011c48011c48_3551</parentUuid>
        <visibility>
            <advertise>false</advertise>
            <hierarchy>true</hierarchy>
            <indexable>true</indexable>
            <quota>false</quota>
            <searchable>true</searchable>
            <system>false</system>
            <unlogged>false</unlogged>
        </visibility>
        <definition>#&quot;SYSTEM_SYSRULES_sectionLayout&quot;(
  isCollapsible: ri!readOnly,
  label: &quot;Job Overview&quot;,
  firstColumnContents: {
    #&quot;_a-0000dd0d-462c-8000-9ba2-011c48011c48_3687&quot;(
      label: &quot;Summary&quot;,
      readOnly: ri!readOnly,
      required: true,
      value: ri!positionDescription.positionDescSummary,
      saveInto: ri!positionDescription.positionDescSummary
    ),
    #&quot;_a-0000dd0d-462c-8000-9ba2-011c48011c48_3687&quot;(
      label: &quot;Duties&quot;,
      readOnly: ri!readOnly,
      required: true,
      value: ri!positionDescription.positionDescDuties,
      saveInto: ri!positionDescription.positionDescDuties
    )
  },
  secondColumnContents: {
    #&quot;_a-0000dd0d-462c-8000-9ba2-011c48011c48_3690&quot;(
      label: &quot;Travel Required&quot;,
      readOnly: ri!readOnly,
      required: true,
      value: if(
        isnull(
          ri!positionDescription.positionDescTravelPercentage
        ),
        null,
        ri!positionDescription.positionDescTravelPercentage &amp; &quot;%&quot;
      ),
      saveInto: a!save(
        ri!positionDescription.positionDescTravelPercentage,
        cleanwith(
          save!value,
          &quot;0123456789&quot;
        )
      ),
      helpTooltip: &quot;A value between 0 and 100 to indicate expected percent of time traveling.&quot;
    ),
    #&quot;_a-0000dd0d-462c-8000-9ba2-011c48011c48_3692&quot;(
      label: &quot;Relocation Authorized&quot;,
      readOnly: ri!readOnly,
      required: true,
      choiceLabels: {
        &quot;Yes&quot;,
        &quot;No&quot;
      },
      choiceValues: {
        true,
        false
      },
      value: ri!positionDescription.positionDescRelocationAuthorized,
      saveInto: ri!positionDescription.positionDescRelocationAuthorized,
      choiceLayout: &quot;COMPACT&quot;
    )
  }
)</definition>
        <namedTypedValue>
            <name>readOnly</name>
            <type>
                <name>boolean</name>
                <namespace>http://www.w3.org/2001/XMLSchema</namespace>
            </type>
        </namedTypedValue>
        <namedTypedValue>
            <name>positionDescription</name>
            <type>
                <name>HR_PositionDescription</name>
                <namespace>urn:com:appian:types:HR</namespace>
            </type>
        </namedTypedValue>
        <preferredEditor>interface</preferredEditor>
        <offlineEnabled>false</offlineEnabled>
    </rule>
    <roleMap public="true">
        <role allowForAll="true" inherit="false" name="readers">
            <users/>
            <groups/>
        </role>
        <role allowForAll="true" inherit="false" name="authors">
            <users/>
            <groups/>
        </role>
        <role allowForAll="false" inherit="false" name="administrators">
            <users/>
            <groups>
                <groupUuid>_e-0000dd0a-93c8-8000-9aee-01075c01075c_12</groupUuid>
            </groups>
        </role>
        <role allowForAll="false" inherit="false" name="denyReaders">
            <users/>
            <groups/>
        </role>
        <role allowForAll="false" inherit="false" name="denyAuthors">
            <users/>
            <groups/>
        </role>
        <role allowForAll="false" inherit="false" name="denyAdministrators">
            <users/>
            <groups/>
        </role>
    </roleMap>
</contentHaul>
