<?xml version="1.0" encoding="UTF-8" standalone="yes"?>
<contentHaul xmlns:a="http://www.appian.com/ae/types/2009">
    <rule>
        <name>HR_SCT_Onboarding_contactInformation</name>
        <uuid>_a-0000dd8b-d239-8000-9ba2-011c48011c48_29924</uuid>
        <description>Section that contains candidate contact information for onboarding</description>
        <parentUuid>_a-0000dd0d-462c-8000-9ba2-011c48011c48_3551</parentUuid>
        <visibility>
            <advertise>false</advertise>
            <hierarchy>true</hierarchy>
            <indexable>true</indexable>
            <quota>false</quota>
            <searchable>true</searchable>
            <system>false</system>
            <unlogged>false</unlogged>
        </visibility>
        <definition>#&quot;SYSTEM_SYSRULES_sectionLayout&quot;(
  label: &quot;Candidate Contact Information&quot;,
  isCollapsible: ri!isCollapsible,
  firstColumnContents: {
    #&quot;_a-0000dd0d-462c-8000-9ba2-011c48011c48_3690&quot;(
        label: &quot;Address&quot;,
        readOnly: ri!readOnly,
        required: if(ri!readOnly,false,true),
        disabled: ri!disabled,
        requiredMessage: &quot;Address is a required field&quot;,
        value: ri!afUser.address1,
        saveInto: ri!afUser.address1
      ),
      #&quot;_a-0000dd0d-462c-8000-9ba2-011c48011c48_3690&quot;(
        label: &quot;Address (cont)&quot;,
        readOnly: ri!readOnly,
        disabled: ri!disabled,
        value: ri!afUser.address2,
        saveInto: ri!afUser.address2,
        required: false
      ),
      #&quot;_a-0000dd0d-462c-8000-9ba2-011c48011c48_3690&quot;(
        label: &quot;City&quot;,
        readOnly: ri!readOnly,
        required: if(ri!readOnly,false,true),
        disabled: ri!disabled,
        requiredMessage: &quot;City is a required field&quot;,
        value: ri!afUser.city,
        saveInto: ri!afUser.city
      ),
      #&quot;_a-0000dd0d-462c-8000-9ba2-011c48011c48_3685&quot;(
        label: &quot;State&quot;,
        placeholderLabel: #&quot;_a-0000dd0d-462c-8000-9ba2-011c48011c48_4728&quot;,
        readOnly:ri!readOnly,
        required: if(ri!readOnly,false,true),
        disabled: ri!disabled,
        requiredMessage:&quot;State is a required field&quot;,
        choiceLabels: {
          #&quot;_a-0000dd0d-462c-8000-9ba2-011c48011c48_5511&quot;
        },
        choiceValues: {
          #&quot;_a-0000dd0d-462c-8000-9ba2-011c48011c48_5511&quot;
        },
        value: ri!afUser.state,
        saveInto: ri!afUser.state
      ),
      #&quot;_a-0000dd0d-462c-8000-9ba2-011c48011c48_3690&quot;(
        label: &quot;Zip Code&quot;,
        instructions: &quot;Enter a 5-digit zip code&quot;,
        readOnly: ri!readOnly,
        required: if(ri!readOnly,false,true),
        disabled: ri!disabled,
        requiredMessage: &quot;Zip Code is a required field&quot;,
        value: ri!afUser.zip,
        saveInto: 
          a!save(
            ri!afUser.zip,
            left(
              cleanwith(
                save!value,
                &quot;1234567890&quot;
              ),
              5
            )
          )
      )
  },
  secondcolumncontents: {
    #&quot;_a-0000dd8b-d239-8000-9ba2-011c48011c48_29951&quot;(
      label: &quot;Home Phone&quot;,
      readOnly: ri!readOnly,
      disabled: ri!disabled,
      phoneNumber: ri!afUser.homePhone,
      validationMessage: &quot;Please enter a valid phone number&quot;
    ),
    #&quot;_a-0000dd8b-d239-8000-9ba2-011c48011c48_29951&quot;(
      label: &quot;Mobile Phone&quot;,
      readOnly: ri!readOnly,
      disabled: ri!disabled,
      phoneNumber: ri!afUser.mobilePhone,
      validationMessage: &quot;Please enter a valid phone number&quot;
    ),
    #&quot;_a-0000dd8b-d239-8000-9ba2-011c48011c48_29951&quot;(
      label: &quot;Office Phone&quot;,
      readOnly: ri!readOnly,
      disabled: ri!disabled,
      phoneNumber: ri!afUser.officePhone,
      validationMessage: &quot;Please enter a valid phone number&quot;
    ),
    #&quot;_a-0000dd8b-d239-8000-9ba2-011c48011c48_29928&quot;(
      label: &quot;Contact Email&quot;,
      readOnly: ri!readOnly,
      emailAddress: ri!afUser.email,
      required: if(ri!readOnly,false,true),
      disabled: ri!disabled,
      requiredMessage: &quot;Contact Email is a required field&quot;,
      validationMessage: &quot;Please enter a valid email address&quot;
    ),
    #&quot;_a-0000dd8b-d239-8000-9ba2-011c48011c48_29928&quot;(
      label: &quot;Personal Email&quot;,
      readOnly: ri!readOnly,
      emailAddress: ri!hrUser.personalEmail,
      disabled: ri!disabled,
      /*required: if(ri!readOnly,false,true),
      requiredMessage: &quot;Personal Email is a required field&quot;,*/
      validationMessage: &quot;Please enter a valid email address&quot;
    )
  }
)</definition>
        <namedTypedValue>
            <name>afUser</name>
            <type>
                <name>AF_User</name>
                <namespace>urn:com:appian:types:AF</namespace>
            </type>
        </namedTypedValue>
        <namedTypedValue>
            <name>readOnly</name>
            <type>
                <name>boolean</name>
                <namespace>http://www.w3.org/2001/XMLSchema</namespace>
            </type>
        </namedTypedValue>
        <namedTypedValue>
            <name>isCollapsible</name>
            <type>
                <name>boolean</name>
                <namespace>http://www.w3.org/2001/XMLSchema</namespace>
            </type>
        </namedTypedValue>
        <namedTypedValue>
            <name>hrUser</name>
            <type>
                <name>HR_User</name>
                <namespace>urn:com:appian:types:HR</namespace>
            </type>
        </namedTypedValue>
        <namedTypedValue>
            <name>disabled</name>
            <type>
                <name>boolean</name>
                <namespace>http://www.w3.org/2001/XMLSchema</namespace>
            </type>
        </namedTypedValue>
        <preferredEditor>interface</preferredEditor>
        <offlineEnabled>false</offlineEnabled>
    </rule>
    <roleMap public="true">
        <role allowForAll="false" inherit="true" name="readers">
            <users/>
            <groups/>
        </role>
        <role allowForAll="false" inherit="true" name="authors">
            <users/>
            <groups/>
        </role>
        <role allowForAll="false" inherit="true" name="administrators">
            <users/>
            <groups/>
        </role>
        <role allowForAll="false" inherit="false" name="denyReaders">
            <users/>
            <groups/>
        </role>
        <role allowForAll="false" inherit="false" name="denyAuthors">
            <users/>
            <groups/>
        </role>
        <role allowForAll="false" inherit="false" name="denyAdministrators">
            <users/>
            <groups/>
        </role>
    </roleMap>
    <typedValue>
        <type>
            <name>RuleTestConfig?list</name>
            <namespace>http://www.appian.com/ae/types/2009</namespace>
        </type>
        <value>
            <el>
                <a:name/>
                <a:ruleInputTestConfigs>
                    <a:value xmlns:n1="urn:com:appian:types:AF" xmlns:xsi="http://www.w3.org/2001/XMLSchema-instance" xsi:nil="true" xsi:type="n1:AF_User"/>
                    <a:nameRef>afUser</a:nameRef>
                    <a:id/>
                </a:ruleInputTestConfigs>
                <a:ruleInputTestConfigs>
                    <a:value xmlns:xsd="http://www.w3.org/2001/XMLSchema" xmlns:xsi="http://www.w3.org/2001/XMLSchema-instance" xsi:type="xsd:boolean">false</a:value>
                    <a:nameRef>readOnly</a:nameRef>
                    <a:id/>
                </a:ruleInputTestConfigs>
                <a:ruleInputTestConfigs>
                    <a:value xmlns:xsd="http://www.w3.org/2001/XMLSchema" xmlns:xsi="http://www.w3.org/2001/XMLSchema-instance" xsi:nil="true" xsi:type="xsd:boolean"/>
                    <a:nameRef>isCollapsible</a:nameRef>
                    <a:id/>
                </a:ruleInputTestConfigs>
                <a:ruleInputTestConfigs>
                    <a:value xmlns:n2="urn:com:appian:types:HR" xmlns:xsi="http://www.w3.org/2001/XMLSchema-instance" xsi:nil="true" xsi:type="n2:HR_User"/>
                    <a:nameRef>hrUser</a:nameRef>
                    <a:id/>
                </a:ruleInputTestConfigs>
                <a:ruleInputTestConfigs>
                    <a:value xmlns:xsd="http://www.w3.org/2001/XMLSchema" xmlns:xsi="http://www.w3.org/2001/XMLSchema-instance" xsi:nil="true" xsi:type="xsd:boolean"/>
                    <a:nameRef>disabled</a:nameRef>
                    <a:id/>
                </a:ruleInputTestConfigs>
                <a:assertions xmlns:xsi="http://www.w3.org/2001/XMLSchema-instance" xsi:nil="true"/>
            </el>
        </value>
    </typedValue>
</contentHaul>
