<?xml version="1.0" encoding="UTF-8" standalone="yes"?>
<contentHaul xmlns:a="http://www.appian.com/ae/types/2009">
    <rule>
        <name>HR_RULE_Hoteling_getRecentlyReservedSpacesForUser</name>
        <uuid>_a-0000dd4b-0482-8000-9ba2-011c48011c48_18745</uuid>
        <description>Returns IDs of spaces recently reserved by the provided user</description>
        <parentUuid>_a-0000dd0d-462c-8000-9ba2-011c48011c48_3790</parentUuid>
        <visibility>
            <advertise>false</advertise>
            <hierarchy>true</hierarchy>
            <indexable>true</indexable>
            <quota>false</quota>
            <searchable>true</searchable>
            <system>false</system>
            <unlogged>false</unlogged>
        </visibility>
        <definition>#&quot;SYSTEM_SYSRULES_queryEntity&quot;(
  entity: #&quot;_a-0000dd0d-462c-8000-9ba2-011c48011c48_4999&quot;,
  query: #&quot;SYSTEM_SYSRULES_query&quot;(
    aggregation:{
      #&quot;SYSTEM_SYSRULES_queryAggregation&quot;(
        aggregationColumns:{
          #&quot;SYSTEM_SYSRULES_queryAggregationColumn&quot;(
            field: &quot;spaceId&quot;,
            isGrouping: true
          ),
          #&quot;SYSTEM_SYSRULES_queryAggregationColumn&quot;(
            field: &quot;spaceName&quot;,
            isGrouping: true
          ),
          #&quot;SYSTEM_SYSRULES_queryAggregationColumn&quot;(
            field: &quot;spaceTypeLabel&quot;,
            isGrouping: true
          ),
          #&quot;SYSTEM_SYSRULES_queryAggregationColumn&quot;(
            field: &quot;reservationId&quot;,
            aggregationFunction: &quot;MAX&quot;
          ),
        }
      )
    },
    filter: #&quot;SYSTEM_SYSRULES_queryFilter&quot;(
      field: &quot;reservationUserId&quot;,
      operator: &quot;=&quot;,
      value: ri!userId
    ),
    pagingInfo: #&quot;SYSTEM_SYSRULES_pagingInfo&quot;(
      startIndex: 1,
      batchSize: ri!numberOfSpaces,
      sort: #&quot;SYSTEM_SYSRULES_sortInfo&quot;(
        field: &quot;reservationId&quot;,
        ascending: false
      )
    )
  )
)</definition>
        <namedTypedValue>
            <name>userId</name>
            <type>
                <name>int</name>
                <namespace>http://www.w3.org/2001/XMLSchema</namespace>
            </type>
        </namedTypedValue>
        <namedTypedValue>
            <name>numberOfSpaces</name>
            <type>
                <name>int</name>
                <namespace>http://www.w3.org/2001/XMLSchema</namespace>
            </type>
        </namedTypedValue>
        <preferredEditor>legacy</preferredEditor>
        <offlineEnabled>false</offlineEnabled>
    </rule>
    <roleMap public="true">
        <role allowForAll="false" inherit="true" name="readers">
            <users/>
            <groups/>
        </role>
        <role allowForAll="false" inherit="true" name="authors">
            <users/>
            <groups/>
        </role>
        <role allowForAll="false" inherit="true" name="administrators">
            <users/>
            <groups/>
        </role>
        <role allowForAll="false" inherit="false" name="denyReaders">
            <users/>
            <groups/>
        </role>
        <role allowForAll="false" inherit="false" name="denyAuthors">
            <users/>
            <groups/>
        </role>
        <role allowForAll="false" inherit="false" name="denyAdministrators">
            <users/>
            <groups/>
        </role>
    </roleMap>
</contentHaul>
