<?xml version="1.0" encoding="UTF-8" standalone="yes"?>
<contentHaul xmlns:a="http://www.appian.com/ae/types/2009">
    <rule>
        <name>HR_DASH_PositionDescription_Summary</name>
        <uuid>_a-0000dd3a-bcbf-8000-9ba2-011c48011c48_15613</uuid>
        <description>Position Description Record Summary Interface</description>
        <parentUuid>_a-0000dd0a-80c8-8000-aae2-01ef9001ef90_3769</parentUuid>
        <visibility>
            <advertise>false</advertise>
            <hierarchy>true</hierarchy>
            <indexable>true</indexable>
            <quota>false</quota>
            <searchable>true</searchable>
            <system>false</system>
            <unlogged>false</unlogged>
        </visibility>
        <definition>load(
  local!tabToShow: 1,
  #&quot;SYSTEM_SYSRULES_dashboardLayout&quot;(
    firstColumnContents: {
      #&quot;ec1839c6-de8f-4834-8397-681ea3dbeed5&quot;(
        labels: #&quot;_a-0000dd3a-bcbf-8000-9ba2-011c48011c48_15659&quot;,
        tabToShow: local!tabToShow,
        saveInto: local!tabToShow
      ),
      choose(
        key: local!tabToShow,
        choice1: {
          #&quot;_a-0000dd3a-bcbf-8000-9ba2-011c48011c48_15627&quot;(
            positionDescription: ri!positionDescription
          )
        },
        choice2: {
          #&quot;_a-0000dd3a-bcbf-8000-9ba2-011c48011c48_15626&quot;(
            positionDescription: ri!positionDescription
          )
        },
        choice3: {
          #&quot;_a-0000dd3a-bcbf-8000-9ba2-011c48011c48_15628&quot;(
            positionDescription: ri!positionDescription
          )
        },
        choice4: {
          #&quot;_a-0000dd3a-bcbf-8000-9ba2-011c48011c48_15629&quot;(
            positionDescription: ri!positionDescription
          )
        },
        choice5: {
          #&quot;_a-0000dd3a-bcbf-8000-9ba2-011c48011c48_15630&quot;(
            positionDescription: ri!positionDescription
          )
        }
      )
    },
    secondColumnContents: {
      
    }
  )
)</definition>
        <namedTypedValue>
            <name>positionDescription</name>
            <type>
                <name>HR_V_PositionDescription_Record</name>
                <namespace>urn:com:appian:types:HR</namespace>
            </type>
        </namedTypedValue>
        <preferredEditor>interface</preferredEditor>
        <offlineEnabled>false</offlineEnabled>
    </rule>
    <roleMap public="true">
        <role allowForAll="true" inherit="false" name="readers">
            <users/>
            <groups/>
        </role>
        <role allowForAll="true" inherit="false" name="authors">
            <users/>
            <groups/>
        </role>
        <role allowForAll="false" inherit="false" name="administrators">
            <users/>
            <groups>
                <groupUuid>_e-0000dd0a-93c8-8000-9aee-01075c01075c_12</groupUuid>
            </groups>
        </role>
        <role allowForAll="false" inherit="false" name="denyReaders">
            <users/>
            <groups/>
        </role>
        <role allowForAll="false" inherit="false" name="denyAuthors">
            <users/>
            <groups/>
        </role>
        <role allowForAll="false" inherit="false" name="denyAdministrators">
            <users/>
            <groups/>
        </role>
    </roleMap>
    <typedValue>
        <type>
            <name>RuleTestConfig?list</name>
            <namespace>http://www.appian.com/ae/types/2009</namespace>
        </type>
        <value>
            <el>
                <a:name/>
                <a:ruleInputTestConfigs>
                    <a:value xmlns:xsi="http://www.w3.org/2001/XMLSchema-instance" xsi:type="a:Expression">#&quot;_a-0000dd3a-bcbf-8000-9ba2-011c48011c48_15651&quot;(
  positionDescId:1
).data[1]</a:value>
                    <a:nameRef>positionDescription</a:nameRef>
                    <a:id/>
                </a:ruleInputTestConfigs>
                <a:assertions xmlns:xsi="http://www.w3.org/2001/XMLSchema-instance" xsi:nil="true"/>
            </el>
        </value>
    </typedValue>
</contentHaul>
