<?xml version="1.0" encoding="UTF-8" standalone="yes"?>
<contentHaul xmlns:a="http://www.appian.com/ae/types/2009">
    <rule>
        <name>HR_SCT_ItEquipment_WarrantyInformation</name>
        <uuid>_a-0000dd8b-d239-8000-9ba2-011c48011c48_28794</uuid>
        <description></description>
        <parentUuid>_a-0000dd0d-462c-8000-9ba2-011c48011c48_3551</parentUuid>
        <visibility>
            <advertise>false</advertise>
            <hierarchy>true</hierarchy>
            <indexable>true</indexable>
            <quota>false</quota>
            <searchable>true</searchable>
            <system>false</system>
            <unlogged>false</unlogged>
        </visibility>
        <definition>#&quot;SYSTEM_SYSRULES_sectionLayout&quot;(&#xD;
    label: &quot;Warranty Information&quot;,&#xD;
    firstColumnContents: {&#xD;
      #&quot;_a-0000dd0d-462c-8000-9ba2-011c48011c48_3690&quot;(&#xD;
        label: &quot;Warranty Type&quot;,&#xD;
        readOnly: ri!readOnly,&#xD;
        value: ri!itEquipment.warrantyType,&#xD;
        saveInto: ri!itEquipment.warrantyType&#xD;
      )&#xD;
    },&#xD;
    secondColumnContents: {&#xD;
      #&quot;fa8d3278-99cb-48cb-b4c8-5602158660a9&quot;(&#xD;
        label: &quot;Warranty End Date&quot;,&#xD;
        value: ri!itEquipment.warrantyEndDate,&#xD;
         saveInto: ri!itEquipment.warrantyEndDate,&#xD;
         readOnly: ri!readOnly&#xD;
      )&#xD;
    },&#xD;
         isCollapsible: ri!readOnly&#xD;
    )</definition>
        <namedTypedValue>
            <name>readOnly</name>
            <type>
                <name>boolean</name>
                <namespace>http://www.w3.org/2001/XMLSchema</namespace>
            </type>
        </namedTypedValue>
        <namedTypedValue>
            <name>itEquipment</name>
            <type>
                <name>HR_ItEquipment</name>
                <namespace>urn:com:appian:types:HR</namespace>
            </type>
        </namedTypedValue>
        <preferredEditor>interface</preferredEditor>
        <offlineEnabled>false</offlineEnabled>
    </rule>
    <roleMap public="true">
        <role allowForAll="false" inherit="true" name="readers">
            <users/>
            <groups/>
        </role>
        <role allowForAll="false" inherit="true" name="authors">
            <users/>
            <groups/>
        </role>
        <role allowForAll="false" inherit="true" name="administrators">
            <users/>
            <groups/>
        </role>
        <role allowForAll="false" inherit="false" name="denyReaders">
            <users/>
            <groups/>
        </role>
        <role allowForAll="false" inherit="false" name="denyAuthors">
            <users/>
            <groups/>
        </role>
        <role allowForAll="false" inherit="false" name="denyAdministrators">
            <users/>
            <groups/>
        </role>
    </roleMap>
</contentHaul>
