<?xml version="1.0" encoding="UTF-8" standalone="yes"?>
<contentHaul xmlns:a="http://www.appian.com/ae/types/2009">
    <rule>
        <name>HR_RULE_Hoteling_calculateNthWeekdayOfMonth</name>
        <uuid>_a-0000dd72-ed8d-8000-9ba2-011c48011c48_25144</uuid>
        <description>Given a date, this rule will calculate what weekday of the month it is. For example, 9/12/2016 is the second Monday of the month.</description>
        <parentUuid>_a-0000dd0d-462c-8000-9ba2-011c48011c48_3790</parentUuid>
        <visibility>
            <advertise>false</advertise>
            <hierarchy>true</hierarchy>
            <indexable>true</indexable>
            <quota>false</quota>
            <searchable>true</searchable>
            <system>false</system>
            <unlogged>false</unlogged>
        </visibility>
        <definition>with(
  local!firstOfMonth: date(year(ri!date), month(ri!date), 1),
  local!firstOfMonthWeekday: weekday(local!firstOfMonth),
  local!dateWeekday: weekday(ri!date),
  local!weekDifference: weeknum(ri!date)-weeknum(local!firstOfMonth),
  if(local!firstOfMonthWeekday&gt;local!dateWeekday, local!weekDifference, local!weekDifference+1)
)</definition>
        <namedTypedValue>
            <name>date</name>
            <type>
                <name>date</name>
                <namespace>http://www.w3.org/2001/XMLSchema</namespace>
            </type>
        </namedTypedValue>
        <preferredEditor>legacy</preferredEditor>
        <offlineEnabled>false</offlineEnabled>
    </rule>
    <roleMap public="true">
        <role allowForAll="false" inherit="true" name="readers">
            <users/>
            <groups/>
        </role>
        <role allowForAll="false" inherit="true" name="authors">
            <users/>
            <groups/>
        </role>
        <role allowForAll="false" inherit="true" name="administrators">
            <users/>
            <groups/>
        </role>
        <role allowForAll="false" inherit="false" name="denyReaders">
            <users/>
            <groups/>
        </role>
        <role allowForAll="false" inherit="false" name="denyAuthors">
            <users/>
            <groups/>
        </role>
        <role allowForAll="false" inherit="false" name="denyAdministrators">
            <users/>
            <groups/>
        </role>
    </roleMap>
</contentHaul>
