<?xml version="1.0" encoding="UTF-8" standalone="yes"?>
<contentHaul xmlns:a="http://www.appian.com/ae/types/2009">
    <rule>
        <name>HR_RULE_ItEquipment_returnType</name>
        <uuid>_a-0000dd8b-d239-8000-9ba2-011c48011c48_29574</uuid>
        <description>Returns the Equipment Type from the Equipment Type Id</description>
        <parentUuid>_a-0000dd0d-462c-8000-9ba2-011c48011c48_3790</parentUuid>
        <visibility>
            <advertise>false</advertise>
            <hierarchy>true</hierarchy>
            <indexable>true</indexable>
            <quota>false</quota>
            <searchable>true</searchable>
            <system>false</system>
            <unlogged>false</unlogged>
        </visibility>
        <definition>load(&#xD;
  local!equipmentTypes: #&quot;3af0f2e5-5c7f-4f1b-b92a-7b2b087a2287&quot;(&#xD;
    columns: {&#xD;
      &quot;id&quot;,&#xD;
      &quot;label&quot;&#xD;
    },&#xD;
    type: #&quot;_a-0000dd0d-462c-8000-9ba2-011c48011c48_5291&quot;,&#xD;
    isActive: true&#xD;
  ).data, &#xD;
  {index(local!equipmentTypes.label, where(tointeger(local!equipmentTypes.id)=ri!dataSubset, {}), {})&#xD;
  }&#xD;
  )</definition>
        <namedTypedValue>
            <name>dataSubset</name>
            <type>
                <name>int</name>
                <namespace>http://www.w3.org/2001/XMLSchema</namespace>
            </type>
        </namedTypedValue>
        <preferredEditor>legacy</preferredEditor>
        <offlineEnabled>false</offlineEnabled>
    </rule>
    <roleMap public="true">
        <role allowForAll="false" inherit="true" name="readers">
            <users/>
            <groups/>
        </role>
        <role allowForAll="false" inherit="true" name="authors">
            <users/>
            <groups/>
        </role>
        <role allowForAll="false" inherit="true" name="administrators">
            <users/>
            <groups/>
        </role>
        <role allowForAll="false" inherit="false" name="denyReaders">
            <users/>
            <groups/>
        </role>
        <role allowForAll="false" inherit="false" name="denyAuthors">
            <users/>
            <groups/>
        </role>
        <role allowForAll="false" inherit="false" name="denyAdministrators">
            <users/>
            <groups/>
        </role>
    </roleMap>
</contentHaul>
