<?xml version="1.0" encoding="UTF-8" standalone="yes"?>
<contentHaul xmlns:a="http://www.appian.com/ae/types/2009">
    <rule>
        <name>HR_FRM_Onboarding_backgroundInvestigation</name>
        <uuid>_a-0000dd8b-d239-8000-9ba2-011c48011c48_29889</uuid>
        <description>Form to start a background investigation during the onboarding process</description>
        <parentUuid>_a-0000dd0d-462c-8000-9ba2-011c48011c48_3563</parentUuid>
        <visibility>
            <advertise>false</advertise>
            <hierarchy>true</hierarchy>
            <indexable>true</indexable>
            <quota>false</quota>
            <searchable>true</searchable>
            <system>false</system>
            <unlogged>false</unlogged>
        </visibility>
        <definition>load(
  local!commentPagingInfo: #&quot;SYSTEM_SYSRULES_pagingInfo&quot;(
    startIndex: 1,
    batchSize: #&quot;_a-0000dd3a-bcbf-8000-9ba2-011c48011c48_14254&quot;
  ),
  #&quot;SYSTEM_SYSRULES_formLayout&quot;(
    label: ri!label,
    firstColumnContents: {
      #&quot;SYSTEM_SYSRULES_milestoneField&quot;(
        steps: {
          #&quot;_a-0000dd8b-d239-8000-9ba2-011c48011c48_29899&quot;
        },
        active: 5
      ),
      #&quot;_a-0000dd8b-d239-8000-9ba2-011c48011c48_29917&quot;(
        afUser: ri!afUser,
        hrUser: ri!hrUser,
        readOnly: true,
        isCollapsible: true
      ),
      #&quot;_a-0000dd8b-d239-8000-9ba2-011c48011c48_30069&quot;(
        label: &quot;Additional Details&quot;,
        readOnly: false,
        backgroundInvestigation: ri!backgroundInvestigation
      ),
      #&quot;SYSTEM_SYSRULES_sectionLayout&quot;(
        label: &quot;Background Investigation Supporting Documents&quot;,
        firstColumnContents: {
          #&quot;_a-0000dd8b-d239-8000-9ba2-011c48011c48_26914&quot;(
            rootFolder: tofolder(ri!backgroundInvestigation.folderId),
            readOnly: false,
            saveInTo: {a!save(ri!buttonClicked, #&quot;_a-0000dd8b-d239-8000-9ba2-011c48011c48_31119&quot;)}
          )
        }
      ),
      #&quot;d13892c0-2f24-4c93-a9aa-5018ad147d58&quot;(
        readOnly: false,
        workflow_All: ri!workflow_All,
        pagingInfo: local!commentPagingInfo
      )
    },
    buttons: #&quot;SYSTEM_SYSRULES_ButtonLayout&quot;(
      primaryButtons: {
        #&quot;SYSTEM_SYSRULES_ButtonWidgetSubmit&quot;(
          label: #&quot;_a-0000dd0d-462c-8000-9ba2-011c48011c48_5544&quot;,
          style: &quot;PRIMARY&quot;,
          confirmMessage: &quot;Have you fully completed the background investigation?&quot;,
          value: #&quot;_a-0000dd0d-462c-8000-9ba2-011c48011c48_5544&quot;,
          saveInto: {ri!buttonClicked,
            a!save(ri!backgroundInvestigation.investigator, loggedInUser()),
            a!save(ri!backgroundInvestigation.statusId, #&quot;_a-0000dd8b-d239-8000-9ba2-011c48011c48_31016&quot;),
            a!save(ri!backgroundInvestigation.lastModifiedBy, loggedInUser()),
            a!save(ri!backgroundInvestigation.lastModifiedDatetime, now()),
            a!save(ri!backgroundInvestigation.completedBy, loggedInUser()),
            a!save(ri!backgroundInvestigation.completedDatetime, now())
          }
        )
      },
      secondaryButtons: {
        #&quot;SYSTEM_SYSRULES_ButtonWidgetSubmit&quot;(
          label: #&quot;_a-0000dd8b-d239-8000-9ba2-011c48011c48_30818&quot;,
          skipValidation: true,
          value: #&quot;_a-0000dd8b-d239-8000-9ba2-011c48011c48_30818&quot;,
          saveInto: {ri!buttonClicked,
            a!save(ri!backgroundInvestigation.investigator, loggedInUser()),
            a!save(ri!backgroundInvestigation.lastModifiedBy, loggedInUser()),
            a!save(ri!backgroundInvestigation.lastModifiedDatetime, now())
          }
        )
      }
    )
  )
)</definition>
        <namedTypedValue>
            <name>label</name>
            <type>
                <name>string</name>
                <namespace>http://www.w3.org/2001/XMLSchema</namespace>
            </type>
            <value/>
        </namedTypedValue>
        <namedTypedValue>
            <name>afUser</name>
            <type>
                <name>AF_User</name>
                <namespace>urn:com:appian:types:AF</namespace>
            </type>
        </namedTypedValue>
        <namedTypedValue>
            <name>hrUser</name>
            <type>
                <name>HR_User</name>
                <namespace>urn:com:appian:types:HR</namespace>
            </type>
        </namedTypedValue>
        <namedTypedValue>
            <name>buttonClicked</name>
            <type>
                <name>string</name>
                <namespace>http://www.w3.org/2001/XMLSchema</namespace>
            </type>
            <value/>
        </namedTypedValue>
        <namedTypedValue>
            <name>backgroundInvestigation</name>
            <type>
                <name>HR_BackgroundInvestigation</name>
                <namespace>urn:com:appian:types:HR</namespace>
            </type>
        </namedTypedValue>
        <namedTypedValue>
            <name>workflow_All</name>
            <type>
                <name>HR_Workflow_All</name>
                <namespace>urn:com:appian:types:HR</namespace>
            </type>
        </namedTypedValue>
        <preferredEditor>interface</preferredEditor>
        <offlineEnabled>false</offlineEnabled>
    </rule>
    <roleMap public="true">
        <role allowForAll="false" inherit="true" name="readers">
            <users/>
            <groups/>
        </role>
        <role allowForAll="false" inherit="true" name="authors">
            <users/>
            <groups/>
        </role>
        <role allowForAll="false" inherit="true" name="administrators">
            <users>
                <userUuid>rob.turverey</userUuid>
            </users>
            <groups/>
        </role>
        <role allowForAll="false" inherit="false" name="denyReaders">
            <users/>
            <groups/>
        </role>
        <role allowForAll="false" inherit="false" name="denyAuthors">
            <users/>
            <groups/>
        </role>
        <role allowForAll="false" inherit="false" name="denyAdministrators">
            <users/>
            <groups/>
        </role>
    </roleMap>
    <typedValue>
        <type>
            <name>RuleTestConfig?list</name>
            <namespace>http://www.appian.com/ae/types/2009</namespace>
        </type>
        <value>
            <el>
                <a:name/>
                <a:ruleInputTestConfigs>
                    <a:value xmlns:xsd="http://www.w3.org/2001/XMLSchema" xmlns:xsi="http://www.w3.org/2001/XMLSchema-instance" xsi:type="xsd:string"/>
                    <a:nameRef>label</a:nameRef>
                    <a:id/>
                </a:ruleInputTestConfigs>
                <a:ruleInputTestConfigs>
                    <a:value xmlns:n1="urn:com:appian:types:AF" xmlns:xsi="http://www.w3.org/2001/XMLSchema-instance" xsi:nil="true" xsi:type="n1:AF_User"/>
                    <a:nameRef>afUser</a:nameRef>
                    <a:id/>
                </a:ruleInputTestConfigs>
                <a:ruleInputTestConfigs>
                    <a:value xmlns:n2="urn:com:appian:types:HR" xmlns:xsi="http://www.w3.org/2001/XMLSchema-instance" xsi:nil="true" xsi:type="n2:HR_User"/>
                    <a:nameRef>hrUser</a:nameRef>
                    <a:id/>
                </a:ruleInputTestConfigs>
                <a:ruleInputTestConfigs>
                    <a:value xmlns:xsd="http://www.w3.org/2001/XMLSchema" xmlns:xsi="http://www.w3.org/2001/XMLSchema-instance" xsi:type="xsd:string"/>
                    <a:nameRef>buttonClicked</a:nameRef>
                    <a:id/>
                </a:ruleInputTestConfigs>
                <a:ruleInputTestConfigs>
                    <a:value xmlns:n2="urn:com:appian:types:HR" xmlns:xsi="http://www.w3.org/2001/XMLSchema-instance" xsi:nil="true" xsi:type="n2:HR_BackgroundInvestigation"/>
                    <a:nameRef>backgroundInvestigation</a:nameRef>
                    <a:id/>
                </a:ruleInputTestConfigs>
                <a:ruleInputTestConfigs>
                    <a:value xmlns:n2="urn:com:appian:types:HR" xmlns:xsi="http://www.w3.org/2001/XMLSchema-instance" xsi:nil="true" xsi:type="n2:HR_Workflow_All"/>
                    <a:nameRef>workflow_All</a:nameRef>
                    <a:id/>
                </a:ruleInputTestConfigs>
                <a:assertions xmlns:xsi="http://www.w3.org/2001/XMLSchema-instance" xsi:nil="true"/>
            </el>
        </value>
    </typedValue>
</contentHaul>
