<?xml version="1.0" encoding="UTF-8" standalone="yes"?>
<contentHaul xmlns:a="http://www.appian.com/ae/types/2009">
    <rule>
        <name>HR_RULE_Hoteling_getAvailableRepeatTypes</name>
        <uuid>_a-0000dd72-ed8d-8000-9ba2-011c48011c48_24611</uuid>
        <description>Rule to determine which repeat types are available based on the day of the week of the initial reservation</description>
        <parentUuid>_a-0000dd0d-462c-8000-9ba2-011c48011c48_3790</parentUuid>
        <visibility>
            <advertise>false</advertise>
            <hierarchy>true</hierarchy>
            <indexable>true</indexable>
            <quota>false</quota>
            <searchable>true</searchable>
            <system>false</system>
            <unlogged>false</unlogged>
        </visibility>
        <definition>load(
  local!satSunOptions: {1, 5, 6, 7},
  local!mWFOptions: {1, 2, 3, 5, 6, 7},
  local!tuThOptions: {1, 2, 4, 5, 6, 7},
  local!satSun: #&quot;_a-0000dd72-ed8d-8000-9ba2-011c48011c48_24594&quot;[{1, 7}],
  local!mWF: #&quot;_a-0000dd72-ed8d-8000-9ba2-011c48011c48_24594&quot;[{2, 4, 6}],
  local!tuTh: #&quot;_a-0000dd72-ed8d-8000-9ba2-011c48011c48_24594&quot;[{3, 5}],
  if(
    contains(local!mWF, ri!weekdayId),
    local!mWFOptions,
    if(contains(local!tuTh, ri!weekdayId),
      local!tuThOptions,
      local!satSunOptions
    )
  )
)</definition>
        <namedTypedValue>
            <name>weekdayId</name>
            <type>
                <name>int</name>
                <namespace>http://www.w3.org/2001/XMLSchema</namespace>
            </type>
        </namedTypedValue>
        <preferredEditor>legacy</preferredEditor>
        <offlineEnabled>false</offlineEnabled>
    </rule>
    <roleMap public="true">
        <role allowForAll="false" inherit="true" name="readers">
            <users/>
            <groups/>
        </role>
        <role allowForAll="false" inherit="true" name="authors">
            <users/>
            <groups/>
        </role>
        <role allowForAll="false" inherit="true" name="administrators">
            <users/>
            <groups/>
        </role>
        <role allowForAll="false" inherit="false" name="denyReaders">
            <users/>
            <groups/>
        </role>
        <role allowForAll="false" inherit="false" name="denyAuthors">
            <users/>
            <groups/>
        </role>
        <role allowForAll="false" inherit="false" name="denyAdministrators">
            <users/>
            <groups/>
        </role>
    </roleMap>
</contentHaul>
