<?xml version="1.0" encoding="UTF-8" standalone="yes"?>
<contentHaul xmlns:a="http://www.appian.com/ae/types/2009">
    <rule>
        <name>HR_QRY_getReservation</name>
        <uuid>_a-0000dd17-9077-8000-9ba2-011c48011c48_10963</uuid>
        <description>Gets all instances of an HR_Reservation based on the filters</description>
        <parentUuid>_a-0000dd0d-462c-8000-9ba2-011c48011c48_3807</parentUuid>
        <visibility>
            <advertise>false</advertise>
            <hierarchy>true</hierarchy>
            <indexable>true</indexable>
            <quota>false</quota>
            <searchable>true</searchable>
            <system>false</system>
            <unlogged>false</unlogged>
        </visibility>
        <definition>#&quot;fdea6255-5ee8-42a2-bdb1-aace3c917d86&quot;(
  entity: #&quot;_a-0000dd0d-462c-8000-9ba2-011c48011c48_5125&quot;,
  logicalExpression: #&quot;SYSTEM_SYSRULES_queryLogicalExpression&quot;(
    operator: &quot;AND&quot;,
    filters: {
      if(
        isnull(
          ri!reservationId
        ),
        #&quot;SYSTEM_SYSRULES_queryFilter&quot;(
          field: &quot;reservationId&quot;,
          operator: &quot;not null&quot;
        ),
        #&quot;SYSTEM_SYSRULES_queryFilter&quot;(
          field: &quot;reservationId&quot;,
          operator: &quot;=&quot;,
          value: ri!reservationId
        )
      ),
      if(
        isnull(
          ri!spaceId
        ),
        {},
        #&quot;SYSTEM_SYSRULES_queryFilter&quot;(
          field: &quot;spaceId&quot;,
          operator: &quot;=&quot;,
          value: ri!spaceId
        )
      ),
      if(
        isnull(
          ri!reservationFrom
        ),
        {},
        #&quot;SYSTEM_SYSRULES_queryFilter&quot;(
          field: &quot;reservationFrom&quot;,
          operator: &quot;&gt;=&quot;,
          value: ri!reservationFrom
        )
      ),
      if(
        isnull(
          ri!reservationTo
        ),
        {},
        #&quot;SYSTEM_SYSRULES_queryFilter&quot;(
          field: &quot;reservationTo&quot;,
          operator: &quot;&lt;=&quot;,
          value: ri!reservationTo
        )
      )
    }
  ),
  pagingInfo: ri!pagingInfo
)</definition>
        <namedTypedValue>
            <name>pagingInfo</name>
            <type>
                <name>PagingInfo</name>
                <namespace>http://www.appian.com/ae/types/2009</namespace>
            </type>
        </namedTypedValue>
        <namedTypedValue>
            <name>columns</name>
            <type>
                <name>Text?list</name>
                <namespace>http://www.appian.com/ae/types/2009</namespace>
            </type>
        </namedTypedValue>
        <namedTypedValue>
            <name>reservationId</name>
            <type>
                <name>int</name>
                <namespace>http://www.w3.org/2001/XMLSchema</namespace>
            </type>
        </namedTypedValue>
        <namedTypedValue>
            <name>spaceId</name>
            <type>
                <name>int</name>
                <namespace>http://www.w3.org/2001/XMLSchema</namespace>
            </type>
        </namedTypedValue>
        <namedTypedValue>
            <name>reservationFrom</name>
            <type>
                <name>dateTime</name>
                <namespace>http://www.w3.org/2001/XMLSchema</namespace>
            </type>
        </namedTypedValue>
        <namedTypedValue>
            <name>reservationTo</name>
            <type>
                <name>dateTime</name>
                <namespace>http://www.w3.org/2001/XMLSchema</namespace>
            </type>
        </namedTypedValue>
        <preferredEditor>legacy</preferredEditor>
        <offlineEnabled>false</offlineEnabled>
    </rule>
    <roleMap public="true">
        <role allowForAll="true" inherit="false" name="readers">
            <users/>
            <groups/>
        </role>
        <role allowForAll="true" inherit="false" name="authors">
            <users/>
            <groups/>
        </role>
        <role allowForAll="false" inherit="false" name="administrators">
            <users/>
            <groups>
                <groupUuid>_e-0000dd0a-93c8-8000-9aee-01075c01075c_12</groupUuid>
            </groups>
        </role>
        <role allowForAll="false" inherit="false" name="denyReaders">
            <users/>
            <groups/>
        </role>
        <role allowForAll="false" inherit="false" name="denyAuthors">
            <users/>
            <groups/>
        </role>
        <role allowForAll="false" inherit="false" name="denyAdministrators">
            <users/>
            <groups/>
        </role>
    </roleMap>
</contentHaul>
