<?xml version="1.0" encoding="UTF-8" standalone="yes"?>
<contentHaul xmlns:a="http://www.appian.com/ae/types/2009">
    <rule>
        <name>HR_REPORT_PositionDetails</name>
        <uuid>_a-0000dd0d-462c-8000-9ba2-011c48011c48_3787</uuid>
        <description>Allow the user to enter filter criteria for the type of position records they want to retrieve.   Display position details information.</description>
        <parentUuid>_a-0000dd0a-5e76-8000-aae2-01ef9001ef90_3752</parentUuid>
        <visibility>
            <advertise>false</advertise>
            <hierarchy>true</hierarchy>
            <indexable>true</indexable>
            <quota>false</quota>
            <searchable>true</searchable>
            <system>false</system>
            <unlogged>false</unlogged>
        </visibility>
        <definition>load(
  local!searchRequest,
  local!temp_searchRequest,
  local!blank_searchRequest: 'type!{urn:com:appian:types:HR}HR_Position_SearchRequest'(),
  local!columns: {
    &quot;positionId&quot;,
    &quot;positionName&quot;,
    &quot;positionSalaryLower&quot;,
    &quot;positionSalaryUpper&quot;,
    &quot;positionSeries&quot;,
    &quot;positionGrade&quot;,
    &quot;positionLocation&quot;,
    &quot;positionOpenDate&quot;,
    &quot;positionCloseDate&quot;,
    &quot;positionDept&quot;,
    &quot;positionAgencyName&quot;,
    &quot;positionStatus&quot;,
    &quot;userName&quot;,
    &quot;userId&quot;
  },
  local!pagingInfo: #&quot;SYSTEM_SYSRULES_pagingInfo&quot;(
    startIndex: 1,
    batchSize: #&quot;_a-0000dd0d-462c-8000-9ba2-011c48011c48_4972&quot;,
    sort: #&quot;SYSTEM_SYSRULES_sortInfo&quot;(
      field: &quot;positionName&quot;,
      ascending: true
    )
  ),
  local!dataSubset: #&quot;_a-0000dd8b-d239-8000-9ba2-011c48011c48_29531&quot;(
    searchRequest: local!blank_searchRequest,
    pagingInfo: local!pagingInfo
  ),
  local!showColumns: false,
  local!choiceLabels: {
    &quot;Salary Lower&quot;,
    &quot;Salary Upper&quot;,
    &quot;Series&quot;,
    &quot;Grade&quot;,
    &quot;Location&quot;,
    &quot;Open Date&quot;,
    &quot;Close Date&quot;,
    &quot;Department&quot;,
    &quot;Agency&quot;,
    &quot;Filled By&quot;,
    &quot;Status&quot;
  },
  local!showColumn: local!choiceLabels[enumerate(
    11
  ) + 1],
  #&quot;SYSTEM_SYSRULES_dashboardLayout&quot;(
    firstColumnContents: {
      #&quot;_a-0000dd8b-d239-8000-9ba2-011c48011c48_29538&quot;(
        temp_searchRequest: local!temp_searchRequest,
        searchRequest: local!searchRequest,
        dataSubset: local!dataSubset,
        pagingInfo: local!pagingInfo,
        blank_searchRequest: local!blank_searchRequest
      ),
      #&quot;SYSTEM_SYSRULES_sectionLayout&quot;(
        label: &quot;Position Details&quot;,
        firstColumnContents: {
          #&quot;SYSTEM_SYSRULES_gridField&quot;(
            totalCount: local!dataSubset.totalCount,
            columns: {
              #&quot;SYSTEM_SYSRULES_gridTextColumn&quot;(
                label: &quot;Name&quot;,
                field: &quot;positionName&quot;,
                data: index(
                  local!dataSubset.data,
                  &quot;positionName&quot;,
                  null
                ),
                links: #&quot;SYSTEM_SYSRULES_applyComponents&quot;(
                  function: #&quot;SYSTEM_SYSRULES_recordLink&quot;(
                    recordType: #&quot;_a-0000dd0d-462c-8000-9ba2-011c48011c48_4065&quot;,
                    identifier: _
                  ),
                  array: index(
                    local!datasubset.data,
                    &quot;positionId&quot;,
                    {}
                  )
                )
              ),
              if(
                contains(
                  local!showColumn,
                  &quot;Salary Lower&quot;
                ),
                #&quot;SYSTEM_SYSRULES_gridTextColumn&quot;(
                  label: &quot;Salary Lower&quot;,
                  field: &quot;positionSalaryLower&quot;,
                  data: apply(
                    #&quot;e3a37a1b-0acc-46d5-a7bc-42eec7fb6691&quot;(
                      number: _,
                      decimals: 2,
                      no_commas: 0
                    ),
                    index(
                      local!dataSubset.data,
                      &quot;positionSalaryLower&quot;,
                      {}
                    )
                  )
                ),
                {}
              ),
              if(
                contains(
                  local!showColumn,
                  &quot;Salary Upper&quot;
                ),
                #&quot;SYSTEM_SYSRULES_gridTextColumn&quot;(
                  label: &quot;Salary Upper&quot;,
                  field: &quot;positionSalaryUpper&quot;,
                  data: apply(
                    #&quot;e3a37a1b-0acc-46d5-a7bc-42eec7fb6691&quot;(
                      number: _,
                      decimals: 2,
                      no_commas: 0
                    ),
                    index(
                      local!dataSubset.data,
                      &quot;positionSalaryUpper&quot;,
                      {}
                    )
                  )
                ),
                {}
              ),
              if(
                contains(
                  local!showColumn,
                  &quot;Series&quot;
                ),
                #&quot;SYSTEM_SYSRULES_gridTextColumn&quot;(
                  label: &quot;Series&quot;,
                  field: &quot;positionSeries&quot;,
                  data: index(
                    local!dataSubset.data,
                    &quot;positionSeries&quot;,
                    null
                  )
                ),
                {}
              ),
              if(
                contains(
                  local!showColumn,
                  &quot;Grade&quot;
                ),
                #&quot;SYSTEM_SYSRULES_gridTextColumn&quot;(
                  label: &quot;Grade&quot;,
                  field: &quot;positionGrade&quot;,
                  data: index(
                    local!dataSubset.data,
                    &quot;positionGrade&quot;,
                    null
                  )
                ),
                {}
              ),
              if(
                contains(
                  local!showColumn,
                  &quot;Location&quot;
                ),
                #&quot;SYSTEM_SYSRULES_gridTextColumn&quot;(
                  label: &quot;Location&quot;,
                  field: &quot;positionLocation&quot;,
                  data: index(
                    local!dataSubset.data,
                    &quot;positionLocation&quot;,
                    null
                  )
                ),
                {}
              ),
              if(
                contains(
                  local!showColumn,
                  &quot;Open Date&quot;
                ),
                #&quot;SYSTEM_SYSRULES_gridTextColumn&quot;(
                  label: &quot;Open Date&quot;,
                  field: &quot;positionOpenDate&quot;,
                  data: index(
                    local!dataSubset.data,
                    &quot;positionOpenDate&quot;,
                    null
                  )
                ),
                {}
              ),
              if(
                contains(
                  local!showColumn,
                  &quot;Close Date&quot;
                ),
                #&quot;SYSTEM_SYSRULES_gridTextColumn&quot;(
                  label: &quot;Close Date&quot;,
                  field: &quot;positionCloseDate&quot;,
                  data: index(
                    local!dataSubset.data,
                    &quot;positionCloseDate&quot;,
                    null
                  )
                ),
                {}
              ),
              if(
                contains(
                  local!showColumn,
                  &quot;Department&quot;
                ),
                #&quot;SYSTEM_SYSRULES_gridTextColumn&quot;(
                  label: &quot;Department&quot;,
                  field: &quot;positionDept&quot;,
                  data: index(
                    local!dataSubset.data,
                    &quot;positionDept&quot;,
                    null
                  )
                ),
                {}
              ),
              if(
                contains(
                  local!showColumn,
                  &quot;Agency&quot;
                ),
                #&quot;SYSTEM_SYSRULES_gridTextColumn&quot;(
                  label: &quot;Agency&quot;,
                  field: &quot;positionAgencyName&quot;,
                  data: index(
                    local!dataSubset.data,
                    &quot;positionAgencyName&quot;,
                    null
                  )
                ),
                {}
              ),
              if(
                contains(
                  local!showColumn,
                  &quot;Filled By&quot;
                ),
                #&quot;SYSTEM_SYSRULES_gridTextColumn&quot;(
                  label: &quot;Filled By&quot;,
                  field: &quot;userName&quot;,
                  data: index(
                    local!dataSubset.data,
                    &quot;userName&quot;,
                    null
                  ),
                  links: #&quot;SYSTEM_SYSRULES_applyComponents&quot;(
                    function: #&quot;SYSTEM_SYSRULES_recordLink&quot;(
                      recordType: #&quot;_a-0000dd0d-462c-8000-9ba2-011c48011c48_3992&quot;,
                      identifier: _
                    ),
                    array: index(
                      local!datasubset.data,
                      &quot;userId&quot;,
                      {}
                    )
                  )
                ),
                {}
              ),
              if(
                contains(
                  local!showColumn,
                  &quot;Status&quot;
                ),
                #&quot;SYSTEM_SYSRULES_gridTextColumn&quot;(
                  label: &quot;Status&quot;,
                  field: &quot;positionStatus&quot;,
                  data: index(
                    local!dataSubset.data,
                    &quot;positionStatus&quot;,
                    null
                  )
                ),
                {}
              )
            },
            value: local!pagingInfo,
            saveInto: #&quot;4c0833a9-0127-4d25-9d6d-cb881c688e7d&quot;(
              gridSelectionOrPagingInfo: local!pagingInfo,
              additionalSaveInto: {
                a!save(
                  local!dataSubset,
                  #&quot;_a-0000dd8b-d239-8000-9ba2-011c48011c48_29531&quot;(
                    searchRequest: local!searchRequest,
                    pagingInfo: local!pagingInfo
                  )
                )
              }
            )
          ),
          #&quot;2d786626-f8a4-4c46-a2a6-c0c8fe96a4ad&quot;(
            showColumns: local!showColumns,
            choiceLabels: local!choiceLabels,
            showColumn: local!showColumn
          )
        }
      )
    }
  )
)</definition>
        <preferredEditor>interface</preferredEditor>
        <offlineEnabled>false</offlineEnabled>
    </rule>
    <roleMap public="true">
        <role allowForAll="true" inherit="false" name="readers">
            <users/>
            <groups/>
        </role>
        <role allowForAll="true" inherit="false" name="authors">
            <users/>
            <groups/>
        </role>
        <role allowForAll="false" inherit="false" name="administrators">
            <users/>
            <groups>
                <groupUuid>_e-0000dd0a-93c8-8000-9aee-01075c01075c_12</groupUuid>
            </groups>
        </role>
        <role allowForAll="false" inherit="false" name="denyReaders">
            <users/>
            <groups/>
        </role>
        <role allowForAll="false" inherit="false" name="denyAuthors">
            <users/>
            <groups/>
        </role>
        <role allowForAll="false" inherit="false" name="denyAdministrators">
            <users/>
            <groups/>
        </role>
    </roleMap>
</contentHaul>
