<?xml version="1.0" encoding="UTF-8" standalone="yes"?>
<contentHaul xmlns:a="http://www.appian.com/ae/types/2009">
    <rule>
        <name>HR_DASH_Building_Floor</name>
        <uuid>_a-0000dd4b-0482-8000-9ba2-011c48011c48_16375</uuid>
        <description>Building Floor Subdashboard Interface</description>
        <parentUuid>_a-0000dd0a-80c8-8000-aae2-01ef9001ef90_3769</parentUuid>
        <visibility>
            <advertise>false</advertise>
            <hierarchy>true</hierarchy>
            <indexable>true</indexable>
            <quota>false</quota>
            <searchable>true</searchable>
            <system>false</system>
            <unlogged>false</unlogged>
        </visibility>
        <definition>load(
  local!floorColumns: {
    &quot;floorId&quot;,
    &quot;floorName&quot;,
    &quot;openFloorPlan&quot;,
    &quot;quietAreaOnly&quot;,
    &quot;hasKitchen&quot;,
    &quot;hasCommonArea&quot;,
    &quot;badgeRequired&quot;
  },
  local!pagingInfo: #&quot;SYSTEM_SYSRULES_pagingInfo&quot;(
    startIndex: 1,
    batchSize: #&quot;_a-0000dd0d-462c-8000-9ba2-011c48011c48_4972&quot;,
    sort: #&quot;SYSTEM_SYSRULES_sortInfo&quot;(
      field: &quot;floorName&quot;,
      ascending: true
    )
  ),
  local!dataSubset: #&quot;_a-0000dd4b-0482-8000-9ba2-011c48011c48_16371&quot;(
    columns: local!floorColumns,
    pagingInfo: local!pagingInfo,
    buildingId: rf!buildingId
  ),
  local!showColumns: false,
  local!choiceLabels: {
    &quot;Open Floor Plan&quot;,
    &quot;Quiet Area Only&quot;,
    &quot;Has Kitchen&quot;,
    &quot;Has Common Area&quot;,
    &quot;Badge Required&quot;
  },
  local!showColumn: local!choiceLabels[enumerate(
    #&quot;d53ac46f-51ce-4502-8ae5-3435ca0d27aa&quot;(local!choiceLabels)
  ) + 1],
  #&quot;SYSTEM_SYSRULES_dashboardLayout&quot;(
    firstColumnContents: {
      #&quot;SYSTEM_SYSRULES_sectionLayout&quot;(
        firstColumnContents: {
          #&quot;SYSTEM_SYSRULES_gridField&quot;(
            columns: {
              #&quot;SYSTEM_SYSRULES_gridTextColumn&quot;(
                label: &quot;Name&quot;,
                field: &quot;floorName&quot;,
                data: index(
                  local!dataSubset.data,
                  &quot;floorName&quot;,
                  {}
                ),
                links: #&quot;SYSTEM_SYSRULES_applyComponents&quot;(
                  function: #&quot;SYSTEM_SYSRULES_recordLink&quot;(
                    identifier: _,
                    recordType: #&quot;_a-0000dd4b-0482-8000-9ba2-011c48011c48_16378&quot;
                  ),
                  array: index(
                    local!dataSubset.data,
                    &quot;floorId&quot;,
                    {}
                  )
                )
              ),
              if(
                contains(
                  local!showColumn,
                  &quot;Open Floor Plan&quot;
                ),
                #&quot;SYSTEM_SYSRULES_gridTextColumn&quot;(
                  label: &quot;Open Floor Plan&quot;,
                  field: &quot;openFloorPlan&quot;,
                  data: apply(
                    #&quot;_a-0000dd0d-462c-8000-9ba2-011c48011c48_5334&quot;(bool:_),
                    index(local!dataSubset.data, &quot;openFloorPlan&quot;, {})
                  )
                ),
                {}
              ),
              if(
                contains(
                  local!showColumn,
                  &quot;Quiet Area Only&quot;
                ),
                #&quot;SYSTEM_SYSRULES_gridTextColumn&quot;(
                  label: &quot;Quiet Area Only&quot;,
                  field: &quot;quietAreaOnly&quot;,
                  data: apply(
                    #&quot;_a-0000dd0d-462c-8000-9ba2-011c48011c48_5334&quot;(bool:_),
                    index(local!dataSubset.data, &quot;quietAreaOnly&quot;, {})
                  )
                ),
                {}
              ),
              if(
                contains(
                  local!showColumn,
                  &quot;Has Kitchen&quot;
                ),
                #&quot;SYSTEM_SYSRULES_gridTextColumn&quot;(
                  label: &quot;Has Kitchen&quot;,
                  field: &quot;hasKitchen&quot;,
                  data: apply(
                    #&quot;_a-0000dd0d-462c-8000-9ba2-011c48011c48_5334&quot;(bool:_),
                    index(local!dataSubset.data, &quot;hasKitchen&quot;, {})
                  )
                ),
                {}
              ),
              if(
                contains(
                  local!showColumn,
                  &quot;Has Common Area&quot;
                ),
                #&quot;SYSTEM_SYSRULES_gridTextColumn&quot;(
                  label: &quot;Has Common Area&quot;,
                  field: &quot;hasCommonArea&quot;,
                  data: apply(
                    #&quot;_a-0000dd0d-462c-8000-9ba2-011c48011c48_5334&quot;(bool:_),
                    index(local!dataSubset.data, &quot;hasCommonArea&quot;, {})
                  )
                ),
                {}
              ),
              if(
                contains(
                  local!showColumn,
                  &quot;Badge Required&quot;
                ),
                #&quot;SYSTEM_SYSRULES_gridTextColumn&quot;(
                  label: &quot;Badge Required&quot;,
                  field: &quot;badgeRequired&quot;,
                  data: apply(
                    #&quot;_a-0000dd0d-462c-8000-9ba2-011c48011c48_5334&quot;(bool:_),
                    index(local!dataSubset.data, &quot;badgeRequired&quot;, {})
                  )
                ),
                {}
              )
            },
            totalCount: local!dataSubset.totalCount,
            value: local!pagingInfo,
            saveInto: #&quot;4c0833a9-0127-4d25-9d6d-cb881c688e7d&quot;(
              gridSelectionOrPagingInfo: local!pagingInfo,
              additionalSaveInto: {
                a!save(
                  local!dataSubset,
                  #&quot;_a-0000dd4b-0482-8000-9ba2-011c48011c48_16371&quot;(
                    columns: local!floorColumns,
                    pagingInfo: local!pagingInfo,
                    buildingId: rf!buildingId
                  )
                )
              }
            )
          ),
          #&quot;2d786626-f8a4-4c46-a2a6-c0c8fe96a4ad&quot;(
            showColumns: local!showColumns,
            choiceLabels: local!choiceLabels,
            showColumn: local!showColumn
          )
        }
      )
    }
  )
)</definition>
        <preferredEditor>interface</preferredEditor>
        <offlineEnabled>false</offlineEnabled>
    </rule>
    <roleMap public="true">
        <role allowForAll="true" inherit="false" name="readers">
            <users/>
            <groups/>
        </role>
        <role allowForAll="true" inherit="false" name="authors">
            <users/>
            <groups/>
        </role>
        <role allowForAll="false" inherit="false" name="administrators">
            <users>
                <userUuid>sean.petykowski</userUuid>
            </users>
            <groups>
                <groupUuid>_e-0000dd0a-93c8-8000-9aee-01075c01075c_12</groupUuid>
            </groups>
        </role>
        <role allowForAll="false" inherit="false" name="denyReaders">
            <users/>
            <groups/>
        </role>
        <role allowForAll="false" inherit="false" name="denyAuthors">
            <users/>
            <groups/>
        </role>
        <role allowForAll="false" inherit="false" name="denyAdministrators">
            <users/>
            <groups/>
        </role>
    </roleMap>
</contentHaul>
