<?xml version="1.0" encoding="UTF-8" standalone="yes"?>
<contentHaul xmlns:a="http://www.appian.com/ae/types/2009">
    <rule>
        <name>HR_SCT_Onboarding_selectSpace</name>
        <uuid>_a-0000dd8b-d239-8000-9ba2-011c48011c48_30075</uuid>
        <description></description>
        <parentUuid>_a-0000dd0d-462c-8000-9ba2-011c48011c48_3551</parentUuid>
        <visibility>
            <advertise>false</advertise>
            <hierarchy>true</hierarchy>
            <indexable>true</indexable>
            <quota>false</quota>
            <searchable>true</searchable>
            <system>false</system>
            <unlogged>false</unlogged>
        </visibility>
        <definition>load(&#xD;
  local!v_space,&#xD;
  local!path,&#xD;
  local!showBrowser: true,&#xD;
  #&quot;SYSTEM_SYSRULES_sectionLayout&quot;(&#xD;
    firstColumnContents: {&#xD;
      if(local!showBrowser,&#xD;
        #&quot;SYSTEM_SYSRULES_hierarchyBrowserFieldColumns&quot;(&#xD;
          label: &quot;Space&quot;,&#xD;
          firstColumnValues: #&quot;_a-0000dd0d-462c-8000-9ba2-011c48011c48_5501&quot;(&#xD;
            columns: {&quot;campusId&quot;, &quot;campusName&quot;}&#xD;
          ).data,&#xD;
          nodeConfigs: if(not(isnull(index(fv!nodeValue, &quot;spaceId&quot;, null))),&#xD;
            #&quot;SYSTEM_SYSRULES_hierarchyBrowserFieldColumnsNode&quot;(&#xD;
              id: fv!nodeValue.spaceId,&#xD;
              label: fv!nodeValue.spaceName,&#xD;
              image: #&quot;SYSTEM_SYSRULES_documentImage&quot;(document: #&quot;_a-0000dd8b-d239-8000-9ba2-011c48011c48_30080&quot;),&#xD;
              link: #&quot;_a-0000dd8b-d239-8000-9ba2-011c48011c48_30177&quot;(&#xD;
                recordType: #&quot;_a-0000dd0d-462c-8000-9ba2-011c48011c48_4983&quot;,&#xD;
                recordIds: fv!nodeValue.spaceId&#xD;
              ),&#xD;
              isDrillable: false&#xD;
            ),&#xD;
            if(not(isnull(index(fv!nodeValue, &quot;floorId&quot;, null))),&#xD;
              #&quot;SYSTEM_SYSRULES_hierarchyBrowserFieldColumnsNode&quot;(&#xD;
                id: fv!nodeValue.floorId,&#xD;
                label: fv!nodeValue.floorName,&#xD;
                image: #&quot;SYSTEM_SYSRULES_documentImage&quot;(document: #&quot;_a-0000dd8b-d239-8000-9ba2-011c48011c48_30080&quot;),&#xD;
                isSelectable: false&#xD;
              ),&#xD;
              if(not(isnull(index(fv!nodeValue, &quot;buildingId&quot;, null))),&#xD;
                #&quot;SYSTEM_SYSRULES_hierarchyBrowserFieldColumnsNode&quot;(&#xD;
                  id: fv!nodeValue.buildingId,&#xD;
                  label: fv!nodeValue.buildingName,&#xD;
                  image: #&quot;SYSTEM_SYSRULES_documentImage&quot;(document: #&quot;_a-0000dd8b-d239-8000-9ba2-011c48011c48_30080&quot;),&#xD;
                  isSelectable: false&#xD;
                ),&#xD;
                if(not(isnull(index(fv!nodeValue, &quot;campusId&quot;, null))),&#xD;
                  #&quot;SYSTEM_SYSRULES_hierarchyBrowserFieldColumnsNode&quot;(&#xD;
                    id: fv!nodeValue.campusId,&#xD;
                    label: fv!nodeValue.campusName,&#xD;
                    image: #&quot;SYSTEM_SYSRULES_documentImage&quot;(document: #&quot;_a-0000dd8b-d239-8000-9ba2-011c48011c48_30080&quot;),&#xD;
                    isSelectable: false&#xD;
                  ),&#xD;
                  null&#xD;
                )&#xD;
              )&#xD;
            )&#xD;
          ),&#xD;
          pathValue: local!path,&#xD;
          pathSaveInto: {&#xD;
            local!path,&#xD;
            a!save(ri!spacePerson, null)&#xD;
          },&#xD;
          nextColumnValues: if(not(isnull(index(fv!nodeValue, &quot;floorId&quot;, null))),&#xD;
            #&quot;_a-0000dd0d-462c-8000-9ba2-011c48011c48_4973&quot;(&#xD;
              columns: {&quot;spaceId&quot;, &quot;campusName&quot;, &quot;buildingName&quot;, &quot;floorName&quot;, &quot;spaceName&quot;, &quot;spaceTypeLabel&quot;},&#xD;
              spaceTypeId: #&quot;_a-0000dd8b-d239-8000-9ba2-011c48011c48_30091&quot;,&#xD;
              isTempSpace: false,&#xD;
              floorId: fv!nodeValue.floorId,&#xD;
              noUser: true&#xD;
            ).data,&#xD;
            if(not(isnull(index(fv!nodeValue, &quot;buildingId&quot;, null))),&#xD;
              #&quot;_a-0000dd0d-462c-8000-9ba2-011c48011c48_5505&quot;(&#xD;
                columns: {&quot;floorId&quot;, &quot;floorName&quot;},&#xD;
                buildingId: fv!nodeValue.buildingId&#xD;
              ).data,&#xD;
              if(not(isnull(index(fv!nodeValue, &quot;campusId&quot;, null))),&#xD;
                #&quot;_a-0000dd0d-462c-8000-9ba2-011c48011c48_5503&quot;(&#xD;
                  columns: {&quot;buildingId&quot;, &quot;buildingName&quot;},&#xD;
                  campusId: fv!nodeValue.campusId&#xD;
                ).data,&#xD;
                null&#xD;
              )&#xD;
            )&#xD;
          ),&#xD;
          selectionValue: local!v_space,&#xD;
          selectionSaveInto: {&#xD;
            local!v_space,&#xD;
            a!save(&#xD;
              ri!spacePerson,&#xD;
              'type!{urn:com:appian:types:HR}HR_SpacePerson'(&#xD;
                spaceId: save!value.spaceId,&#xD;
                userId: ri!hrUserId&#xD;
              )&#xD;
            ),&#xD;
            a!save(local!showBrowser, false)&#xD;
          },&#xD;
          height: &quot;SHORT&quot;&#xD;
        ),&#xD;
        #&quot;SYSTEM_SYSRULES_richTextDisplayField&quot;(&#xD;
          labelPosition: &quot;COLLAPSED&quot;,&#xD;
          value: #&quot;SYSTEM_SYSRULES_richTextItem&quot;(&#xD;
            text: &quot;Space&quot;,&#xD;
            style: &quot;STRONG&quot;&#xD;
          )&#xD;
        )&#xD;
      ),&#xD;
      #&quot;SYSTEM_SYSRULES_richTextDisplayField&quot;(&#xD;
        labelPosition: &quot;COLLAPSED&quot;,&#xD;
        value: #&quot;SYSTEM_SYSRULES_richTextItem&quot;(&#xD;
          text: if(local!showBrowser,&#xD;
            &quot;- Hide &quot;,&#xD;
            &quot;+ Show &quot;&#xD;
          ) &amp; &quot;browser&quot;,&#xD;
          style: &quot;EMPHASIS&quot;,&#xD;
          link: #&quot;SYSTEM_SYSRULES_dynamicLink&quot;(saveInto: a!save(local!showBrowser, not(local!showBrowser)))&#xD;
        )&#xD;
      )&#xD;
    },&#xD;
    secondColumnContents: if(isnull(local!v_space),&#xD;
      {},&#xD;
      {&#xD;
        #&quot;_a-0000dd0d-462c-8000-9ba2-011c48011c48_3690&quot;(&#xD;
          label: &quot;Campus&quot;,&#xD;
          readOnly: true,&#xD;
          value: local!v_space.campusName&#xD;
        ),&#xD;
        #&quot;_a-0000dd0d-462c-8000-9ba2-011c48011c48_3690&quot;(&#xD;
          label: &quot;Building&quot;,&#xD;
          readOnly: true,&#xD;
          value: local!v_space.buildingName&#xD;
        ),&#xD;
        #&quot;_a-0000dd0d-462c-8000-9ba2-011c48011c48_3690&quot;(&#xD;
          label: &quot;Floor&quot;,&#xD;
          readOnly: true,&#xD;
          value: local!v_space.floorName&#xD;
        ),&#xD;
        #&quot;_a-0000dd0d-462c-8000-9ba2-011c48011c48_3690&quot;(&#xD;
          label: &quot;Name&quot;,&#xD;
          readOnly: true,&#xD;
          value: local!v_space.spaceName&#xD;
        ),&#xD;
        #&quot;_a-0000dd0d-462c-8000-9ba2-011c48011c48_3690&quot;(&#xD;
          label: &quot;Type&quot;,&#xD;
          readOnly: true,&#xD;
          value: local!v_space.spaceTypeLabel&#xD;
        )&#xD;
      }&#xD;
    )&#xD;
  )&#xD;
)</definition>
        <namedTypedValue>
            <name>spacePerson</name>
            <type>
                <name>HR_SpacePerson</name>
                <namespace>urn:com:appian:types:HR</namespace>
            </type>
        </namedTypedValue>
        <namedTypedValue>
            <name>hrUserId</name>
            <type>
                <name>int</name>
                <namespace>http://www.w3.org/2001/XMLSchema</namespace>
            </type>
        </namedTypedValue>
        <preferredEditor>interface</preferredEditor>
        <offlineEnabled>false</offlineEnabled>
    </rule>
    <roleMap public="true">
        <role allowForAll="false" inherit="true" name="readers">
            <users/>
            <groups/>
        </role>
        <role allowForAll="false" inherit="true" name="authors">
            <users/>
            <groups/>
        </role>
        <role allowForAll="false" inherit="true" name="administrators">
            <users/>
            <groups/>
        </role>
        <role allowForAll="false" inherit="false" name="denyReaders">
            <users/>
            <groups/>
        </role>
        <role allowForAll="false" inherit="false" name="denyAuthors">
            <users/>
            <groups/>
        </role>
        <role allowForAll="false" inherit="false" name="denyAdministrators">
            <users/>
            <groups/>
        </role>
    </roleMap>
</contentHaul>
