<?xml version="1.0" encoding="UTF-8" standalone="yes"?>
<contentHaul xmlns:a="http://www.appian.com/ae/types/2009">
    <rule>
        <name>HR_SCT_Training_trainingReportFilters</name>
        <uuid>_a-0000dd0d-462c-8000-9ba2-011c48011c48_5632</uuid>
        <description>Filters section for the Training &amp; Compliance tempo report grid</description>
        <parentUuid>_a-0000dd0d-462c-8000-9ba2-011c48011c48_3551</parentUuid>
        <visibility>
            <advertise>false</advertise>
            <hierarchy>true</hierarchy>
            <indexable>true</indexable>
            <quota>false</quota>
            <searchable>true</searchable>
            <system>false</system>
            <unlogged>false</unlogged>
        </visibility>
        <definition>#&quot;SYSTEM_SYSRULES_sectionLayout&quot;(&#xD;
    label: &quot;Filters&quot;,&#xD;
    firstColumnContents: {&#xD;
      #&quot;_a-0000dd0d-462c-8000-9ba2-011c48011c48_5656&quot;(&#xD;
        minMaxLabel: &quot;Avg Rating&quot;,&#xD;
        minValue: ri!temp_searchRequest.minAvgRating,&#xD;
        maxValue: ri!temp_searchRequest.maxAvgRating&#xD;
      ),&#xD;
      #&quot;_a-0000dd0d-462c-8000-9ba2-011c48011c48_5656&quot;(&#xD;
        minMaxLabel: &quot;Completion&quot;,&#xD;
        minValue: ri!temp_searchRequest.minCompletion,&#xD;
        maxValue: ri!temp_searchRequest.maxCompletion&#xD;
      ),&#xD;
      #&quot;SYSTEM_SYSRULES_textField&quot;(&#xD;
        label: &quot;Name&quot;,&#xD;
        value: ri!temp_searchRequest.name,&#xD;
        saveInto: ri!temp_searchRequest.name&#xD;
      )&#xD;
    },&#xD;
    secondColumnContents: {&#xD;
      #&quot;0a6ee9ea-8c0f-4e16-871d-f5f408011cc7&quot;(&#xD;
        dateLabel: &quot;Available&quot;,&#xD;
        fromDate: ri!temp_searchRequest.availableFrom,&#xD;
        toDate: ri!temp_searchRequest.availableTo&#xD;
      ),&#xD;
      #&quot;0a6ee9ea-8c0f-4e16-871d-f5f408011cc7&quot;(&#xD;
        dateLabel: &quot;Due&quot;,&#xD;
        fromDate: ri!temp_searchRequest.dueFrom,&#xD;
        toDate: ri!temp_searchRequest.dueTo&#xD;
      ),&#xD;
      #&quot;SYSTEM_SYSRULES_radioButtonField&quot;(&#xD;
        label: &quot;Mandatory Status&quot;,&#xD;
        choiceLabels: #&quot;_a-0000dd0d-462c-8000-9ba2-011c48011c48_5690&quot;,&#xD;
        choiceValues: #&quot;_a-0000dd0d-462c-8000-9ba2-011c48011c48_5689&quot;,&#xD;
        choiceLayout: &quot;COMPACT&quot;,&#xD;
        value: ri!temp_searchRequest.isMandatoryStatus,&#xD;
        saveInto: ri!temp_searchRequest.isMandatoryStatus&#xD;
      ),&#xD;
      #&quot;_a-0000dd0d-462c-8000-9ba2-011c48011c48_5659&quot;(&#xD;
        resetSaveInto: {&#xD;
          a!save(&#xD;
            ri!pagingInfo.startIndex,&#xD;
            1&#xD;
          ),&#xD;
          a!save(&#xD;
            ri!temp_searchRequest,&#xD;
            ri!blank_searchRequest&#xD;
          ),&#xD;
          a!save(&#xD;
            ri!searchRequest,&#xD;
            ri!blank_searchRequest&#xD;
          ),&#xD;
          a!save(&#xD;
            ri!datasubset,&#xD;
            #&quot;_a-0000dd8b-d239-8000-9ba2-011c48011c48_29521&quot;(&#xD;
              columns: ri!columns,&#xD;
              searchRequest: ri!blank_searchRequest,&#xD;
              pagingInfo: ri!pagingInfo&#xD;
            )&#xD;
          )&#xD;
        },&#xD;
        searchSaveInto: {&#xD;
          a!save(&#xD;
            ri!pagingInfo.startIndex,&#xD;
            1&#xD;
          ),&#xD;
          a!save(&#xD;
            ri!searchRequest,&#xD;
            ri!temp_searchRequest&#xD;
          ),&#xD;
            a!save(&#xD;
            ri!datasubset,&#xD;
            #&quot;_a-0000dd8b-d239-8000-9ba2-011c48011c48_29521&quot;(&#xD;
              columns: ri!columns,&#xD;
              searchRequest: ri!searchRequest,&#xD;
              pagingInfo: ri!pagingInfo&#xD;
            )&#xD;
            ) &#xD;
        }&#xD;
      )&#xD;
    }&#xD;
  )</definition>
        <namedTypedValue>
            <name>pagingInfo</name>
            <type>
                <name>PagingInfo</name>
                <namespace>http://www.appian.com/ae/types/2009</namespace>
            </type>
        </namedTypedValue>
        <namedTypedValue>
            <name>searchRequest</name>
            <type>
                <name>HR_Training_SearchRequest</name>
                <namespace>urn:com:appian:types:HR</namespace>
            </type>
        </namedTypedValue>
        <namedTypedValue>
            <name>temp_searchRequest</name>
            <type>
                <name>HR_Training_SearchRequest</name>
                <namespace>urn:com:appian:types:HR</namespace>
            </type>
        </namedTypedValue>
        <namedTypedValue>
            <name>blank_searchRequest</name>
            <type>
                <name>HR_Training_SearchRequest</name>
                <namespace>urn:com:appian:types:HR</namespace>
            </type>
        </namedTypedValue>
        <namedTypedValue>
            <name>datasubset</name>
            <type>
                <name>DataSubset</name>
                <namespace>http://www.appian.com/ae/types/2009</namespace>
            </type>
        </namedTypedValue>
        <namedTypedValue>
            <name>columns</name>
            <type>
                <name>Text?list</name>
                <namespace>http://www.appian.com/ae/types/2009</namespace>
            </type>
        </namedTypedValue>
        <preferredEditor>interface</preferredEditor>
        <offlineEnabled>false</offlineEnabled>
    </rule>
    <roleMap public="true">
        <role allowForAll="true" inherit="false" name="readers">
            <users/>
            <groups/>
        </role>
        <role allowForAll="true" inherit="false" name="authors">
            <users/>
            <groups/>
        </role>
        <role allowForAll="false" inherit="false" name="administrators">
            <users/>
            <groups>
                <groupUuid>_e-0000dd0a-93c8-8000-9aee-01075c01075c_12</groupUuid>
            </groups>
        </role>
        <role allowForAll="false" inherit="false" name="denyReaders">
            <users/>
            <groups/>
        </role>
        <role allowForAll="false" inherit="false" name="denyAuthors">
            <users/>
            <groups/>
        </role>
        <role allowForAll="false" inherit="false" name="denyAdministrators">
            <users/>
            <groups/>
        </role>
    </roleMap>
</contentHaul>
