<?xml version="1.0" encoding="UTF-8" standalone="yes"?>
<contentHaul xmlns:a="http://www.appian.com/ae/types/2009">
    <rule>
        <name>HR_SCT_Hoteling_availability</name>
        <uuid>_a-0000dd0d-462c-8000-9ba2-011c48011c48_5353</uuid>
        <description>POC - See availability for a space</description>
        <parentUuid>_a-0000dd0d-462c-8000-9ba2-011c48011c48_3551</parentUuid>
        <visibility>
            <advertise>false</advertise>
            <hierarchy>true</hierarchy>
            <indexable>true</indexable>
            <quota>false</quota>
            <searchable>true</searchable>
            <system>false</system>
            <unlogged>false</unlogged>
        </visibility>
        <definition>=load(
  local!times:{&quot;9:00AM&quot;,&quot;9:30AM&quot;,&quot;10:00AM&quot;,&quot;10:30AM&quot;,&quot;11:00AM&quot;,&quot;11:30AM&quot;,&quot;12:00PM&quot;,&quot;12:30PM&quot;,&quot;1:00PM&quot;,&quot;1:30PM&quot;,&quot;2:00PM&quot;,&quot;2:30PM&quot;,&quot;3:00PM&quot;,&quot;3:30PM&quot;,&quot;4:00PM&quot;,&quot;4:30PM&quot;,&quot;5:00PM&quot;},
  local!numberOfTimes:enum(count(local!times))+1,
  local!dayOfWeek:weekday(today(),1),
  local!currentDay:today(),
  local!currentWeek,
  with(
    local!day1Avail:toboolean(floor(apply(fn!rand,local!numberOfTimes),.5)),
    local!day2Avail:toboolean(floor(apply(fn!rand,local!numberOfTimes),.5)),
    local!day3Avail:toboolean(floor(apply(fn!rand,local!numberOfTimes),.5)),
    local!day4Avail:toboolean(floor(apply(fn!rand,local!numberOfTimes),.5)),
    local!day5Avail:toboolean(floor(apply(fn!rand,local!numberOfTimes),.5)),
    local!startWeekDay:if(local!dayOfWeek=1,local!currentDay,local!currentDay-local!dayOfWeek+1),
    local!endWeekDay:if(local!dayOfWeek=7,local!currentDay,local!currentDay+(7-local!dayOfWeek)),
    #&quot;SYSTEM_SYSRULES_sectionLayout&quot;(
      firstColumnContents: {
        #&quot;SYSTEM_SYSRULES_richTextDisplayField&quot;(
          align:&quot;CENTER&quot;,
          value:{
            #&quot;SYSTEM_SYSRULES_richTextItem&quot;(text:&quot;Week of &quot;&amp;local!startWeekDay&amp;&quot; - &quot;&amp;local!endWeekDay,style:&quot;HEADER_MEDIUM&quot;)
          }
        ),
        #&quot;SYSTEM_SYSRULES_ButtonLayout&quot;(
          secondaryButtons:{
            #&quot;SYSTEM_SYSRULES_ButtonWidget&quot;(
              label:char(8678),
              value:local!currentDay-7,
              saveInto:local!currentDay
            )
          },
          primaryButtons:{
            #&quot;SYSTEM_SYSRULES_ButtonWidget&quot;(
              label:char(8680),
              value:local!currentDay+7,
              saveInto:local!currentDay
            )
          }
        ),
        #&quot;SYSTEM_SYSRULES_gridLayout&quot;(
          headerCells: {
            #&quot;SYSTEM_SYSRULES_gridLayoutHeaderCell&quot;(label: &quot;&quot;),
            #&quot;SYSTEM_SYSRULES_gridLayoutHeaderCell&quot;(label: &quot;Monday&quot;),
            #&quot;SYSTEM_SYSRULES_gridLayoutHeaderCell&quot;(label: &quot;Tuesday&quot;),
            #&quot;SYSTEM_SYSRULES_gridLayoutHeaderCell&quot;(label: &quot;Wednesday&quot;),
            #&quot;SYSTEM_SYSRULES_gridLayoutHeaderCell&quot;(label: &quot;Thursday&quot;),
            #&quot;SYSTEM_SYSRULES_gridLayoutHeaderCell&quot;(label: &quot;Friday&quot;)
          },
          columnConfigs: {
            #&quot;SYSTEM_SYSRULES_gridLayoutColumnConfig&quot;(width: &quot;DISTRIBUTE&quot;),
            #&quot;SYSTEM_SYSRULES_gridLayoutColumnConfig&quot;(width: &quot;DISTRIBUTE&quot;),
            #&quot;SYSTEM_SYSRULES_gridLayoutColumnConfig&quot;(width: &quot;DISTRIBUTE&quot;),
            #&quot;SYSTEM_SYSRULES_gridLayoutColumnConfig&quot;(width: &quot;DISTRIBUTE&quot;),
            #&quot;SYSTEM_SYSRULES_gridLayoutColumnConfig&quot;(width: &quot;DISTRIBUTE&quot;),
            #&quot;SYSTEM_SYSRULES_gridLayoutColumnConfig&quot;(width: &quot;DISTRIBUTE&quot;)
          },
          rows: {
            #&quot;SYSTEM_SYSRULES_applyComponents&quot;(#&quot;_a-0000dd0d-462c-8000-9ba2-011c48011c48_6641&quot;,
              merge(
                local!times,
                local!day1Avail,
                local!day2Avail,
                local!day3Avail,
                local!day4Avail,
                local!day5Avail
              )
            )
            /*a!gridRowLayout(
              contents:{
                a!richTextDisplayField(
                    label: &quot;Time &quot;,
                    readOnly: true,
                    value: a!richTextItem(text: &quot;9:00AM&quot;, style:&quot;NORMAL&quot;)
                ),
                a!imageField(
                  images: {a!documentImage(document: todocument(4618))}
                ),
                a!textField(
                    label: &quot;Time &quot;,
                    readOnly: true,
                    value: &quot;&quot;
                ),
                 a!textField(
                    label: &quot;Time &quot;,
                    readOnly: true,
                    value: &quot;&quot;
                ),
                 a!textField(
                    label: &quot;Time &quot;,
                    readOnly: true,
                    value: &quot;&quot;
                ),
                 a!textField(
                    label: &quot;Time &quot;,
                    readOnly: true,
                    value: &quot;&quot;
                )
              }
            ),
          a!gridRowLayout(
              contents:{
                a!richTextDisplayField(
                    label: &quot;Time &quot;,
                    readOnly: true,
                    value: a!richTextItem(text: &quot;9:30AM&quot;, style:&quot;NORMAL&quot;)
                ),
                a!imageField(
                  images: {a!documentImage(document: todocument(4618))}
                ),
                a!textField(
                    label: &quot;Time &quot;,
                    readOnly: true,
                    value: &quot;&quot;
                ),
                a!textField(
                    label: &quot;Time &quot;,
                    readOnly: true,
                    value: &quot;&quot;
                ),
                a!textField(
                    label: &quot;Time &quot;,
                    readOnly: true,
                    value: &quot;&quot;
                ),
                a!imageField(
                  images: {a!documentImage(document: todocument(4618))}
                )
              }
            ),
          a!gridRowLayout(
              contents:{
                a!richTextDisplayField(
                    label: &quot;Time &quot;,
                    readOnly: true,
                    value: a!richTextItem(text: &quot;10:00AM&quot;, style:&quot;NORMAL&quot;)
                ),
                a!textField(
                    label: &quot;Time &quot;,
                    readOnly: true,
                    value: &quot;&quot;
                ),
                a!textField(
                    label: &quot;Time &quot;,
                    readOnly: true,
                    value: &quot;&quot;
                ),
                a!imageField(
                  images: {a!documentImage(document: todocument(4618))}
                ),
                a!textField(
                    label: &quot;Time &quot;,
                    readOnly: true,
                    value: &quot;&quot;
                ),
                a!textField(
                    label: &quot;Time &quot;,
                    readOnly: true,
                    value: &quot;&quot;
                )
              }
            ),
          a!gridRowLayout(
              contents:{
                a!richTextDisplayField(
                    label: &quot;Time &quot;,
                    readOnly: true,
                    value: a!richTextItem(text: &quot;10:30AM&quot;, style:&quot;NORMAL&quot;)
                ),
                a!textField(
                    label: &quot;Time &quot;,
                    readOnly: true,
                    value: &quot;&quot;
                ),
                a!textField(
                    label: &quot;Time &quot;,
                    readOnly: true,
                    value: &quot;&quot;
                ),
                a!imageField(
                  images: {a!documentImage(document: todocument(4618))}
                ),
                a!textField(
                    label: &quot;Time &quot;,
                    readOnly: true,
                    value: &quot;&quot;
                ),
                a!textField(
                    label: &quot;Time &quot;,
                    readOnly: true,
                    value: &quot;&quot;
                )
              }
            ),
          a!gridRowLayout(
              contents:{
                a!richTextDisplayField(
                    label: &quot;Time &quot;,
                    readOnly: true,
                    value: a!richTextItem(text: &quot;11:00AM&quot;, style:&quot;NORMAL&quot;)
                ),
                a!imageField(
                  images: {a!documentImage(document: todocument(4618))}
                ),
                a!textField(
                    label: &quot;Time &quot;,
                    readOnly: true,
                    value: &quot;&quot;
                ),
                a!imageField(
                  images: {a!documentImage(document: todocument(4618))}
                ),
                a!textField(
                    label: &quot;Time &quot;,
                    readOnly: true,
                    value: &quot;&quot;
                ),
                a!textField(
                    label: &quot;Time &quot;,
                    readOnly: true,
                    value: &quot;&quot;
                )
              }
            ),
          a!gridRowLayout(
              contents:{
                a!richTextDisplayField(
                    label: &quot;Time &quot;,
                    readOnly: true,
                    value: a!richTextItem(text: &quot;11:30AM&quot;, style:&quot;NORMAL&quot;)
                ),
                a!textField(
                    label: &quot;Time &quot;,
                    readOnly: true,
                    value: &quot;&quot;
                ),
                a!textField(
                    label: &quot;Time &quot;,
                    readOnly: true,
                    value: &quot;&quot;
                ),
                a!imageField(
                  images: {a!documentImage(document: todocument(4618))}
                ),
                a!textField(
                    label: &quot;Time &quot;,
                    readOnly: true,
                    value: &quot;&quot;
                ),
                a!textField(
                    label: &quot;Time &quot;,
                    readOnly: true,
                    value: &quot;&quot;
                )
              }
            ),
          a!gridRowLayout(
              contents:{
                a!richTextDisplayField(
                    label: &quot;Time &quot;,
                    readOnly: true,
                    value: a!richTextItem(text: &quot;12:00PM&quot;, style:&quot;NORMAL&quot;)
                ),
                a!textField(
                    label: &quot;Time &quot;,
                    readOnly: true,
                    value: &quot;&quot;
                ),
                a!textField(
                    label: &quot;Time &quot;,
                    readOnly: true,
                    value: &quot;&quot;
                ),
                a!textField(
                    label: &quot;Time &quot;,
                    readOnly: true,
                    value: &quot;&quot;
                ),
                a!textField(
                    label: &quot;Time &quot;,
                    readOnly: true,
                    value: &quot;&quot;
                ),
                a!textField(
                    label: &quot;Time &quot;,
                    readOnly: true,
                    value: &quot;&quot;
                )
              }
            ),
          a!gridRowLayout(
              contents:{
                a!richTextDisplayField(
                    label: &quot;Time &quot;,
                    readOnly: true,
                    value: a!richTextItem(text: &quot;12:30PM&quot;, style:&quot;NORMAL&quot;)
                ),
                a!textField(
                    label: &quot;Time &quot;,
                    readOnly: true,
                    value: &quot;&quot;
                ),
                a!textField(
                    label: &quot;Time &quot;,
                    readOnly: true,
                    value: &quot;&quot;
                ),
                 a!textField(
                    label: &quot;Time &quot;,
                    readOnly: true,
                    value: &quot;&quot;
                ),
                 a!textField(
                    label: &quot;Time &quot;,
                    readOnly: true,
                    value: &quot;&quot;
                ),
                 a!textField(
                    label: &quot;Time &quot;,
                    readOnly: true,
                    value: &quot;&quot;
                )
              }
            ),
          a!gridRowLayout(
              contents:{
                a!richTextDisplayField(
                    label: &quot;Time &quot;,
                    readOnly: true,
                    value: a!richTextItem(text: &quot;1:00PM&quot;, style:&quot;NORMAL&quot;)
                ),
                a!textField(
                    label: &quot;Time &quot;,
                    readOnly: true,
                    value: &quot;&quot;
                ),
                a!textField(
                    label: &quot;Time &quot;,
                    readOnly: true,
                    value: &quot;&quot;
                ),
                 a!textField(
                    label: &quot;Time &quot;,
                    readOnly: true,
                    value: &quot;&quot;
                ),
                 a!textField(
                    label: &quot;Time &quot;,
                    readOnly: true,
                    value: &quot;&quot;
                ),
                 a!textField(
                    label: &quot;Time &quot;,
                    readOnly: true,
                    value: &quot;&quot;
                )
              }
            ),
          a!gridRowLayout(
              contents:{
                a!richTextDisplayField(
                    label: &quot;Time &quot;,
                    readOnly: true,
                    value: a!richTextItem(text: &quot;1:30PM&quot;, style:&quot;NORMAL&quot;)
                ),
                a!textField(
                    label: &quot;Time &quot;,
                    readOnly: true,
                    value: &quot;&quot;
                ),
                a!textField(
                    label: &quot;Time &quot;,
                    readOnly: true,
                    value: &quot;&quot;
                ),
                 a!textField(
                    label: &quot;Time &quot;,
                    readOnly: true,
                    value: &quot;&quot;
                ),
                 a!textField(
                    label: &quot;Time &quot;,
                    readOnly: true,
                    value: &quot;&quot;
                ),
                 a!textField(
                    label: &quot;Time &quot;,
                    readOnly: true,
                    value: &quot;&quot;
                )
              }
            ),
          a!gridRowLayout(
              contents:{
                a!richTextDisplayField(
                    label: &quot;Time &quot;,
                    readOnly: true,
                    value: a!richTextItem(text: &quot;2:00PM&quot;, style:&quot;NORMAL&quot;)
                ),
                a!textField(
                    label: &quot;Time &quot;,
                    readOnly: true,
                    value: &quot;&quot;
                ),
                a!textField(
                    label: &quot;Time &quot;,
                    readOnly: true,
                    value: &quot;&quot;
                ),
                 a!textField(
                    label: &quot;Time &quot;,
                    readOnly: true,
                    value: &quot;&quot;
                ),
                 a!textField(
                    label: &quot;Time &quot;,
                    readOnly: true,
                    value: &quot;&quot;
                ),
                 a!textField(
                    label: &quot;Time &quot;,
                    readOnly: true,
                    value: &quot;&quot;
                )
              }
            ),
          a!gridRowLayout(
              contents:{
                a!richTextDisplayField(
                    label: &quot;Time &quot;,
                    readOnly: true,
                    value: a!richTextItem(text: &quot;2:30PM&quot;, style:&quot;NORMAL&quot;)
                ),
                a!textField(
                    label: &quot;Time &quot;,
                    readOnly: true,
                    value: &quot;&quot;
                ),
                a!textField(
                    label: &quot;Time &quot;,
                    readOnly: true,
                    value: &quot;&quot;
                ),
                 a!textField(
                    label: &quot;Time &quot;,
                    readOnly: true,
                    value: &quot;&quot;
                ),
                 a!textField(
                    label: &quot;Time &quot;,
                    readOnly: true,
                    value: &quot;&quot;
                ),
                 a!textField(
                    label: &quot;Time &quot;,
                    readOnly: true,
                    value: &quot;&quot;
                )
              }
            ),
          a!gridRowLayout(
              contents:{
                a!richTextDisplayField(
                    label: &quot;Time &quot;,
                    readOnly: true,
                    value: a!richTextItem(text: &quot;3:00PM&quot;, style:&quot;NORMAL&quot;)
                ),
                a!imageField(
                  images: {a!documentImage(document: todocument(4618))}
                ),
                a!textField(
                    label: &quot;Time &quot;,
                    readOnly: true,
                    value: &quot;&quot;
                ),
                 a!textField(
                    label: &quot;Time &quot;,
                    readOnly: true,
                    value: &quot;&quot;
                ),
                 a!textField(
                    label: &quot;Time &quot;,
                    readOnly: true,
                    value: &quot;&quot;
                ),
                 a!textField(
                    label: &quot;Time &quot;,
                    readOnly: true,
                    value: &quot;&quot;
                )
              }
            ),
          a!gridRowLayout(
              contents:{
                a!richTextDisplayField(
                    label: &quot;Time &quot;,
                    readOnly: true,
                    value: a!richTextItem(text: &quot;3:30PM&quot;, style:&quot;NORMAL&quot;)
                ),
                a!imageField(
                  images: {a!documentImage(document: todocument(4618))}
                ),
                a!textField(
                    label: &quot;Time &quot;,
                    readOnly: true,
                    value: &quot;&quot;
                ),
                 a!textField(
                    label: &quot;Time &quot;,
                    readOnly: true,
                    value: &quot;&quot;
                ),
                 a!textField(
                    label: &quot;Time &quot;,
                    readOnly: true,
                    value: &quot;&quot;
                ),
                 a!textField(
                    label: &quot;Time &quot;,
                    readOnly: true,
                    value: &quot;&quot;
                )
              }
            ),
          a!gridRowLayout(
              contents:{
                a!richTextDisplayField(
                    label: &quot;Time &quot;,
                    readOnly: true,
                    value: a!richTextItem(text: &quot;4:00PM&quot;, style:&quot;NORMAL&quot;)
                ),
                a!imageField(
                  images: {a!documentImage(document: todocument(4618))}
                ),
                a!textField(
                    label: &quot;Time &quot;,
                    readOnly: true,
                    value: &quot;&quot;
                ),
                 a!textField(
                    label: &quot;Time &quot;,
                    readOnly: true,
                    value: &quot;&quot;
                ),
                 a!textField(
                    label: &quot;Time &quot;,
                    readOnly: true,
                    value: &quot;&quot;
                ),
                 a!textField(
                    label: &quot;Time &quot;,
                    readOnly: true,
                    value: &quot;&quot;
                )
              }
            ),
          a!gridRowLayout(
              contents:{
                a!richTextDisplayField(
                    label: &quot;Time &quot;,
                    readOnly: true,
                    value: a!richTextItem(text: &quot;4:30PM&quot;, style:&quot;NORMAL&quot;)
                ),
                a!imageField(
                  images: {a!documentImage(document: todocument(4618))}
                ),
                a!textField(
                    label: &quot;Time &quot;,
                    readOnly: true,
                    value: &quot;&quot;
                ),
                 a!textField(
                    label: &quot;Time &quot;,
                    readOnly: true,
                    value: &quot;&quot;
                ),
                 a!textField(
                    label: &quot;Time &quot;,
                    readOnly: true,
                    value: &quot;&quot;
                ),
                 a!textField(
                    label: &quot;Time &quot;,
                    readOnly: true,
                    value: &quot;&quot;
                )
              }
            ),
          a!gridRowLayout(
              contents:{
                a!richTextDisplayField(
                    label: &quot;Time &quot;,
                    readOnly: true,
                    value: a!richTextItem(text: &quot;5:00PM&quot;, style:&quot;NORMAL&quot;)
                ),
                a!imageField(
                  images: {a!documentImage(document: todocument(4618))}
                ),
                a!textField(
                    label: &quot;Time &quot;,
                    readOnly: true,
                    value: &quot;&quot;
                ),
                 a!textField(
                    label: &quot;Time &quot;,
                    readOnly: true,
                    value: &quot;&quot;
                ),
                 a!textField(
                    label: &quot;Time &quot;,
                    readOnly: true,
                    value: &quot;&quot;
                ),
                 a!textField(
                    label: &quot;Time &quot;,
                    readOnly: true,
                    value: &quot;&quot;
                )
              }
            )
            
          */}
        )
      },
      secondColumnContents: {}
    )
  )
)</definition>
        <preferredEditor>interface</preferredEditor>
        <offlineEnabled>false</offlineEnabled>
    </rule>
    <roleMap public="true">
        <role allowForAll="true" inherit="false" name="readers">
            <users/>
            <groups/>
        </role>
        <role allowForAll="true" inherit="false" name="authors">
            <users/>
            <groups/>
        </role>
        <role allowForAll="false" inherit="false" name="administrators">
            <users/>
            <groups>
                <groupUuid>_e-0000dd0a-93c8-8000-9aee-01075c01075c_12</groupUuid>
            </groups>
        </role>
        <role allowForAll="false" inherit="false" name="denyReaders">
            <users/>
            <groups/>
        </role>
        <role allowForAll="false" inherit="false" name="denyAuthors">
            <users/>
            <groups/>
        </role>
        <role allowForAll="false" inherit="false" name="denyAdministrators">
            <users/>
            <groups/>
        </role>
    </roleMap>
</contentHaul>
