<?xml version="1.0" encoding="UTF-8" standalone="yes"?>
<contentHaul xmlns:a="http://www.appian.com/ae/types/2009">
    <rule>
        <name>HR_SCT_Users_filters</name>
        <uuid>_a-0000dd8b-d239-8000-9ba2-011c48011c48_29472</uuid>
        <description>Section for the filters to be used on User report</description>
        <parentUuid>_a-0000dd0d-462c-8000-9ba2-011c48011c48_3551</parentUuid>
        <visibility>
            <advertise>false</advertise>
            <hierarchy>true</hierarchy>
            <indexable>true</indexable>
            <quota>false</quota>
            <searchable>true</searchable>
            <system>false</system>
            <unlogged>false</unlogged>
        </visibility>
        <definition>load(&#xD;
  local!refData: #&quot;3af0f2e5-5c7f-4f1b-b92a-7b2b087a2287&quot;(&#xD;
    columns: {&#xD;
      &quot;id&quot;,&#xD;
      &quot;type&quot;,&#xD;
      &quot;label&quot;&#xD;
    },&#xD;
    type: {&#xD;
      #&quot;_a-0000dd0d-462c-8000-9ba2-011c48011c48_4455&quot;,&#xD;
      #&quot;_a-0000dd0d-462c-8000-9ba2-011c48011c48_4454&quot;&#xD;
      },&#xD;
    isActive: true&#xD;
  ).data,&#xD;
  local!userTypes: local!refData[wherecontains(&#xD;
    #&quot;_a-0000dd0d-462c-8000-9ba2-011c48011c48_4455&quot;, touniformstring(&#xD;
      local!refData.type&#xD;
    )&#xD;
  )],&#xD;
  local!userStatus: local!refData[wherecontains(&#xD;
    #&quot;_a-0000dd0d-462c-8000-9ba2-011c48011c48_4454&quot;, touniformstring(&#xD;
      local!refData.type&#xD;
    )&#xD;
  )],&#xD;
  local!departments: #&quot;_a-0000dd0d-462c-8000-9ba2-011c48011c48_4745&quot;(&#xD;
    columns: {&quot;departmentId&quot;, &quot;departmentName&quot;}&#xD;
  ).data,    &#xD;
  #&quot;SYSTEM_SYSRULES_sectionLayout&quot;(&#xD;
  label: &quot;Filters&quot;,&#xD;
  firstColumnContents: {&#xD;
    #&quot;_a-0000dd0d-462c-8000-9ba2-011c48011c48_3690&quot;(&#xD;
        label: &quot;Name&quot;,&#xD;
        readOnly: false,&#xD;
        value: ri!temp_searchRequest.userName,&#xD;
        saveInto: ri!temp_searchRequest.userName&#xD;
      ),&#xD;
    #&quot;_a-0000dd0d-462c-8000-9ba2-011c48011c48_3685&quot;(&#xD;
        label: &quot;Type&quot;,&#xD;
        readOnly: false,&#xD;
        choiceLabels: index(&#xD;
          local!userTypes,&#xD;
          &quot;label&quot;,&#xD;
          {}&#xD;
        ),&#xD;
        choiceValues: index(&#xD;
          local!userTypes,&#xD;
          &quot;label&quot;,&#xD;
          {}&#xD;
        ),&#xD;
        value: ri!temp_searchRequest.userType,&#xD;
        saveInto: ri!temp_searchRequest.userType&#xD;
      )&#xD;
    },&#xD;
  secondColumnContents: {&#xD;
     #&quot;_a-0000dd0d-462c-8000-9ba2-011c48011c48_3685&quot;(&#xD;
       label: &quot;Status&quot;,&#xD;
       readOnly: false,&#xD;
       choiceLabels: index(&#xD;
         local!userStatus,&#xD;
         &quot;label&quot;,&#xD;
         {}&#xD;
       ),&#xD;
       choiceValues: index(&#xD;
         local!userStatus,&#xD;
         &quot;label&quot;,&#xD;
         {}&#xD;
       ),&#xD;
       value: ri!temp_searchRequest.userStatus,&#xD;
       saveInto: ri!temp_searchRequest.userStatus&#xD;
            ),&#xD;
     #&quot;_a-0000dd0d-462c-8000-9ba2-011c48011c48_3685&quot;(&#xD;
      label: &quot;Department&quot;,&#xD;
      readOnly: false,&#xD;
      choiceLabels: index(&#xD;
        local!departments,&#xD;
        &quot;departmentName&quot;,&#xD;
        {}&#xD;
      ),&#xD;
      choiceValues: index(&#xD;
        local!departments,&#xD;
        &quot;departmentId&quot;,&#xD;
        {}&#xD;
      ),&#xD;
      value: ri!temp_searchRequest.departmentId,&#xD;
      saveInto: ri!temp_searchRequest.departmentId&#xD;
      ),&#xD;
     #&quot;_a-0000dd0d-462c-8000-9ba2-011c48011c48_5659&quot;(&#xD;
     resetSaveInto: {&#xD;
          a!save(&#xD;
            ri!pagingInfo.startIndex,&#xD;
            1&#xD;
          ),&#xD;
          a!save(&#xD;
            ri!temp_searchRequest, ri!blank_searchRequest&#xD;
          ),&#xD;
          a!save(&#xD;
            ri!searchRequest, ri!blank_searchRequest&#xD;
          ),&#xD;
          a!save(&#xD;
            ri!dataSubset,&#xD;
            #&quot;_a-0000dd8b-d239-8000-9ba2-011c48011c48_29463&quot;(&#xD;
              searchRequest: ri!searchRequest,&#xD;
              pagingInfo: ri!pagingInfo&#xD;
            )&#xD;
          )&#xD;
        },&#xD;
     searchSaveInto: {&#xD;
       a!save(&#xD;
            ri!pagingInfo.startIndex,&#xD;
            1&#xD;
          ),&#xD;
       a!save(&#xD;
            ri!searchRequest, ri!temp_searchRequest&#xD;
          ),&#xD;
       a!save(&#xD;
            ri!dataSubset,&#xD;
            #&quot;_a-0000dd8b-d239-8000-9ba2-011c48011c48_29463&quot;(&#xD;
              searchRequest: ri!searchRequest,&#xD;
              pagingInfo: ri!pagingInfo&#xD;
            )&#xD;
          )&#xD;
        }&#xD;
      )&#xD;
    },&#xD;
  isCollapsible: true,&#xD;
  isInitiallyCollapsed: true&#xD;
 )&#xD;
)</definition>
        <namedTypedValue>
            <name>temp_searchRequest</name>
            <type>
                <name>HR_Users_SearchRequest</name>
                <namespace>urn:com:appian:types:HR</namespace>
            </type>
        </namedTypedValue>
        <namedTypedValue>
            <name>searchRequest</name>
            <type>
                <name>HR_Users_SearchRequest</name>
                <namespace>urn:com:appian:types:HR</namespace>
            </type>
        </namedTypedValue>
        <namedTypedValue>
            <name>dataSubset</name>
            <type>
                <name>DataSubset</name>
                <namespace>http://www.appian.com/ae/types/2009</namespace>
            </type>
        </namedTypedValue>
        <namedTypedValue>
            <name>pagingInfo</name>
            <type>
                <name>PagingInfo</name>
                <namespace>http://www.appian.com/ae/types/2009</namespace>
            </type>
        </namedTypedValue>
        <namedTypedValue>
            <name>blank_searchRequest</name>
            <type>
                <name>HR_Users_SearchRequest</name>
                <namespace>urn:com:appian:types:HR</namespace>
            </type>
        </namedTypedValue>
        <preferredEditor>interface</preferredEditor>
        <offlineEnabled>false</offlineEnabled>
    </rule>
    <roleMap public="true">
        <role allowForAll="false" inherit="true" name="readers">
            <users/>
            <groups/>
        </role>
        <role allowForAll="false" inherit="true" name="authors">
            <users/>
            <groups/>
        </role>
        <role allowForAll="false" inherit="true" name="administrators">
            <users>
                <userUuid>gaurav.srivastava</userUuid>
            </users>
            <groups/>
        </role>
        <role allowForAll="false" inherit="false" name="denyReaders">
            <users/>
            <groups/>
        </role>
        <role allowForAll="false" inherit="false" name="denyAuthors">
            <users/>
            <groups/>
        </role>
        <role allowForAll="false" inherit="false" name="denyAdministrators">
            <users/>
            <groups/>
        </role>
    </roleMap>
</contentHaul>
