<?xml version="1.0" encoding="UTF-8" standalone="yes"?>
<contentHaul xmlns:a="http://www.appian.com/ae/types/2009">
    <rule>
        <name>HR_QRY_V_getItEquipment</name>
        <uuid>_a-0000dd4b-0482-8000-9ba2-011c48011c48_15892</uuid>
        <description>Gets all instances of an HR_V_IT_Equipment based on the filters</description>
        <parentUuid>_a-0000dd0d-462c-8000-9ba2-011c48011c48_3808</parentUuid>
        <visibility>
            <advertise>false</advertise>
            <hierarchy>true</hierarchy>
            <indexable>true</indexable>
            <quota>false</quota>
            <searchable>true</searchable>
            <system>false</system>
            <unlogged>false</unlogged>
        </visibility>
        <definition>#&quot;fdea6255-5ee8-42a2-bdb1-aace3c917d86&quot;(
  entity: #&quot;_a-0000dd4b-0482-8000-9ba2-011c48011c48_15899&quot;,
  columns: ri!columns,
  logicalExpression: #&quot;SYSTEM_SYSRULES_queryLogicalExpression&quot;(
    operator: &quot;AND&quot;,
    filters: {
      #&quot;SYSTEM_SYSRULES_queryFilter&quot;(field: &quot;itEquipmentId&quot;, operator: &quot;not null&quot;),
      if(#&quot;2168a5de-fb70-4d66-8b97-b547e3ac6e57&quot;(ri!itEquipmentId), {}, #&quot;SYSTEM_SYSRULES_queryFilter&quot;(field: &quot;itEquipmentId&quot;, operator: &quot;in&quot;, value: ri!itEquipmentId)),
      if(isnull(ri!serialNumber), {}, #&quot;SYSTEM_SYSRULES_queryFilter&quot;(field: &quot;serialNumber&quot;, operator: &quot;starts with&quot;, value: ri!serialNumber)),
      if(isnull(ri!userName), {}, #&quot;SYSTEM_SYSRULES_queryFilter&quot;(field: &quot;userName&quot;, operator: &quot;includes&quot;, value: ri!userName)),
      if(isnull(ri!userId), {}, #&quot;SYSTEM_SYSRULES_queryFilter&quot;(field: &quot;userId&quot;, operator: &quot;=&quot;, value: ri!userId)),
      if(isnull(ri!make), {}, #&quot;SYSTEM_SYSRULES_queryFilter&quot;(field: &quot;make&quot;, operator: &quot;starts with&quot;, value: ri!make)),
      if(isnull(ri!model), {}, #&quot;SYSTEM_SYSRULES_queryFilter&quot;(field: &quot;model&quot;, operator: &quot;starts with&quot;, value: ri!model)),
      if(isnull(ri!itEquipmentTypeId), {}, #&quot;SYSTEM_SYSRULES_queryFilter&quot;(field: &quot;itEquipmentTypeId&quot;, operator: &quot;=&quot;, value: ri!itEquipmentTypeId)),
      if(isnull(ri!itEquipmentTypeLabel), {}, #&quot;SYSTEM_SYSRULES_queryFilter&quot;(field: &quot;itEquipmentTypeLabel&quot;, operator: &quot;starts with&quot;, value: ri!itEquipmentTypeLabel)),
      if(isnull(ri!isLeased), {}, #&quot;SYSTEM_SYSRULES_queryFilter&quot;(field: &quot;isLeased&quot;, operator: &quot;=&quot;, value: ri!isLeased)),
      if(isnull(ri!isActive), {}, #&quot;SYSTEM_SYSRULES_queryFilter&quot;(field: &quot;isActive&quot;, operator: &quot;=&quot;, value: ri!isActive)),
      if(isnull(ri!status), {}, #&quot;SYSTEM_SYSRULES_queryFilter&quot;(field: &quot;status&quot;, operator: &quot;=&quot;, value: ri!status)),
      if(isnull(ri!purchaseType), {}, #&quot;SYSTEM_SYSRULES_queryFilter&quot;(field: &quot;purchaseType&quot;, operator: &quot;=&quot;, value: ri!purchaseType)),
      if(isnull(ri!warrantyType), {}, #&quot;SYSTEM_SYSRULES_queryFilter&quot;(field: &quot;warrantyType&quot;, operator: &quot;=&quot;, value: ri!warrantyType)),
      if(isnull(ri!roomAssigned), {}, #&quot;SYSTEM_SYSRULES_queryFilter&quot;(field: &quot;roomAssigned&quot;, operator: &quot;=&quot;, value: ri!roomAssigned)),
      if(isnull(ri!userDepartment), {}, #&quot;SYSTEM_SYSRULES_queryFilter&quot;(field: &quot;userDepartment&quot;, operator: &quot;=&quot;, value: ri!userDepartment)),
      if(isnull(ri!noUser), {}, #&quot;SYSTEM_SYSRULES_queryFilter&quot;(field: &quot;userId&quot;, operator: if(ri!noUser, &quot;is null&quot;, &quot;not null&quot;)))
    }
  ),
  pagingInfo: ri!pagingInfo
)</definition>
        <namedTypedValue>
            <name>columns</name>
            <type>
                <name>Text?list</name>
                <namespace>http://www.appian.com/ae/types/2009</namespace>
            </type>
        </namedTypedValue>
        <namedTypedValue>
            <name>pagingInfo</name>
            <type>
                <name>PagingInfo</name>
                <namespace>http://www.appian.com/ae/types/2009</namespace>
            </type>
        </namedTypedValue>
        <namedTypedValue>
            <name>itEquipmentId</name>
            <type>
                <name>Integer?list</name>
                <namespace>http://www.appian.com/ae/types/2009</namespace>
            </type>
        </namedTypedValue>
        <namedTypedValue>
            <name>userName</name>
            <type>
                <name>string</name>
                <namespace>http://www.w3.org/2001/XMLSchema</namespace>
            </type>
            <value/>
        </namedTypedValue>
        <namedTypedValue>
            <name>userId</name>
            <type>
                <name>int</name>
                <namespace>http://www.w3.org/2001/XMLSchema</namespace>
            </type>
        </namedTypedValue>
        <namedTypedValue>
            <name>serialNumber</name>
            <type>
                <name>string</name>
                <namespace>http://www.w3.org/2001/XMLSchema</namespace>
            </type>
            <value/>
        </namedTypedValue>
        <namedTypedValue>
            <name>make</name>
            <type>
                <name>string</name>
                <namespace>http://www.w3.org/2001/XMLSchema</namespace>
            </type>
            <value/>
        </namedTypedValue>
        <namedTypedValue>
            <name>model</name>
            <type>
                <name>string</name>
                <namespace>http://www.w3.org/2001/XMLSchema</namespace>
            </type>
            <value/>
        </namedTypedValue>
        <namedTypedValue>
            <name>itEquipmentTypeId</name>
            <type>
                <name>int</name>
                <namespace>http://www.w3.org/2001/XMLSchema</namespace>
            </type>
        </namedTypedValue>
        <namedTypedValue>
            <name>itEquipmentTypeLabel</name>
            <type>
                <name>string</name>
                <namespace>http://www.w3.org/2001/XMLSchema</namespace>
            </type>
            <value/>
        </namedTypedValue>
        <namedTypedValue>
            <name>isLeased</name>
            <type>
                <name>boolean</name>
                <namespace>http://www.w3.org/2001/XMLSchema</namespace>
            </type>
        </namedTypedValue>
        <namedTypedValue>
            <name>isActive</name>
            <type>
                <name>boolean</name>
                <namespace>http://www.w3.org/2001/XMLSchema</namespace>
            </type>
        </namedTypedValue>
        <namedTypedValue>
            <name>status</name>
            <type>
                <name>string</name>
                <namespace>http://www.w3.org/2001/XMLSchema</namespace>
            </type>
            <value/>
        </namedTypedValue>
        <namedTypedValue>
            <name>purchaseType</name>
            <type>
                <name>string</name>
                <namespace>http://www.w3.org/2001/XMLSchema</namespace>
            </type>
            <value/>
        </namedTypedValue>
        <namedTypedValue>
            <name>warrantyType</name>
            <type>
                <name>string</name>
                <namespace>http://www.w3.org/2001/XMLSchema</namespace>
            </type>
            <value/>
        </namedTypedValue>
        <namedTypedValue>
            <name>roomAssigned</name>
            <type>
                <name>string</name>
                <namespace>http://www.w3.org/2001/XMLSchema</namespace>
            </type>
            <value/>
        </namedTypedValue>
        <namedTypedValue>
            <name>userDepartment</name>
            <type>
                <name>string</name>
                <namespace>http://www.w3.org/2001/XMLSchema</namespace>
            </type>
            <value/>
        </namedTypedValue>
        <namedTypedValue>
            <name>noUser</name>
            <type>
                <name>boolean</name>
                <namespace>http://www.w3.org/2001/XMLSchema</namespace>
            </type>
        </namedTypedValue>
        <preferredEditor>legacy</preferredEditor>
        <offlineEnabled>false</offlineEnabled>
    </rule>
    <roleMap public="true">
        <role allowForAll="true" inherit="false" name="readers">
            <users/>
            <groups/>
        </role>
        <role allowForAll="true" inherit="false" name="authors">
            <users/>
            <groups/>
        </role>
        <role allowForAll="false" inherit="false" name="administrators">
            <users/>
            <groups>
                <groupUuid>_e-0000dd0a-93c8-8000-9aee-01075c01075c_12</groupUuid>
            </groups>
        </role>
        <role allowForAll="false" inherit="false" name="denyReaders">
            <users/>
            <groups/>
        </role>
        <role allowForAll="false" inherit="false" name="denyAuthors">
            <users/>
            <groups/>
        </role>
        <role allowForAll="false" inherit="false" name="denyAdministrators">
            <users/>
            <groups/>
        </role>
    </roleMap>
</contentHaul>
