<?xml version="1.0" encoding="UTF-8" standalone="yes"?>
<contentHaul xmlns:a="http://www.appian.com/ae/types/2009">
    <rule>
        <name>HR_RULE_Hoteling_repeatEveryTuTh</name>
        <uuid>_a-0000dd72-ed8d-8000-9ba2-011c48011c48_24816</uuid>
        <description>Rule to repeat every Tuesday and Thursday</description>
        <parentUuid>_a-0000dd0d-462c-8000-9ba2-011c48011c48_3790</parentUuid>
        <visibility>
            <advertise>false</advertise>
            <hierarchy>true</hierarchy>
            <indexable>true</indexable>
            <quota>false</quota>
            <searchable>true</searchable>
            <system>false</system>
            <unlogged>false</unlogged>
        </visibility>
        <definition>with(&#xD;
  local!lastDatetime: ri!dateTimes[length(ri!dateTimes)],&#xD;
  local!lastDate: todate(local(local!lastDatetime)),&#xD;
  local!weekday: weekday(local!lastDate),&#xD;
  local!tuOrTh: wherecontains(local!weekday, #&quot;_a-0000dd72-ed8d-8000-9ba2-011c48011c48_24594&quot;[{3, 5}]),&#xD;
  local!truncateFlag: and(ri!repeatEnds=2, local!lastDate+7&gt;ri!onDate),&#xD;
  if(ri!repeatEnds=1, /* repeat after a number of occurrences */&#xD;
    append(&#xD;
      ri!dateTimes,&#xD;
      local!lastDatetime+choose(local!tuOrTh, 2, 5)&#xD;
    ),&#xD;
    if(ri!iteration=1,&#xD;
      if(or(local!tuOrTh=2, todate(local(ri!dateTimes+2))&gt;ri!onDate),&#xD;
        ri!dateTimes,&#xD;
        append(ri!dateTimes, ri!dateTimes+2)&#xD;
      ),&#xD;
      append(&#xD;
        ri!dateTimes,&#xD;
        with(&#xD;
          local!nextWeek: {local!lastDatetime+5, local!lastDatetime+7},&#xD;
          if(local!truncateFlag,&#xD;
            remove(local!nextWeek, where(todate(local(local!nextWeek))&gt;ri!onDate)),&#xD;
            local!nextWeek&#xD;
          )&#xD;
        )&#xD;
      )&#xD;
    )&#xD;
  )&#xD;
)</definition>
        <namedTypedValue>
            <name>dateTimes</name>
            <type>
                <name>Datetime?list</name>
                <namespace>http://www.appian.com/ae/types/2009</namespace>
            </type>
        </namedTypedValue>
        <namedTypedValue>
            <name>iteration</name>
            <type>
                <name>int</name>
                <namespace>http://www.w3.org/2001/XMLSchema</namespace>
            </type>
        </namedTypedValue>
        <namedTypedValue>
            <name>repeatEnds</name>
            <type>
                <name>int</name>
                <namespace>http://www.w3.org/2001/XMLSchema</namespace>
            </type>
        </namedTypedValue>
        <namedTypedValue>
            <name>onDate</name>
            <type>
                <name>date</name>
                <namespace>http://www.w3.org/2001/XMLSchema</namespace>
            </type>
        </namedTypedValue>
        <preferredEditor>legacy</preferredEditor>
        <offlineEnabled>false</offlineEnabled>
    </rule>
    <roleMap public="true">
        <role allowForAll="false" inherit="true" name="readers">
            <users/>
            <groups/>
        </role>
        <role allowForAll="false" inherit="true" name="authors">
            <users/>
            <groups/>
        </role>
        <role allowForAll="false" inherit="true" name="administrators">
            <users/>
            <groups/>
        </role>
        <role allowForAll="false" inherit="false" name="denyReaders">
            <users/>
            <groups/>
        </role>
        <role allowForAll="false" inherit="false" name="denyAuthors">
            <users/>
            <groups/>
        </role>
        <role allowForAll="false" inherit="false" name="denyAdministrators">
            <users/>
            <groups/>
        </role>
    </roleMap>
</contentHaul>
