<?xml version="1.0" encoding="UTF-8" standalone="yes"?>
<contentHaul xmlns:a="http://www.appian.com/ae/types/2009">
    <rule>
        <name>HR_SCT_Hoteling_Space_filters</name>
        <uuid>_a-0000dd8b-d239-8000-9ba2-011c48011c48_29651</uuid>
        <description>Filter section for the Space report</description>
        <parentUuid>_a-0000dd0d-462c-8000-9ba2-011c48011c48_3551</parentUuid>
        <visibility>
            <advertise>false</advertise>
            <hierarchy>true</hierarchy>
            <indexable>true</indexable>
            <quota>false</quota>
            <searchable>true</searchable>
            <system>false</system>
            <unlogged>false</unlogged>
        </visibility>
        <definition>load(
    local!spaceTypes: #&quot;3af0f2e5-5c7f-4f1b-b92a-7b2b087a2287&quot;(
    columns: {
      &quot;id&quot;,
      &quot;label&quot;
    },
    type: #&quot;_a-0000dd0d-462c-8000-9ba2-011c48011c48_4971&quot;,
    isActive: true
  ).data,
    local!campuses: #&quot;_a-0000dd0d-462c-8000-9ba2-011c48011c48_5501&quot;(
    columns: {
      &quot;campusId&quot;,
      &quot;campusName&quot;
    },
    pagingInfo: #&quot;SYSTEM_SYSRULES_pagingInfo&quot;(
      startIndex: 1,
      batchSize: - 1,
      sort: #&quot;SYSTEM_SYSRULES_sortInfo&quot;(
        field: &quot;campusName&quot;,
        ascending: true
      )
    )
  ).data, 
  local!floors,
    local!buildings,
{#&quot;SYSTEM_SYSRULES_sectionLayout&quot;(
  label: &quot;General Filters&quot;,
  firstColumnContents: {
    #&quot;_a-0000dd0d-462c-8000-9ba2-011c48011c48_3690&quot;(
      label: &quot;Name&quot;,
      readOnly: false,
      value: ri!temp_searchRequest.spaceName,
      saveInto: ri!temp_searchRequest.spaceName
    ),
    #&quot;_a-0000dd0d-462c-8000-9ba2-011c48011c48_3685&quot;(
      label: &quot;Type&quot;,
      readOnly: false,
      choiceLabels: index(
        local!spaceTypes,
        &quot;label&quot;,
        {}
      ),
      choiceValues: index(
        local!spaceTypes,
        &quot;id&quot;,
        {}
      ),
      value: ri!temp_searchRequest.spaceTypeId,
      saveInto: ri!temp_searchRequest.spaceTypeId
    ),
    #&quot;_a-0000dd17-9077-8000-9ba2-011c48011c48_10649&quot;(
      readOnly: false,
      choiceLabel: &quot;Temporary Space&quot;,
      value: ri!temp_searchRequest.isTempSpace,
      saveInto: ri!temp_searchRequest.isTempSpace,
      labelPosition: &quot;COLLAPSED&quot;
    ),
    #&quot;_a-0000dd17-9077-8000-9ba2-011c48011c48_10649&quot;(
      readOnly: false,
      choiceLabel: &quot;Needs Approval&quot;,
      value: ri!temp_searchRequest.needsApproval,
      saveInto: ri!temp_searchRequest.needsApproval,
      labelPosition: &quot;COLLAPSED&quot;
    )
  },
  secondColumnContents: {
    #&quot;_a-0000dd0d-462c-8000-9ba2-011c48011c48_3685&quot;(
      label: &quot;Campus&quot;,
      readOnly: false,
      choiceLabels: index(
        local!campuses,
        &quot;campusName&quot;,
        {}
      ),
      choiceValues: index(
        local!campuses,
        &quot;campusId&quot;,
        {}
      ),
      value: ri!temp_searchRequest.campusId,
      saveInto: {
        ri!temp_searchRequest.campusId,
        if(
          isnull(
            ri!temp_searchRequest.campusId
          ),
          {},
          a!save(
            local!buildings,
            #&quot;_a-0000dd0d-462c-8000-9ba2-011c48011c48_5503&quot;(
              columns: {
                &quot;buildingId&quot;,
                &quot;buildingName&quot;
              },
              pagingInfo: #&quot;SYSTEM_SYSRULES_pagingInfo&quot;(
                startIndex: 1,
                batchSize: - 1,
                sort: #&quot;SYSTEM_SYSRULES_sortInfo&quot;(
                  field: &quot;buildingName&quot;,
                  ascending: true
                )
              ),
              campusId: ri!temp_searchRequest.campusId
            ).data
          )
        ),
        a!save(
          ri!temp_searchRequest.buildingId,
          null
        ),
        a!save(
          ri!temp_searchRequest.floorId,
          null
        )
      }
    ),
    #&quot;_a-0000dd0d-462c-8000-9ba2-011c48011c48_3685&quot;(
      label: &quot;Building&quot;,
      readOnly: false,
      disabled: isnull(
        ri!temp_searchRequest.campusId
      ),
      choiceLabels: index(
        local!buildings,
        &quot;buildingName&quot;,
        {}
      ),
      choiceValues: index(
        local!buildings,
        &quot;buildingId&quot;,
        {}
      ),
      value: ri!temp_searchRequest.buildingId,
      saveInto: {
        ri!temp_searchRequest.buildingId,
        if(
          isnull(
           ri!temp_searchRequest.buildingId
          ),
          {},
          a!save(
            local!floors,
            #&quot;_a-0000dd0d-462c-8000-9ba2-011c48011c48_5505&quot;(
              columns: {
                &quot;floorId&quot;,
                &quot;floorName&quot;
              },
              pagingInfo: #&quot;SYSTEM_SYSRULES_pagingInfo&quot;(
                startIndex: 1,
                batchSize: - 1,
                sort: #&quot;SYSTEM_SYSRULES_sortInfo&quot;(
                  field: &quot;floorName&quot;,
                  ascending: true
                )
              ),
              buildingId:ri!temp_searchRequest.buildingId
            ).data
          )
        ),
        a!save(
          ri!temp_searchRequest.floorId,
          null
        )
      }
    ),
    #&quot;_a-0000dd0d-462c-8000-9ba2-011c48011c48_3685&quot;(
      label: &quot;Floor&quot;,
      readOnly: false,
      disabled: isnull(
        ri!temp_searchRequest.buildingId
      ),
      choiceLabels: index(
        local!floors,
        &quot;floorName&quot;,
        {}
      ),
      choiceValues: index(
        local!floors,
        &quot;floorId&quot;,
        {}
      ),
      value: ri!temp_searchRequest.floorId,
      saveInto: ri!temp_searchRequest.floorId
    )
  },
  isCollapsible: true,
  isInitiallyCollapsed: true
),
#&quot;_a-0000dd3a-bcbf-8000-9ba2-011c48011c48_14427&quot;(
  keyboard: ri!temp_searchRequest.keyboard,
  mouse: ri!temp_searchRequest.mouse,
  avEquipment: ri!temp_searchRequest.avEquipment,
  dockingStation: ri!temp_searchRequest.dockingStation,
  dualMonitors: ri!temp_searchRequest.dualMonitors
),
#&quot;_a-0000dd0d-462c-8000-9ba2-011c48011c48_5659&quot;(
  resetSaveInto: {
    a!save(
      ri!pagingInfo.startIndex,
      1
    ),
    a!save(ri!temp_searchrequest, ri!blank_searchRequest),
    a!save(ri!searchRequest, ri!blank_searchRequest),
    a!save(
      ri!dataSubset,
      #&quot;_a-0000dd8b-d239-8000-9ba2-011c48011c48_29643&quot;(
        searchRequest: ri!searchRequest,
        pagingInfo: ri!pagingInfo
      )
    )
  },
  searchSaveInto: {
    a!save(
      ri!pagingInfo.startIndex,
      1
    ),
    a!save(ri!searchRequest, ri!temp_searchRequest),
    a!save(
      ri!dataSubset,
      #&quot;_a-0000dd8b-d239-8000-9ba2-011c48011c48_29643&quot;(
        searchRequest: ri!searchrequest,
        pagingInfo: ri!pagingInfo
      )
    )
  }
)}
)</definition>
        <namedTypedValue>
            <name>temp_searchRequest</name>
            <type>
                <name>HR_Hoteling_Space_SearchRequest</name>
                <namespace>urn:com:appian:types:HR</namespace>
            </type>
        </namedTypedValue>
        <namedTypedValue>
            <name>searchRequest</name>
            <type>
                <name>HR_Hoteling_Space_SearchRequest</name>
                <namespace>urn:com:appian:types:HR</namespace>
            </type>
        </namedTypedValue>
        <namedTypedValue>
            <name>dataSubset</name>
            <type>
                <name>DataSubset</name>
                <namespace>http://www.appian.com/ae/types/2009</namespace>
            </type>
        </namedTypedValue>
        <namedTypedValue>
            <name>pagingInfo</name>
            <type>
                <name>PagingInfo</name>
                <namespace>http://www.appian.com/ae/types/2009</namespace>
            </type>
        </namedTypedValue>
        <namedTypedValue>
            <name>blank_searchRequest</name>
            <type>
                <name>HR_Hoteling_Space_SearchRequest</name>
                <namespace>urn:com:appian:types:HR</namespace>
            </type>
        </namedTypedValue>
        <preferredEditor>interface</preferredEditor>
        <offlineEnabled>false</offlineEnabled>
    </rule>
    <roleMap public="true">
        <role allowForAll="false" inherit="true" name="readers">
            <users/>
            <groups/>
        </role>
        <role allowForAll="false" inherit="true" name="authors">
            <users/>
            <groups/>
        </role>
        <role allowForAll="false" inherit="true" name="administrators">
            <users/>
            <groups/>
        </role>
        <role allowForAll="false" inherit="false" name="denyReaders">
            <users/>
            <groups/>
        </role>
        <role allowForAll="false" inherit="false" name="denyAuthors">
            <users/>
            <groups/>
        </role>
        <role allowForAll="false" inherit="false" name="denyAdministrators">
            <users/>
            <groups/>
        </role>
    </roleMap>
</contentHaul>
