<?xml version="1.0" encoding="UTF-8" standalone="yes"?>
<contentHaul xmlns:a="http://www.appian.com/ae/types/2009">
    <rule>
        <name>HR_CMPT_Campus_googleMapsImage</name>
        <uuid>_a-0000dd4b-0482-8000-9ba2-011c48011c48_17927</uuid>
        <description>Contains a google maps image as well as the zoom in and out link. Please use &quot;roadmap&quot; for maptype. Other maptypes could be investigated at: https://developers.google.com/maps/documentation/static-maps/intro
Zoom buttons can be hidden. Please also see AF_RULE_Utility_googleMapsStatic</description>
        <parentUuid>_a-0000dd0d-462c-8000-9ba2-011c48011c48_3621</parentUuid>
        <visibility>
            <advertise>false</advertise>
            <hierarchy>true</hierarchy>
            <indexable>true</indexable>
            <quota>false</quota>
            <searchable>true</searchable>
            <system>false</system>
            <unlogged>false</unlogged>
        </visibility>
        <definition>load(
  local!streetviewZoom: ri!maptype=&quot;streetview&quot;,
  {
    #&quot;SYSTEM_SYSRULES_imageField&quot;(
      label: &quot;Campus Map&quot;,
      labelPosition: &quot;COLLAPSED&quot;,
      images: {
        #&quot;SYSTEM_SYSRULES_webImage&quot;(
          source: #&quot;_a-0000dd4b-0482-8000-9ba2-011c48011c48_17829&quot;(
            center: ri!center,
            zoom: ri!zoom,
            fov: ri!fov,
            size: ri!size,
            maptype: ri!maptype,
            addresses: if(#&quot;2168a5de-fb70-4d66-8b97-b547e3ac6e57&quot;(ri!addresses), &quot;&quot;, ri!addresses)
          ),
          altText: &quot;Image not available&quot;,
          caption: &quot;Image of Campus&quot;
        )
      }
      ),
      if(
        ri!hideZoom,
          {},
          {
            #&quot;SYSTEM_SYSRULES_imageField&quot;(
              label: &quot;&quot;,
              labelPosition: &quot;COLLAPSED&quot;,
              images: {
                #&quot;SYSTEM_SYSRULES_documentImage&quot;(
                  document: #&quot;_a-0000dd4b-0482-8000-9ba2-011c48011c48_17916&quot;,
                  caption: &quot;Zoom In&quot;,
                  link: #&quot;SYSTEM_SYSRULES_dynamicLink&quot;(
                    label: &quot;&quot;,
                    value: ri!zoom+1,
                    saveInto: ri!zoom
                  )
                ),
                #&quot;SYSTEM_SYSRULES_documentImage&quot;(
                  document: #&quot;_a-0000dd4b-0482-8000-9ba2-011c48011c48_17915&quot;,
                  caption: &quot;Zoom Out&quot;,
                  link: #&quot;SYSTEM_SYSRULES_dynamicLink&quot;(
                    label: &quot;&quot;,
                    value: ri!zoom-1,
                    saveInto: ri!zoom
                  )
                )
              },
              size: &quot;ICON&quot;
            )            
          }
      )

  }
)</definition>
        <namedTypedValue>
            <name>center</name>
            <type>
                <name>string</name>
                <namespace>http://www.w3.org/2001/XMLSchema</namespace>
            </type>
            <value/>
        </namedTypedValue>
        <namedTypedValue>
            <name>zoom</name>
            <type>
                <name>int</name>
                <namespace>http://www.w3.org/2001/XMLSchema</namespace>
            </type>
        </namedTypedValue>
        <namedTypedValue>
            <name>fov</name>
            <type>
                <name>int</name>
                <namespace>http://www.w3.org/2001/XMLSchema</namespace>
            </type>
        </namedTypedValue>
        <namedTypedValue>
            <name>size</name>
            <type>
                <name>string</name>
                <namespace>http://www.w3.org/2001/XMLSchema</namespace>
            </type>
            <value/>
        </namedTypedValue>
        <namedTypedValue>
            <name>maptype</name>
            <type>
                <name>string</name>
                <namespace>http://www.w3.org/2001/XMLSchema</namespace>
            </type>
            <value/>
        </namedTypedValue>
        <namedTypedValue>
            <name>addresses</name>
            <type>
                <name>Text?list</name>
                <namespace>http://www.appian.com/ae/types/2009</namespace>
            </type>
        </namedTypedValue>
        <namedTypedValue>
            <name>hideZoom</name>
            <type>
                <name>boolean</name>
                <namespace>http://www.w3.org/2001/XMLSchema</namespace>
            </type>
        </namedTypedValue>
        <preferredEditor>interface</preferredEditor>
        <offlineEnabled>false</offlineEnabled>
    </rule>
    <roleMap public="true">
        <role allowForAll="false" inherit="true" name="readers">
            <users/>
            <groups/>
        </role>
        <role allowForAll="false" inherit="true" name="authors">
            <users/>
            <groups/>
        </role>
        <role allowForAll="false" inherit="true" name="administrators">
            <users/>
            <groups/>
        </role>
        <role allowForAll="false" inherit="false" name="denyReaders">
            <users/>
            <groups/>
        </role>
        <role allowForAll="false" inherit="false" name="denyAuthors">
            <users/>
            <groups/>
        </role>
        <role allowForAll="false" inherit="false" name="denyAdministrators">
            <users/>
            <groups/>
        </role>
    </roleMap>
    <typedValue>
        <type>
            <name>RuleTestConfig?list</name>
            <namespace>http://www.appian.com/ae/types/2009</namespace>
        </type>
        <value>
            <el>
                <a:name/>
                <a:ruleInputTestConfigs>
                    <a:value xmlns:xsd="http://www.w3.org/2001/XMLSchema" xmlns:xsi="http://www.w3.org/2001/XMLSchema-instance" xsi:type="xsd:string"/>
                    <a:nameRef>center</a:nameRef>
                    <a:id/>
                </a:ruleInputTestConfigs>
                <a:ruleInputTestConfigs>
                    <a:value xmlns:xsd="http://www.w3.org/2001/XMLSchema" xmlns:xsi="http://www.w3.org/2001/XMLSchema-instance" xsi:nil="true" xsi:type="xsd:int"/>
                    <a:nameRef>zoom</a:nameRef>
                    <a:id/>
                </a:ruleInputTestConfigs>
                <a:ruleInputTestConfigs>
                    <a:value xmlns:xsd="http://www.w3.org/2001/XMLSchema" xmlns:xsi="http://www.w3.org/2001/XMLSchema-instance" xsi:nil="true" xsi:type="xsd:int"/>
                    <a:nameRef>fov</a:nameRef>
                    <a:id/>
                </a:ruleInputTestConfigs>
                <a:ruleInputTestConfigs>
                    <a:value xmlns:xsd="http://www.w3.org/2001/XMLSchema" xmlns:xsi="http://www.w3.org/2001/XMLSchema-instance" xsi:type="xsd:string"/>
                    <a:nameRef>size</a:nameRef>
                    <a:id/>
                </a:ruleInputTestConfigs>
                <a:ruleInputTestConfigs>
                    <a:value xmlns:xsd="http://www.w3.org/2001/XMLSchema" xmlns:xsi="http://www.w3.org/2001/XMLSchema-instance" xsi:type="xsd:string"/>
                    <a:nameRef>maptype</a:nameRef>
                    <a:id/>
                </a:ruleInputTestConfigs>
                <a:ruleInputTestConfigs>
                    <a:nameRef>addresses</a:nameRef>
                    <a:id/>
                </a:ruleInputTestConfigs>
                <a:ruleInputTestConfigs>
                    <a:value xmlns:xsd="http://www.w3.org/2001/XMLSchema" xmlns:xsi="http://www.w3.org/2001/XMLSchema-instance" xsi:nil="true" xsi:type="xsd:boolean"/>
                    <a:nameRef>hideZoom</a:nameRef>
                    <a:id/>
                </a:ruleInputTestConfigs>
                <a:assertions xmlns:xsi="http://www.w3.org/2001/XMLSchema-instance" xsi:nil="true"/>
            </el>
        </value>
    </typedValue>
</contentHaul>
