<?xml version="1.0" encoding="UTF-8" standalone="yes"?>
<contentHaul xmlns:a="http://www.appian.com/ae/types/2009">
    <rule>
        <name>HR_QRY_V_getReservation</name>
        <uuid>_a-0000dd0d-462c-8000-9ba2-011c48011c48_5001</uuid>
        <description>Gets all instances of an HR_V_Reservation based on the filters</description>
        <parentUuid>_a-0000dd0d-462c-8000-9ba2-011c48011c48_3808</parentUuid>
        <visibility>
            <advertise>false</advertise>
            <hierarchy>true</hierarchy>
            <indexable>true</indexable>
            <quota>false</quota>
            <searchable>true</searchable>
            <system>false</system>
            <unlogged>false</unlogged>
        </visibility>
        <definition>#&quot;fdea6255-5ee8-42a2-bdb1-aace3c917d86&quot;(
  entity: #&quot;_a-0000dd0d-462c-8000-9ba2-011c48011c48_4999&quot;,
  logicalExpression: #&quot;SYSTEM_SYSRULES_queryLogicalExpression&quot;(
    operator: &quot;AND&quot;,
    filters: {
      if(
        isnull(
          ri!reservationId
        ),
        #&quot;SYSTEM_SYSRULES_queryFilter&quot;(
          field: &quot;reservationId&quot;,
          operator: &quot;not null&quot;
        ),
        #&quot;SYSTEM_SYSRULES_queryFilter&quot;(
          field: &quot;reservationId&quot;,
          operator: &quot;=&quot;,
          value: ri!reservationId
        )
      ),
      if(
        isnull(
          ri!spaceId
        ),
        {},
        #&quot;SYSTEM_SYSRULES_queryFilter&quot;(
          field: &quot;spaceId&quot;,
          operator: &quot;=&quot;,
          value: ri!spaceId
        )
      ),
      if(
        isnull(
          ri!spaceName
        ),
        {},
        #&quot;SYSTEM_SYSRULES_queryFilter&quot;(
          field: &quot;spaceName&quot;,
          operator: &quot;includes&quot;,
          value: ri!spaceName
        )
      ),
      if(
        isnull(
          ri!spaceTypeId
        ),
        {},
        #&quot;SYSTEM_SYSRULES_queryFilter&quot;(
          field: &quot;spaceTypeId&quot;,
          operator: &quot;=&quot;,
          value: ri!spaceTypeId
        )
      ),
      if(
        isnull(
          ri!isTempSpace
        ),
        {},
        #&quot;SYSTEM_SYSRULES_queryFilter&quot;(
          field: &quot;isTempSpace&quot;,
          operator: &quot;=&quot;,
          value: ri!isTempSpace
        )
      ),
      if(
        isnull(
          ri!userName
        ),
        {},
        #&quot;SYSTEM_SYSRULES_queryFilter&quot;(
          field: &quot;reservationUserName&quot;,
          operator: &quot;starts with&quot;,
          value: ri!userName
        )
      ),
      if(
        isnull(
          ri!userId
        ),
        {},
        #&quot;SYSTEM_SYSRULES_queryFilter&quot;(
          field: &quot;reservationUserId&quot;,
          operator: &quot;=&quot;,
          value: ri!userId
        )
      ),
      if(
        isnull(
          ri!reservationDate
        ),
        {},
        {
          with(
            local!timeOffset: #&quot;_a-0000dd72-ed8d-8000-9ba2-011c48011c48_24119&quot;(),
            {
              #&quot;SYSTEM_SYSRULES_queryFilter&quot;(
                field: &quot;reservationFrom&quot;,
                operator: &quot;&gt;=&quot;,
                value: todatetime(ri!reservationDate)+local!timeOffset/24
              ),
              #&quot;SYSTEM_SYSRULES_queryFilter&quot;(
                field: &quot;reservationTo&quot;,
                operator: &quot;&lt;=&quot;,
                value: todatetime(ri!reservationDate+1)+local!timeOffset/24
              )
            }
          )
        }
      ),
      if(
        isnull(
          ri!reservationUserId
        ),
        {},
        #&quot;SYSTEM_SYSRULES_queryFilter&quot;(
          field: &quot;reservationUserId&quot;,
          operator: &quot;=&quot;,
          value: ri!reservationUserId
        )
      ),
      if(
        isnull(
          ri!campusId
        ),
        {},
        #&quot;SYSTEM_SYSRULES_queryFilter&quot;(
          field: &quot;campusId&quot;,
          operator: &quot;=&quot;,
          value: ri!campusId
        )
      ),
      if(
        isnull(
          ri!buildingId
        ),
        {},
        #&quot;SYSTEM_SYSRULES_queryFilter&quot;(
          field: &quot;buildingId&quot;,
          operator: &quot;=&quot;,
          value: ri!buildingId
        )
      ),
      if(
        isnull(
          ri!floorId
        ),
        {},
        #&quot;SYSTEM_SYSRULES_queryFilter&quot;(
          field: &quot;floorId&quot;,
          operator: &quot;=&quot;,
          value: ri!floorId
        )
      ),
      if(
        isnull(
          ri!keyboard
        ),
        {},
        #&quot;SYSTEM_SYSRULES_queryFilter&quot;(
          field: &quot;keyboard&quot;,
          operator: &quot;=&quot;,
          value: ri!keyboard
        )
      ),
      if(
        isnull(
          ri!mouse
        ),
        {},
        #&quot;SYSTEM_SYSRULES_queryFilter&quot;(
          field: &quot;mouse&quot;,
          operator: &quot;=&quot;,
          value: ri!mouse
        )
      ),
      if(
        isnull(
          ri!avEquipment
        ),
        {},
        #&quot;SYSTEM_SYSRULES_queryFilter&quot;(
          field: &quot;avEquipment&quot;,
          operator: &quot;=&quot;,
          value: ri!avEquipment
        )
      ),
      if(
        isnull(
          ri!dockingStation
        ),
        {},
        #&quot;SYSTEM_SYSRULES_queryFilter&quot;(
          field: &quot;dockingStation&quot;,
          operator: &quot;=&quot;,
          value: ri!dockingStation
        )
      ),
      if(
        isnull(
          ri!dualMonitors
        ),
        {},
        #&quot;SYSTEM_SYSRULES_queryFilter&quot;(
          field: &quot;dualMonitors&quot;,
          operator: &quot;=&quot;,
          value: ri!dualMonitors
        )
      ),
      if(
        isnull(
          ri!isApproved
        ),
        {},
        #&quot;SYSTEM_SYSRULES_queryFilter&quot;(
          field: &quot;isApproved&quot;,
          operator: &quot;=&quot;,
          value: ri!isApproved
        )
      )
    }
  ),
  pagingInfo: ri!pagingInfo
)</definition>
        <namedTypedValue>
            <name>columns</name>
            <type>
                <name>Text?list</name>
                <namespace>http://www.appian.com/ae/types/2009</namespace>
            </type>
        </namedTypedValue>
        <namedTypedValue>
            <name>pagingInfo</name>
            <type>
                <name>PagingInfo</name>
                <namespace>http://www.appian.com/ae/types/2009</namespace>
            </type>
        </namedTypedValue>
        <namedTypedValue>
            <name>reservationId</name>
            <type>
                <name>int</name>
                <namespace>http://www.w3.org/2001/XMLSchema</namespace>
            </type>
        </namedTypedValue>
        <namedTypedValue>
            <name>spaceId</name>
            <type>
                <name>int</name>
                <namespace>http://www.w3.org/2001/XMLSchema</namespace>
            </type>
        </namedTypedValue>
        <namedTypedValue>
            <name>spaceName</name>
            <type>
                <name>string</name>
                <namespace>http://www.w3.org/2001/XMLSchema</namespace>
            </type>
            <value/>
        </namedTypedValue>
        <namedTypedValue>
            <name>spaceTypeId</name>
            <type>
                <name>int</name>
                <namespace>http://www.w3.org/2001/XMLSchema</namespace>
            </type>
        </namedTypedValue>
        <namedTypedValue>
            <name>isTempSpace</name>
            <type>
                <name>boolean</name>
                <namespace>http://www.w3.org/2001/XMLSchema</namespace>
            </type>
        </namedTypedValue>
        <namedTypedValue>
            <name>userId</name>
            <type>
                <name>int</name>
                <namespace>http://www.w3.org/2001/XMLSchema</namespace>
            </type>
        </namedTypedValue>
        <namedTypedValue>
            <name>userName</name>
            <type>
                <name>string</name>
                <namespace>http://www.w3.org/2001/XMLSchema</namespace>
            </type>
            <value/>
        </namedTypedValue>
        <namedTypedValue>
            <name>reservationUserId</name>
            <type>
                <name>int</name>
                <namespace>http://www.w3.org/2001/XMLSchema</namespace>
            </type>
        </namedTypedValue>
        <namedTypedValue>
            <name>campusId</name>
            <type>
                <name>int</name>
                <namespace>http://www.w3.org/2001/XMLSchema</namespace>
            </type>
        </namedTypedValue>
        <namedTypedValue>
            <name>buildingId</name>
            <type>
                <name>int</name>
                <namespace>http://www.w3.org/2001/XMLSchema</namespace>
            </type>
        </namedTypedValue>
        <namedTypedValue>
            <name>floorId</name>
            <type>
                <name>int</name>
                <namespace>http://www.w3.org/2001/XMLSchema</namespace>
            </type>
        </namedTypedValue>
        <namedTypedValue>
            <name>keyboard</name>
            <type>
                <name>boolean</name>
                <namespace>http://www.w3.org/2001/XMLSchema</namespace>
            </type>
        </namedTypedValue>
        <namedTypedValue>
            <name>mouse</name>
            <type>
                <name>boolean</name>
                <namespace>http://www.w3.org/2001/XMLSchema</namespace>
            </type>
        </namedTypedValue>
        <namedTypedValue>
            <name>avEquipment</name>
            <type>
                <name>boolean</name>
                <namespace>http://www.w3.org/2001/XMLSchema</namespace>
            </type>
        </namedTypedValue>
        <namedTypedValue>
            <name>dualMonitors</name>
            <type>
                <name>boolean</name>
                <namespace>http://www.w3.org/2001/XMLSchema</namespace>
            </type>
        </namedTypedValue>
        <namedTypedValue>
            <name>dockingStation</name>
            <type>
                <name>boolean</name>
                <namespace>http://www.w3.org/2001/XMLSchema</namespace>
            </type>
        </namedTypedValue>
        <namedTypedValue>
            <name>isApproved</name>
            <type>
                <name>boolean</name>
                <namespace>http://www.w3.org/2001/XMLSchema</namespace>
            </type>
        </namedTypedValue>
        <namedTypedValue>
            <name>reservationDate</name>
            <type>
                <name>date</name>
                <namespace>http://www.w3.org/2001/XMLSchema</namespace>
            </type>
        </namedTypedValue>
        <preferredEditor>legacy</preferredEditor>
        <offlineEnabled>false</offlineEnabled>
    </rule>
    <roleMap public="true">
        <role allowForAll="true" inherit="false" name="readers">
            <users/>
            <groups/>
        </role>
        <role allowForAll="true" inherit="false" name="authors">
            <users/>
            <groups/>
        </role>
        <role allowForAll="false" inherit="false" name="administrators">
            <users/>
            <groups>
                <groupUuid>_e-0000dd0a-93c8-8000-9aee-01075c01075c_12</groupUuid>
            </groups>
        </role>
        <role allowForAll="false" inherit="false" name="denyReaders">
            <users/>
            <groups/>
        </role>
        <role allowForAll="false" inherit="false" name="denyAuthors">
            <users/>
            <groups/>
        </role>
        <role allowForAll="false" inherit="false" name="denyAdministrators">
            <users/>
            <groups/>
        </role>
    </roleMap>
</contentHaul>
