<?xml version="1.0" encoding="UTF-8" standalone="yes"?>
<contentHaul xmlns:a="http://www.appian.com/ae/types/2009">
    <rule>
        <name>HR_SCT_ItEquipment_AllocationInformation</name>
        <uuid>_a-0000dd8b-d239-8000-9ba2-011c48011c48_28797</uuid>
        <description></description>
        <parentUuid>_a-0000dd0d-462c-8000-9ba2-011c48011c48_3551</parentUuid>
        <visibility>
            <advertise>false</advertise>
            <hierarchy>true</hierarchy>
            <indexable>true</indexable>
            <quota>false</quota>
            <searchable>true</searchable>
            <system>false</system>
            <unlogged>false</unlogged>
        </visibility>
        <definition>load(&#xD;
  local!itDepartment: #&quot;3af0f2e5-5c7f-4f1b-b92a-7b2b087a2287&quot;(&#xD;
    columns: {&#xD;
      &quot;id&quot;,&#xD;
      &quot;label&quot;&#xD;
    },&#xD;
    type: &quot;IT_USER_DEPARTMENT&quot;,&#xD;
    isActive: true&#xD;
  ).data,&#xD;
  #&quot;SYSTEM_SYSRULES_sectionLayout&quot;(&#xD;
    label: &quot;Allocation Information&quot;,&#xD;
    firstColumnContents: {&#xD;
      #&quot;_a-0000dd0d-462c-8000-9ba2-011c48011c48_3685&quot;(&#xD;
      label: &quot;Status&quot;,&#xD;
      readOnly: ri!readOnly,&#xD;
      required: true,&#xD;
      choiceLabels: #&quot;_a-0000dd8b-d239-8000-9ba2-011c48011c48_28485&quot;,&#xD;
      choiceValues: #&quot;_a-0000dd8b-d239-8000-9ba2-011c48011c48_28485&quot;,&#xD;
      value: ri!itEquipment.status,&#xD;
        saveInto: {ri!itEquipment.status, a!save({ri!itEquipment.userId,ri!itEquipment.assignedDate}, null)&#xD;
      }&#xD;
      ),&#xD;
    if(ri!itEquipment.status = &quot;Assigned&quot;, &#xD;
    {#&quot;fa8d3278-99cb-48cb-b4c8-5602158660a9&quot;(&#xD;
      label: &quot;Date Assigned&quot;,&#xD;
      value: ri!itEquipment.assignedDate,&#xD;
      saveInto: ri!itEquipment.assignedDate,&#xD;
      readOnly: ri!readOnly&#xD;
    ),&#xD;
   #&quot;_a-0000dd0d-462c-8000-9ba2-011c48011c48_7226&quot;(&#xD;
        label: &quot;Current Assignee&quot;,&#xD;
        readOnly: ri!readOnly,&#xD;
        required: true,        maxSelections: 1,&#xD;
        value: ri!itEquipment.userId,&#xD;
        saveInto: ri!itEquipment.userId&#xD;
      )},{})},&#xD;
    secondColumnContents: {&#xD;
      #&quot;_a-0000dd0d-462c-8000-9ba2-011c48011c48_3690&quot;(&#xD;
        label: &quot;Room Location&quot;,&#xD;
        readOnly: ri!readOnly,&#xD;
        value: ri!itEquipment.roomAssigned,&#xD;
        saveInto: ri!itEquipment.roomAssigned&#xD;
      ),&#xD;
      #&quot;_a-0000dd0d-462c-8000-9ba2-011c48011c48_3685&quot;(&#xD;
        label: &quot;Department&quot;,&#xD;
        readOnly: ri!readOnly,&#xD;
        choiceValues: local!itDepartment.label,&#xD;
        choiceLabels: local!itDepartment.label,&#xD;
        value: ri!itEquipment.userDepartment,&#xD;
        saveInto: ri!itEquipment.userDepartment&#xD;
      )&#xD;
    },&#xD;
  isCollapsible: ri!readOnly&#xD;
    )&#xD;
    )</definition>
        <namedTypedValue>
            <name>readOnly</name>
            <type>
                <name>boolean</name>
                <namespace>http://www.w3.org/2001/XMLSchema</namespace>
            </type>
        </namedTypedValue>
        <namedTypedValue>
            <name>itEquipment</name>
            <type>
                <name>HR_ItEquipment</name>
                <namespace>urn:com:appian:types:HR</namespace>
            </type>
        </namedTypedValue>
        <preferredEditor>interface</preferredEditor>
        <offlineEnabled>false</offlineEnabled>
    </rule>
    <roleMap public="true">
        <role allowForAll="false" inherit="true" name="readers">
            <users/>
            <groups/>
        </role>
        <role allowForAll="false" inherit="true" name="authors">
            <users/>
            <groups/>
        </role>
        <role allowForAll="false" inherit="true" name="administrators">
            <users/>
            <groups/>
        </role>
        <role allowForAll="false" inherit="false" name="denyReaders">
            <users/>
            <groups/>
        </role>
        <role allowForAll="false" inherit="false" name="denyAuthors">
            <users/>
            <groups/>
        </role>
        <role allowForAll="false" inherit="false" name="denyAdministrators">
            <users/>
            <groups/>
        </role>
    </roleMap>
</contentHaul>
