<?xml version="1.0" encoding="UTF-8" standalone="yes"?>
<contentHaul xmlns:a="http://www.appian.com/ae/types/2009">
    <rule>
        <name>HR_QRY_V_getSpaceUtilization</name>
        <uuid>_a-0000dd17-9077-8000-9ba2-011c48011c48_11091</uuid>
        <description>Get the utilization rolled up at the space level. endDatetime is required</description>
        <parentUuid>_a-0000dd0d-462c-8000-9ba2-011c48011c48_3808</parentUuid>
        <visibility>
            <advertise>false</advertise>
            <hierarchy>true</hierarchy>
            <indexable>true</indexable>
            <quota>false</quota>
            <searchable>true</searchable>
            <system>false</system>
            <unlogged>false</unlogged>
        </visibility>
        <definition>#&quot;SYSTEM_SYSRULES_queryEntity&quot;(
  entity: #&quot;_a-0000dd17-9077-8000-9ba2-011c48011c48_11083&quot;,
  query: #&quot;SYSTEM_SYSRULES_query&quot;(
    aggregation: #&quot;SYSTEM_SYSRULES_queryAggregation&quot;(
      aggregationColumns: {
        #&quot;SYSTEM_SYSRULES_queryAggregationColumn&quot;(
          field: &quot;spaceId&quot;,
          isGrouping: true
        ),
        #&quot;SYSTEM_SYSRULES_queryAggregationColumn&quot;(
          field: &quot;spaceName&quot;,
          isGrouping: true
        ),
        #&quot;SYSTEM_SYSRULES_queryAggregationColumn&quot;(
          field: &quot;spaceTypeLabel&quot;,
          isGrouping: true
        ),
        #&quot;SYSTEM_SYSRULES_queryAggregationColumn&quot;(
          field: &quot;reservationUtil&quot;,
          aggregationFunction: &quot;SUM&quot;
        )
      }
    ),
    logicalExpression: #&quot;SYSTEM_SYSRULES_queryLogicalExpression&quot;(
      operator: &quot;AND&quot;,
      filters: {
        #&quot;SYSTEM_SYSRULES_queryFilter&quot;(field: &quot;reservationTo&quot;, operator: &quot;&lt;=&quot;, value: ri!endDatetime),
        if(isnull(ri!startDatetime), {}, #&quot;SYSTEM_SYSRULES_queryFilter&quot;(field: &quot;reservationFrom&quot;, operator: &quot;&gt;=&quot;, value: ri!startDatetime)),
        if(isnull(ri!floorId), {}, #&quot;SYSTEM_SYSRULES_queryFilter&quot;(field: &quot;floorId&quot;, operator: &quot;=&quot;, value: ri!floorId))
      }
    ),
    pagingInfo: ri!pagingInfo
  )
)</definition>
        <namedTypedValue>
            <name>pagingInfo</name>
            <type>
                <name>PagingInfo</name>
                <namespace>http://www.appian.com/ae/types/2009</namespace>
            </type>
        </namedTypedValue>
        <namedTypedValue>
            <name>endDatetime</name>
            <type>
                <name>dateTime</name>
                <namespace>http://www.w3.org/2001/XMLSchema</namespace>
            </type>
        </namedTypedValue>
        <namedTypedValue>
            <name>startDatetime</name>
            <type>
                <name>dateTime</name>
                <namespace>http://www.w3.org/2001/XMLSchema</namespace>
            </type>
        </namedTypedValue>
        <namedTypedValue>
            <name>floorId</name>
            <type>
                <name>int</name>
                <namespace>http://www.w3.org/2001/XMLSchema</namespace>
            </type>
        </namedTypedValue>
        <preferredEditor>legacy</preferredEditor>
        <offlineEnabled>false</offlineEnabled>
    </rule>
    <roleMap public="true">
        <role allowForAll="true" inherit="false" name="readers">
            <users/>
            <groups/>
        </role>
        <role allowForAll="true" inherit="false" name="authors">
            <users/>
            <groups/>
        </role>
        <role allowForAll="false" inherit="false" name="administrators">
            <users/>
            <groups>
                <groupUuid>_e-0000dd0a-93c8-8000-9aee-01075c01075c_12</groupUuid>
            </groups>
        </role>
        <role allowForAll="false" inherit="false" name="denyReaders">
            <users/>
            <groups/>
        </role>
        <role allowForAll="false" inherit="false" name="denyAuthors">
            <users/>
            <groups/>
        </role>
        <role allowForAll="false" inherit="false" name="denyAdministrators">
            <users/>
            <groups/>
        </role>
    </roleMap>
</contentHaul>
