<?xml version="1.0" encoding="UTF-8" standalone="yes"?>
<contentHaul xmlns:a="http://www.appian.com/ae/types/2009">
    <rule>
        <name>HR_QRY_getPositionAudit</name>
        <uuid>_a-0000dd4b-0482-8000-9ba2-011c48011c48_17773</uuid>
        <description>Gets all instances of an HR_Position_Audit based on the filters</description>
        <parentUuid>_a-0000dd0d-462c-8000-9ba2-011c48011c48_3807</parentUuid>
        <visibility>
            <advertise>false</advertise>
            <hierarchy>true</hierarchy>
            <indexable>true</indexable>
            <quota>false</quota>
            <searchable>true</searchable>
            <system>false</system>
            <unlogged>false</unlogged>
        </visibility>
        <definition>#&quot;fdea6255-5ee8-42a2-bdb1-aace3c917d86&quot;(
  entity: #&quot;_a-0000dd4b-0482-8000-9ba2-011c48011c48_17772&quot;,
  logicalExpression: #&quot;SYSTEM_SYSRULES_queryLogicalExpression&quot;(
    operator: &quot;AND&quot;,
    filters: {
      if(#&quot;2168a5de-fb70-4d66-8b97-b547e3ac6e57&quot;(ri!auditId),
        #&quot;SYSTEM_SYSRULES_queryFilter&quot;(
          field: &quot;auditId&quot;,
          operator: &quot;not null&quot;
        ),
        #&quot;SYSTEM_SYSRULES_queryFilter&quot;(
          field: &quot;auditId&quot;,
          operator: &quot;=&quot;,
          value: ri!auditId
        )
      ),
      if(#&quot;2168a5de-fb70-4d66-8b97-b547e3ac6e57&quot;(ri!entityPrimaryKey),
        {},
        #&quot;SYSTEM_SYSRULES_queryFilter&quot;(
          field: &quot;entityPrimaryKey&quot;,
          operator: &quot;=&quot;,
          value: ri!entityPrimaryKey
        )
      ),
      if(#&quot;2168a5de-fb70-4d66-8b97-b547e3ac6e57&quot;(ri!workflowId),
        {},
        #&quot;SYSTEM_SYSRULES_queryFilter&quot;(
          field: &quot;workflowId&quot;,
          operator: &quot;=&quot;,
          value: ri!workflowId
        )
      ),
      if(#&quot;2168a5de-fb70-4d66-8b97-b547e3ac6e57&quot;(ri!auditActionId),
        {},
        #&quot;SYSTEM_SYSRULES_queryFilter&quot;(
          field: &quot;auditActionId&quot;,
          operator: &quot;=&quot;,
          value: ri!auditActionId
        )
      ),
      if(#&quot;2168a5de-fb70-4d66-8b97-b547e3ac6e57&quot;(ri!auditOldValue),
        {},
        #&quot;SYSTEM_SYSRULES_queryFilter&quot;(
          field: &quot;auditOldValue&quot;,
          operator: &quot;=&quot;,
          value: ri!auditOldValue
        )
      ),
      if(#&quot;2168a5de-fb70-4d66-8b97-b547e3ac6e57&quot;(ri!auditNewValue),
        {},
        #&quot;SYSTEM_SYSRULES_queryFilter&quot;(
          field: &quot;auditNewValue&quot;,
          operator: &quot;=&quot;,
          value: ri!auditNewValue
        )
      ),
      if(#&quot;2168a5de-fb70-4d66-8b97-b547e3ac6e57&quot;(ri!auditDatetime),
        {},
        #&quot;SYSTEM_SYSRULES_queryFilter&quot;(
          field: &quot;auditDatetime&quot;,
          operator: &quot;=&quot;,
          value: ri!auditDatetime
        )
      )
    }
  ),
  pagingInfo: ri!pagingInfo
)</definition>
        <namedTypedValue>
            <name>pagingInfo</name>
            <type>
                <name>PagingInfo</name>
                <namespace>http://www.appian.com/ae/types/2009</namespace>
            </type>
        </namedTypedValue>
        <namedTypedValue>
            <name>columns</name>
            <type>
                <name>Text?list</name>
                <namespace>http://www.appian.com/ae/types/2009</namespace>
            </type>
        </namedTypedValue>
        <namedTypedValue>
            <name>auditId</name>
            <type>
                <name>int</name>
                <namespace>http://www.w3.org/2001/XMLSchema</namespace>
            </type>
        </namedTypedValue>
        <namedTypedValue>
            <name>entityPrimaryKey</name>
            <type>
                <name>int</name>
                <namespace>http://www.w3.org/2001/XMLSchema</namespace>
            </type>
        </namedTypedValue>
        <namedTypedValue>
            <name>workflowId</name>
            <type>
                <name>int</name>
                <namespace>http://www.w3.org/2001/XMLSchema</namespace>
            </type>
        </namedTypedValue>
        <namedTypedValue>
            <name>auditActionId</name>
            <type>
                <name>int</name>
                <namespace>http://www.w3.org/2001/XMLSchema</namespace>
            </type>
        </namedTypedValue>
        <namedTypedValue>
            <name>auditOldValue</name>
            <type>
                <name>string</name>
                <namespace>http://www.w3.org/2001/XMLSchema</namespace>
            </type>
            <value/>
        </namedTypedValue>
        <namedTypedValue>
            <name>auditNewValue</name>
            <type>
                <name>string</name>
                <namespace>http://www.w3.org/2001/XMLSchema</namespace>
            </type>
            <value/>
        </namedTypedValue>
        <namedTypedValue>
            <name>auditDatetime</name>
            <type>
                <name>dateTime</name>
                <namespace>http://www.w3.org/2001/XMLSchema</namespace>
            </type>
        </namedTypedValue>
        <preferredEditor>legacy</preferredEditor>
        <offlineEnabled>false</offlineEnabled>
    </rule>
    <roleMap public="true">
        <role allowForAll="true" inherit="false" name="readers">
            <users/>
            <groups/>
        </role>
        <role allowForAll="true" inherit="false" name="authors">
            <users/>
            <groups/>
        </role>
        <role allowForAll="false" inherit="false" name="administrators">
            <users/>
            <groups>
                <groupUuid>_e-0000dd0a-93c8-8000-9aee-01075c01075c_12</groupUuid>
            </groups>
        </role>
        <role allowForAll="false" inherit="false" name="denyReaders">
            <users/>
            <groups/>
        </role>
        <role allowForAll="false" inherit="false" name="denyAuthors">
            <users/>
            <groups/>
        </role>
        <role allowForAll="false" inherit="false" name="denyAdministrators">
            <users/>
            <groups/>
        </role>
    </roleMap>
</contentHaul>
