<?xml version="1.0" encoding="UTF-8" standalone="yes"?>
<contentHaul xmlns:a="http://www.appian.com/ae/types/2009">
    <rule>
        <name>HR_CMPT_ItEquipment_currentAssigneeRecordLink</name>
        <uuid>_a-0000dd4b-0482-8000-9ba2-011c48011c48_17754</uuid>
        <description>Component for a link to the IT Equipment current assignee user record. If there is no assignee, this rule returns a text field displaying the default assignee string.</description>
        <parentUuid>_a-0000dd0d-462c-8000-9ba2-011c48011c48_3621</parentUuid>
        <visibility>
            <advertise>false</advertise>
            <hierarchy>true</hierarchy>
            <indexable>true</indexable>
            <quota>false</quota>
            <searchable>true</searchable>
            <system>false</system>
            <unlogged>false</unlogged>
        </visibility>
        <definition>if(#&quot;2168a5de-fb70-4d66-8b97-b547e3ac6e57&quot;(ri!userId),
  #&quot;_a-0000dd0d-462c-8000-9ba2-011c48011c48_3690&quot;(
    label: &quot;Current Assignee&quot;,
    readOnly: true,
    value: #&quot;_a-0000dd0d-462c-8000-9ba2-011c48011c48_6969&quot;
  ),
  #&quot;SYSTEM_SYSRULES_linkField&quot;(
    label: &quot;Current Assignee&quot;,
    labelPosition: #&quot;7515f385-6042-4961-b666-89d55ce8534e&quot;(readOnly:true),
    links:{
      #&quot;SYSTEM_SYSRULES_recordLink&quot;(
        label: ri!userName,
        recordType: #&quot;_a-0000dd0d-462c-8000-9ba2-011c48011c48_3992&quot;,
        identifier: ri!userId
      )
    }
  )
)
</definition>
        <namedTypedValue>
            <name>userId</name>
            <type>
                <name>int</name>
                <namespace>http://www.w3.org/2001/XMLSchema</namespace>
            </type>
        </namedTypedValue>
        <namedTypedValue>
            <name>userName</name>
            <type>
                <name>string</name>
                <namespace>http://www.w3.org/2001/XMLSchema</namespace>
            </type>
            <value/>
        </namedTypedValue>
        <preferredEditor>interface</preferredEditor>
        <offlineEnabled>false</offlineEnabled>
    </rule>
    <roleMap public="true">
        <role allowForAll="false" inherit="true" name="readers">
            <users/>
            <groups/>
        </role>
        <role allowForAll="false" inherit="true" name="authors">
            <users/>
            <groups/>
        </role>
        <role allowForAll="false" inherit="true" name="administrators">
            <users/>
            <groups/>
        </role>
        <role allowForAll="false" inherit="false" name="denyReaders">
            <users/>
            <groups/>
        </role>
        <role allowForAll="false" inherit="false" name="denyAuthors">
            <users/>
            <groups/>
        </role>
        <role allowForAll="false" inherit="false" name="denyAdministrators">
            <users/>
            <groups/>
        </role>
    </roleMap>
    <typedValue>
        <type>
            <name>RuleTestConfig?list</name>
            <namespace>http://www.appian.com/ae/types/2009</namespace>
        </type>
        <value>
            <el>
                <a:name/>
                <a:ruleInputTestConfigs>
                    <a:value xmlns:xsd="http://www.w3.org/2001/XMLSchema" xmlns:xsi="http://www.w3.org/2001/XMLSchema-instance" xsi:nil="true" xsi:type="xsd:int"/>
                    <a:nameRef>userId</a:nameRef>
                    <a:id/>
                </a:ruleInputTestConfigs>
                <a:ruleInputTestConfigs>
                    <a:value xmlns:xsd="http://www.w3.org/2001/XMLSchema" xmlns:xsi="http://www.w3.org/2001/XMLSchema-instance" xsi:type="xsd:string"/>
                    <a:nameRef>userName</a:nameRef>
                    <a:id/>
                </a:ruleInputTestConfigs>
                <a:assertions xmlns:xsi="http://www.w3.org/2001/XMLSchema-instance" xsi:nil="true"/>
            </el>
        </value>
    </typedValue>
</contentHaul>
