<?xml version="1.0" encoding="UTF-8" standalone="yes"?>
<contentHaul xmlns:a="http://www.appian.com/ae/types/2009">
    <rule>
        <name>HR_QRY_V_getSpace</name>
        <uuid>_a-0000dd0d-462c-8000-9ba2-011c48011c48_4973</uuid>
        <description>Gets all instances of an HR_V_Space based on the filters</description>
        <parentUuid>_a-0000dd0d-462c-8000-9ba2-011c48011c48_3808</parentUuid>
        <visibility>
            <advertise>false</advertise>
            <hierarchy>true</hierarchy>
            <indexable>true</indexable>
            <quota>false</quota>
            <searchable>true</searchable>
            <system>false</system>
            <unlogged>false</unlogged>
        </visibility>
        <definition>#&quot;SYSTEM_SYSRULES_queryEntity&quot;(
  entity: #&quot;_a-0000dd0d-462c-8000-9ba2-011c48011c48_5394&quot;,
  query: #&quot;SYSTEM_SYSRULES_query&quot;(
    selection: if(#&quot;2168a5de-fb70-4d66-8b97-b547e3ac6e57&quot;(ri!columns), null,
      #&quot;SYSTEM_SYSRULES_querySelection&quot;(
        columns: apply(#&quot;SYSTEM_SYSRULES_queryColumn&quot;(field: _), ri!columns)
      )
    ),
    logicalExpression: 
      #&quot;SYSTEM_SYSRULES_queryLogicalExpression&quot;(
        operator: &quot;AND&quot;,
        logicalExpressions: {
          if(#&quot;2168a5de-fb70-4d66-8b97-b547e3ac6e57&quot;(ri!isTempSpace), 
            {},
            #&quot;SYSTEM_SYSRULES_queryLogicalExpression&quot;(
              operator: &quot;OR&quot;,
              filters: {
                #&quot;SYSTEM_SYSRULES_queryFilter&quot;(
                  field: &quot;isTempSpace&quot;,
                  operator: &quot;=&quot;,
                  value: ri!isTempSpace
                ),
                if(ri!isTempSpace = false, #&quot;SYSTEM_SYSRULES_queryFilter&quot;(field: &quot;isTempSpace&quot;, operator: &quot;is null&quot;), {})
              }
            )
          )
        },
        filters: {
          if(#&quot;2168a5de-fb70-4d66-8b97-b547e3ac6e57&quot;(ri!spaceId), 
          #&quot;SYSTEM_SYSRULES_queryFilter&quot;(
              field: &quot;spaceId&quot;,
              operator: &quot;not null&quot;
            ),
            #&quot;SYSTEM_SYSRULES_queryFilter&quot;(
              field: &quot;spaceId&quot;,
              operator: &quot;in&quot;,
              value: ri!spaceId
            )
          ),
          if(#&quot;2168a5de-fb70-4d66-8b97-b547e3ac6e57&quot;(ri!spaceName), 
          {},
            #&quot;SYSTEM_SYSRULES_queryFilter&quot;(
              field: &quot;spaceName&quot;,
              operator: &quot;includes&quot;,
              value: ri!spaceName
            )
          ),
          if(#&quot;2168a5de-fb70-4d66-8b97-b547e3ac6e57&quot;(ri!spaceTypeId), 
          {},
            #&quot;SYSTEM_SYSRULES_queryFilter&quot;(
              field: &quot;spaceTypeId&quot;,
              operator: &quot;in&quot;,
              value: ri!spaceTypeId
            )
          ),
          if(#&quot;2168a5de-fb70-4d66-8b97-b547e3ac6e57&quot;(ri!floorId), 
          {},
            #&quot;SYSTEM_SYSRULES_queryFilter&quot;(
              field: &quot;floorId&quot;,
              operator: &quot;=&quot;,
              value: ri!floorId
            )
          ),
          if(#&quot;2168a5de-fb70-4d66-8b97-b547e3ac6e57&quot;(ri!buildingId), 
          {},
            #&quot;SYSTEM_SYSRULES_queryFilter&quot;(
              field: &quot;buildingId&quot;,
              operator: &quot;=&quot;,
              value: ri!buildingId
            )
          ),
          if(#&quot;2168a5de-fb70-4d66-8b97-b547e3ac6e57&quot;(ri!campusId), 
          {},
            #&quot;SYSTEM_SYSRULES_queryFilter&quot;(
              field: &quot;campusId&quot;,
              operator: &quot;=&quot;,
              value: ri!campusId
            )
          ),
          if(#&quot;2168a5de-fb70-4d66-8b97-b547e3ac6e57&quot;(ri!notInIds), 
          {},
            #&quot;SYSTEM_SYSRULES_queryFilter&quot;(
              field: &quot;spaceId&quot;,
              operator: &quot;not in&quot;,
              value: ri!notInIds
            )
          ),
          if(#&quot;2168a5de-fb70-4d66-8b97-b547e3ac6e57&quot;(ri!keyboard), 
          {},
            #&quot;SYSTEM_SYSRULES_queryFilter&quot;(
              field: &quot;keyboard&quot;,
              operator: &quot;=&quot;,
              value: ri!keyboard
            )
          ),
          if(#&quot;2168a5de-fb70-4d66-8b97-b547e3ac6e57&quot;(ri!mouse), 
          {},
            #&quot;SYSTEM_SYSRULES_queryFilter&quot;(
              field: &quot;mouse&quot;,
              operator: &quot;=&quot;,
              value: ri!mouse
            )
          ),
          if(#&quot;2168a5de-fb70-4d66-8b97-b547e3ac6e57&quot;(ri!avEquipment), 
          {},
            #&quot;SYSTEM_SYSRULES_queryFilter&quot;(
              field: &quot;avEquipment&quot;,
              operator: &quot;=&quot;,
              value: ri!avEquipment
            )
          ),
          if(#&quot;2168a5de-fb70-4d66-8b97-b547e3ac6e57&quot;(ri!dockingStation), 
          {},
            #&quot;SYSTEM_SYSRULES_queryFilter&quot;(
              field: &quot;dockingStation&quot;,
              operator: &quot;=&quot;,
              value: ri!dockingStation
            )
          ),
          if(#&quot;2168a5de-fb70-4d66-8b97-b547e3ac6e57&quot;(ri!dualMonitors), 
          {},
            #&quot;SYSTEM_SYSRULES_queryFilter&quot;(
              field: &quot;dualMonitors&quot;,
              operator: &quot;=&quot;,
              value: ri!dualMonitors
            )
          ),
          if(#&quot;2168a5de-fb70-4d66-8b97-b547e3ac6e57&quot;(ri!needsApproval), 
          {},
            #&quot;SYSTEM_SYSRULES_queryFilter&quot;(
              field: &quot;needsApproval&quot;,
              operator: &quot;=&quot;,
              value: ri!needsApproval
            )
          )
          ,
          if(#&quot;2168a5de-fb70-4d66-8b97-b547e3ac6e57&quot;(ri!userFullName), 
          {},
            #&quot;SYSTEM_SYSRULES_queryFilter&quot;(
              field: &quot;userFullName&quot;,
              operator: &quot;=&quot;,
              value: ri!userFullName
            )
          ),
          if(#&quot;2168a5de-fb70-4d66-8b97-b547e3ac6e57&quot;(ri!userId), 
          {},
            #&quot;SYSTEM_SYSRULES_queryFilter&quot;(
              field: &quot;userId&quot;,
              operator: &quot;=&quot;,
              value: ri!userId
            )
          ),
          if(isnull(ri!noUser), {}, #&quot;SYSTEM_SYSRULES_queryFilter&quot;(field: &quot;userId&quot;, operator: if(ri!noUser, &quot;is null&quot;, &quot;not null&quot;)))
        }
      ),
      pagingInfo: if(#&quot;2168a5de-fb70-4d66-8b97-b547e3ac6e57&quot;(ri!pagingInfo),
      #&quot;SYSTEM_SYSRULES_pagingInfo&quot;(
        startIndex: 1,
        batchSize: -1,
        sort: #&quot;SYSTEM_SYSRULES_sortInfo&quot;(
          field: &quot;spaceName&quot;,
          ascending: true
        )
      ),
      ri!pagingInfo)
  )
)</definition>
        <namedTypedValue>
            <name>columns</name>
            <type>
                <name>Text?list</name>
                <namespace>http://www.appian.com/ae/types/2009</namespace>
            </type>
        </namedTypedValue>
        <namedTypedValue>
            <name>pagingInfo</name>
            <type>
                <name>PagingInfo</name>
                <namespace>http://www.appian.com/ae/types/2009</namespace>
            </type>
        </namedTypedValue>
        <namedTypedValue>
            <name>spaceId</name>
            <type>
                <name>Integer?list</name>
                <namespace>http://www.appian.com/ae/types/2009</namespace>
            </type>
        </namedTypedValue>
        <namedTypedValue>
            <name>spaceName</name>
            <type>
                <name>string</name>
                <namespace>http://www.w3.org/2001/XMLSchema</namespace>
            </type>
            <value/>
        </namedTypedValue>
        <namedTypedValue>
            <name>spaceTypeId</name>
            <type>
                <name>Integer?list</name>
                <namespace>http://www.appian.com/ae/types/2009</namespace>
            </type>
        </namedTypedValue>
        <namedTypedValue>
            <name>isTempSpace</name>
            <type>
                <name>boolean</name>
                <namespace>http://www.w3.org/2001/XMLSchema</namespace>
            </type>
        </namedTypedValue>
        <namedTypedValue>
            <name>floorId</name>
            <type>
                <name>int</name>
                <namespace>http://www.w3.org/2001/XMLSchema</namespace>
            </type>
        </namedTypedValue>
        <namedTypedValue>
            <name>buildingId</name>
            <type>
                <name>int</name>
                <namespace>http://www.w3.org/2001/XMLSchema</namespace>
            </type>
        </namedTypedValue>
        <namedTypedValue>
            <name>campusId</name>
            <type>
                <name>int</name>
                <namespace>http://www.w3.org/2001/XMLSchema</namespace>
            </type>
        </namedTypedValue>
        <namedTypedValue>
            <name>notInIds</name>
            <type>
                <name>Integer?list</name>
                <namespace>http://www.appian.com/ae/types/2009</namespace>
            </type>
        </namedTypedValue>
        <namedTypedValue>
            <name>keyboard</name>
            <type>
                <name>boolean</name>
                <namespace>http://www.w3.org/2001/XMLSchema</namespace>
            </type>
        </namedTypedValue>
        <namedTypedValue>
            <name>mouse</name>
            <type>
                <name>boolean</name>
                <namespace>http://www.w3.org/2001/XMLSchema</namespace>
            </type>
        </namedTypedValue>
        <namedTypedValue>
            <name>avEquipment</name>
            <type>
                <name>boolean</name>
                <namespace>http://www.w3.org/2001/XMLSchema</namespace>
            </type>
        </namedTypedValue>
        <namedTypedValue>
            <name>dockingStation</name>
            <type>
                <name>boolean</name>
                <namespace>http://www.w3.org/2001/XMLSchema</namespace>
            </type>
        </namedTypedValue>
        <namedTypedValue>
            <name>dualMonitors</name>
            <type>
                <name>boolean</name>
                <namespace>http://www.w3.org/2001/XMLSchema</namespace>
            </type>
        </namedTypedValue>
        <namedTypedValue>
            <name>needsApproval</name>
            <type>
                <name>boolean</name>
                <namespace>http://www.w3.org/2001/XMLSchema</namespace>
            </type>
        </namedTypedValue>
        <namedTypedValue>
            <name>userFullName</name>
            <type>
                <name>string</name>
                <namespace>http://www.w3.org/2001/XMLSchema</namespace>
            </type>
            <value/>
        </namedTypedValue>
        <namedTypedValue>
            <name>userId</name>
            <type>
                <name>int</name>
                <namespace>http://www.w3.org/2001/XMLSchema</namespace>
            </type>
        </namedTypedValue>
        <namedTypedValue>
            <name>noUser</name>
            <type>
                <name>boolean</name>
                <namespace>http://www.w3.org/2001/XMLSchema</namespace>
            </type>
        </namedTypedValue>
        <preferredEditor>legacy</preferredEditor>
        <offlineEnabled>false</offlineEnabled>
    </rule>
    <roleMap public="true">
        <role allowForAll="true" inherit="false" name="readers">
            <users/>
            <groups/>
        </role>
        <role allowForAll="true" inherit="false" name="authors">
            <users/>
            <groups/>
        </role>
        <role allowForAll="false" inherit="false" name="administrators">
            <users/>
            <groups>
                <groupUuid>_e-0000dd0a-93c8-8000-9aee-01075c01075c_12</groupUuid>
            </groups>
        </role>
        <role allowForAll="false" inherit="false" name="denyReaders">
            <users/>
            <groups/>
        </role>
        <role allowForAll="false" inherit="false" name="denyAuthors">
            <users/>
            <groups/>
        </role>
        <role allowForAll="false" inherit="false" name="denyAdministrators">
            <users/>
            <groups/>
        </role>
    </roleMap>
</contentHaul>
