<?xml version="1.0" encoding="UTF-8" standalone="yes"?>
<contentHaul xmlns:a="http://www.appian.com/ae/types/2009">
    <rule>
        <name>HR_SCT_Hoteling_spaceDetails</name>
        <uuid>_a-0000dd3a-bcbf-8000-9ba2-011c48011c48_15032</uuid>
        <description>Read-only section that shows details about a space</description>
        <parentUuid>_a-0000dd0d-462c-8000-9ba2-011c48011c48_3551</parentUuid>
        <visibility>
            <advertise>false</advertise>
            <hierarchy>true</hierarchy>
            <indexable>true</indexable>
            <quota>false</quota>
            <searchable>true</searchable>
            <system>false</system>
            <unlogged>false</unlogged>
        </visibility>
        <definition>load(
  local!spaceTypes: #&quot;3af0f2e5-5c7f-4f1b-b92a-7b2b087a2287&quot;(
    isActive: true,
    type: #&quot;_a-0000dd0d-462c-8000-9ba2-011c48011c48_4971&quot;,
    pagingInfo: #&quot;SYSTEM_SYSRULES_pagingInfo&quot;(
      startIndex: 1,
      batchSize: - 1,
      sort: #&quot;SYSTEM_SYSRULES_sortInfo&quot;(
        field: &quot;label&quot;,
        ascending: true
      )
    )
  ).data,
  local!campuses: #&quot;_a-0000dd0d-462c-8000-9ba2-011c48011c48_5501&quot;(
    columns: {
      &quot;campusId&quot;,
      &quot;campusName&quot;
    },
    pagingInfo: #&quot;SYSTEM_SYSRULES_pagingInfo&quot;(
      startIndex: 1,
      batchSize: - 1,
      sort: #&quot;SYSTEM_SYSRULES_sortInfo&quot;(
        field: &quot;campusName&quot;,
        ascending: true
      )
    )
  ).data,
  local!buildings: if(
    isnull(
      ri!campusId
    ),
    null,
    #&quot;_a-0000dd0d-462c-8000-9ba2-011c48011c48_5503&quot;(
      columns: {
        &quot;buildingId&quot;,
        &quot;buildingName&quot;
      },
      campusId: ri!campusId,
      pagingInfo: #&quot;SYSTEM_SYSRULES_pagingInfo&quot;(
        startIndex: 1,
        batchSize: - 1,
        sort: #&quot;SYSTEM_SYSRULES_sortInfo&quot;(
          field: &quot;buildingName&quot;,
          ascending: true
        )
      )
    ).data
  ),
  local!floors: if(
    isnull(
      ri!buildingId
    ),
    null,
    #&quot;_a-0000dd0d-462c-8000-9ba2-011c48011c48_5505&quot;(
      a!columnChartField: {
        &quot;floorId&quot;,
        &quot;floorName&quot;
      },
      buildingId: ri!buildingId,
      pagingInfo: #&quot;SYSTEM_SYSRULES_pagingInfo&quot;(
        startIndex: 1,
        batchSize: - 1,
        sort: #&quot;SYSTEM_SYSRULES_sortInfo&quot;(
          field: &quot;floorName&quot;,
          ascending: true
        )
      )
    ).data
  ),
  #&quot;SYSTEM_SYSRULES_sectionLayout&quot;(
    label: &quot;Space Details&quot;,
    firstColumnContents: {
      #&quot;_a-0000dd0d-462c-8000-9ba2-011c48011c48_3690&quot;(
        label: &quot;Name&quot;,
        required: true,
        readOnly: ri!readOnly,
        value: ri!space.spaceName,
        saveInto: ri!space.spaceName
      ),
      #&quot;_a-0000dd0d-462c-8000-9ba2-011c48011c48_3685&quot;(
        label: &quot;Type&quot;,
        required: true,
        readOnly: ri!readOnly,
        choiceLabels: index(
          local!spaceTypes,
          &quot;label&quot;,
          {}
        ),
        choiceValues: index(
          local!spaceTypes,
          &quot;id&quot;,
          {}
        ),
        value: ri!space.spaceTypeId,
        saveInto: ri!space.spaceTypeId
      ),
      #&quot;_a-0000dd0d-462c-8000-9ba2-011c48011c48_5526&quot;(
        label: &quot;Capacity&quot;,
        readOnly: ri!readOnly,
        value: ri!space.capacity,
        saveInto: ri!space.capacity
      ),
      #&quot;_a-0000dd0d-462c-8000-9ba2-011c48011c48_3685&quot;(
        label: &quot;Campus&quot;,
        required: true,
        readOnly: ri!readOnly,
        choiceLabels: index(
          local!campuses,
          &quot;campusName&quot;,
          {}
        ),
        choiceValues: index(
          local!campuses,
          &quot;campusId&quot;,
          {}
        ),
        value: ri!campusId,
        saveInto: {
          ri!campusId,
          a!save(
            local!buildings,
            if(
              isnull(
                save!value
              ),
              null,
              #&quot;_a-0000dd0d-462c-8000-9ba2-011c48011c48_5503&quot;(
                columns: {
                  &quot;buildingId&quot;,
                  &quot;buildingName&quot;
                },
                campusId: save!value,
                pagingInfo: #&quot;SYSTEM_SYSRULES_pagingInfo&quot;(
                  startIndex: 1,
                  batchSize: - 1,
                  sort: #&quot;SYSTEM_SYSRULES_sortInfo&quot;(
                    field: &quot;buildingName&quot;,
                    ascending: true
                  )
                )
              ).data
            )
          ),
          a!save(
            {
              ri!buildingId,
              ri!space.floorId
            },
            null
          )
        }
      ),
      #&quot;_a-0000dd0d-462c-8000-9ba2-011c48011c48_3685&quot;(
        label: &quot;Building&quot;,
        required: true,
        readOnly: ri!readOnly,
        disabled: isnull(
          ri!campusId
        ),
        choiceLabels: index(
          local!buildings,
          &quot;buildingName&quot;,
          {}
        ),
        choiceValues: index(
          local!buildings,
          &quot;buildingId&quot;,
          {}
        ),
        value: ri!buildingId,
        saveInto: {
          ri!buildingId,
          a!save(
            local!floors,
            if(
              isnull(
                save!value
              ),
              null,
              #&quot;_a-0000dd0d-462c-8000-9ba2-011c48011c48_5505&quot;(
                a!columnChartField: {
                  &quot;floorId&quot;,
                  &quot;floorName&quot;
                },
                buildingId: save!value,
                pagingInfo: #&quot;SYSTEM_SYSRULES_pagingInfo&quot;(
                  startIndex: 1,
                  batchSize: - 1,
                  sort: #&quot;SYSTEM_SYSRULES_sortInfo&quot;(
                    field: &quot;floorName&quot;,
                    ascending: true
                  )
                )
              ).data
            )
          ),
          a!save(
            ri!space.floorId,
            null
          )
        }
      ),
      #&quot;_a-0000dd0d-462c-8000-9ba2-011c48011c48_3685&quot;(
        label: &quot;Floor&quot;,
        required: true,
        readOnly: ri!readOnly,
        disabled: isnull(
          ri!buildingId
        ),
        choiceLabels: index(
          local!floors,
          &quot;floorName&quot;,
          {}
        ),
        choiceValues: index(
          local!floors,
          &quot;floorId&quot;,
          {}
        ),
        value: ri!space.floorId,
        saveInto: ri!space.floorId
      ),
      if(
        ri!space.isTempSpace,
        {},
        if(
          and(
            isnull(
              ri!space.userId
            ),
            ri!readOnly
          ),
          #&quot;_a-0000dd0d-462c-8000-9ba2-011c48011c48_3690&quot;(
            label: &quot;Filled By&quot;,
            readOnly: true,
            value: #&quot;_a-0000dd0d-462c-8000-9ba2-011c48011c48_4158&quot;,
            labelPosition: #&quot;7515f385-6042-4961-b666-89d55ce8534e&quot;(
              readOnly: ri!readOnly
            )
          ),
          #&quot;_a-0000dd0d-462c-8000-9ba2-011c48011c48_7226&quot;(
            label: &quot;Filled By&quot;,
            readOnly: ri!readOnly,
            maxSelections: 1,
            value: ri!space.userId,
            saveInto: ri!space.userId
          )
        )
      )
    },
    secondColumnContents: {
      #&quot;_a-0000dd17-9077-8000-9ba2-011c48011c48_10649&quot;(
        readOnly: ri!readOnly,
        choiceLabel: &quot;AV Equipment&quot;,
        value: ri!space.avEquipment,
        saveInto: ri!space.avEquipment,
        labelPosition: if(
          ri!readOnly,
          null,
          &quot;COLLAPSED&quot;
        )
      ),
      #&quot;_a-0000dd17-9077-8000-9ba2-011c48011c48_10649&quot;(
        readOnly: ri!readOnly,
        choiceLabel: &quot;Dual Monitors&quot;,
        value: ri!space.dualMonitors,
        saveInto: ri!space.dualMonitors,
        labelPosition: if(
          ri!readOnly,
          null,
          &quot;COLLAPSED&quot;
        )
      ),
      #&quot;_a-0000dd17-9077-8000-9ba2-011c48011c48_10649&quot;(
        readOnly: ri!readOnly,
        choiceLabel: &quot;Docking Station&quot;,
        value: ri!space.dockingStation,
        saveInto: ri!space.dockingStation,
        labelPosition: if(
          ri!readOnly,
          null,
          &quot;COLLAPSED&quot;
        )
      ),
      #&quot;_a-0000dd17-9077-8000-9ba2-011c48011c48_10649&quot;(
        readOnly: ri!readOnly,
        choiceLabel: &quot;Keyboard&quot;,
        value: ri!space.keyboard,
        saveInto: ri!space.keyboard,
        labelPosition: if(
          ri!readOnly,
          null,
          &quot;COLLAPSED&quot;
        )
      ),
      #&quot;_a-0000dd17-9077-8000-9ba2-011c48011c48_10649&quot;(
        readOnly: ri!readOnly,
        choiceLabel: &quot;Mouse&quot;,
        value: ri!space.mouse,
        saveInto: ri!space.mouse,
        labelPosition: if(
          ri!readOnly,
          null,
          &quot;COLLAPSED&quot;
        )
      ),
      #&quot;_a-0000dd17-9077-8000-9ba2-011c48011c48_10649&quot;(
        readOnly: ri!readOnly,
        choiceLabel: &quot;Temporary Space&quot;,
        value: ri!space.isTempSpace,
        saveInto: {
          ri!space.isTempSpace,
          a!save(
            ri!space.userId,
            null
          )
        },
        labelPosition: if(
          ri!readOnly,
          null,
          &quot;COLLAPSED&quot;
        )
      ),
      if(ri!space.isTempSpace,
        #&quot;_a-0000dd0d-462c-8000-9ba2-011c48011c48_3692&quot;(
          label: &quot;Needs Approval?&quot;,
          required: true,
          readOnly: ri!readOnly,
          choiceLabels: {&quot;Yes&quot;, &quot;No&quot;},
          choiceValues: {true, false},
          value: ri!space.needsApproval,
          saveInto: ri!space.needsApproval,
          choiceLayout: &quot;COMPACT&quot;
        ),
        {}
      )
    }
  )
)</definition>
        <namedTypedValue>
            <name>readOnly</name>
            <type>
                <name>boolean</name>
                <namespace>http://www.w3.org/2001/XMLSchema</namespace>
            </type>
        </namedTypedValue>
        <namedTypedValue>
            <name>space</name>
            <type>
                <name>HR_Space</name>
                <namespace>urn:com:appian:types:HR</namespace>
            </type>
        </namedTypedValue>
        <namedTypedValue>
            <name>campusId</name>
            <type>
                <name>int</name>
                <namespace>http://www.w3.org/2001/XMLSchema</namespace>
            </type>
        </namedTypedValue>
        <namedTypedValue>
            <name>buildingId</name>
            <type>
                <name>int</name>
                <namespace>http://www.w3.org/2001/XMLSchema</namespace>
            </type>
        </namedTypedValue>
        <preferredEditor>interface</preferredEditor>
        <offlineEnabled>false</offlineEnabled>
    </rule>
    <roleMap public="true">
        <role allowForAll="true" inherit="false" name="readers">
            <users/>
            <groups/>
        </role>
        <role allowForAll="true" inherit="false" name="authors">
            <users/>
            <groups/>
        </role>
        <role allowForAll="false" inherit="false" name="administrators">
            <users/>
            <groups>
                <groupUuid>_e-0000dd0a-93c8-8000-9aee-01075c01075c_12</groupUuid>
            </groups>
        </role>
        <role allowForAll="false" inherit="false" name="denyReaders">
            <users/>
            <groups/>
        </role>
        <role allowForAll="false" inherit="false" name="denyAuthors">
            <users/>
            <groups/>
        </role>
        <role allowForAll="false" inherit="false" name="denyAdministrators">
            <users/>
            <groups/>
        </role>
    </roleMap>
</contentHaul>
