<?xml version="1.0" encoding="UTF-8" standalone="yes"?>
<contentHaul xmlns:a="http://www.appian.com/ae/types/2009">
    <rule>
        <name>HR_DASH_Training_Participation</name>
        <uuid>_a-0000dd0d-462c-8000-9ba2-011c48011c48_5118</uuid>
        <description>Training record participation interface</description>
        <parentUuid>_a-0000dd0a-80c8-8000-aae2-01ef9001ef90_3769</parentUuid>
        <visibility>
            <advertise>false</advertise>
            <hierarchy>true</hierarchy>
            <indexable>true</indexable>
            <quota>false</quota>
            <searchable>true</searchable>
            <system>false</system>
            <unlogged>false</unlogged>
        </visibility>
        <definition>load(
  local!pagingInfo: #&quot;SYSTEM_SYSRULES_pagingInfo&quot;(
    startIndex: 1,
    batchSize: 5,
    sort: #&quot;SYSTEM_SYSRULES_sortInfo&quot;(
      field: &quot;completedDatetime&quot;
    )
  ),
  local!resetPagingInfo: #&quot;SYSTEM_SYSRULES_pagingInfo&quot;(
    startIndex: 1,
    batchSize: 5,
    sort: #&quot;SYSTEM_SYSRULES_sortInfo&quot;(
      field: &quot;completedDatetime&quot;
    )
  ),
  local!fromDate,
  local!toDate,
  local!userString,
  local!completionStatus: #&quot;_a-0000dd0d-462c-8000-9ba2-011c48011c48_5545&quot;,
  #&quot;SYSTEM_SYSRULES_dashboardLayout&quot;(
    firstColumnContents: {
      #&quot;_a-0000dd0d-462c-8000-9ba2-011c48011c48_5485&quot;(pagingInfo: local!pagingInfo, resetPagingInfo: local!resetPagingInfo, fromDate: local!fromDate, toDate: local!toDate, userString: local!userString, completionStatus: local!completionStatus),
      #&quot;SYSTEM_SYSRULES_sectionLayout&quot;(
        label: &quot;Participation&quot;,
        firstColumnContents: {
          #&quot;_a-0000dd0d-462c-8000-9ba2-011c48011c48_5122&quot;(
            pagingInfo: local!pagingInfo,
            trainingId: ri!trainingId,
            userString: local!userString,
            fromDate: local!fromDate,
            toDate: local!toDate,
            completionStatus: local!completionStatus
          )
        }
      )
    }
  )
)</definition>
        <namedTypedValue>
            <name>trainingId</name>
            <type>
                <name>int</name>
                <namespace>http://www.w3.org/2001/XMLSchema</namespace>
            </type>
        </namedTypedValue>
        <preferredEditor>interface</preferredEditor>
        <offlineEnabled>false</offlineEnabled>
    </rule>
    <roleMap public="true">
        <role allowForAll="true" inherit="false" name="readers">
            <users/>
            <groups/>
        </role>
        <role allowForAll="true" inherit="false" name="authors">
            <users/>
            <groups/>
        </role>
        <role allowForAll="false" inherit="false" name="administrators">
            <users/>
            <groups>
                <groupUuid>_e-0000dd0a-93c8-8000-9aee-01075c01075c_12</groupUuid>
            </groups>
        </role>
        <role allowForAll="false" inherit="false" name="denyReaders">
            <users/>
            <groups/>
        </role>
        <role allowForAll="false" inherit="false" name="denyAuthors">
            <users/>
            <groups/>
        </role>
        <role allowForAll="false" inherit="false" name="denyAdministrators">
            <users/>
            <groups/>
        </role>
    </roleMap>
    <typedValue>
        <type>
            <name>RuleTestConfig?list</name>
            <namespace>http://www.appian.com/ae/types/2009</namespace>
        </type>
        <value>
            <el>
                <a:name/>
                <a:ruleInputTestConfigs>
                    <a:value xmlns:xsi="http://www.w3.org/2001/XMLSchema-instance" xsi:type="a:Expression">2</a:value>
                    <a:nameRef>trainingId</a:nameRef>
                    <a:id/>
                </a:ruleInputTestConfigs>
                <a:assertions xmlns:xsi="http://www.w3.org/2001/XMLSchema-instance" xsi:nil="true"/>
            </el>
        </value>
    </typedValue>
</contentHaul>
