<?xml version="1.0" encoding="UTF-8" standalone="yes"?>
<contentHaul xmlns:a="http://www.appian.com/ae/types/2009">
    <rule>
        <name>HR_REPORT_ItEquipment_itEquipment</name>
        <uuid>_a-0000dd4b-0482-8000-9ba2-011c48011c48_16074</uuid>
        <description>All Equipment report</description>
        <parentUuid>_a-0000dd0a-5e76-8000-aae2-01ef9001ef90_3752</parentUuid>
        <visibility>
            <advertise>false</advertise>
            <hierarchy>true</hierarchy>
            <indexable>true</indexable>
            <quota>false</quota>
            <searchable>true</searchable>
            <system>false</system>
            <unlogged>false</unlogged>
        </visibility>
        <definition>load(
  local!pagingInfo: #&quot;SYSTEM_SYSRULES_pagingInfo&quot;(
    startIndex: 1,
    batchSize: #&quot;_a-0000dd0d-462c-8000-9ba2-011c48011c48_4972&quot;,
    sort: #&quot;SYSTEM_SYSRULES_sortInfo&quot;(
      field: &quot;serialNumber&quot;,
      ascending: true
    )
  ),
  local!equipmentColumns: {
    &quot;itEquipmentId&quot;,
    &quot;serialNumber&quot;,
    &quot;itEquipmentTypeId&quot;,
    &quot;itEquipmentTypeLabel&quot;,
    &quot;make&quot;,
    &quot;model&quot;,
    &quot;status&quot;,
    &quot;purchaseDate&quot;,
    &quot;purchaseType&quot;,
    &quot;leaseToDate&quot;,
    &quot;warrantyEndDate&quot;,
    &quot;userId&quot;,
    &quot;userDepartment&quot;,
    &quot;roomAssigned&quot;,
    &quot;assignedDate&quot;,
    &quot;isLeased&quot;,
    &quot;isActive&quot;
  },
  local!searchRequest,
  local!temp_searchRequest,
  local!blank_searchRequest: 'type!{urn:com:appian:types:HR}HR_ItEquipment_SearchRequest'(),
  local!dataSubset: #&quot;_a-0000dd8b-d239-8000-9ba2-011c48011c48_29226&quot;(
    searchRequest: local!blank_searchRequest,
    columns: local!equipmentColumns,
    pagingInfo: local!pagingInfo
  ),
  local!showColumns: false,
  local!choiceLabels: {
    &quot;Type&quot;,
    &quot;Make&quot;,
    &quot;Model&quot;,
    &quot;Status&quot;,
    &quot;Acquisition Date&quot;,
    &quot;Acquisition Type&quot;,
    &quot;Lease End Date&quot;,
    &quot;Warranty End Date&quot;,
    &quot;Assigned User&quot;,
    &quot;Assignee Department&quot;,
    &quot;Room Location&quot;,
    &quot;Date Assigned&quot;
  },
  local!showColumn: local!choiceLabels,
  #&quot;SYSTEM_SYSRULES_dashboardLayout&quot;(
    firstColumnContents: {
      #&quot;_a-0000dd8b-d239-8000-9ba2-011c48011c48_29354&quot;(
        temp_searchRequest:local!temp_searchRequest,
        searchRequest: local!searchRequest,
        dataSubset: local!dataSubset,
        pagingInfo: local!pagingInfo,
        blank_searchRequest: local!blank_searchRequest
        ),
      #&quot;SYSTEM_SYSRULES_sectionLayout&quot;(
        label: &quot;Equipment&quot;,
        firstColumnContents: {
          #&quot;SYSTEM_SYSRULES_gridField&quot;(
            totalCount: local!dataSubset.totalCount,
            columns: {
              #&quot;SYSTEM_SYSRULES_gridTextColumn&quot;(
                label: &quot;Serial Number&quot;,
                field: &quot;serialNumber&quot;,
                data: index(
                  local!dataSubset.data,
                  &quot;serialNumber&quot;,
                  {}
                ),
                links: #&quot;SYSTEM_SYSRULES_applyComponents&quot;(
                  function: #&quot;SYSTEM_SYSRULES_recordLink&quot;(
                    identifier: _,
                    recordType: #&quot;_a-0000dd0d-462c-8000-9ba2-011c48011c48_4758&quot;
                  ),
                  array: index(
                    local!dataSubset.data,
                    &quot;itEquipmentId&quot;,
                    {}
                  )
                )
              ),
              if(
                contains(
                  local!showColumn,
                  &quot;Type&quot;
                ),
                #&quot;SYSTEM_SYSRULES_gridTextColumn&quot;(
                  label: &quot;Type&quot;,
                  field: &quot;itEquipmentTypeLabel&quot;,
                  data: index(local!datasubset.data, &quot;itEquipmentTypeLabel&quot;, {})
                ),
                {}
              ),
              if(
                contains(
                  local!showColumn,
                  &quot;Make&quot;
                ),
                #&quot;SYSTEM_SYSRULES_gridTextColumn&quot;(
                  label: &quot;Make&quot;,
                  field: &quot;make&quot;,
                  data: index(
                    local!dataSubset.data,
                    &quot;make&quot;,
                    {}
                  )
                ),
                {}
              ),
              if(
                contains(
                  local!showColumn,
                  &quot;Model&quot;
                ),
                #&quot;SYSTEM_SYSRULES_gridTextColumn&quot;(
                  label: &quot;Model&quot;,
                  field: &quot;model&quot;,
                  data: index(
                    local!dataSubset.data,
                    &quot;model&quot;,
                    {}
                  )
                ),
                {}
              ),
              if(
                contains(
                  local!showColumn,
                  &quot;Status&quot;
                ),
                #&quot;SYSTEM_SYSRULES_gridTextColumn&quot;(
                  label: &quot;Status&quot;,
                  field: &quot;status&quot;,
                  data: index(
                    local!dataSubset.data,
                    &quot;status&quot;,
                    {}
                  )
                ),
                {}
              ),
              if(
                contains(
                  local!showColumn,
                  &quot;Acquisition Date&quot;
                ),
                #&quot;SYSTEM_SYSRULES_gridTextColumn&quot;(
                  label: &quot;Acquisition Date&quot;,
                  field: &quot;purchaseDate&quot;,
                  data: index(
                    local!dataSubset.data,
                    &quot;purchaseDate&quot;,
                    {}
                  )
                ),
                {}
              ),
              if(
                contains(
                  local!showColumn,
                  &quot;Acquisition Type&quot;
                ),
                #&quot;SYSTEM_SYSRULES_gridTextColumn&quot;(
                  label: &quot;Acquisition Type&quot;,
                  field: &quot;purchaseType&quot;,
                  data: index(
                    local!dataSubset.data,
                    &quot;purchaseType&quot;,
                    {}
                  )
                ),
                {}
              ),
              if(
                contains(
                  local!showColumn,
                  &quot;Lease End Date&quot;
                ),
                #&quot;SYSTEM_SYSRULES_gridTextColumn&quot;(
                  label: &quot;Lease End Date&quot;,
                  field: &quot;leaseToDate&quot;,
                  data: index(
                    local!dataSubset.data,
                    &quot;leaseToDate&quot;,
                    {}
                  )
                ),
                {}
              ),
              if(
                contains(
                  local!showColumn,
                  &quot;Warranty End Date&quot;
                ),
                #&quot;SYSTEM_SYSRULES_gridTextColumn&quot;(
                  label: &quot;Warranty End Date&quot;,
                  field: &quot;warrantyEndDate&quot;,
                  data: index(
                    local!dataSubset.data,
                    &quot;warrantyEndDate&quot;,
                    {}
                  )
                ),
                {}
              ),
              if(
                contains(
                  local!showColumn,
                  &quot;Assigned User&quot;
                ),
                #&quot;SYSTEM_SYSRULES_gridTextColumn&quot;(
                  label: &quot;Assigned User&quot;,
                  field: &quot;userId&quot;,
                  data:#&quot;SYSTEM_SYSRULES_applyComponents&quot;(#&quot;_a-0000dd8b-d239-8000-9ba2-011c48011c48_29585&quot;(userId: _), index(
                    local!dataSubset.data,
                    &quot;userId&quot;,
                    {}
              )))
              , {}),
              if(
                contains(
                  local!showColumn,
                  &quot;Assignee Department&quot;
                ),
                #&quot;SYSTEM_SYSRULES_gridTextColumn&quot;(
                  label: &quot;Assignee Department&quot;,
                  field: &quot;userDepartment&quot;,
                  data: index(
                    local!dataSubset.data,
                    &quot;userDepartment&quot;,
                    {}
                  )
                ),
                {}
              ),
              if(
                contains(
                  local!showColumn,
                  &quot;roomAssigned&quot;
                ),
                #&quot;SYSTEM_SYSRULES_gridTextColumn&quot;(
                  label: &quot;Room Location&quot;,
                  field: &quot;roomAssigned&quot;,
                  data: index(
                    local!dataSubset.data,
                    &quot;roomAssigned&quot;,
                    {}
                  )
                ),
                {}
              )
            },
            value: local!pagingInfo,
            saveInto: #&quot;4c0833a9-0127-4d25-9d6d-cb881c688e7d&quot;(
              gridSelectionOrPagingInfo: local!pagingInfo,
              additionalSaveInto: {
                a!save(
                  local!dataSubset,
                  #&quot;_a-0000dd8b-d239-8000-9ba2-011c48011c48_29226&quot;(
                    columns: local!equipmentColumns,
                    pagingInfo: local!pagingInfo,
                    searchRequest: local!searchRequest
                  )
                )
              }
            )
          )
        }
      ),
      #&quot;2d786626-f8a4-4c46-a2a6-c0c8fe96a4ad&quot;(
        showColumns: local!showColumns,
        choiceLabels: local!choiceLabels,
        showColumn: local!showColumn
      )
    }
  )
)</definition>
        <preferredEditor>interface</preferredEditor>
        <offlineEnabled>false</offlineEnabled>
    </rule>
    <roleMap public="true">
        <role allowForAll="true" inherit="false" name="readers">
            <users/>
            <groups/>
        </role>
        <role allowForAll="true" inherit="false" name="authors">
            <users/>
            <groups/>
        </role>
        <role allowForAll="false" inherit="false" name="administrators">
            <users/>
            <groups>
                <groupUuid>_e-0000dd0a-93c8-8000-9aee-01075c01075c_12</groupUuid>
            </groups>
        </role>
        <role allowForAll="false" inherit="false" name="denyReaders">
            <users/>
            <groups/>
        </role>
        <role allowForAll="false" inherit="false" name="denyAuthors">
            <users/>
            <groups/>
        </role>
        <role allowForAll="false" inherit="false" name="denyAdministrators">
            <users/>
            <groups/>
        </role>
    </roleMap>
</contentHaul>
