<?xml version="1.0" encoding="UTF-8" standalone="yes"?>
<contentHaul xmlns:a="http://www.appian.com/ae/types/2009">
    <rule>
        <name>HR_SCT_Position_generalInformation</name>
        <uuid>_a-0000dd0d-462c-8000-9ba2-011c48011c48_4354</uuid>
        <description>Reusable section for general information for a position description</description>
        <parentUuid>_a-0000dd0d-462c-8000-9ba2-011c48011c48_3551</parentUuid>
        <visibility>
            <advertise>false</advertise>
            <hierarchy>true</hierarchy>
            <indexable>true</indexable>
            <quota>false</quota>
            <searchable>true</searchable>
            <system>false</system>
            <unlogged>false</unlogged>
        </visibility>
        <definition>load(
  local!refData: #&quot;3af0f2e5-5c7f-4f1b-b92a-7b2b087a2287&quot;(
    columns: {
      &quot;id&quot;,
      &quot;type&quot;,
      &quot;label&quot;
    },
    type: {
      #&quot;_a-0000dd0d-462c-8000-9ba2-011c48011c48_4453&quot;,
      #&quot;_a-0000dd0d-462c-8000-9ba2-011c48011c48_4794&quot;,
      #&quot;_a-0000dd0d-462c-8000-9ba2-011c48011c48_7091&quot;
    },
    isActive: true
  ).data,
  local!positionEligibility: local!refData[wherecontains(
    #&quot;_a-0000dd0d-462c-8000-9ba2-011c48011c48_4453&quot;, touniformstring(
      local!refData.type
    )
  )],
  local!positionSalaryFrequency: local!refData[wherecontains(
    #&quot;_a-0000dd0d-462c-8000-9ba2-011c48011c48_4794&quot;, touniformstring(
      local!refData.type
    )
  )],
  #&quot;SYSTEM_SYSRULES_sectionLayout&quot;(
    label: &quot;General Information&quot;,
    firstColumnContents: {
      #&quot;_a-0000dd0d-462c-8000-9ba2-011c48011c48_3690&quot;(
        label: &quot;Name&quot;,
        required: true,
        readOnly: ri!readOnly,
        value: ri!positionDescription.positionDescName,
        saveInto: ri!positionDescription.positionDescName
      ),
      #&quot;_a-0000dd0d-462c-8000-9ba2-011c48011c48_3687&quot;(
        label: &quot;Description&quot;,
        required: true,
        readOnly: ri!readOnly,
        value: ri!positionDescription.positionDesc,
        saveInto: ri!positionDescription.positionDesc
      ),
      #&quot;_a-0000dd0d-462c-8000-9ba2-011c48011c48_3690&quot;(
        label: &quot;Salary From&quot;,
        required: true,
        readOnly: ri!readOnly,
        value: #&quot;e3a37a1b-0acc-46d5-a7bc-42eec7fb6691&quot;(
          number: ri!positionDescription.positionDescSalaryLower
        ),
        saveInto: a!save(
          ri!positionDescription.positionDescSalaryLower,
          cleanwith(
            save!value,
            &quot;0123456789&quot;
          )
        )
      ),
      #&quot;_a-0000dd0d-462c-8000-9ba2-011c48011c48_3690&quot;(
        label: &quot;Salary To&quot;,
        required: true,
        readOnly: ri!readOnly,
        value: #&quot;e3a37a1b-0acc-46d5-a7bc-42eec7fb6691&quot;(
          number: ri!positionDescription.positionDescSalaryUpper
        ),
        saveInto: a!save(
          ri!positionDescription.positionDescSalaryUpper,
          cleanwith(
            save!value,
            &quot;0123456789&quot;
          )
        )
      ),
      #&quot;_a-0000dd0d-462c-8000-9ba2-011c48011c48_3685&quot;(
        label: &quot;Salary Frequency&quot;,
        required: true,
        readOnly: ri!readOnly,
        choiceLabels: local!positionSalaryFrequency.label,
        choiceValues: local!positionSalaryFrequency.id,
        placeholderLabel: #&quot;_a-0000dd0d-462c-8000-9ba2-011c48011c48_4728&quot;,
        value: ri!positionDescription.salaryFrequencyId,
        saveInto: ri!positionDescription.salaryFrequencyId
      )
    },
    secondColumnContents: {
      #&quot;_a-0000dd0d-462c-8000-9ba2-011c48011c48_3690&quot;(
        label: &quot;Location&quot;,
        required: true,
        readOnly: ri!readOnly,
        value: ri!positionDescription.positionDescLocation,
        saveInto: ri!positionDescription.positionDescLocation
      ),
      #&quot;_a-0000dd0d-462c-8000-9ba2-011c48011c48_3687&quot;(
        label: &quot;Position Info&quot;,
        required: true,
        readOnly: ri!readOnly,
        value: ri!positionDescription.positionDescInfo,
        saveInto: ri!positionDescription.positionDescInfo
      ),
      #&quot;_a-0000dd0d-462c-8000-9ba2-011c48011c48_3685&quot;(
        label: &quot;Who May Apply&quot;,
        required: true,
        readOnly: ri!readOnly,
        choiceLabels: local!positionEligibility.label,
        choiceValues: local!positionEligibility.id,
        placeholderLabel: #&quot;_a-0000dd0d-462c-8000-9ba2-011c48011c48_4728&quot;,
        value: ri!positionDescription.eligibilityId,
        saveInto: ri!positionDescription.eligibilityId
      )
    },
    isCollapsible: ri!readOnly
  )
)</definition>
        <namedTypedValue>
            <name>readOnly</name>
            <type>
                <name>boolean</name>
                <namespace>http://www.w3.org/2001/XMLSchema</namespace>
            </type>
        </namedTypedValue>
        <namedTypedValue>
            <name>positionDescription</name>
            <type>
                <name>HR_PositionDescription</name>
                <namespace>urn:com:appian:types:HR</namespace>
            </type>
        </namedTypedValue>
        <preferredEditor>interface</preferredEditor>
        <offlineEnabled>false</offlineEnabled>
    </rule>
    <roleMap public="true">
        <role allowForAll="true" inherit="false" name="readers">
            <users/>
            <groups/>
        </role>
        <role allowForAll="true" inherit="false" name="authors">
            <users/>
            <groups/>
        </role>
        <role allowForAll="false" inherit="false" name="administrators">
            <users/>
            <groups>
                <groupUuid>_e-0000dd0a-93c8-8000-9aee-01075c01075c_12</groupUuid>
            </groups>
        </role>
        <role allowForAll="false" inherit="false" name="denyReaders">
            <users/>
            <groups/>
        </role>
        <role allowForAll="false" inherit="false" name="denyAuthors">
            <users/>
            <groups/>
        </role>
        <role allowForAll="false" inherit="false" name="denyAdministrators">
            <users/>
            <groups/>
        </role>
    </roleMap>
    <typedValue>
        <type>
            <name>RuleTestConfig?list</name>
            <namespace>http://www.appian.com/ae/types/2009</namespace>
        </type>
        <value>
            <el>
                <a:name/>
                <a:ruleInputTestConfigs>
                    <a:value xmlns:xsd="http://www.w3.org/2001/XMLSchema" xmlns:xsi="http://www.w3.org/2001/XMLSchema-instance" xsi:type="xsd:boolean">true</a:value>
                    <a:nameRef>readOnly</a:nameRef>
                    <a:id/>
                </a:ruleInputTestConfigs>
                <a:ruleInputTestConfigs>
                    <a:value xmlns:n1="urn:com:appian:types:HR" xmlns:xsi="http://www.w3.org/2001/XMLSchema-instance" xsi:nil="true" xsi:type="n1:HR_PositionDescription"/>
                    <a:nameRef>positionDescription</a:nameRef>
                    <a:id/>
                </a:ruleInputTestConfigs>
                <a:assertions xmlns:xsi="http://www.w3.org/2001/XMLSchema-instance" xsi:nil="true"/>
            </el>
        </value>
    </typedValue>
</contentHaul>
