<?xml version="1.0" encoding="UTF-8" standalone="yes"?>
<contentHaul xmlns:a="http://www.appian.com/ae/types/2009">
    <rule>
        <name>HR_FRM_Onboarding_itEquipmentSpace</name>
        <uuid>_a-0000dd8b-d239-8000-9ba2-011c48011c48_29896</uuid>
        <description>Form to assign a newly onboarded person it equipment and a space</description>
        <parentUuid>_a-0000dd0d-462c-8000-9ba2-011c48011c48_3563</parentUuid>
        <visibility>
            <advertise>false</advertise>
            <hierarchy>true</hierarchy>
            <indexable>true</indexable>
            <quota>false</quota>
            <searchable>true</searchable>
            <system>false</system>
            <unlogged>false</unlogged>
        </visibility>
        <definition>load(
  local!noPersonItEquipment,
  local!noSpace,
  local!noSpaceItEquipment,
  local!personItEquipmentPerson,
  local!spaceItEquipmentPerson,
  local!personSelectedRefData,
  local!spaceSelectedRefData,
  local!personArrayVariable,
  local!spaceArrayVariable,
  local!personOldSelectedRefData,
  local!spaceOldSelectedRefData,
  local!commentPagingInfo: #&quot;SYSTEM_SYSRULES_pagingInfo&quot;(
    startIndex: 1,
    batchSize: #&quot;_a-0000dd3a-bcbf-8000-9ba2-011c48011c48_14254&quot;
  ),
  #&quot;SYSTEM_SYSRULES_formLayout&quot;(
    label: ri!label,
    firstColumnContents: {
      #&quot;SYSTEM_SYSRULES_milestoneField&quot;(
        steps: {
          #&quot;_a-0000dd8b-d239-8000-9ba2-011c48011c48_29899&quot;
        },
        active: 7
      ),
      #&quot;_a-0000dd8b-d239-8000-9ba2-011c48011c48_29917&quot;(
        afUser: ri!afUser,
        hrUser: ri!hrUser,
        readOnly: true,
        isCollapsible: true,
        isInitiallyCollapsed: true
      ),
      #&quot;SYSTEM_SYSRULES_sectionLayout&quot;(
        label: &quot;Personal IT Equipment&quot;
      ),
      #&quot;_a-0000dd17-9077-8000-9ba2-011c48011c48_10649&quot;(
        choiceLabel: &quot;Don't assign this person IT equipment&quot;,
        value: local!noPersonItEquipment,
        saveInto: {
          local!noPersonItEquipment,
          a!save({local!personItEquipmentPerson, local!personSelectedRefData, local!personArrayVariable, local!personOldSelectedRefData}, null)
        },
        labelPosition: &quot;COLLAPSED&quot;
      ),
      if(local!noPersonItEquipment[1],
        {},
        #&quot;_a-0000dd8b-d239-8000-9ba2-011c48011c48_29959&quot;(
          checkboxLabel: &quot;What IT equipment does this person need?&quot;,
          itEquipmentTypes: #&quot;_a-0000dd8b-d239-8000-9ba2-011c48011c48_29972&quot;,
          itEquipmentPerson: local!personItEquipmentPerson,
          hrUserId: ri!hrUser.userId,
          selectedRefData: local!personSelectedRefData,
          arrayVariable: local!personArrayVariable,
          oldSelectedRefData: local!personOldSelectedRefData
        )
      ),
      if(
        or(
          local!noPersonItEquipment,
          if(isnull(local!personItEquipmentPerson),
            false,
            none(fn!isnull, index(local!personItEquipmentPerson, &quot;itEquipmentId&quot;, {}))
          )
        ),
        {
          #&quot;SYSTEM_SYSRULES_sectionLayout&quot;(
            label: &quot;Space&quot;
          ),
          #&quot;_a-0000dd17-9077-8000-9ba2-011c48011c48_10649&quot;(
            choiceLabel: &quot;Don't assign this person a space&quot;,
            value: local!noSpace,
            saveInto: {
              local!noSpace,
              a!save(ri!spacePerson, null)
            },
            labelPosition: &quot;COLLAPSED&quot;
          ),
          if(local!noSpace[1],
            {},
            {
              #&quot;_a-0000dd8b-d239-8000-9ba2-011c48011c48_30075&quot;(
                spacePerson: ri!spacePerson,
                hrUserId: ri!hrUser.userId
              ),
              if(isnull(ri!spacePerson),
                {},
                {
                  #&quot;_a-0000dd17-9077-8000-9ba2-011c48011c48_10649&quot;(
                    choiceLabel: &quot;Don't assign this space IT equipment&quot;,
                    value: local!noSpaceItEquipment,
                    saveInto: {
                      local!noSpaceItEquipment,
                      a!save({local!spaceItEquipmentPerson, local!spaceSelectedRefData, local!spaceArrayVariable, local!spaceOldSelectedRefData}, null)
                    },
                    labelPosition: &quot;COLLAPSED&quot;
                  ),
                  if(local!noSpaceItEquipment[1],
                    {},
                    #&quot;_a-0000dd8b-d239-8000-9ba2-011c48011c48_29959&quot;(
                      checkboxLabel: &quot;What IT equipment does this space need?&quot;,
                      itEquipmentTypes: #&quot;_a-0000dd8b-d239-8000-9ba2-011c48011c48_30089&quot;,
                      itEquipmentPerson: local!spaceItEquipmentPerson,
                      hrUserId: ri!hrUser.userId,
                      selectedRefData: local!spaceSelectedRefData,
                      arrayVariable: local!spaceArrayVariable,
                      oldSelectedRefData: local!spaceOldSelectedRefData
                    )
                  )
                }
              )
            }
          )
        },
        {}
      ),
      #&quot;d13892c0-2f24-4c93-a9aa-5018ad147d58&quot;(
        readOnly: false,
        workflow_All: ri!workflow_All,
        pagingInfo: local!commentPagingInfo
      )
    },
    buttons: #&quot;SYSTEM_SYSRULES_ButtonLayout&quot;(
      primaryButtons: {
        #&quot;SYSTEM_SYSRULES_ButtonWidgetSubmit&quot;(
          label: #&quot;_a-0000dd0d-462c-8000-9ba2-011c48011c48_5544&quot;,
          style: &quot;PRIMARY&quot;,
          confirmMessage: &quot;This candidate will have the selected IT equipment and space assigned to them. Continue?&quot;,
          value: #&quot;_a-0000dd0d-462c-8000-9ba2-011c48011c48_5544&quot;,
          saveInto: {
            ri!buttonClicked,
            a!save(
              ri!itEquipmentPerson,
              {local!personItEquipmentPerson, local!spaceItEquipmentPerson}
            )
          }
        )
      },
      secondaryButtons: {
        #&quot;SYSTEM_SYSRULES_ButtonWidgetSubmit&quot;(
          label: #&quot;_a-0000dd8b-d239-8000-9ba2-011c48011c48_29918&quot;,
          confirmMessage: &quot;This candidate will not have IT equipment nor a space assigned to them. Continue?&quot;,
          value: #&quot;_a-0000dd8b-d239-8000-9ba2-011c48011c48_29918&quot;,
          saveInto: ri!buttonClicked,
          skipValidation: true
        )
      }
    )
  )
)</definition>
        <namedTypedValue>
            <name>label</name>
            <type>
                <name>string</name>
                <namespace>http://www.w3.org/2001/XMLSchema</namespace>
            </type>
            <value/>
        </namedTypedValue>
        <namedTypedValue>
            <name>afUser</name>
            <type>
                <name>AF_User</name>
                <namespace>urn:com:appian:types:AF</namespace>
            </type>
        </namedTypedValue>
        <namedTypedValue>
            <name>hrUser</name>
            <type>
                <name>HR_User</name>
                <namespace>urn:com:appian:types:HR</namespace>
            </type>
        </namedTypedValue>
        <namedTypedValue>
            <name>itEquipmentPerson</name>
            <type>
                <name>HR_ItEquipmentPerson?list</name>
                <namespace>urn:com:appian:types:HR</namespace>
            </type>
        </namedTypedValue>
        <namedTypedValue>
            <name>spacePerson</name>
            <type>
                <name>HR_SpacePerson</name>
                <namespace>urn:com:appian:types:HR</namespace>
            </type>
        </namedTypedValue>
        <namedTypedValue>
            <name>buttonClicked</name>
            <type>
                <name>string</name>
                <namespace>http://www.w3.org/2001/XMLSchema</namespace>
            </type>
            <value/>
        </namedTypedValue>
        <namedTypedValue>
            <name>workflow_All</name>
            <type>
                <name>HR_Workflow_All</name>
                <namespace>urn:com:appian:types:HR</namespace>
            </type>
        </namedTypedValue>
        <preferredEditor>interface</preferredEditor>
        <offlineEnabled>false</offlineEnabled>
    </rule>
    <roleMap public="true">
        <role allowForAll="false" inherit="true" name="readers">
            <users/>
            <groups/>
        </role>
        <role allowForAll="false" inherit="true" name="authors">
            <users/>
            <groups/>
        </role>
        <role allowForAll="false" inherit="true" name="administrators">
            <users>
                <userUuid>rob.turverey</userUuid>
            </users>
            <groups/>
        </role>
        <role allowForAll="false" inherit="false" name="denyReaders">
            <users/>
            <groups/>
        </role>
        <role allowForAll="false" inherit="false" name="denyAuthors">
            <users/>
            <groups/>
        </role>
        <role allowForAll="false" inherit="false" name="denyAdministrators">
            <users/>
            <groups/>
        </role>
    </roleMap>
    <typedValue>
        <type>
            <name>RuleTestConfig?list</name>
            <namespace>http://www.appian.com/ae/types/2009</namespace>
        </type>
        <value>
            <el>
                <a:name/>
                <a:ruleInputTestConfigs>
                    <a:value xmlns:xsd="http://www.w3.org/2001/XMLSchema" xmlns:xsi="http://www.w3.org/2001/XMLSchema-instance" xsi:type="xsd:string"/>
                    <a:nameRef>label</a:nameRef>
                    <a:id/>
                </a:ruleInputTestConfigs>
                <a:ruleInputTestConfigs>
                    <a:value xmlns:n1="urn:com:appian:types:AF" xmlns:xsi="http://www.w3.org/2001/XMLSchema-instance" xsi:nil="true" xsi:type="n1:AF_User"/>
                    <a:nameRef>afUser</a:nameRef>
                    <a:id/>
                </a:ruleInputTestConfigs>
                <a:ruleInputTestConfigs>
                    <a:value xmlns:n2="urn:com:appian:types:HR" xmlns:xsi="http://www.w3.org/2001/XMLSchema-instance" xsi:nil="true" xsi:type="n2:HR_User"/>
                    <a:nameRef>hrUser</a:nameRef>
                    <a:id/>
                </a:ruleInputTestConfigs>
                <a:ruleInputTestConfigs>
                    <a:nameRef>itEquipmentPerson</a:nameRef>
                    <a:id/>
                </a:ruleInputTestConfigs>
                <a:ruleInputTestConfigs>
                    <a:value xmlns:n2="urn:com:appian:types:HR" xmlns:xsi="http://www.w3.org/2001/XMLSchema-instance" xsi:nil="true" xsi:type="n2:HR_SpacePerson"/>
                    <a:nameRef>spacePerson</a:nameRef>
                    <a:id/>
                </a:ruleInputTestConfigs>
                <a:ruleInputTestConfigs>
                    <a:value xmlns:xsd="http://www.w3.org/2001/XMLSchema" xmlns:xsi="http://www.w3.org/2001/XMLSchema-instance" xsi:type="xsd:string"/>
                    <a:nameRef>buttonClicked</a:nameRef>
                    <a:id/>
                </a:ruleInputTestConfigs>
                <a:ruleInputTestConfigs>
                    <a:value xmlns:n2="urn:com:appian:types:HR" xmlns:xsi="http://www.w3.org/2001/XMLSchema-instance" xsi:nil="true" xsi:type="n2:HR_Workflow_All"/>
                    <a:nameRef>workflow_All</a:nameRef>
                    <a:id/>
                </a:ruleInputTestConfigs>
                <a:assertions xmlns:xsi="http://www.w3.org/2001/XMLSchema-instance" xsi:nil="true"/>
            </el>
        </value>
    </typedValue>
</contentHaul>
