<?xml version="1.0" encoding="UTF-8" standalone="yes"?>
<contentHaul xmlns:a="http://www.appian.com/ae/types/2009">
    <rule>
        <name>HR_REPORT_Hoteling_utilization</name>
        <uuid>_a-0000dd0d-462c-8000-9ba2-011c48011c48_5800</uuid>
        <description>Floor utilization report</description>
        <parentUuid>_a-0000dd0a-5e76-8000-aae2-01ef9001ef90_3752</parentUuid>
        <visibility>
            <advertise>false</advertise>
            <hierarchy>true</hierarchy>
            <indexable>true</indexable>
            <quota>false</quota>
            <searchable>true</searchable>
            <system>false</system>
            <unlogged>false</unlogged>
        </visibility>
        <definition>load(
  local!campusColumns: {&quot;campusId&quot;, &quot;campusName&quot;, &quot;city&quot;, &quot;state&quot;, &quot;zip&quot;},
  local!buildingColumns: {&quot;buildingId&quot;, &quot;buildingName&quot;, &quot;phoneNumber&quot;, &quot;code&quot;, &quot;squareFeet&quot;},
  local!floorColumns: {&quot;floorId&quot;, &quot;floorName&quot;},
  local!spaceColumns: {&quot;spaceId&quot;, &quot;spaceName&quot;, &quot;spaceTypeLabel&quot;},
  local!endDatetime: now(),
  local!startDatetime,
  local!maxUtilization: #&quot;55752723-d5ed-4682-8832-e33a1ec64264&quot;(end_datetime: local!endDatetime),
  local!selectedCampus,
  local!selectedBuilding,
  local!selectedFloor,
  local!campusUtilPagingInfo: #&quot;SYSTEM_SYSRULES_pagingInfo&quot;(startIndex: 1, batchSize: 10, sort: #&quot;SYSTEM_SYSRULES_sortInfo&quot;(field: &quot;campusName&quot;, ascending: true)),
  local!buildingUtilPagingInfo: #&quot;SYSTEM_SYSRULES_pagingInfo&quot;(startIndex: 1, batchSize: 10, sort: #&quot;SYSTEM_SYSRULES_sortInfo&quot;(field: &quot;buildingName&quot;, ascending: true)),
  local!floorUtilPagingInfo: #&quot;SYSTEM_SYSRULES_pagingInfo&quot;(startIndex: 1, batchSize: 10, sort: #&quot;SYSTEM_SYSRULES_sortInfo&quot;(field: &quot;floorName&quot;, ascending: true)),
  local!spaceUtilPagingInfo: #&quot;SYSTEM_SYSRULES_pagingInfo&quot;(startIndex: 1, batchSize: 10, sort: #&quot;SYSTEM_SYSRULES_sortInfo&quot;(field: &quot;spaceName&quot;, ascending: true)),
  local!campusNoUtilPagingInfo: #&quot;SYSTEM_SYSRULES_pagingInfo&quot;(startIndex: 1, batchSize: 10, sort: #&quot;SYSTEM_SYSRULES_sortInfo&quot;(field: &quot;campusName&quot;, ascending: true)),
  local!buildingNoUtilPagingInfo: #&quot;SYSTEM_SYSRULES_pagingInfo&quot;(startIndex: 1, batchSize: 10, sort: #&quot;SYSTEM_SYSRULES_sortInfo&quot;(field: &quot;buildingName&quot;, ascending: true)),
  local!floorNoUtilPagingInfo: #&quot;SYSTEM_SYSRULES_pagingInfo&quot;(startIndex: 1, batchSize: 10, sort: #&quot;SYSTEM_SYSRULES_sortInfo&quot;(field: &quot;floorName&quot;, ascending: true)),
  local!spaceNoUtilPagingInfo: #&quot;SYSTEM_SYSRULES_pagingInfo&quot;(startIndex: 1, batchSize: 10, sort: #&quot;SYSTEM_SYSRULES_sortInfo&quot;(field: &quot;spaceName&quot;, ascending: true)),
  local!campusUtilDataSubset: #&quot;96ce77f5-29e9-4ee1-99e9-0705ddc3ebe8&quot;(
    pagingInfo: local!campusUtilPagingInfo,
    endDatetime: local!endDatetime,
    startDatetime: local!startDatetime
  ),
  local!buildingUtilDataSubset,
  local!floorUtilDataSubset,
  local!spaceUtilDataSubset,
  local!campusNoUtilDataSubset: #&quot;_a-0000dd0d-462c-8000-9ba2-011c48011c48_5501&quot;(
    columns: local!campusColumns,
    pagingInfo: local!campusNoUtilPagingInfo,
    notCampusIds: #&quot;699d3a6d-190a-4868-ba4a-4aba62334924&quot;(
      endDatetime: local!endDatetime,
      startDatetime: local!startDatetime
    )
  ),
  local!buildingNoUtilDataSubset,
  local!floorNoUtilDataSubset,
  local!spaceNoUtilDataSubset,
  #&quot;SYSTEM_SYSRULES_dashboardLayout&quot;(
    firstColumnContents: {
      if(isnull(local!selectedCampus),
        {},
        #&quot;9883829a-f08b-4dc1-892d-8b34fc49265c&quot;(
          previousText: {
            &quot;Campuses&quot;,
            if(isnull(local!selectedBuilding), {}, local!selectedCampus.campusName),
            if(isnull(local!selectedFloor), {}, local!selectedBuilding.buildingName)
          },
          previousLinks: {
            #&quot;SYSTEM_SYSRULES_dynamicLink&quot;(
              saveInto: {
                a!save({local!selectedCampus, local!selectedBuilding, local!selectedFloor}, null),
                a!save({local!campusUtilPagingInfo.startIndex, local!buildingUtilPagingInfo.startIndex, local!floorUtilPagingInfo.startIndex, local!spaceUtilPagingInfo.startIndex, local!campusNoUtilPagingInfo.startIndex, local!buildingNoUtilPagingInfo.startIndex, local!floorNoUtilPagingInfo.startIndex, local!spaceNoUtilPagingInfo.startIndex}, 1),
                a!save(
                  local!campusUtilDataSubset,
                  #&quot;96ce77f5-29e9-4ee1-99e9-0705ddc3ebe8&quot;(
                    pagingInfo: local!campusUtilPagingInfo,
                    endDatetime: local!endDatetime,
                    startDatetime: local!startDatetime
                  )
                ),
                a!save(
                  local!campusNoUtilDataSubset,
                  #&quot;_a-0000dd0d-462c-8000-9ba2-011c48011c48_5501&quot;(
                    columns: local!campusColumns,
                    pagingInfo: local!campusNoUtilPagingInfo,
                    notCampusIds: #&quot;699d3a6d-190a-4868-ba4a-4aba62334924&quot;(
                      endDatetime: local!endDatetime,
                      startDatetime: local!startDatetime
                    )
                  )
                )
              }
            ),
            if(isnull(local!selectedBuilding),
              {},
              #&quot;SYSTEM_SYSRULES_dynamicLink&quot;(
                saveInto: {
                  a!save({local!selectedBuilding, local!selectedFloor}, null),
                  a!save({local!campusUtilPagingInfo.startIndex, local!buildingUtilPagingInfo.startIndex, local!floorUtilPagingInfo.startIndex, local!spaceUtilPagingInfo.startIndex, local!campusNoUtilPagingInfo.startIndex, local!buildingNoUtilPagingInfo.startIndex, local!floorNoUtilPagingInfo.startIndex, local!spaceNoUtilPagingInfo.startIndex}, 1),
                  a!save(
                    local!buildingUtilDataSubset,
                    #&quot;_a-0000dd17-9077-8000-9ba2-011c48011c48_11089&quot;(
                      pagingInfo: local!buildingUtilPagingInfo,
                      endDatetime: local!endDatetime,
                      startDatetime: local!startDatetime,
                      campusId: local!selectedCampus.campusId
                    )
                  ),
                  a!save(
                    local!buildingNoUtilDataSubset,
                    #&quot;_a-0000dd0d-462c-8000-9ba2-011c48011c48_5503&quot;(
                      columns: local!buildingColumns,
                      pagingInfo: local!buildingNoUtilPagingInfo,
                      campusId: local!selectedCampus.campusId,
                      notBuildingIds: #&quot;_a-0000dd17-9077-8000-9ba2-011c48011c48_11387&quot;(
                        endDatetime: local!endDatetime,
                        startDatetime: local!startDatetime
                      )
                    )
                  )
                }
              )
            ),
            if(isnull(local!selectedFloor),
              {},
              #&quot;SYSTEM_SYSRULES_dynamicLink&quot;(
                saveInto: {
                  a!save({local!selectedFloor}, null),
                  a!save({local!campusUtilPagingInfo.startIndex, local!buildingUtilPagingInfo.startIndex, local!floorUtilPagingInfo.startIndex, local!spaceUtilPagingInfo.startIndex, local!campusNoUtilPagingInfo.startIndex, local!buildingNoUtilPagingInfo.startIndex, local!floorNoUtilPagingInfo.startIndex, local!spaceNoUtilPagingInfo.startIndex}, 1),
                  a!save(
                    local!floorUtilDataSubset,
                    #&quot;_a-0000dd17-9077-8000-9ba2-011c48011c48_11090&quot;(
                      pagingInfo: local!floorUtilPagingInfo,
                      endDatetime: local!endDatetime,
                      startDatetime: local!startDatetime,
                      buildingId: local!selectedBuilding.buildingId
                    )
                  ),
                  a!save(
                    local!floorNoUtilDataSubset,
                    #&quot;_a-0000dd0d-462c-8000-9ba2-011c48011c48_5505&quot;(
                      columns: local!floorColumns,
                      pagingInfo: local!floorNoUtilPagingInfo,
                      buildingId: local!selectedBuilding.buildingId,
                      notFloorIds: #&quot;_a-0000dd17-9077-8000-9ba2-011c48011c48_11392&quot;(
                        endDatetime: local!endDatetime,
                        startDatetime: local!startDatetime
                      )
                    )
                  )
                }
              )
            )
          },
          currentText: if(isnull(local!selectedBuilding),
            local!selectedCampus.campusName,
            if(isnull(local!selectedFloor),
              local!selectedBuilding.buildingName,
              local!selectedFloor.floorName
            )
          )
        )
      ),
      if(isnull(local!selectedFloor),
        if(isnull(local!selectedBuilding),
          if(isnull(local!selectedCampus),
            /* Campus */
            {
              #&quot;SYSTEM_SYSRULES_sectionLayout&quot;(
                label: &quot;Utilized&quot;,
                firstColumnContents: {
                  #&quot;c83759d1-121f-418b-a06c-54b9da0675c9&quot;(
                    dataSubset: local!campusUtilDataSubset,
                    pagingInfo: local!campusUtilPagingInfo,
                    maxUtilization: local!maxUtilization,
                    selectedCampus: local!selectedCampus,
                    gridAdditionalSaveInto: a!save(
                      local!campusUtilDataSubset,
                      #&quot;96ce77f5-29e9-4ee1-99e9-0705ddc3ebe8&quot;(
                        pagingInfo: local!campusUtilPagingInfo,
                        endDatetime: local!endDatetime,
                        startDatetime: local!startDatetime
                      )
                    ),
                    linkAdditionalSaveInto: {
                      a!save(
                        local!buildingUtilDataSubset,
                        #&quot;_a-0000dd17-9077-8000-9ba2-011c48011c48_11089&quot;(
                          pagingInfo: local!buildingUtilPagingInfo,
                          endDatetime: local!endDatetime,
                          startDatetime: local!startDatetime,
                          campusId: local!selectedCampus.campusId
                        )
                      ),
                      a!save(
                        local!buildingNoUtilDataSubset,
                        #&quot;_a-0000dd0d-462c-8000-9ba2-011c48011c48_5503&quot;(
                          columns: local!buildingColumns,
                          pagingInfo: local!buildingNoUtilPagingInfo,
                          campusId: local!selectedCampus.campusId,
                          notBuildingIds: #&quot;_a-0000dd17-9077-8000-9ba2-011c48011c48_11387&quot;(
                            endDatetime: local!endDatetime,
                            startDatetime: local!startDatetime
                          )
                        )
                      )
                    }
                  )
                }
              ),
              #&quot;SYSTEM_SYSRULES_sectionLayout&quot;(
                label: &quot;Not Utilized&quot;,
                firstColumnContents: {
                  #&quot;c83759d1-121f-418b-a06c-54b9da0675c9&quot;(
                    dataSubset: local!campusNoUtilDataSubset,
                    pagingInfo: local!campusNoUtilPagingInfo,
                    selectedCampus: local!selectedCampus,
                    gridAdditionalSaveInto: a!save(
                      local!campusNoUtilDataSubset,
                      #&quot;_a-0000dd0d-462c-8000-9ba2-011c48011c48_5501&quot;(
                        columns: local!campusColumns,
                        pagingInfo: local!campusNoUtilPagingInfo,
                        notCampusIds: #&quot;699d3a6d-190a-4868-ba4a-4aba62334924&quot;(
                          endDatetime: local!endDatetime,
                          startDatetime: local!startDatetime
                        )
                      )
                    ),
                    linkAdditionalSaveInto: {
                      a!save(
                        local!buildingUtilDataSubset,
                        #&quot;_a-0000dd17-9077-8000-9ba2-011c48011c48_11089&quot;(
                          pagingInfo: local!buildingUtilPagingInfo,
                          endDatetime: local!endDatetime,
                          startDatetime: local!startDatetime,
                          campusId: local!selectedCampus.campusId
                        )
                      ),
                      a!save(
                        local!buildingNoUtilDataSubset,
                        #&quot;_a-0000dd0d-462c-8000-9ba2-011c48011c48_5503&quot;(
                          columns: local!buildingColumns,
                          pagingInfo: local!buildingNoUtilPagingInfo,
                          campusId: local!selectedCampus.campusId,
                          notBuildingIds: #&quot;_a-0000dd17-9077-8000-9ba2-011c48011c48_11387&quot;(
                            endDatetime: local!endDatetime,
                            startDatetime: local!startDatetime
                          )
                        )
                      )
                    }
                  )
                }
              )
            },
            /* Building */
            {
              #&quot;SYSTEM_SYSRULES_sectionLayout&quot;(
                label: &quot;Utilized&quot;,
                firstColumnContents: {
                  #&quot;_a-0000dd17-9077-8000-9ba2-011c48011c48_11145&quot;(
                    dataSubset: local!buildingUtilDataSubset,
                    pagingInfo: local!buildingUtilPagingInfo,
                    maxUtilization: local!maxUtilization,
                    selectedBuilding: local!selectedBuilding,
                    gridAdditionalSaveInto: a!save(
                      local!buildingUtilDataSubset,
                      #&quot;_a-0000dd17-9077-8000-9ba2-011c48011c48_11089&quot;(
                        pagingInfo: local!buildingUtilPagingInfo,
                        endDatetime: local!endDatetime,
                        startDatetime: local!startDatetime,
                        campusId: local!selectedCampus.campusId
                      )
                    ),
                    linkAdditionalSaveInto: {
                      a!save(
                        local!floorUtilDataSubset,
                        #&quot;_a-0000dd17-9077-8000-9ba2-011c48011c48_11090&quot;(
                          pagingInfo: local!floorUtilPagingInfo,
                          endDatetime: local!endDatetime,
                          startDatetime: local!startDatetime,
                          buildingId: local!selectedBuilding.buildingId
                        )
                      ),
                      a!save(
                        local!floorNoUtilDataSubset,
                        #&quot;_a-0000dd0d-462c-8000-9ba2-011c48011c48_5505&quot;(
                          columns: local!floorColumns,
                          pagingInfo: local!floorNoUtilPagingInfo,
                          buildingId: local!selectedBuilding.buildingId,
                          notFloorIds: #&quot;_a-0000dd17-9077-8000-9ba2-011c48011c48_11392&quot;(
                            endDatetime: local!endDatetime,
                            startDatetime: local!startDatetime
                          )
                        )
                      )
                    }
                  )
                }
              ),
              #&quot;SYSTEM_SYSRULES_sectionLayout&quot;(
                label: &quot;Not Utilized&quot;,
                firstColumnContents: {
                  #&quot;_a-0000dd17-9077-8000-9ba2-011c48011c48_11145&quot;(
                    dataSubset: local!buildingNoUtilDataSubset,
                    pagingInfo: local!buildingNoUtilPagingInfo,
                    selectedBuilding: local!selectedBuilding,
                    gridAdditionalSaveInto: a!save(
                      local!buildingNoUtilDataSubset,
                      #&quot;_a-0000dd0d-462c-8000-9ba2-011c48011c48_5503&quot;(
                        columns: local!buildingColumns,
                        pagingInfo: local!buildingNoUtilPagingInfo,
                        campusId: local!selectedCampus.campusId,
                        notBuildingIds: #&quot;_a-0000dd17-9077-8000-9ba2-011c48011c48_11387&quot;(
                          endDatetime: local!endDatetime,
                          startDatetime: local!startDatetime
                        )
                      )
                    ),
                    linkAdditionalSaveInto: {
                      a!save(
                        local!floorUtilDataSubset,
                        #&quot;_a-0000dd17-9077-8000-9ba2-011c48011c48_11090&quot;(
                          pagingInfo: local!floorUtilPagingInfo,
                          endDatetime: local!endDatetime,
                          startDatetime: local!startDatetime,
                          buildingId: local!selectedBuilding.buildingId
                        )
                      ),
                      a!save(
                        local!floorNoUtilDataSubset,
                        #&quot;_a-0000dd0d-462c-8000-9ba2-011c48011c48_5505&quot;(
                          columns: local!floorColumns,
                          pagingInfo: local!floorNoUtilPagingInfo,
                          buildingId: local!selectedBuilding.buildingId,
                          notFloorIds: #&quot;_a-0000dd17-9077-8000-9ba2-011c48011c48_11392&quot;(
                            endDatetime: local!endDatetime,
                            startDatetime: local!startDatetime
                          )
                        )
                      )
                    }
                  )
                }
              )
            }
          ),
          /* Floor */
          {
            #&quot;SYSTEM_SYSRULES_sectionLayout&quot;(
              label: &quot;Utilized&quot;,
              firstColumnContents: {
                #&quot;_a-0000dd17-9077-8000-9ba2-011c48011c48_11146&quot;(
                  dataSubset: local!floorUtilDataSubset,
                  pagingInfo: local!floorUtilPagingInfo,
                  maxUtilization: local!maxUtilization,
                  selectedFloor: local!selectedFloor,
                  gridAdditionalSaveInto: a!save(
                    local!floorUtilDataSubset,
                    #&quot;_a-0000dd17-9077-8000-9ba2-011c48011c48_11090&quot;(
                      pagingInfo: local!floorUtilPagingInfo,
                      endDatetime: local!endDatetime,
                      startDatetime: local!startDatetime,
                      buildingId: local!selectedBuilding.buildingId
                    )
                  ),
                  linkAdditionalSaveInto: {
                    a!save(
                      local!spaceUtilDataSubset,
                      #&quot;_a-0000dd17-9077-8000-9ba2-011c48011c48_11091&quot;(
                        pagingInfo: local!spaceUtilPagingInfo,
                        endDatetime: local!endDatetime,
                        startDatetime: local!startDatetime,
                        floorId: local!selectedFloor.floorId
                      )
                    ),
                    a!save(
                      local!spaceNoUtilDataSubset,
                      #&quot;_a-0000dd0d-462c-8000-9ba2-011c48011c48_4973&quot;(
                        columns: local!spaceColumns,
                        pagingInfo: local!floorNoUtilPagingInfo,
                        isTempSpace: true,
                        floorId: local!selectedFloor.floorId,
                        notInIds: #&quot;_a-0000dd17-9077-8000-9ba2-011c48011c48_11393&quot;(
                          endDatetime: local!endDatetime,
                          startDatetime: local!startDatetime
                        )
                      )
                    )
                  }
                )
              }
            ),
            #&quot;SYSTEM_SYSRULES_sectionLayout&quot;(
              label: &quot;Not Utilized&quot;,
              firstColumnContents: {
                #&quot;_a-0000dd17-9077-8000-9ba2-011c48011c48_11146&quot;(
                  dataSubset: local!floorNoUtilDataSubset,
                  pagingInfo: local!floorNoUtilPagingInfo,
                  selectedFloor: local!selectedFloor,
                  gridAdditionalSaveInto: a!save(
                    local!floorNoUtilDataSubset,
                    #&quot;_a-0000dd0d-462c-8000-9ba2-011c48011c48_5505&quot;(
                      columns: local!floorColumns,
                      pagingInfo: local!floorNoUtilPagingInfo,
                      buildingId: local!selectedBuilding.buildingId,
                      notFloorIds: #&quot;_a-0000dd17-9077-8000-9ba2-011c48011c48_11392&quot;(
                        endDatetime: local!endDatetime,
                        startDatetime: local!startDatetime
                      )
                    )
                  ),
                  linkAdditionalSaveInto: {
                    a!save(
                      local!spaceUtilDataSubset,
                      #&quot;_a-0000dd17-9077-8000-9ba2-011c48011c48_11091&quot;(
                        pagingInfo: local!spaceUtilPagingInfo,
                        endDatetime: local!endDatetime,
                        startDatetime: local!startDatetime,
                        floorId: local!selectedFloor.floorId
                      )
                    ),
                    a!save(
                      local!spaceNoUtilDataSubset,
                      #&quot;_a-0000dd0d-462c-8000-9ba2-011c48011c48_4973&quot;(
                        columns: local!spaceColumns,
                        pagingInfo: local!floorNoUtilPagingInfo,
                        isTempSpace: true,
                        floorId: local!selectedFloor.floorId,
                        notInIds: #&quot;_a-0000dd17-9077-8000-9ba2-011c48011c48_11393&quot;(
                          endDatetime: local!endDatetime,
                          startDatetime: local!startDatetime
                        )
                      )
                    )
                  }
                )
              }
            )
          }
        ),
        /* Space */
        {
          #&quot;SYSTEM_SYSRULES_sectionLayout&quot;(
            label: &quot;Utilized&quot;,
            firstColumnContents: {
              #&quot;_a-0000dd17-9077-8000-9ba2-011c48011c48_11147&quot;(
                dataSubset: local!spaceUtilDataSubset,
                pagingInfo: local!spaceUtilPagingInfo,
                maxUtilization: local!maxUtilization,
                gridAdditionalSaveInto: a!save(
                  local!spaceUtilDataSubset,
                  #&quot;_a-0000dd17-9077-8000-9ba2-011c48011c48_11091&quot;(
                    pagingInfo: local!floorUtilPagingInfo,
                    endDatetime: local!endDatetime,
                    startDatetime: local!startDatetime,
                    floorId: local!selectedFloor.floorId
                  )
                )
              )
            }
          ),
          #&quot;SYSTEM_SYSRULES_sectionLayout&quot;(
            label: &quot;Not Utilized&quot;,
            firstColumnContents: {
              #&quot;_a-0000dd17-9077-8000-9ba2-011c48011c48_11147&quot;(
                dataSubset: local!spaceNoUtilDataSubset,
                pagingInfo: local!spaceNoUtilPagingInfo,
                gridAdditionalSaveInto: a!save(
                  local!spaceNoUtilDataSubset,
                  #&quot;_a-0000dd0d-462c-8000-9ba2-011c48011c48_4973&quot;(
                    columns: local!spaceColumns,
                    pagingInfo: local!floorNoUtilPagingInfo,
                    isTempSpace: true,
                    floorId: local!selectedFloor.floorId,
                    notInIds: #&quot;_a-0000dd17-9077-8000-9ba2-011c48011c48_11393&quot;(
                      endDatetime: local!endDatetime,
                      startDatetime: local!startDatetime
                    )
                  )
                )
              )
            }
          )
        }
      )
    }
  )
)</definition>
        <preferredEditor>interface</preferredEditor>
        <offlineEnabled>false</offlineEnabled>
    </rule>
    <roleMap public="true">
        <role allowForAll="true" inherit="false" name="readers">
            <users/>
            <groups/>
        </role>
        <role allowForAll="true" inherit="false" name="authors">
            <users/>
            <groups/>
        </role>
        <role allowForAll="false" inherit="false" name="administrators">
            <users/>
            <groups>
                <groupUuid>_e-0000dd0a-93c8-8000-9aee-01075c01075c_12</groupUuid>
            </groups>
        </role>
        <role allowForAll="false" inherit="false" name="denyReaders">
            <users/>
            <groups/>
        </role>
        <role allowForAll="false" inherit="false" name="denyAuthors">
            <users/>
            <groups/>
        </role>
        <role allowForAll="false" inherit="false" name="denyAdministrators">
            <users/>
            <groups/>
        </role>
    </roleMap>
</contentHaul>
