<?xml version="1.0" encoding="UTF-8" standalone="yes"?>
<contentHaul xmlns:a="http://www.appian.com/ae/types/2009">
    <rule>
        <name>HR_SCT_Hoteling_spaceRecordDetails</name>
        <uuid>_a-0000dd0d-462c-8000-9ba2-011c48011c48_5354</uuid>
        <description>Read-only section that shows details about a space record</description>
        <parentUuid>_a-0000dd0d-462c-8000-9ba2-011c48011c48_3551</parentUuid>
        <visibility>
            <advertise>false</advertise>
            <hierarchy>true</hierarchy>
            <indexable>true</indexable>
            <quota>false</quota>
            <searchable>true</searchable>
            <system>false</system>
            <unlogged>false</unlogged>
        </visibility>
        <definition>#&quot;SYSTEM_SYSRULES_sectionLayout&quot;(
  label: &quot;Space Details&quot;,
  firstColumnContents: {
    #&quot;_a-0000dd0d-462c-8000-9ba2-011c48011c48_3690&quot;(
      label: &quot;Name&quot;,
      readOnly: true,
      value: ri!space.spaceName
    ),
    #&quot;_a-0000dd0d-462c-8000-9ba2-011c48011c48_3690&quot;(
      label: &quot;Type&quot;,
      readOnly: true,
      value: ri!space.spaceTypeLabel
    ),
    #&quot;_a-0000dd0d-462c-8000-9ba2-011c48011c48_3690&quot;(
      label: &quot;Capacity&quot;,
      readOnly: true,
      value: ri!space.capacity
    ),
    #&quot;SYSTEM_SYSRULES_linkField&quot;(
      label: &quot;Campus&quot;,
      labelPosition: #&quot;7515f385-6042-4961-b666-89d55ce8534e&quot;(readOnly: true),
      links:{
        #&quot;SYSTEM_SYSRULES_recordLink&quot;(
          label: index(ri!space, &quot;campusName&quot;, null),
          recordType: #&quot;_a-0000dd4b-0482-8000-9ba2-011c48011c48_17740&quot;,
          identifier: index(ri!space, &quot;campusId&quot;, null)
        )
      }
    ),
    #&quot;SYSTEM_SYSRULES_linkField&quot;(
      label: &quot;Building&quot;,
      labelPosition: #&quot;7515f385-6042-4961-b666-89d55ce8534e&quot;(readOnly: true),
      links:{
        #&quot;SYSTEM_SYSRULES_recordLink&quot;(
          label: index(ri!space, &quot;buildingName&quot;, null),
          recordType: #&quot;_a-0000dd0d-462c-8000-9ba2-011c48011c48_6892&quot;,
          identifier: index(ri!space, &quot;buildingId&quot;, null)
        )
      }
    ),
    #&quot;SYSTEM_SYSRULES_linkField&quot;(
      label: &quot;Floor&quot;,
      labelPosition: #&quot;7515f385-6042-4961-b666-89d55ce8534e&quot;(readOnly: true),
      links:{
        #&quot;SYSTEM_SYSRULES_recordLink&quot;(
          label: index(ri!space, &quot;floorName&quot;, null),
          recordType: #&quot;_a-0000dd4b-0482-8000-9ba2-011c48011c48_16378&quot;,
          identifier: index(ri!space, &quot;floorId&quot;, null)
        )
      }
    ),
    if(ri!space.isTempSpace,
      {},
      if(
        isnull(
          ri!space.userId
        ),
        #&quot;_a-0000dd0d-462c-8000-9ba2-011c48011c48_3690&quot;(
          label: &quot;Filled By&quot;,
          readOnly: true,
          value: &quot;Vacant&quot;
        ),
        #&quot;SYSTEM_SYSRULES_linkField&quot;(
          label: &quot;Filled By&quot;,
          labelPosition: #&quot;7515f385-6042-4961-b666-89d55ce8534e&quot;(
            readOnly: true
          ),
          links: #&quot;SYSTEM_SYSRULES_recordLink&quot;(
            label: ri!space.userFullName,
            recordType: #&quot;_a-0000dd0d-462c-8000-9ba2-011c48011c48_3992&quot;,
            identifier: ri!space.userId
          )
        )
      )
    )
  },
  secondColumnContents: {
    #&quot;_a-0000dd0d-462c-8000-9ba2-011c48011c48_3690&quot;(
      label: &quot;AV Equipment?&quot;,
      readOnly: true,
      value: #&quot;_a-0000dd0d-462c-8000-9ba2-011c48011c48_5334&quot;(bool: ri!space.avEquipment)
    ),
    #&quot;_a-0000dd0d-462c-8000-9ba2-011c48011c48_3690&quot;(
      label: &quot;Dual Monitors?&quot;,
      readOnly: true,
      value: #&quot;_a-0000dd0d-462c-8000-9ba2-011c48011c48_5334&quot;(bool: ri!space.dualMonitors)
    ),
    #&quot;_a-0000dd0d-462c-8000-9ba2-011c48011c48_3690&quot;(
      label: &quot;Docking Station?&quot;,
      readOnly: true,
      value: #&quot;_a-0000dd0d-462c-8000-9ba2-011c48011c48_5334&quot;(bool: ri!space.dockingStation)
    ),
    #&quot;_a-0000dd0d-462c-8000-9ba2-011c48011c48_3690&quot;(
      label: &quot;Keyboard?&quot;,
      readOnly: true,
      value: #&quot;_a-0000dd0d-462c-8000-9ba2-011c48011c48_5334&quot;(bool: ri!space.keyboard)
    ),
    #&quot;_a-0000dd0d-462c-8000-9ba2-011c48011c48_3690&quot;(
      label: &quot;Mouse?&quot;,
      readOnly: true,
      value: #&quot;_a-0000dd0d-462c-8000-9ba2-011c48011c48_5334&quot;(bool: ri!space.mouse)
    ),
    #&quot;_a-0000dd0d-462c-8000-9ba2-011c48011c48_3690&quot;(
      label: &quot;Needs Approval?&quot;,
      readOnly: true,
      value: #&quot;_a-0000dd0d-462c-8000-9ba2-011c48011c48_5334&quot;(bool: ri!space.needsApproval)
    ),
    #&quot;_a-0000dd0d-462c-8000-9ba2-011c48011c48_3690&quot;(
      label: &quot;Is Temporary Space?&quot;,
      readOnly: true,
      value: #&quot;_a-0000dd0d-462c-8000-9ba2-011c48011c48_5334&quot;(bool: ri!space.isTempSpace)
    )
  }
)</definition>
        <namedTypedValue>
            <name>space</name>
            <type>
                <name>HR_V_Space_Record</name>
                <namespace>urn:com:appian:types:HR</namespace>
            </type>
        </namedTypedValue>
        <preferredEditor>interface</preferredEditor>
        <offlineEnabled>false</offlineEnabled>
    </rule>
    <roleMap public="true">
        <role allowForAll="true" inherit="false" name="readers">
            <users/>
            <groups/>
        </role>
        <role allowForAll="true" inherit="false" name="authors">
            <users/>
            <groups/>
        </role>
        <role allowForAll="false" inherit="false" name="administrators">
            <users/>
            <groups>
                <groupUuid>_e-0000dd0a-93c8-8000-9aee-01075c01075c_12</groupUuid>
            </groups>
        </role>
        <role allowForAll="false" inherit="false" name="denyReaders">
            <users/>
            <groups/>
        </role>
        <role allowForAll="false" inherit="false" name="denyAuthors">
            <users/>
            <groups/>
        </role>
        <role allowForAll="false" inherit="false" name="denyAdministrators">
            <users/>
            <groups/>
        </role>
    </roleMap>
</contentHaul>
