<?xml version="1.0" encoding="UTF-8" standalone="yes"?>
<contentHaul xmlns:a="http://www.appian.com/ae/types/2009">
    <rule>
        <name>HR_QRY_getBuilding</name>
        <uuid>_a-0000dd0d-462c-8000-9ba2-011c48011c48_5503</uuid>
        <description>Gets all instances of an HR_Building based on the filters</description>
        <parentUuid>_a-0000dd0d-462c-8000-9ba2-011c48011c48_3807</parentUuid>
        <visibility>
            <advertise>false</advertise>
            <hierarchy>true</hierarchy>
            <indexable>true</indexable>
            <quota>false</quota>
            <searchable>true</searchable>
            <system>false</system>
            <unlogged>false</unlogged>
        </visibility>
        <definition>#&quot;fdea6255-5ee8-42a2-bdb1-aace3c917d86&quot;(
  entity: #&quot;_a-0000dd0d-462c-8000-9ba2-011c48011c48_5498&quot;,
  columns: ri!columns,
  logicalExpression: #&quot;SYSTEM_SYSRULES_queryLogicalExpression&quot;(
    operator: &quot;AND&quot;,
    filters: {
      #&quot;SYSTEM_SYSRULES_queryFilter&quot;(field: &quot;buildingId&quot;, operator: &quot;not null&quot;),
      if(#&quot;2168a5de-fb70-4d66-8b97-b547e3ac6e57&quot;(ri!buildingId), {}, #&quot;SYSTEM_SYSRULES_queryFilter&quot;(field: &quot;buildingId&quot;, operator: &quot;in&quot;, value: ri!buildingId)),
      if(isnull(ri!campusId), {}, #&quot;SYSTEM_SYSRULES_queryFilter&quot;(field: &quot;campusId&quot;, operator: &quot;=&quot;, value: ri!campusId)),
      if(#&quot;2168a5de-fb70-4d66-8b97-b547e3ac6e57&quot;(ri!notBuildingIds), {}, #&quot;SYSTEM_SYSRULES_queryFilter&quot;(field: &quot;buildingId&quot;, operator: &quot;not in&quot;, value: ri!notBuildingIds))
    }
  ),
  pagingInfo: if(isnull(ri!pagingInfo),
    #&quot;SYSTEM_SYSRULES_pagingInfo&quot;(
      startIndex: 1,
      batchSize: -1,
      sort: #&quot;SYSTEM_SYSRULES_sortInfo&quot;(
        field: &quot;buildingName&quot;,
        ascending: true
      )
    ),
    ri!pagingInfo
  )
)</definition>
        <namedTypedValue>
            <name>columns</name>
            <type>
                <name>Text?list</name>
                <namespace>http://www.appian.com/ae/types/2009</namespace>
            </type>
        </namedTypedValue>
        <namedTypedValue>
            <name>pagingInfo</name>
            <type>
                <name>PagingInfo</name>
                <namespace>http://www.appian.com/ae/types/2009</namespace>
            </type>
        </namedTypedValue>
        <namedTypedValue>
            <name>buildingId</name>
            <type>
                <name>Integer?list</name>
                <namespace>http://www.appian.com/ae/types/2009</namespace>
            </type>
        </namedTypedValue>
        <namedTypedValue>
            <name>campusId</name>
            <type>
                <name>int</name>
                <namespace>http://www.w3.org/2001/XMLSchema</namespace>
            </type>
        </namedTypedValue>
        <namedTypedValue>
            <name>notBuildingIds</name>
            <type>
                <name>Integer?list</name>
                <namespace>http://www.appian.com/ae/types/2009</namespace>
            </type>
        </namedTypedValue>
        <preferredEditor>legacy</preferredEditor>
        <offlineEnabled>false</offlineEnabled>
    </rule>
    <roleMap public="true">
        <role allowForAll="true" inherit="false" name="readers">
            <users/>
            <groups/>
        </role>
        <role allowForAll="true" inherit="false" name="authors">
            <users/>
            <groups/>
        </role>
        <role allowForAll="false" inherit="false" name="administrators">
            <users/>
            <groups>
                <groupUuid>_e-0000dd0a-93c8-8000-9aee-01075c01075c_12</groupUuid>
            </groups>
        </role>
        <role allowForAll="false" inherit="false" name="denyReaders">
            <users/>
            <groups/>
        </role>
        <role allowForAll="false" inherit="false" name="denyAuthors">
            <users/>
            <groups/>
        </role>
        <role allowForAll="false" inherit="false" name="denyAdministrators">
            <users/>
            <groups/>
        </role>
    </roleMap>
</contentHaul>
