<?xml version="1.0" encoding="UTF-8" standalone="yes"?>
<contentHaul xmlns:a="http://www.appian.com/ae/types/2009">
    <rule>
        <name>HR_CMPT_Hoteling_recentSpacesForUserReservationGridColumnImage</name>
        <uuid>_a-0000dd4b-0482-8000-9ba2-011c48011c48_18780</uuid>
        <description>Returns the image component to display in the recent spaces grid determined by the space availability</description>
        <parentUuid>_a-0000dd0d-462c-8000-9ba2-011c48011c48_3621</parentUuid>
        <visibility>
            <advertise>false</advertise>
            <hierarchy>true</hierarchy>
            <indexable>true</indexable>
            <quota>false</quota>
            <searchable>true</searchable>
            <system>false</system>
            <unlogged>false</unlogged>
        </visibility>
        <definition>if(contains(ri!availableSpaceIds, ri!spaceId),
  #&quot;SYSTEM_SYSRULES_documentImage&quot;(
    document: #&quot;_a-0000dd4b-0482-8000-9ba2-011c48011c48_17898&quot;,
    caption: #&quot;_a-0000dd3a-bcbf-8000-9ba2-011c48011c48_14672&quot;,
    link: #&quot;SYSTEM_SYSRULES_dynamicLink&quot;(
      saveInto: {
        if(
          isnull(
            ri!spaceId
          ),
          {},
          a!save(
            ri!selectedSpace,
            #&quot;_a-0000dd0d-462c-8000-9ba2-011c48011c48_4973&quot;(
              spaceId: ri!spaceId
            ).data
          )
        ),
        a!save(
          ri!reservationRequest.reservationFrom,
          if(isnull(ri!reservationFrom), now(), ri!reservationFrom)
        ),
        a!save(
          ri!reservationRequest.reservationTo,
          if(isnull(ri!reservationTo), now(), ri!reservationTo)
        ),
        a!save(
          ri!reservationRequest.reservationUserId,
          index(
            #&quot;_a-0000dd0d-462c-8000-9ba2-011c48011c48_3612&quot;(
              columns: &quot;userId&quot;,
              appianUsername: loggedInUser()
            ).data,
            &quot;userId&quot;,
            null
          )
        )
      }
    )
  ),
  #&quot;SYSTEM_SYSRULES_documentImage&quot;(
    document: #&quot;SYSTEM_SYSRULES_iconIndicator&quot;(
      icon: &quot;REMOVE&quot;
    ),
    caption: #&quot;_a-0000dd4b-0482-8000-9ba2-011c48011c48_18797&quot;
  )
  
)</definition>
        <namedTypedValue>
            <name>spaceId</name>
            <type>
                <name>int</name>
                <namespace>http://www.w3.org/2001/XMLSchema</namespace>
            </type>
        </namedTypedValue>
        <namedTypedValue>
            <name>availableSpaceIds</name>
            <type>
                <name>Integer?list</name>
                <namespace>http://www.appian.com/ae/types/2009</namespace>
            </type>
        </namedTypedValue>
        <namedTypedValue>
            <name>reservationRequest</name>
            <type>
                <name>Variant</name>
                <namespace>http://www.appian.com/ae/types/2009</namespace>
            </type>
        </namedTypedValue>
        <namedTypedValue>
            <name>selectedSpace</name>
            <type>
                <name>Variant</name>
                <namespace>http://www.appian.com/ae/types/2009</namespace>
            </type>
        </namedTypedValue>
        <namedTypedValue>
            <name>reservationFrom</name>
            <type>
                <name>dateTime</name>
                <namespace>http://www.w3.org/2001/XMLSchema</namespace>
            </type>
        </namedTypedValue>
        <namedTypedValue>
            <name>reservationTo</name>
            <type>
                <name>dateTime</name>
                <namespace>http://www.w3.org/2001/XMLSchema</namespace>
            </type>
        </namedTypedValue>
        <preferredEditor>interface</preferredEditor>
        <offlineEnabled>false</offlineEnabled>
    </rule>
    <roleMap public="true">
        <role allowForAll="false" inherit="true" name="readers">
            <users/>
            <groups/>
        </role>
        <role allowForAll="false" inherit="true" name="authors">
            <users/>
            <groups/>
        </role>
        <role allowForAll="false" inherit="true" name="administrators">
            <users/>
            <groups/>
        </role>
        <role allowForAll="false" inherit="false" name="denyReaders">
            <users/>
            <groups/>
        </role>
        <role allowForAll="false" inherit="false" name="denyAuthors">
            <users/>
            <groups/>
        </role>
        <role allowForAll="false" inherit="false" name="denyAdministrators">
            <users/>
            <groups/>
        </role>
    </roleMap>
    <typedValue>
        <type>
            <name>RuleTestConfig?list</name>
            <namespace>http://www.appian.com/ae/types/2009</namespace>
        </type>
        <value>
            <el>
                <a:name/>
                <a:ruleInputTestConfigs>
                    <a:value xmlns:xsd="http://www.w3.org/2001/XMLSchema" xmlns:xsi="http://www.w3.org/2001/XMLSchema-instance" xsi:nil="true" xsi:type="xsd:int"/>
                    <a:nameRef>spaceId</a:nameRef>
                    <a:id/>
                </a:ruleInputTestConfigs>
                <a:ruleInputTestConfigs>
                    <a:nameRef>availableSpaceIds</a:nameRef>
                    <a:id/>
                </a:ruleInputTestConfigs>
                <a:ruleInputTestConfigs>
                    <a:value xmlns:xsd="http://www.w3.org/2001/XMLSchema" xmlns:xsi="http://www.w3.org/2001/XMLSchema-instance" xsi:type="xsd:string"/>
                    <a:nameRef>reservationRequest</a:nameRef>
                    <a:id/>
                </a:ruleInputTestConfigs>
                <a:ruleInputTestConfigs>
                    <a:value xmlns:xsd="http://www.w3.org/2001/XMLSchema" xmlns:xsi="http://www.w3.org/2001/XMLSchema-instance" xsi:type="xsd:string"/>
                    <a:nameRef>selectedSpace</a:nameRef>
                    <a:id/>
                </a:ruleInputTestConfigs>
                <a:ruleInputTestConfigs>
                    <a:value xmlns:xsd="http://www.w3.org/2001/XMLSchema" xmlns:xsi="http://www.w3.org/2001/XMLSchema-instance" xsi:nil="true" xsi:type="xsd:dateTime"/>
                    <a:nameRef>reservationFrom</a:nameRef>
                    <a:id/>
                </a:ruleInputTestConfigs>
                <a:ruleInputTestConfigs>
                    <a:value xmlns:xsd="http://www.w3.org/2001/XMLSchema" xmlns:xsi="http://www.w3.org/2001/XMLSchema-instance" xsi:nil="true" xsi:type="xsd:dateTime"/>
                    <a:nameRef>reservationTo</a:nameRef>
                    <a:id/>
                </a:ruleInputTestConfigs>
                <a:assertions xmlns:xsi="http://www.w3.org/2001/XMLSchema-instance" xsi:nil="true"/>
            </el>
        </value>
    </typedValue>
</contentHaul>
