<?xml version="1.0" encoding="UTF-8" standalone="yes"?>
<contentHaul xmlns:a="http://www.appian.com/ae/types/2009">
    <rule>
        <name>HR_SCT_Position_generalInformationView</name>
        <uuid>_a-0000dd3a-bcbf-8000-9ba2-011c48011c48_15627</uuid>
        <description>Reusable section for general information for a position</description>
        <parentUuid>_a-0000dd0d-462c-8000-9ba2-011c48011c48_3551</parentUuid>
        <visibility>
            <advertise>false</advertise>
            <hierarchy>true</hierarchy>
            <indexable>true</indexable>
            <quota>false</quota>
            <searchable>true</searchable>
            <system>false</system>
            <unlogged>false</unlogged>
        </visibility>
        <definition>#&quot;SYSTEM_SYSRULES_sectionLayout&quot;(
  label: &quot;General Information&quot;,
  firstColumnContents: {
    if(ri!isPositionSummary,
    #&quot;SYSTEM_SYSRULES_linkField&quot;(
          label: &quot;Position Description&quot;,
          labelPosition: #&quot;7515f385-6042-4961-b666-89d55ce8534e&quot;(readOnly: true),
          links: #&quot;SYSTEM_SYSRULES_recordLink&quot;(
              label: ri!positionDescription.positionDescName,
              recordType: #&quot;_a-0000dd4b-0482-8000-9ba2-011c48011c48_17763&quot;,
              identifier: ri!positionDescription.positionDescId
            )
        ),
        {}
      ),
    #&quot;_a-0000dd0d-462c-8000-9ba2-011c48011c48_3690&quot;(
      label: &quot;Description&quot;,
      required: true,
      readOnly: true,
      value: ri!positionDescription.positionDesc
    ),
    #&quot;_a-0000dd0d-462c-8000-9ba2-011c48011c48_3690&quot;(
          label: &quot;Salary&quot;,
          readonly: true,
          value: #&quot;e3a37a1b-0acc-46d5-a7bc-42eec7fb6691&quot;(
            number: ri!positionDescription.positionDescSalaryLower
          ) &amp; &quot; to &quot; &amp; #&quot;e3a37a1b-0acc-46d5-a7bc-42eec7fb6691&quot;(
            number: ri!positionDescription.positionDescSalaryUpper
          ) &amp; &quot; &quot; &amp; ri!positionDescription.positionSalaryFrequency
        ),
        #&quot;_a-0000dd0d-462c-8000-9ba2-011c48011c48_3690&quot;(
      label: &quot;Who May Apply&quot;,
      readOnly: true,
      value: ri!positionDescription.eligibilityName
    )
  },
  secondColumnContents: {
    #&quot;_a-0000dd0d-462c-8000-9ba2-011c48011c48_3690&quot;(
      label: &quot;Location&quot;,
      readOnly: true,
      value: ri!positionDescription.positionDescLocation
    ),
    if(ri!isPositionSummary,
    {#&quot;_a-0000dd0d-462c-8000-9ba2-011c48011c48_3690&quot;(
          label: &quot;Open Period&quot;,
          readonly: true,
          value: ri!position.positionOpenDate &amp; &quot; to &quot; &amp; ri!position.positionCloseDate
        ),},
        {}
    ),
    #&quot;_a-0000dd0d-462c-8000-9ba2-011c48011c48_3687&quot;(
      label: &quot;Position Info&quot;,
      readOnly: true,
      value: ri!positionDescription.positionDescInfo
    ),
    if(ri!isPositionSummary,
    {
          if(
            isnull(
              ri!position.userName
            ),
            #&quot;_a-0000dd0d-462c-8000-9ba2-011c48011c48_3690&quot;(
              label: &quot;Filled By&quot;,
              readOnly: true,
              value: #&quot;_a-0000dd0d-462c-8000-9ba2-011c48011c48_4158&quot;
            ),
            #&quot;SYSTEM_SYSRULES_linkField&quot;(
              label: &quot;Filled By&quot;,
              labelPosition: &quot;ADJACENT&quot;,
              links: #&quot;SYSTEM_SYSRULES_recordLink&quot;(
                label: ri!position.userName,
                recordType: #&quot;_a-0000dd0d-462c-8000-9ba2-011c48011c48_3992&quot;,
                identifier: ri!position.userId
              )
            )
          )
        },
        {}
    )
  },
  isCollapsible: true
)</definition>
        <namedTypedValue>
            <name>positionDescription</name>
            <type>
                <name>HR_V_PositionDescription_Record</name>
                <namespace>urn:com:appian:types:HR</namespace>
            </type>
        </namedTypedValue>
        <namedTypedValue>
            <name>isPositionSummary</name>
            <type>
                <name>boolean</name>
                <namespace>http://www.w3.org/2001/XMLSchema</namespace>
            </type>
        </namedTypedValue>
        <namedTypedValue>
            <name>position</name>
            <type>
                <name>HR_V_Position_Record</name>
                <namespace>urn:com:appian:types:HR</namespace>
            </type>
        </namedTypedValue>
        <preferredEditor>interface</preferredEditor>
        <offlineEnabled>false</offlineEnabled>
    </rule>
    <roleMap public="true">
        <role allowForAll="true" inherit="false" name="readers">
            <users/>
            <groups/>
        </role>
        <role allowForAll="true" inherit="false" name="authors">
            <users/>
            <groups/>
        </role>
        <role allowForAll="false" inherit="false" name="administrators">
            <users/>
            <groups>
                <groupUuid>_e-0000dd0a-93c8-8000-9aee-01075c01075c_12</groupUuid>
            </groups>
        </role>
        <role allowForAll="false" inherit="false" name="denyReaders">
            <users/>
            <groups/>
        </role>
        <role allowForAll="false" inherit="false" name="denyAuthors">
            <users/>
            <groups/>
        </role>
        <role allowForAll="false" inherit="false" name="denyAdministrators">
            <users/>
            <groups/>
        </role>
    </roleMap>
</contentHaul>
