<?xml version="1.0" encoding="UTF-8" standalone="yes"?>
<contentHaul xmlns:a="http://www.appian.com/ae/types/2009">
    <rule>
        <name>HR_DASH_Floor_Summary</name>
        <uuid>_a-0000dd17-9077-8000-9ba2-011c48011c48_10058</uuid>
        <description>Floor Record Summary Interface</description>
        <parentUuid>_a-0000dd0a-80c8-8000-aae2-01ef9001ef90_3769</parentUuid>
        <visibility>
            <advertise>false</advertise>
            <hierarchy>true</hierarchy>
            <indexable>true</indexable>
            <quota>false</quota>
            <searchable>true</searchable>
            <system>false</system>
            <unlogged>false</unlogged>
        </visibility>
        <definition>#&quot;SYSTEM_SYSRULES_dashboardLayout&quot;(
  firstColumnContents: {
    #&quot;SYSTEM_SYSRULES_sectionLayout&quot;(
      label: &quot;Floor Details&quot;,
      firstColumnContents: {
        #&quot;SYSTEM_SYSRULES_linkField&quot;(
          label: &quot;Campus&quot;,
          labelPosition: #&quot;7515f385-6042-4961-b666-89d55ce8534e&quot;(readOnly: true),
          links:{
            #&quot;SYSTEM_SYSRULES_recordLink&quot;(
              label: rf!campusName,
              recordType: #&quot;_a-0000dd4b-0482-8000-9ba2-011c48011c48_17740&quot;,
              identifier: rf!campusId
            )
          }
        ),
        #&quot;SYSTEM_SYSRULES_linkField&quot;(
          label: &quot;Building&quot;,
          labelPosition: #&quot;7515f385-6042-4961-b666-89d55ce8534e&quot;(readOnly: true),
          links:{
            #&quot;SYSTEM_SYSRULES_recordLink&quot;(
              label: rf!buildingName,
              recordType: #&quot;_a-0000dd0d-462c-8000-9ba2-011c48011c48_6892&quot;,
              identifier: rf!buildingId
            )
          }
        ),
        #&quot;_a-0000dd0d-462c-8000-9ba2-011c48011c48_3690&quot;(
          label: &quot;Address&quot;,
          readOnly: true,
          value: #&quot;_a-0000dd0d-462c-8000-9ba2-011c48011c48_4720&quot;(
            addressLine1: rf!addressLine1,
            addressLine2: rf!addressLine2,
            addressLine3: rf!addressLine3,
            city: rf!city,
            state: rf!state,
            zip: rf!zip
          )
        ),
        #&quot;_a-0000dd17-9077-8000-9ba2-011c48011c48_10649&quot;(
          readOnly: true,
          choiceLabel: &quot;Quiet Area Only&quot;,
          value: rf!quietAreaOnly
        ),
        #&quot;_a-0000dd17-9077-8000-9ba2-011c48011c48_10649&quot;(
          readOnly: true,
          choiceLabel: &quot;Badge Required&quot;,
          value: rf!badgeRequired
        )
      },
      secondColumnContents: {
        #&quot;_a-0000dd17-9077-8000-9ba2-011c48011c48_10649&quot;(
          readOnly: true,
          choiceLabel: &quot;Open Floor Plan&quot;,
          value: rf!openFloorPlan
        ),
        #&quot;_a-0000dd17-9077-8000-9ba2-011c48011c48_10649&quot;(
          readOnly: true,
          choiceLabel: &quot;Has Kitchen&quot;,
          value: rf!hasKitchen
        ),
        #&quot;_a-0000dd17-9077-8000-9ba2-011c48011c48_10649&quot;(
          readOnly: true,
          choiceLabel: &quot;Has Common Area&quot;,
          value: rf!hasCommonArea
        ),
        if(isnull(rf!floorPlan),
          #&quot;SYSTEM_SYSRULES_richTextDisplayField&quot;(
            label: &quot;Floor Plan&quot;,
            labelPosition: #&quot;7515f385-6042-4961-b666-89d55ce8534e&quot;(
              readOnly: true
            ),
            value: #&quot;SYSTEM_SYSRULES_richTextItem&quot;(
              text: &quot;No floor plan available&quot;,
              style: &quot;EMPHASIS&quot;
            )
          ),
          #&quot;SYSTEM_SYSRULES_imageField&quot;(
            label: &quot;Floor Plan&quot;,
            images: #&quot;SYSTEM_SYSRULES_documentImage&quot;(document: rf!floorPlan),
            labelPosition: #&quot;7515f385-6042-4961-b666-89d55ce8534e&quot;(
              readOnly: true
            )
          )
        )
      }
    )
  }
)</definition>
        <preferredEditor>interface</preferredEditor>
        <offlineEnabled>false</offlineEnabled>
    </rule>
    <roleMap public="true">
        <role allowForAll="true" inherit="false" name="readers">
            <users/>
            <groups/>
        </role>
        <role allowForAll="true" inherit="false" name="authors">
            <users/>
            <groups/>
        </role>
        <role allowForAll="false" inherit="false" name="administrators">
            <users/>
            <groups>
                <groupUuid>_e-0000dd0a-93c8-8000-9aee-01075c01075c_12</groupUuid>
            </groups>
        </role>
        <role allowForAll="false" inherit="false" name="denyReaders">
            <users/>
            <groups/>
        </role>
        <role allowForAll="false" inherit="false" name="denyAuthors">
            <users/>
            <groups/>
        </role>
        <role allowForAll="false" inherit="false" name="denyAdministrators">
            <users/>
            <groups/>
        </role>
    </roleMap>
</contentHaul>
