<?xml version="1.0" encoding="UTF-8" standalone="yes"?>
<contentHaul xmlns:a="http://www.appian.com/ae/types/2009">
    <rule>
        <name>HR_SCT_Hoteling_recentSpacesForUser</name>
        <uuid>_a-0000dd4b-0482-8000-9ba2-011c48011c48_18663</uuid>
        <description>Displays spaces recently reserved by the provided user</description>
        <parentUuid>_a-0000dd0d-462c-8000-9ba2-011c48011c48_3551</parentUuid>
        <visibility>
            <advertise>false</advertise>
            <hierarchy>true</hierarchy>
            <indexable>true</indexable>
            <quota>false</quota>
            <searchable>true</searchable>
            <system>false</system>
            <unlogged>false</unlogged>
        </visibility>
        <definition>load(
  local!pagingInfo: #&quot;SYSTEM_SYSRULES_pagingInfo&quot;(
    startIndex: 1,
    batchSize: - 1
  ),
  local!recentSpaces: #&quot;_a-0000dd4b-0482-8000-9ba2-011c48011c48_18745&quot;(
    userId: ri!userId,
    numberOfSpaces: 10
  ),
  /*availableSpaceIds holds IDs from the recentSpaces 
  list that are currently available for reservation*/
  local!availableSpaceIds: #&quot;_a-0000dd4b-0482-8000-9ba2-011c48011c48_18719&quot;(
    spaceIds: index(
      local!recentSpaces.data,
      &quot;spaceId&quot;,
      {}
    ),
    reservationFrom: ri!reservationFrom,
    reservationTo: ri!reservationTo
  ),
  with(
    {
      #&quot;SYSTEM_SYSRULES_sectionLayout&quot;(
        label: &quot;Filters&quot;,
        firstColumnContents: {
          #&quot;_a-0000dd0d-462c-8000-9ba2-011c48011c48_5711&quot;(
            dateLabel: &quot;Reservation Time&quot;,
            fromDatetime: ri!reservationFrom,
            toDatetime: ri!reservationTo
          )
        },
        secondColumnContents: {
          #&quot;SYSTEM_SYSRULES_textField&quot;(
            readOnly: true
          ),
          #&quot;SYSTEM_SYSRULES_textField&quot;(
            readOnly: true
          ),
          #&quot;_a-0000dd0d-462c-8000-9ba2-011c48011c48_5659&quot;(
            resetSaveInto: {
              a!save(
                {
                  ri!reservationFrom,
                  ri!reservationTo
                },
                now()
              ),
              a!save(
                local!availableSpaceIds,
                #&quot;_a-0000dd4b-0482-8000-9ba2-011c48011c48_18719&quot;(
                  spaceIds: index(
                    local!recentSpaces.data,
                    &quot;spaceId&quot;,
                    {}
                  ),
                  reservationFrom: ri!reservationFrom,
                  reservationTo: ri!reservationTo
                )
              )
            },
            searchSaveInto: {
              a!save(
                local!availableSpaceIds,
                #&quot;_a-0000dd4b-0482-8000-9ba2-011c48011c48_18719&quot;(
                  spaceIds: index(
                    local!recentSpaces.data,
                    &quot;spaceId&quot;,
                    {}
                  ),
                  reservationFrom: ri!reservationFrom,
                  reservationTo: ri!reservationTo
                )
              )
            }
          )
        },
        isCollapsible: true,
        isInitiallyCollapsed: true
      ),
      #&quot;SYSTEM_SYSRULES_sectionLayout&quot;(
        label: &quot;Recent Spaces&quot;,
        firstColumnContents: {
          #&quot;SYSTEM_SYSRULES_gridField&quot;(
            columns: {
              #&quot;SYSTEM_SYSRULES_gridTextColumn&quot;(
                label: &quot;Space Name&quot;,
                field: #&quot;_a-0000dd0d-462c-8000-9ba2-011c48011c48_3897&quot;,
                data: index(
                  local!recentSpaces.data,
                  &quot;spaceName&quot;,
                  {}
                ),
                links: #&quot;SYSTEM_SYSRULES_applyComponents&quot;(
                  function: #&quot;SYSTEM_SYSRULES_recordLink&quot;(
                    recordType: #&quot;_a-0000dd0d-462c-8000-9ba2-011c48011c48_4983&quot;,
                    identifier: _
                  ),
                  array: index(
                    local!recentSpaces.data,
                    &quot;spaceId&quot;,
                    {}
                  )
                )
              ),
              #&quot;SYSTEM_SYSRULES_gridTextColumn&quot;(
                label: &quot;Space Type&quot;,
                field: #&quot;_a-0000dd0d-462c-8000-9ba2-011c48011c48_3897&quot;,
                data: index(
                  local!recentSpaces.data,
                  &quot;spaceTypeLabel&quot;,
                  {}
                )
              ),
              #&quot;SYSTEM_SYSRULES_gridImageColumn&quot;(
                field: #&quot;_a-0000dd0d-462c-8000-9ba2-011c48011c48_3897&quot;,
                size: &quot;ICON&quot;,
                data: #&quot;SYSTEM_SYSRULES_applyComponents&quot;(
                  function: #&quot;_a-0000dd4b-0482-8000-9ba2-011c48011c48_18780&quot;(
                    spaceId: _,
                    availableSpaceIds: local!availableSpaceIds,
                    reservationRequest: ri!reservationRequest,
                    selectedSpace: ri!selectedSpace,
                    reservationFrom: ri!reservationFrom,
                    reservationTo: ri!reservationTo
                  ),
                  array: index(
                    local!recentSpaces.data,
                    &quot;spaceId&quot;,
                    {}
                  )
                )
              )
            },
            totalCount: min(
              local!recentSpaces.totalCount,
              10
            ),
            value: local!pagingInfo,
            saveInto: #&quot;4c0833a9-0127-4d25-9d6d-cb881c688e7d&quot;(
              gridSelectionOrPagingInfo: local!pagingInfo
            )
          )
        }
      )
    }
  )
)</definition>
        <namedTypedValue>
            <name>userId</name>
            <type>
                <name>int</name>
                <namespace>http://www.w3.org/2001/XMLSchema</namespace>
            </type>
        </namedTypedValue>
        <namedTypedValue>
            <name>reservationRequest</name>
            <type>
                <name>Variant</name>
                <namespace>http://www.appian.com/ae/types/2009</namespace>
            </type>
        </namedTypedValue>
        <namedTypedValue>
            <name>selectedSpace</name>
            <type>
                <name>Variant</name>
                <namespace>http://www.appian.com/ae/types/2009</namespace>
            </type>
        </namedTypedValue>
        <namedTypedValue>
            <name>reservationFrom</name>
            <type>
                <name>dateTime</name>
                <namespace>http://www.w3.org/2001/XMLSchema</namespace>
            </type>
        </namedTypedValue>
        <namedTypedValue>
            <name>reservationTo</name>
            <type>
                <name>dateTime</name>
                <namespace>http://www.w3.org/2001/XMLSchema</namespace>
            </type>
        </namedTypedValue>
        <preferredEditor>interface</preferredEditor>
        <offlineEnabled>false</offlineEnabled>
    </rule>
    <roleMap public="true">
        <role allowForAll="false" inherit="true" name="readers">
            <users/>
            <groups/>
        </role>
        <role allowForAll="false" inherit="true" name="authors">
            <users/>
            <groups/>
        </role>
        <role allowForAll="false" inherit="true" name="administrators">
            <users/>
            <groups/>
        </role>
        <role allowForAll="false" inherit="false" name="denyReaders">
            <users/>
            <groups/>
        </role>
        <role allowForAll="false" inherit="false" name="denyAuthors">
            <users/>
            <groups/>
        </role>
        <role allowForAll="false" inherit="false" name="denyAdministrators">
            <users/>
            <groups/>
        </role>
    </roleMap>
    <typedValue>
        <type>
            <name>RuleTestConfig?list</name>
            <namespace>http://www.appian.com/ae/types/2009</namespace>
        </type>
        <value>
            <el>
                <a:name/>
                <a:ruleInputTestConfigs>
                    <a:value xmlns:xsd="http://www.w3.org/2001/XMLSchema" xmlns:xsi="http://www.w3.org/2001/XMLSchema-instance" xsi:nil="true" xsi:type="xsd:int"/>
                    <a:nameRef>userId</a:nameRef>
                    <a:id/>
                </a:ruleInputTestConfigs>
                <a:ruleInputTestConfigs>
                    <a:value xmlns:xsd="http://www.w3.org/2001/XMLSchema" xmlns:xsi="http://www.w3.org/2001/XMLSchema-instance" xsi:type="xsd:string"/>
                    <a:nameRef>reservationRequest</a:nameRef>
                    <a:id/>
                </a:ruleInputTestConfigs>
                <a:ruleInputTestConfigs>
                    <a:value xmlns:xsd="http://www.w3.org/2001/XMLSchema" xmlns:xsi="http://www.w3.org/2001/XMLSchema-instance" xsi:type="xsd:string"/>
                    <a:nameRef>selectedSpace</a:nameRef>
                    <a:id/>
                </a:ruleInputTestConfigs>
                <a:ruleInputTestConfigs>
                    <a:value xmlns:xsd="http://www.w3.org/2001/XMLSchema" xmlns:xsi="http://www.w3.org/2001/XMLSchema-instance" xsi:nil="true" xsi:type="xsd:dateTime"/>
                    <a:nameRef>reservationFrom</a:nameRef>
                    <a:id/>
                </a:ruleInputTestConfigs>
                <a:ruleInputTestConfigs>
                    <a:value xmlns:xsd="http://www.w3.org/2001/XMLSchema" xmlns:xsi="http://www.w3.org/2001/XMLSchema-instance" xsi:nil="true" xsi:type="xsd:dateTime"/>
                    <a:nameRef>reservationTo</a:nameRef>
                    <a:id/>
                </a:ruleInputTestConfigs>
                <a:assertions xmlns:xsi="http://www.w3.org/2001/XMLSchema-instance" xsi:nil="true"/>
            </el>
        </value>
    </typedValue>
</contentHaul>
