<?xml version="1.0" encoding="UTF-8" standalone="yes"?>
<contentHaul xmlns:a="http://www.appian.com/ae/types/2009">
    <rule>
        <name>HR_DASH_Campus_Summary</name>
        <uuid>_a-0000dd17-9077-8000-9ba2-011c48011c48_9715</uuid>
        <description>Campus Record Summary Interface</description>
        <parentUuid>_a-0000dd0a-80c8-8000-aae2-01ef9001ef90_3769</parentUuid>
        <visibility>
            <advertise>false</advertise>
            <hierarchy>true</hierarchy>
            <indexable>true</indexable>
            <quota>false</quota>
            <searchable>true</searchable>
            <system>false</system>
            <unlogged>false</unlogged>
        </visibility>
        <definition>load(
  local!zoom: 12,
  #&quot;SYSTEM_SYSRULES_dashboardLayout&quot;(
    firstColumnContents: {
      #&quot;SYSTEM_SYSRULES_sectionLayout&quot;(
        label: &quot;Campus Details&quot;,
        firstColumnContents: {
          #&quot;_a-0000dd0d-462c-8000-9ba2-011c48011c48_3690&quot;(
            label: &quot;City&quot;,
            readOnly: true,
            value: rf!city
          ),
          #&quot;_a-0000dd0d-462c-8000-9ba2-011c48011c48_3690&quot;(
            label: &quot;State&quot;,
            readOnly: true,
            value: rf!state
          ),
          #&quot;_a-0000dd0d-462c-8000-9ba2-011c48011c48_3690&quot;(
            label: &quot;Zip&quot;,
            readOnly: true,
            value: rf!zip
          )
        },
        secondColumnContents: {
          #&quot;_a-0000dd4b-0482-8000-9ba2-011c48011c48_17927&quot;(
            center: #&quot;_a-0000dd0d-462c-8000-9ba2-011c48011c48_4720&quot;(
              city: rf!city,
              state: rf!state,
              zip: rf!zip
            ),
            zoom: local!zoom,
            size: &quot;256x256&quot;,
            maptype:&quot;roadmap&quot;,
            addresses: &quot;&quot;
          )
        }
      )
    }
  )
)</definition>
        <preferredEditor>interface</preferredEditor>
        <offlineEnabled>false</offlineEnabled>
    </rule>
    <roleMap public="true">
        <role allowForAll="true" inherit="false" name="readers">
            <users/>
            <groups/>
        </role>
        <role allowForAll="true" inherit="false" name="authors">
            <users/>
            <groups/>
        </role>
        <role allowForAll="false" inherit="false" name="administrators">
            <users/>
            <groups>
                <groupUuid>_e-0000dd0a-93c8-8000-9aee-01075c01075c_12</groupUuid>
            </groups>
        </role>
        <role allowForAll="false" inherit="false" name="denyReaders">
            <users/>
            <groups/>
        </role>
        <role allowForAll="false" inherit="false" name="denyAuthors">
            <users/>
            <groups/>
        </role>
        <role allowForAll="false" inherit="false" name="denyAdministrators">
            <users/>
            <groups/>
        </role>
    </roleMap>
</contentHaul>
