<?xml version="1.0" encoding="UTF-8" standalone="yes"?>
<contentHaul xmlns:a="http://www.appian.com/ae/types/2009">
    <rule>
        <name>HR_REPORT_Hoteling_currentOccupancy</name>
        <uuid>_a-0000dd0d-462c-8000-9ba2-011c48011c48_6360</uuid>
        <description>Occupancy for current date/time</description>
        <parentUuid>_a-0000dd0a-5e76-8000-aae2-01ef9001ef90_3752</parentUuid>
        <visibility>
            <advertise>false</advertise>
            <hierarchy>true</hierarchy>
            <indexable>true</indexable>
            <quota>false</quota>
            <searchable>true</searchable>
            <system>false</system>
            <unlogged>false</unlogged>
        </visibility>
        <definition>load(
  local!searchRequest,
  local!temp_searchRequest,
  local!blank_searchRequest: 'type!{urn:com:appian:types:HR}HR_Hoteling_SearchRequest'(),
  local!reservationDate: today(),
  local!reservationDateValidation,
  local!buildings,
  local!floors,
  local!pagingInfo: #&quot;SYSTEM_SYSRULES_pagingInfo&quot;(
    startIndex: 1,
    batchSize: #&quot;_a-0000dd3a-bcbf-8000-9ba2-011c48011c48_14253&quot;,
    sort: #&quot;SYSTEM_SYSRULES_sortInfo&quot;(
      field: &quot;userId&quot;,
      ascending: true
    )
  ),
  local!columns: {
    &quot;spaceId&quot;,
    &quot;spaceName&quot;,
    &quot;campusName&quot;,
    &quot;buildingName&quot;,
    &quot;floorName&quot;,
    &quot;spaceTypeLabel&quot;,
    &quot;userFullName&quot;,
    &quot;userId&quot;,
    &quot;leaseFromDate&quot;,
    &quot;leaseToDate&quot;
  },
  local!dataSubset: #&quot;_a-0000dd8b-d239-8000-9ba2-011c48011c48_29097&quot;(
    searchRequest: local!blank_searchRequest,
    pagingInfo: local!pagingInfo
  ),
  local!showColumns: false,
  local!choiceLabels: {
    &quot;Campus&quot;,
    &quot;Building&quot;,
    &quot;Floor&quot;,
    &quot;Space Type&quot;,
    &quot;Person&quot;,
    &quot;Reserved From&quot;,
    &quot;Reserved To&quot;
  },
  local!showColumn: local!choiceLabels,
  #&quot;SYSTEM_SYSRULES_dashboardLayout&quot;(
    firstColumnContents: {
     #&quot;_a-0000dd8b-d239-8000-9ba2-011c48011c48_29458&quot;(
       temp_searchRequest: local!temp_searchRequest, 
       searchRequest: local!searchRequest, 
       dataSubset: local!dataSubset, 
       pagingInfo: local!pagingInfo, 
       blank_searchRequest: local!blank_searchRequest, 
       reservationDate: local!reservationDate
     ),
      #&quot;SYSTEM_SYSRULES_sectionLayout&quot;(
        label: &quot;Reservations&quot;,
        firstColumnContents: {
          #&quot;SYSTEM_SYSRULES_gridField&quot;(
            columns: {
              #&quot;SYSTEM_SYSRULES_gridTextColumn&quot;(
                label: &quot;Space Name&quot;,
                field: &quot;spaceName&quot;,
                data: index(
                  local!datasubset.data,
                  &quot;spaceName&quot;,
                  {}
                ),
                links: #&quot;SYSTEM_SYSRULES_applyComponents&quot;(
                  function: #&quot;SYSTEM_SYSRULES_recordLink&quot;(
                    recordType: #&quot;_a-0000dd0d-462c-8000-9ba2-011c48011c48_4983&quot;,
                    identifier: _
                  ),
                  array: index(
                    local!datasubset.data,
                    &quot;spaceId&quot;,
                    {}
                  )
                )
              ),
              if(
                contains(
                  local!showColumn,
                  &quot;Campus&quot;
                ),
                #&quot;SYSTEM_SYSRULES_gridTextColumn&quot;(
                  label: &quot;Campus&quot;,
                  field: &quot;campusName&quot;,
                  data: index(
                    local!dataSubset.data,
                    &quot;campusName&quot;,
                    {}
                  )
                ),
                {}
              ),
              if(
                contains(
                  local!showColumn,
                  &quot;Building&quot;
                ),
                #&quot;SYSTEM_SYSRULES_gridTextColumn&quot;(
                  label: &quot;Building&quot;,
                  field: &quot;buildingName&quot;,
                  data: index(
                    local!dataSubset.data,
                    &quot;buildingName&quot;,
                    {}
                  )
                ),
                {}
              ),
              if(
                contains(
                  local!showColumn,
                  &quot;Floor&quot;
                ),
                #&quot;SYSTEM_SYSRULES_gridTextColumn&quot;(
                  label: &quot;Floor&quot;,
                  field: &quot;floorName&quot;,
                  data: index(
                    local!dataSubset.data,
                    &quot;floorName&quot;,
                    {}
                  )
                ),
                {}
              ),
              if(
                contains(
                  local!showColumn,
                  &quot;Space Type&quot;
                ),
                #&quot;SYSTEM_SYSRULES_gridTextColumn&quot;(
                  label: &quot;Space Type&quot;,
                  field: &quot;spaceTypeLabel&quot;,
                  data: index(
                    local!datasubset.data,
                    &quot;spaceTypeLabel&quot;,
                    {}
                  )
                ),
                {}
              ),
              if(
                contains(
                  local!showColumn,
                  &quot;Person&quot;
                ),
                #&quot;SYSTEM_SYSRULES_gridTextColumn&quot;(
                  label: &quot;Person&quot;,
                  field: &quot;userFullName&quot;,
                  data: index(
                    local!datasubset.data,
                    &quot;userFullName&quot;,
                    {}
                  )
                ),
                {}
              ),
              if(
                contains(
                  local!showColumn,
                  &quot;Reserved From&quot;
                ),
                #&quot;SYSTEM_SYSRULES_gridTextColumn&quot;(
                  label: &quot;Reserved From&quot;,
                  field: &quot;leaseFromDate&quot;,
                  data: index(
                    local!datasubset.data,
                    &quot;leaseFromDate&quot;,
                    {}
                  )
                ),
                {}
              ),
              if(
                contains(
                  local!showColumn,
                  &quot;Reserved To&quot;
                ),
                #&quot;SYSTEM_SYSRULES_gridTextColumn&quot;(
                  label: &quot;Reserved To&quot;,
                  field: &quot;leaseToDate&quot;,
                  data: index(
                    local!datasubset.data,
                    &quot;leaseToDate&quot;,
                    {}
                  )
                ),
                {}
              )
            },
            totalCount: local!datasubset.totalCount,
            value: local!pagingInfo,
            saveInto: {#&quot;4c0833a9-0127-4d25-9d6d-cb881c688e7d&quot;(
              gridSelectionOrPagingInfo: local!pagingInfo,
              additionalSaveInto: a!save(
                local!dataSubset,
                #&quot;_a-0000dd8b-d239-8000-9ba2-011c48011c48_29097&quot;(
                  searchRequest: local!searchRequest,
                  pagingInfo: local!pagingInfo
                )
              ))
            }
          ),
          #&quot;2d786626-f8a4-4c46-a2a6-c0c8fe96a4ad&quot;(
            showColumns: local!showColumns,
            choiceLabels: local!choiceLabels,
            showColumn: local!showColumn
          )
        }
      )
    }
  )
)</definition>
        <preferredEditor>interface</preferredEditor>
        <offlineEnabled>false</offlineEnabled>
    </rule>
    <roleMap public="true">
        <role allowForAll="true" inherit="false" name="readers">
            <users/>
            <groups/>
        </role>
        <role allowForAll="true" inherit="false" name="authors">
            <users/>
            <groups/>
        </role>
        <role allowForAll="false" inherit="false" name="administrators">
            <users/>
            <groups>
                <groupUuid>_e-0000dd0a-93c8-8000-9aee-01075c01075c_12</groupUuid>
            </groups>
        </role>
        <role allowForAll="false" inherit="false" name="denyReaders">
            <users/>
            <groups/>
        </role>
        <role allowForAll="false" inherit="false" name="denyAuthors">
            <users/>
            <groups/>
        </role>
        <role allowForAll="false" inherit="false" name="denyAdministrators">
            <users/>
            <groups/>
        </role>
    </roleMap>
</contentHaul>
