<?xml version="1.0" encoding="UTF-8" standalone="yes"?>
<contentHaul xmlns:a="http://www.appian.com/ae/types/2009">
    <rule>
        <name>HR_SCT_Hoteling_userReservationDetails</name>
        <uuid>_a-0000dd0d-462c-8000-9ba2-011c48011c48_5412</uuid>
        <description>Section that contains reservation DT and User.</description>
        <parentUuid>_a-0000dd0d-462c-8000-9ba2-011c48011c48_3551</parentUuid>
        <visibility>
            <advertise>false</advertise>
            <hierarchy>true</hierarchy>
            <indexable>true</indexable>
            <quota>false</quota>
            <searchable>true</searchable>
            <system>false</system>
            <unlogged>false</unlogged>
        </visibility>
        <definition>#&quot;SYSTEM_SYSRULES_sectionLayout&quot;(
  label: &quot;Reservation Details&quot;,
  firstColumnContents: {
    #&quot;_a-0000dd0d-462c-8000-9ba2-011c48011c48_3683&quot;(
      label: &quot;From&quot;,
      required: true,
      readOnly: ri!readOnly,
      value: ri!reservation.reservationFrom,
      validations: if(
        ri!reservation.reservationFrom &lt; now(),
        &quot;Reservation cannot be in the past&quot;,
        &quot;&quot;
      ),
      saveInto: {
        ri!reservation.reservationFrom,
        a!save(
          {
            ri!reservation.repeat,
            ri!reservation.repeatType,
            ri!reservation.repeatEvery,
            ri!reservation.repeatEnds,
            ri!reservation.afterOccurrences,
            ri!reservation.onDate,
            ri!reservation.repeatOn,
            ri!reservation.repeatBy,
            ri!repeatReservations
          },
          null
        ),
        a!save(
          ri!reservation.reservationTo,
          if(
            isnull(
              ri!reservation.reservationTo
            ),
            save!value+1/24, /* assume reservation will be an hour */
            ri!reservation.reservationTo
          )
        ),
        if(
          any(
            fn!isnull,
            {
              ri!reservation.reservationFrom,
              ri!reservation.reservationTo
            }
          ),
          {},
          {
            a!save(
              ri!reservation.spaceId,
              ri!space.spaceId
            ),
            if(
              and(
                isnull(
                  ri!reservation.reservationUserId
                ),
                ri!readOnly = false
              ),
              a!save(
                ri!reservation.reservationUserId,
                index(
                  #&quot;_a-0000dd0d-462c-8000-9ba2-011c48011c48_3612&quot;(
                    columns: {
                      &quot;userId&quot;
                    },
                    appianUsername: loggedInUser()
                  ).data,
                  &quot;userId&quot;,
                  null
                )
              ),
              {}
            )
          }
        )
      }
    ),
    #&quot;_a-0000dd0d-462c-8000-9ba2-011c48011c48_3683&quot;(
      label: &quot;To&quot;,
      required: true,
      readOnly: ri!readOnly,
      value: ri!reservation.reservationTo,
      validations: if(
        ri!reservation.reservationTo &lt;= ri!reservation.reservationFrom,
        &quot;Reservation To must be after Reservation From&quot;,
        null
      ),
      saveInto: {
        ri!reservation.reservationTo,
        a!save(
          {
            ri!reservation.repeat,
            ri!reservation.repeatType,
            ri!reservation.repeatEvery,
            ri!reservation.repeatEnds,
            ri!reservation.afterOccurrences,
            ri!reservation.onDate,
            ri!reservation.repeatOn,
            ri!reservation.repeatBy,
            ri!repeatReservations
          },
          null
        ),
        if(
          any(
            fn!isnull,
            {
              ri!reservation.reservationFrom,
              ri!reservation.reservationTo
            }
          ),
          {},
          {
            a!save(
              ri!reservation.spaceId,
              ri!space.spaceId
            ),
            if(
              and(
                isnull(
                  ri!reservation.reservationUserId
                ),
                ri!readOnly = false
              ),
              a!save(
                ri!reservation.reservationUserId,
                index(
                  #&quot;_a-0000dd0d-462c-8000-9ba2-011c48011c48_3612&quot;(
                    columns: {
                      &quot;userId&quot;
                    },
                    appianUsername: loggedInUser()
                  ).data,
                  &quot;userId&quot;,
                  null
                )
              ),
              {}
            )
          }
        )
      }
    ),
    if(
      ri!space.capacity &gt; 1,
      #&quot;_a-0000dd0d-462c-8000-9ba2-011c48011c48_5526&quot;(
        label: &quot;Number of Attendees&quot;,
        readOnly: ri!readOnly,
        value: ri!reservation.reservationNumOfAttendees,
        validations: {
          if(
            ri!reservation.reservationNumOfAttendees &gt; ri!space.capacity,
            &quot;Space capacity exceeded&quot;,
            &quot;&quot;
          ),
          if(
            ri!reservation.reservationNumOfAttendees &lt; 1,
            &quot;Invalid number of attendees&quot;,
            &quot;&quot;
          )
        },
        saveInto: ri!reservation.reservationNumOfAttendees
      ),
      {}
    ),
    #&quot;_a-0000dd0d-462c-8000-9ba2-011c48011c48_7226&quot;(
      label: &quot;Reservation User&quot;,
      required: true,
      readOnly: ri!readOnly,
      maxSelections: 1,
      value: ri!reservation.reservationUserId,
      saveInto: ri!reservation.reservationUserId
    )
  },
  secondColumnContents: {
    if(
      or(any(
        fn!isnull,
        {
          ri!reservation.reservationFrom,
          ri!reservation.reservationTo
        }
      ), ri!isEdit),
      #&quot;SYSTEM_SYSRULES_textField&quot;(
        readOnly: true
      ),
      with(
        local!startsOn: #&quot;fa8d3278-99cb-48cb-b4c8-5602158660a9&quot;(
          label: &quot;Starts on&quot;,
          readOnly: true,
          value: local(ri!reservation.reservationFrom),
          labelPosition: #&quot;7515f385-6042-4961-b666-89d55ce8534e&quot;(
            readOnly: ri!readOnly
          )
        ),
        local!weekdayId: weekday(local(ri!reservation.reservationFrom)),
        local!repeatTypes: #&quot;_a-0000dd72-ed8d-8000-9ba2-011c48011c48_24611&quot;(weekdayId: local!weekdayId),

        {
          if(
            ri!readOnly,
            {},
            #&quot;_a-0000dd17-9077-8000-9ba2-011c48011c48_10649&quot;(
              choiceLabel: &quot;Repeat&quot;,
              value: ri!reservation.repeat,
              saveInto: {
                ri!reservation.repeat,
                a!save(
                  {
                    ri!reservation.repeatType,
                    ri!reservation.repeatEvery,
                    ri!reservation.repeatEnds,
                    ri!reservation.afterOccurrences,
                    ri!reservation.onDate,
                    ri!reservation.repeatOn,
                    ri!reservation.repeatBy,
                    ri!repeatReservations
                  },
                  null
                )
              }
            )
          ),
          if(
            ri!reservation.repeat,
            if(
              day(
                local(ri!reservation.reservationFrom)
              ) = day(
                local(ri!reservation.reservationTo)
              ),
              #&quot;_a-0000dd0d-462c-8000-9ba2-011c48011c48_3685&quot;(
                label: &quot;Repeats&quot;,
                required: true,
                readOnly: ri!readOnly,
                choiceLabels: #&quot;_a-0000dd3a-bcbf-8000-9ba2-011c48011c48_14395&quot;[local!repeatTypes],
                choiceValues: #&quot;_a-0000dd3a-bcbf-8000-9ba2-011c48011c48_14394&quot;[local!repeatTypes],
                value: ri!reservation.repeatType,
                saveInto: {
                  ri!reservation.repeatType,
                  a!save(
                    {
                      ri!reservation.repeatEvery,
                      ri!reservation.repeatEnds,
                      ri!reservation.afterOccurrences,
                      ri!reservation.onDate,
                      ri!reservation.repeatOn,
                      ri!reservation.repeatBy,
                      ri!repeatReservations
                    },
                    null
                  )
                }
              ),
              #&quot;SYSTEM_SYSRULES_richTextDisplayField&quot;(
                labelPosition: &quot;COLLAPSED&quot;,
                value: #&quot;SYSTEM_SYSRULES_richTextItem&quot;(
                  text: &quot;Only reservations that occur in the same day can be repeated&quot;,
                  style: &quot;EMPHASIS&quot;
                )
              )
            ),
            {}
          ),
          if(
            isnull(
              ri!reservation.repeatType
            ),
            {},
            choose(
              ri!reservation.repeatType,
              /* Daily */
              {
                #&quot;5fc2a624-999f-4e9b-9aaf-b598888142c0&quot;(
                  readOnly: ri!readOnly,
                  reservation: ri!reservation
                ),
                local!startsOn,
                if(
                  any(
                    fn!isnull,
                    {
                      ri!reservation.repeatEvery,
                      ri!reservation.repeatType
                    }
                  ),
                  {},
                  #&quot;8c36105e-4176-41d6-9c63-85d6cbd091f5&quot;(
                    readOnly: ri!readOnly,
                    reservation: ri!reservation,
                    repeatReservations: ri!repeatReservations
                  )
                )
              },
              /* Every weekday */
              {
                local!startsOn,
                #&quot;8c36105e-4176-41d6-9c63-85d6cbd091f5&quot;(
                  readOnly: ri!readOnly,
                  reservation: ri!reservation,
                  repeatReservations: ri!repeatReservations
                )
              },
              /* Every MWF */
              {
                local!startsOn,
                #&quot;8c36105e-4176-41d6-9c63-85d6cbd091f5&quot;(
                  readOnly: ri!readOnly,
                  reservation: ri!reservation,
                  repeatReservations: ri!repeatReservations
                )
              },
              /* Every TTh */
              {
                local!startsOn,
                #&quot;8c36105e-4176-41d6-9c63-85d6cbd091f5&quot;(
                  readOnly: ri!readOnly,
                  reservation: ri!reservation,
                  repeatReservations: ri!repeatReservations
                )
              },
              /* Weekly */
              {
                #&quot;c88ead0f-3f50-47c5-b8ef-91d225170841&quot;(
                  readOnly: ri!readOnly,
                  reservation: ri!reservation,
                  weekdays: difference(1+enumerate(7), {local!weekdayId})
                ),
                #&quot;5fc2a624-999f-4e9b-9aaf-b598888142c0&quot;(
                  readOnly: ri!readOnly,
                  reservation: ri!reservation
                ),
                local!startsOn,
                if(
                  any(
                    fn!isnull,
                    {
                      ri!reservation.repeatEvery,
                      ri!reservation.repeatType
                    }
                  ),
                  {},
                  #&quot;8c36105e-4176-41d6-9c63-85d6cbd091f5&quot;(
                    readOnly: ri!readOnly,
                    reservation: ri!reservation,
                    repeatReservations: ri!repeatReservations
                  )
                )
              },
              /* Monthly */
              {
                #&quot;5fc2a624-999f-4e9b-9aaf-b598888142c0&quot;(
                  readOnly: ri!readOnly,
                  reservation: ri!reservation
                ),
                #&quot;56fc3369-959b-4c15-89c5-f6a5d5c1cec3&quot;(
                  readOnly: ri!readOnly,
                  reservation: ri!reservation
                ),
                local!startsOn,
                if(
                  any(
                    fn!isnull,
                    {
                      ri!reservation.repeatBy,
                      ri!reservation.repeatEvery
                    }
                  ),
                  {},
                  #&quot;8c36105e-4176-41d6-9c63-85d6cbd091f5&quot;(
                    readOnly: ri!readOnly,
                    reservation: ri!reservation,
                    repeatReservations: ri!repeatReservations
                  )
                )
              },
              /* Yearly */
              {
                #&quot;5fc2a624-999f-4e9b-9aaf-b598888142c0&quot;(
                  readOnly: ri!readOnly,
                  reservation: ri!reservation
                ),
                local!startsOn,
                if(
                  any(
                    fn!isnull,
                    {
                      ri!reservation.repeatEvery,
                      ri!reservation.repeatType
                    }
                  ),
                  {},
                  #&quot;8c36105e-4176-41d6-9c63-85d6cbd091f5&quot;(
                    readOnly: ri!readOnly,
                    reservation: ri!reservation,
                    repeatReservations: ri!repeatReservations
                  )
                )
              }
            )
          )
        }
      )
    )
  }
)</definition>
        <namedTypedValue>
            <name>readOnly</name>
            <type>
                <name>boolean</name>
                <namespace>http://www.w3.org/2001/XMLSchema</namespace>
            </type>
        </namedTypedValue>
        <namedTypedValue>
            <name>space</name>
            <type>
                <name>HR_V_Space_Record</name>
                <namespace>urn:com:appian:types:HR</namespace>
            </type>
        </namedTypedValue>
        <namedTypedValue>
            <name>reservation</name>
            <type>
                <name>HR_Reservation</name>
                <namespace>urn:com:appian:types:HR</namespace>
            </type>
        </namedTypedValue>
        <namedTypedValue>
            <name>repeatReservations</name>
            <type>
                <name>HR_Reservation?list</name>
                <namespace>urn:com:appian:types:HR</namespace>
            </type>
        </namedTypedValue>
        <namedTypedValue>
            <name>isEdit</name>
            <type>
                <name>boolean</name>
                <namespace>http://www.w3.org/2001/XMLSchema</namespace>
            </type>
        </namedTypedValue>
        <preferredEditor>interface</preferredEditor>
        <offlineEnabled>false</offlineEnabled>
    </rule>
    <roleMap public="true">
        <role allowForAll="true" inherit="false" name="readers">
            <users/>
            <groups/>
        </role>
        <role allowForAll="true" inherit="false" name="authors">
            <users/>
            <groups/>
        </role>
        <role allowForAll="false" inherit="false" name="administrators">
            <users/>
            <groups>
                <groupUuid>_e-0000dd0a-93c8-8000-9aee-01075c01075c_12</groupUuid>
            </groups>
        </role>
        <role allowForAll="false" inherit="false" name="denyReaders">
            <users/>
            <groups/>
        </role>
        <role allowForAll="false" inherit="false" name="denyAuthors">
            <users/>
            <groups/>
        </role>
        <role allowForAll="false" inherit="false" name="denyAdministrators">
            <users/>
            <groups/>
        </role>
    </roleMap>
    <typedValue>
        <type>
            <name>RuleTestConfig?list</name>
            <namespace>http://www.appian.com/ae/types/2009</namespace>
        </type>
        <value>
            <el>
                <a:name/>
                <a:ruleInputTestConfigs>
                    <a:value xmlns:xsd="http://www.w3.org/2001/XMLSchema" xmlns:xsi="http://www.w3.org/2001/XMLSchema-instance" xsi:type="xsd:boolean">true</a:value>
                    <a:nameRef>readOnly</a:nameRef>
                    <a:id/>
                </a:ruleInputTestConfigs>
                <a:ruleInputTestConfigs>
                    <a:value xmlns:n1="urn:com:appian:types:HR" xmlns:xsi="http://www.w3.org/2001/XMLSchema-instance" xsi:nil="true" xsi:type="n1:HR_V_Space_Record"/>
                    <a:nameRef>space</a:nameRef>
                    <a:id/>
                </a:ruleInputTestConfigs>
                <a:ruleInputTestConfigs>
                    <a:value xmlns:xsi="http://www.w3.org/2001/XMLSchema-instance" xsi:type="a:Expression">'type!{urn:com:appian:types:HR}HR_Reservation'(reservationUserId:7)</a:value>
                    <a:nameRef>reservation</a:nameRef>
                    <a:id/>
                </a:ruleInputTestConfigs>
                <a:ruleInputTestConfigs>
                    <a:nameRef>repeatReservations</a:nameRef>
                    <a:id/>
                </a:ruleInputTestConfigs>
                <a:ruleInputTestConfigs>
                    <a:value xmlns:xsd="http://www.w3.org/2001/XMLSchema" xmlns:xsi="http://www.w3.org/2001/XMLSchema-instance" xsi:nil="true" xsi:type="xsd:boolean"/>
                    <a:nameRef>isEdit</a:nameRef>
                    <a:id/>
                </a:ruleInputTestConfigs>
                <a:assertions xmlns:xsi="http://www.w3.org/2001/XMLSchema-instance" xsi:nil="true"/>
            </el>
        </value>
    </typedValue>
</contentHaul>
