<?xml version="1.0" encoding="UTF-8" standalone="yes"?>
<contentHaul xmlns:a="http://www.appian.com/ae/types/2009">
    <rule>
        <name>HR_SCT_Onboarding_itEquipment</name>
        <uuid>_a-0000dd8b-d239-8000-9ba2-011c48011c48_29959</uuid>
        <description></description>
        <parentUuid>_a-0000dd0d-462c-8000-9ba2-011c48011c48_3551</parentUuid>
        <visibility>
            <advertise>false</advertise>
            <hierarchy>true</hierarchy>
            <indexable>true</indexable>
            <quota>false</quota>
            <searchable>true</searchable>
            <system>false</system>
            <unlogged>false</unlogged>
        </visibility>
        <definition>load(
  local!refData: #&quot;3af0f2e5-5c7f-4f1b-b92a-7b2b087a2287&quot;(
    columns: {&quot;id&quot;, &quot;label&quot;},
    id: ri!itEquipmentTypes
  ).data,
  local!changedRefDataIndex,
  {
    #&quot;SYSTEM_SYSRULES_sectionLayout&quot;(
      firstColumnContents: {
        #&quot;_a-0000dd0d-462c-8000-9ba2-011c48011c48_5920&quot;(
          label: ri!checkboxLabel,
          choiceLabels: local!refData.label,
          choiceValues: local!refData,
          value: ri!selectedRefData,
          saveInto: {
            ri!selectedRefData,
            a!save(
              local!changedRefDataIndex,
              if(or(#&quot;2168a5de-fb70-4d66-8b97-b547e3ac6e57&quot;(ri!oldSelectedRefData), #&quot;2168a5de-fb70-4d66-8b97-b547e3ac6e57&quot;(ri!selectedRefData)),
                1,
                wherecontains(
                  symmetricdifference(ri!oldSelectedRefData, ri!selectedRefData),
                  local!refData
                )
              )
            ),
            if(length({ri!oldSelectedRefData}) &lt; length({ri!selectedRefData}),
              {
                a!save(
                  ri!itEquipmentPerson,
                  insert(
                    ri!itEquipmentPerson,
                    'type!{urn:com:appian:types:HR}HR_ItEquipmentPerson'(userId: ri!hrUserId),
                    local!changedRefDataIndex
                  )
                ),
                a!save(
                  ri!arrayVariable,
                  insert(
                    ri!arrayVariable,
                    'type!{urn:com:appian:types:HR}HR_ItEquipmentPerson'(userId: ri!hrUserId),
                    local!changedRefDataIndex
                  )
                )
              },
              {
                a!save(
                  ri!itEquipmentPerson,
                  remove(
                    ri!itEquipmentPerson,
                    local!changedRefDataIndex
                  )
                ),
                a!save(
                  ri!arrayVariable,
                  remove(
                    ri!arrayVariable,
                    local!changedRefDataIndex
                  )
                )
              }
            ),
            ri!oldSelectedRefData
          }
        )
      }
    ),
    if(#&quot;2168a5de-fb70-4d66-8b97-b547e3ac6e57&quot;(ri!selectedRefData),
      {},
      #&quot;SYSTEM_SYSRULES_applyComponents&quot;(
        function: #&quot;_a-0000dd8b-d239-8000-9ba2-011c48011c48_29978&quot;(
          refData: ri!selectedRefData,
          itEquipmentPerson: ri!itEquipmentPerson,
          index: _
        ),
        array: enumerate(length(ri!selectedRefData)) + 1,
        arrayVariable: ri!arrayVariable
      )
    )
  }
)</definition>
        <namedTypedValue>
            <name>checkboxLabel</name>
            <type>
                <name>string</name>
                <namespace>http://www.w3.org/2001/XMLSchema</namespace>
            </type>
            <value/>
        </namedTypedValue>
        <namedTypedValue>
            <name>itEquipmentTypes</name>
            <type>
                <name>Integer?list</name>
                <namespace>http://www.appian.com/ae/types/2009</namespace>
            </type>
        </namedTypedValue>
        <namedTypedValue>
            <name>itEquipmentPerson</name>
            <type>
                <name>HR_ItEquipmentPerson?list</name>
                <namespace>urn:com:appian:types:HR</namespace>
            </type>
        </namedTypedValue>
        <namedTypedValue>
            <name>hrUserId</name>
            <type>
                <name>int</name>
                <namespace>http://www.w3.org/2001/XMLSchema</namespace>
            </type>
        </namedTypedValue>
        <namedTypedValue>
            <name>selectedRefData</name>
            <type>
                <name>Variant</name>
                <namespace>http://www.appian.com/ae/types/2009</namespace>
            </type>
        </namedTypedValue>
        <namedTypedValue>
            <name>arrayVariable</name>
            <type>
                <name>Variant</name>
                <namespace>http://www.appian.com/ae/types/2009</namespace>
            </type>
        </namedTypedValue>
        <namedTypedValue>
            <name>oldSelectedRefData</name>
            <type>
                <name>Variant</name>
                <namespace>http://www.appian.com/ae/types/2009</namespace>
            </type>
        </namedTypedValue>
        <preferredEditor>interface</preferredEditor>
        <offlineEnabled>false</offlineEnabled>
    </rule>
    <roleMap public="true">
        <role allowForAll="false" inherit="true" name="readers">
            <users/>
            <groups/>
        </role>
        <role allowForAll="false" inherit="true" name="authors">
            <users/>
            <groups/>
        </role>
        <role allowForAll="false" inherit="true" name="administrators">
            <users/>
            <groups/>
        </role>
        <role allowForAll="false" inherit="false" name="denyReaders">
            <users/>
            <groups/>
        </role>
        <role allowForAll="false" inherit="false" name="denyAuthors">
            <users/>
            <groups/>
        </role>
        <role allowForAll="false" inherit="false" name="denyAdministrators">
            <users/>
            <groups/>
        </role>
    </roleMap>
    <typedValue>
        <type>
            <name>RuleTestConfig?list</name>
            <namespace>http://www.appian.com/ae/types/2009</namespace>
        </type>
        <value>
            <el>
                <a:name/>
                <a:ruleInputTestConfigs>
                    <a:value xmlns:xsd="http://www.w3.org/2001/XMLSchema" xmlns:xsi="http://www.w3.org/2001/XMLSchema-instance" xsi:type="xsd:string"/>
                    <a:nameRef>checkboxLabel</a:nameRef>
                    <a:id/>
                </a:ruleInputTestConfigs>
                <a:ruleInputTestConfigs>
                    <a:nameRef>itEquipmentTypes</a:nameRef>
                    <a:id/>
                </a:ruleInputTestConfigs>
                <a:ruleInputTestConfigs>
                    <a:nameRef>itEquipmentPerson</a:nameRef>
                    <a:id/>
                </a:ruleInputTestConfigs>
                <a:ruleInputTestConfigs>
                    <a:value xmlns:xsd="http://www.w3.org/2001/XMLSchema" xmlns:xsi="http://www.w3.org/2001/XMLSchema-instance" xsi:nil="true" xsi:type="xsd:int"/>
                    <a:nameRef>hrUserId</a:nameRef>
                    <a:id/>
                </a:ruleInputTestConfigs>
                <a:ruleInputTestConfigs>
                    <a:value xmlns:xsd="http://www.w3.org/2001/XMLSchema" xmlns:xsi="http://www.w3.org/2001/XMLSchema-instance" xsi:type="xsd:string"/>
                    <a:nameRef>selectedRefData</a:nameRef>
                    <a:id/>
                </a:ruleInputTestConfigs>
                <a:ruleInputTestConfigs>
                    <a:value xmlns:xsd="http://www.w3.org/2001/XMLSchema" xmlns:xsi="http://www.w3.org/2001/XMLSchema-instance" xsi:type="xsd:string"/>
                    <a:nameRef>arrayVariable</a:nameRef>
                    <a:id/>
                </a:ruleInputTestConfigs>
                <a:ruleInputTestConfigs>
                    <a:value xmlns:xsd="http://www.w3.org/2001/XMLSchema" xmlns:xsi="http://www.w3.org/2001/XMLSchema-instance" xsi:type="xsd:string"/>
                    <a:nameRef>oldSelectedRefData</a:nameRef>
                    <a:id/>
                </a:ruleInputTestConfigs>
                <a:assertions xmlns:xsi="http://www.w3.org/2001/XMLSchema-instance" xsi:nil="true"/>
            </el>
        </value>
    </typedValue>
</contentHaul>
