<?xml version="1.0" encoding="UTF-8" standalone="yes"?>
<contentHaul xmlns:a="http://www.appian.com/ae/types/2009">
    <rule>
        <name>HR_RULE_General_getClosestDayInMonth</name>
        <uuid>_a-0000dd72-ed8d-8000-9ba2-011c48011c48_24282</uuid>
        <description>Will get the closest day in the provided month to the provided date</description>
        <parentUuid>_a-0000dd0d-462c-8000-9ba2-011c48011c48_3790</parentUuid>
        <visibility>
            <advertise>false</advertise>
            <hierarchy>true</hierarchy>
            <indexable>true</indexable>
            <quota>false</quota>
            <searchable>true</searchable>
            <system>false</system>
            <unlogged>false</unlogged>
        </visibility>
        <definition>with(
  local!january: 31,
  local!march: 31,
  local!april: 30,
  local!may: 31,
  local!june: 30,
  local!july: 31,
  local!august: 31,
  local!september: 30,
  local!october: 31,
  local!november: 30,
  local!december: 31,
  local!february: if(isnull(ri!year), 28, 28+isleapyear(ri!year)),
  choose(ri!monthNum,
    min(local!january, ri!day),
    min(local!february, ri!day),
    min(local!march, ri!day),
    min(local!april, ri!day),
    min(local!may, ri!day),
    min(local!june, ri!day),
    min(local!july, ri!day),
    min(local!august, ri!day),
    min(local!september, ri!day),
    min(local!october, ri!day),
    min(local!november, ri!day),
    min(local!december, ri!day)
  )
)</definition>
        <namedTypedValue>
            <name>monthNum</name>
            <type>
                <name>int</name>
                <namespace>http://www.w3.org/2001/XMLSchema</namespace>
            </type>
        </namedTypedValue>
        <namedTypedValue>
            <name>day</name>
            <type>
                <name>int</name>
                <namespace>http://www.w3.org/2001/XMLSchema</namespace>
            </type>
        </namedTypedValue>
        <namedTypedValue>
            <name>year</name>
            <type>
                <name>int</name>
                <namespace>http://www.w3.org/2001/XMLSchema</namespace>
            </type>
        </namedTypedValue>
        <preferredEditor>legacy</preferredEditor>
        <offlineEnabled>false</offlineEnabled>
    </rule>
    <roleMap public="true">
        <role allowForAll="false" inherit="true" name="readers">
            <users/>
            <groups/>
        </role>
        <role allowForAll="false" inherit="true" name="authors">
            <users/>
            <groups/>
        </role>
        <role allowForAll="false" inherit="true" name="administrators">
            <users/>
            <groups/>
        </role>
        <role allowForAll="false" inherit="false" name="denyReaders">
            <users/>
            <groups/>
        </role>
        <role allowForAll="false" inherit="false" name="denyAuthors">
            <users/>
            <groups/>
        </role>
        <role allowForAll="false" inherit="false" name="denyAdministrators">
            <users/>
            <groups/>
        </role>
    </roleMap>
</contentHaul>
