<?xml version="1.0" encoding="UTF-8" standalone="yes"?>
<contentHaul xmlns:a="http://www.appian.com/ae/types/2009">
    <rule>
        <name>HR_SCT_ItEquipment_filters</name>
        <uuid>_a-0000dd8b-d239-8000-9ba2-011c48011c48_29354</uuid>
        <description></description>
        <parentUuid>_a-0000dd0d-462c-8000-9ba2-011c48011c48_3551</parentUuid>
        <visibility>
            <advertise>false</advertise>
            <hierarchy>true</hierarchy>
            <indexable>true</indexable>
            <quota>false</quota>
            <searchable>true</searchable>
            <system>false</system>
            <unlogged>false</unlogged>
        </visibility>
        <definition>load(&#xD;
  local!equipmentTypes: #&quot;3af0f2e5-5c7f-4f1b-b92a-7b2b087a2287&quot;(&#xD;
    columns: {&#xD;
      &quot;id&quot;,&#xD;
      &quot;label&quot;&#xD;
    },&#xD;
    type: #&quot;_a-0000dd0d-462c-8000-9ba2-011c48011c48_5291&quot;,&#xD;
    isActive: true&#xD;
  ).data,&#xD;
  local!userDepartment: #&quot;3af0f2e5-5c7f-4f1b-b92a-7b2b087a2287&quot;(&#xD;
    columns: {&#xD;
      &quot;id&quot;,&#xD;
      &quot;label&quot;&#xD;
    },&#xD;
    type: &quot;IT_USER_DEPARTMENT&quot;,&#xD;
    isActive: true&#xD;
  ).data,      &#xD;
#&quot;SYSTEM_SYSRULES_sectionLayout&quot;(&#xD;
        label: &quot;Filters&quot;,&#xD;
        firstColumnContents: {&#xD;
          #&quot;_a-0000dd0d-462c-8000-9ba2-011c48011c48_3690&quot;(&#xD;
            label: &quot;Serial Number&quot;,&#xD;
            readOnly: false,&#xD;
            value: ri!temp_searchRequest.serialNumber,&#xD;
            saveInto:  ri!temp_searchRequest.serialNumber&#xD;
          ),&#xD;
          #&quot;_a-0000dd0d-462c-8000-9ba2-011c48011c48_3685&quot;(&#xD;
            label: &quot;Type&quot;,&#xD;
            readOnly: false,&#xD;
            choiceLabels: index(&#xD;
              local!equipmentTypes,&#xD;
              &quot;label&quot;,&#xD;
              {}&#xD;
            ),&#xD;
            choiceValues: index(&#xD;
              local!equipmentTypes,&#xD;
              &quot;id&quot;,&#xD;
              {}&#xD;
            ),&#xD;
            value: ri!temp_searchRequest.itEquipmentTypeId,&#xD;
            saveInto: ri!temp_searchRequest.itEquipmentTypeId&#xD;
          ),&#xD;
          #&quot;_a-0000dd0d-462c-8000-9ba2-011c48011c48_3685&quot;(&#xD;
            label: &quot;Make&quot;,&#xD;
            readOnly: false,&#xD;
            choiceLabels: #&quot;_a-0000dd8b-d239-8000-9ba2-011c48011c48_29132&quot;(),&#xD;
            choiceValues: #&quot;_a-0000dd8b-d239-8000-9ba2-011c48011c48_29132&quot;(),&#xD;
            value: ri!temp_searchRequest.make,&#xD;
            saveInto: ri!temp_searchRequest.make&#xD;
          ),&#xD;
          #&quot;_a-0000dd0d-462c-8000-9ba2-011c48011c48_3685&quot;(&#xD;
            label: &quot;Acquisition Type&quot;,&#xD;
            readOnly: false,&#xD;
            choiceLabels: #&quot;_a-0000dd8b-d239-8000-9ba2-011c48011c48_28740&quot;,&#xD;
            choiceValues: #&quot;_a-0000dd8b-d239-8000-9ba2-011c48011c48_28740&quot;,&#xD;
            value: ri!temp_searchRequest.purchaseType,&#xD;
            saveInto: ri!temp_searchRequest.purchaseType&#xD;
          )&#xD;
        },&#xD;
        secondColumnContents: {&#xD;
          #&quot;_a-0000dd0d-462c-8000-9ba2-011c48011c48_3685&quot;(&#xD;
            label: &quot;Status&quot;,&#xD;
            readOnly: false,&#xD;
            choiceLabels: #&quot;_a-0000dd8b-d239-8000-9ba2-011c48011c48_28485&quot;,&#xD;
            choiceValues: #&quot;_a-0000dd8b-d239-8000-9ba2-011c48011c48_28485&quot;,&#xD;
            value: ri!temp_searchRequest.status,&#xD;
            saveInto: ri!temp_searchRequest.status&#xD;
          ),&#xD;
          #&quot;_a-0000dd0d-462c-8000-9ba2-011c48011c48_7226&quot;(&#xD;
            label: &quot;Assigned User&quot;,&#xD;
            readOnly: false,&#xD;
            value: ri!temp_searchRequest.userId,&#xD;
            saveInto: ri!temp_searchRequest.userId&#xD;
          ),&#xD;
          #&quot;_a-0000dd0d-462c-8000-9ba2-011c48011c48_3685&quot;(&#xD;
            label: &quot;Department&quot;,&#xD;
            readOnly: false,&#xD;
            choiceLabels: index(local!userDepartment, &quot;label&quot;, {}),&#xD;
            choiceValues: index(local!userDepartment, &quot;label&quot;, {}),&#xD;
            value: ri!temp_searchRequest.userDepartment,&#xD;
            saveInto: ri!temp_searchRequest.userDepartment&#xD;
          ),&#xD;
          #&quot;_a-0000dd0d-462c-8000-9ba2-011c48011c48_3687&quot;(&#xD;
            label: &quot;&quot;,&#xD;
            readOnly: true&#xD;
          ),&#xD;
          #&quot;_a-0000dd0d-462c-8000-9ba2-011c48011c48_5659&quot;(&#xD;
        resetSaveInto: {&#xD;
          a!save(&#xD;
            ri!pagingInfo.startIndex,&#xD;
            1&#xD;
          ),&#xD;
          a!save(&#xD;
            ri!temp_searchRequest, ri!blank_searchRequest&#xD;
          ),&#xD;
          a!save(&#xD;
            ri!searchRequest, ri!blank_searchRequest&#xD;
          ),&#xD;
          a!save(&#xD;
            ri!dataSubset,&#xD;
            #&quot;_a-0000dd8b-d239-8000-9ba2-011c48011c48_29226&quot;(&#xD;
              searchRequest: ri!searchRequest,&#xD;
              pagingInfo: ri!pagingInfo&#xD;
            )&#xD;
          )&#xD;
        },&#xD;
        searchSaveInto: {&#xD;
          a!save(&#xD;
            ri!pagingInfo.startIndex,&#xD;
            1&#xD;
          ),&#xD;
          a!save(&#xD;
            ri!searchRequest, ri!temp_searchRequest&#xD;
          ),&#xD;
          a!save(&#xD;
            ri!dataSubset,&#xD;
            #&quot;_a-0000dd8b-d239-8000-9ba2-011c48011c48_29226&quot;(&#xD;
              searchRequest: ri!searchRequest,&#xD;
              pagingInfo: ri!pagingInfo&#xD;
            )&#xD;
          )&#xD;
        }&#xD;
      )&#xD;
        },&#xD;
        isCollapsible: true,&#xD;
        isInitiallyCollapsed: true&#xD;
      )&#xD;
      )</definition>
        <namedTypedValue>
            <name>temp_searchRequest</name>
            <type>
                <name>HR_ItEquipment_SearchRequest</name>
                <namespace>urn:com:appian:types:HR</namespace>
            </type>
        </namedTypedValue>
        <namedTypedValue>
            <name>searchRequest</name>
            <type>
                <name>HR_ItEquipment_SearchRequest</name>
                <namespace>urn:com:appian:types:HR</namespace>
            </type>
        </namedTypedValue>
        <namedTypedValue>
            <name>dataSubset</name>
            <type>
                <name>DataSubset</name>
                <namespace>http://www.appian.com/ae/types/2009</namespace>
            </type>
        </namedTypedValue>
        <namedTypedValue>
            <name>pagingInfo</name>
            <type>
                <name>PagingInfo</name>
                <namespace>http://www.appian.com/ae/types/2009</namespace>
            </type>
        </namedTypedValue>
        <namedTypedValue>
            <name>blank_searchRequest</name>
            <type>
                <name>HR_ItEquipment_SearchRequest</name>
                <namespace>urn:com:appian:types:HR</namespace>
            </type>
        </namedTypedValue>
        <preferredEditor>interface</preferredEditor>
        <offlineEnabled>false</offlineEnabled>
    </rule>
    <roleMap public="true">
        <role allowForAll="false" inherit="true" name="readers">
            <users/>
            <groups/>
        </role>
        <role allowForAll="false" inherit="true" name="authors">
            <users/>
            <groups/>
        </role>
        <role allowForAll="false" inherit="true" name="administrators">
            <users/>
            <groups/>
        </role>
        <role allowForAll="false" inherit="false" name="denyReaders">
            <users/>
            <groups/>
        </role>
        <role allowForAll="false" inherit="false" name="denyAuthors">
            <users/>
            <groups/>
        </role>
        <role allowForAll="false" inherit="false" name="denyAdministrators">
            <users/>
            <groups/>
        </role>
    </roleMap>
</contentHaul>
