<?xml version="1.0" encoding="UTF-8" standalone="yes"?>
<contentHaul xmlns:a="http://www.appian.com/ae/types/2009">
    <rule>
        <name>HR_RULE_Hoteling_repeatEveryWeekday</name>
        <uuid>_a-0000dd72-ed8d-8000-9ba2-011c48011c48_24689</uuid>
        <description>Rule to repeat every weekday</description>
        <parentUuid>_a-0000dd0d-462c-8000-9ba2-011c48011c48_3790</parentUuid>
        <visibility>
            <advertise>false</advertise>
            <hierarchy>true</hierarchy>
            <indexable>true</indexable>
            <quota>false</quota>
            <searchable>true</searchable>
            <system>false</system>
            <unlogged>false</unlogged>
        </visibility>
        <definition>append(
  ri!dateTimes,
  with(
    local!nextReservation: ri!dateTimes[length(ri!dateTimes)]+if(
      weekday(local(ri!dateTimes[length(ri!dateTimes)]))=#&quot;_a-0000dd72-ed8d-8000-9ba2-011c48011c48_24594&quot;[6], 
      3, 
      1),
    if(or(isnull(ri!onDate), todate(local(local!nextReservation))&lt;=ri!onDate), local!nextReservation, {})
  )
)</definition>
        <namedTypedValue>
            <name>dateTimes</name>
            <type>
                <name>Datetime?list</name>
                <namespace>http://www.appian.com/ae/types/2009</namespace>
            </type>
        </namedTypedValue>
        <namedTypedValue>
            <name>iteration</name>
            <type>
                <name>int</name>
                <namespace>http://www.w3.org/2001/XMLSchema</namespace>
            </type>
        </namedTypedValue>
        <namedTypedValue>
            <name>onDate</name>
            <type>
                <name>date</name>
                <namespace>http://www.w3.org/2001/XMLSchema</namespace>
            </type>
        </namedTypedValue>
        <preferredEditor>legacy</preferredEditor>
        <offlineEnabled>false</offlineEnabled>
    </rule>
    <roleMap public="true">
        <role allowForAll="false" inherit="true" name="readers">
            <users/>
            <groups/>
        </role>
        <role allowForAll="false" inherit="true" name="authors">
            <users/>
            <groups/>
        </role>
        <role allowForAll="false" inherit="true" name="administrators">
            <users/>
            <groups/>
        </role>
        <role allowForAll="false" inherit="false" name="denyReaders">
            <users/>
            <groups/>
        </role>
        <role allowForAll="false" inherit="false" name="denyAuthors">
            <users/>
            <groups/>
        </role>
        <role allowForAll="false" inherit="false" name="denyAdministrators">
            <users/>
            <groups/>
        </role>
    </roleMap>
</contentHaul>
