<?xml version="1.0" encoding="UTF-8" standalone="yes"?>
<contentHaul xmlns:a="http://www.appian.com/ae/types/2009">
    <rule>
        <name>HR_SCT_ItEquipmentAcquisitionInformation</name>
        <uuid>_a-0000dd8b-d239-8000-9ba2-011c48011c48_28721</uuid>
        <description></description>
        <parentUuid>_a-0000dd0d-462c-8000-9ba2-011c48011c48_3551</parentUuid>
        <visibility>
            <advertise>false</advertise>
            <hierarchy>true</hierarchy>
            <indexable>true</indexable>
            <quota>false</quota>
            <searchable>true</searchable>
            <system>false</system>
            <unlogged>false</unlogged>
        </visibility>
        <definition>#&quot;SYSTEM_SYSRULES_sectionLayout&quot;(&#xD;
    label: &quot;Acquisition Information&quot;,&#xD;
    firstColumnContents: {&#xD;
      #&quot;fa8d3278-99cb-48cb-b4c8-5602158660a9&quot;(&#xD;
        label: &quot;Date Acquired&quot;,&#xD;
        readOnly: ri!readOnly,&#xD;
        value: if(#&quot;2168a5de-fb70-4d66-8b97-b547e3ac6e57&quot;(ri!itEquipment.purchaseDate), today(),ri!itEquipment.purchaseDate),&#xD;
        saveInto: ri!itEquipment.purchaseDate,&#xD;
        validations: if(ri!itEquipment.purchaseDate&gt;today(), &quot;Please enter a past or present date&quot;,&quot;&quot;)&#xD;
      ),&#xD;
      #&quot;_a-0000dd0d-462c-8000-9ba2-011c48011c48_3692&quot;(&#xD;
        label: &quot;Acquisition Type&quot;,&#xD;
        required: true,&#xD;
        readOnly: ri!readOnly,&#xD;
        choiceLabels: #&quot;_a-0000dd8b-d239-8000-9ba2-011c48011c48_28740&quot;,&#xD;
        choiceValues: #&quot;_a-0000dd8b-d239-8000-9ba2-011c48011c48_28740&quot;,&#xD;
        value: ri!itEquipment.purchaseType,&#xD;
        saveInto: {ri!itEquipment.purchaseType, a!save(ri!itEquipment.isLeased, if(ri!itEquipment.purchaseType=&quot;Leased&quot;, true, null)),&#xD;
        a!save({ri!itEquipment.leaseNumber,ri!itEquipment.leaseFromDate, ri!itEquipment.leaseToDate,ri!itEquipment.expenseNumber}, null)&#xD;
        }&#xD;
      )&#xD;
    },&#xD;
    secondColumnContents: {&#xD;
      #&quot;_a-0000dd0d-462c-8000-9ba2-011c48011c48_3690&quot;(&#xD;
        label: &quot;Order Number&quot;,&#xD;
        readOnly: ri!readOnly,&#xD;
        value: ri!itEquipment.orderNumber,&#xD;
        saveInto: ri!itEquipment.orderNumber&#xD;
      ),&#xD;
      if(&#xD;
        ri!itEquipment.isLeased,&#xD;
        {#&quot;_a-0000dd0d-462c-8000-9ba2-011c48011c48_3690&quot;(&#xD;
        label: &quot;Lease Number&quot;,&#xD;
        readOnly: ri!readOnly,&#xD;
        value: ri!itEquipment.leaseNumber,&#xD;
        saveInto: ri!itEquipment.leaseNumber&#xD;
      ),&#xD;
          #&quot;fa8d3278-99cb-48cb-b4c8-5602158660a9&quot;(&#xD;
            label: &quot;Lease Begin Date&quot;,&#xD;
            readOnly: ri!readOnly,&#xD;
            value: ri!itEquipment.leaseFromDate,&#xD;
            saveInto: ri!itEquipment.leaseFromDate&#xD;
          ),&#xD;
          #&quot;fa8d3278-99cb-48cb-b4c8-5602158660a9&quot;(&#xD;
            label: &quot;Lease End Date&quot;,&#xD;
            readOnly: ri!readOnly,&#xD;
            value: ri!itEquipment.leaseToDate,&#xD;
            saveInto: ri!itEquipment.leaseToDate,&#xD;
            validations: if(ri!itEquipment.leaseToDate&lt;ri!itEquipment.leaseFromDate, &quot;Lease end cannot be before lease start.&quot;, &quot;&quot;)&#xD;
          )&#xD;
        },&#xD;
        {if(ri!itEquipment.purchaseType = &quot;Expensed&quot;, &#xD;
        #&quot;_a-0000dd0d-462c-8000-9ba2-011c48011c48_3690&quot;(&#xD;
        label: &quot;Expense Number&quot;,&#xD;
        readOnly: ri!readOnly,&#xD;
        value: ri!itEquipment.expenseNumber,&#xD;
        saveInto: ri!itEquipment.expenseNumber&#xD;
      ),{})&#xD;
          &#xD;
        }&#xD;
      ),&#xD;
      &#xD;
    },&#xD;
     isCollapsible: ri!readOnly&#xD;
    )</definition>
        <namedTypedValue>
            <name>readOnly</name>
            <type>
                <name>boolean</name>
                <namespace>http://www.w3.org/2001/XMLSchema</namespace>
            </type>
        </namedTypedValue>
        <namedTypedValue>
            <name>itEquipment</name>
            <type>
                <name>HR_ItEquipment</name>
                <namespace>urn:com:appian:types:HR</namespace>
            </type>
        </namedTypedValue>
        <preferredEditor>interface</preferredEditor>
        <offlineEnabled>false</offlineEnabled>
    </rule>
    <roleMap public="true">
        <role allowForAll="false" inherit="true" name="readers">
            <users/>
            <groups/>
        </role>
        <role allowForAll="false" inherit="true" name="authors">
            <users/>
            <groups/>
        </role>
        <role allowForAll="false" inherit="true" name="administrators">
            <users/>
            <groups/>
        </role>
        <role allowForAll="false" inherit="false" name="denyReaders">
            <users/>
            <groups/>
        </role>
        <role allowForAll="false" inherit="false" name="denyAuthors">
            <users/>
            <groups/>
        </role>
        <role allowForAll="false" inherit="false" name="denyAdministrators">
            <users/>
            <groups/>
        </role>
    </roleMap>
</contentHaul>
