<?xml version="1.0" encoding="UTF-8" standalone="yes"?>
<contentHaul xmlns:a="http://www.appian.com/ae/types/2009">
    <rule>
        <name>HR_RULE_Hoteling_repeatMWF</name>
        <uuid>_a-0000dd72-ed8d-8000-9ba2-011c48011c48_24700</uuid>
        <description>Rule to repeat reservations on every Monday, Wednesday and Friday</description>
        <parentUuid>_a-0000dd0d-462c-8000-9ba2-011c48011c48_3790</parentUuid>
        <visibility>
            <advertise>false</advertise>
            <hierarchy>true</hierarchy>
            <indexable>true</indexable>
            <quota>false</quota>
            <searchable>true</searchable>
            <system>false</system>
            <unlogged>false</unlogged>
        </visibility>
        <definition>with(
  local!lastDatetime: ri!dateTimes[length(ri!dateTimes)],
  local!weekday: weekday(local(ri!dateTimes[length(ri!dateTimes)])),
  local!mWOrF: wherecontains(local!weekday, #&quot;_a-0000dd72-ed8d-8000-9ba2-011c48011c48_24594&quot;[{2, 4, 6}]),
  local!truncateFlag: and(ri!repeatEnds=2, todate(local(local!lastDatetime))+7&gt;ri!onDate),
  if(ri!repeatEnds=1, 
    append(
      ri!dateTimes,
      local!lastDatetime+choose(
        local!mWOrF,
        2,
        2,
        3
        )
    ),
    if(ri!iteration=1,
      append(
        ri!dateTimes,
        with(
          local!remainderOfWeek: choose(local!mWOrF, {local!lastDatetime+2, local!lastDatetime+4}, {local!lastDatetime+2}, {}),
          if(and(local!truncateFlag, not(#&quot;2168a5de-fb70-4d66-8b97-b547e3ac6e57&quot;(local!remainderOfWeek))),
            remove(local!remainderOfWeek, where(todate(local(local!remainderOfWeek))&gt;ri!onDate)), 
            local!remainderOfWeek
          )
        )
      ),
      append(
        ri!dateTimes,
        with(
          local!nextMWF: {local!lastDatetime+{3, 5, 7}},
          local!dateTimesToAppend: if(local!truncateFlag, 
            remove(local!nextMWF, where(todate(local(local!nextMWF))&gt;ri!onDate)),
            local!nextMWF
            ),
          local!dateTimesToAppend
        )
      )
    ))
  /*)*/
)</definition>
        <namedTypedValue>
            <name>dateTimes</name>
            <type>
                <name>Datetime?list</name>
                <namespace>http://www.appian.com/ae/types/2009</namespace>
            </type>
        </namedTypedValue>
        <namedTypedValue>
            <name>iteration</name>
            <type>
                <name>int</name>
                <namespace>http://www.w3.org/2001/XMLSchema</namespace>
            </type>
        </namedTypedValue>
        <namedTypedValue>
            <name>repeatEnds</name>
            <type>
                <name>int</name>
                <namespace>http://www.w3.org/2001/XMLSchema</namespace>
            </type>
        </namedTypedValue>
        <namedTypedValue>
            <name>onDate</name>
            <type>
                <name>date</name>
                <namespace>http://www.w3.org/2001/XMLSchema</namespace>
            </type>
        </namedTypedValue>
        <preferredEditor>legacy</preferredEditor>
        <offlineEnabled>false</offlineEnabled>
    </rule>
    <roleMap public="true">
        <role allowForAll="false" inherit="true" name="readers">
            <users/>
            <groups/>
        </role>
        <role allowForAll="false" inherit="true" name="authors">
            <users/>
            <groups/>
        </role>
        <role allowForAll="false" inherit="true" name="administrators">
            <users/>
            <groups/>
        </role>
        <role allowForAll="false" inherit="false" name="denyReaders">
            <users/>
            <groups/>
        </role>
        <role allowForAll="false" inherit="false" name="denyAuthors">
            <users/>
            <groups/>
        </role>
        <role allowForAll="false" inherit="false" name="denyAdministrators">
            <users/>
            <groups/>
        </role>
    </roleMap>
</contentHaul>
