<?xml version="1.0" encoding="UTF-8" standalone="yes"?>
<contentHaul xmlns:a="http://www.appian.com/ae/types/2009">
    <rule>
        <name>HR_GRID_userPositionHistory</name>
        <uuid>_a-0000dd0d-462c-8000-9ba2-011c48011c48_6965</uuid>
        <description>Grid to display the position history of a user</description>
        <parentUuid>_a-0000dd0d-462c-8000-9ba2-011c48011c48_3789</parentUuid>
        <visibility>
            <advertise>false</advertise>
            <hierarchy>true</hierarchy>
            <indexable>true</indexable>
            <quota>false</quota>
            <searchable>true</searchable>
            <system>false</system>
            <unlogged>false</unlogged>
        </visibility>
        <definition>#&quot;SYSTEM_SYSRULES_gridField&quot;(
  columns: {
    #&quot;SYSTEM_SYSRULES_gridTextColumn&quot;(
      label: &quot;Position&quot;,
      field: &quot;positionName&quot;,
      data: index(
        ri!dataSubset.data,
        &quot;positionName&quot;,
        {}
      ),
      links: #&quot;SYSTEM_SYSRULES_applyComponents&quot;(
        function: #&quot;SYSTEM_SYSRULES_recordLink&quot;(
          recordType: #&quot;_a-0000dd0d-462c-8000-9ba2-011c48011c48_4065&quot;,
          identifier: _
        ),
        array: index(
          ri!dataSubset.data,
          &quot;positionId&quot;,
          {}
        )
      )
    ),
    #&quot;SYSTEM_SYSRULES_gridTextColumn&quot;(
      label: &quot;Effective Date&quot;,
      field: &quot;positionAuditDatetime&quot;,
      data: todate(
        index(
          ri!dataSubset.data,
          &quot;positionAuditDatetime&quot;,
          {}
        )
      )
    )
  },
  totalCount: ri!dataSubset.totalCount,
  value: ri!pagingInfo,
  saveInto: ri!pagingInfo
)</definition>
        <namedTypedValue>
            <name>dataSubset</name>
            <type>
                <name>DataSubset</name>
                <namespace>http://www.appian.com/ae/types/2009</namespace>
            </type>
        </namedTypedValue>
        <namedTypedValue>
            <name>pagingInfo</name>
            <type>
                <name>PagingInfo</name>
                <namespace>http://www.appian.com/ae/types/2009</namespace>
            </type>
        </namedTypedValue>
        <preferredEditor>interface</preferredEditor>
        <offlineEnabled>false</offlineEnabled>
    </rule>
    <roleMap public="true">
        <role allowForAll="true" inherit="false" name="readers">
            <users/>
            <groups/>
        </role>
        <role allowForAll="true" inherit="false" name="authors">
            <users/>
            <groups/>
        </role>
        <role allowForAll="false" inherit="false" name="administrators">
            <users/>
            <groups>
                <groupUuid>_e-0000dd0a-93c8-8000-9aee-01075c01075c_12</groupUuid>
            </groups>
        </role>
        <role allowForAll="false" inherit="false" name="denyReaders">
            <users/>
            <groups/>
        </role>
        <role allowForAll="false" inherit="false" name="denyAuthors">
            <users/>
            <groups/>
        </role>
        <role allowForAll="false" inherit="false" name="denyAdministrators">
            <users/>
            <groups/>
        </role>
    </roleMap>
</contentHaul>
