<?xml version="1.0" encoding="UTF-8" standalone="yes"?>
<contentHaul xmlns:a="http://www.appian.com/ae/types/2009">
    <rule>
        <name>HR_DASH_Building_Summary</name>
        <uuid>_a-0000dd0d-462c-8000-9ba2-011c48011c48_4581</uuid>
        <description>Building Record Summary Interface</description>
        <parentUuid>_a-0000dd0a-80c8-8000-aae2-01ef9001ef90_3769</parentUuid>
        <visibility>
            <advertise>false</advertise>
            <hierarchy>true</hierarchy>
            <indexable>true</indexable>
            <quota>false</quota>
            <searchable>true</searchable>
            <system>false</system>
            <unlogged>false</unlogged>
        </visibility>
        <definition>#&quot;SYSTEM_SYSRULES_dashboardLayout&quot;(
  firstColumnContents: {
    #&quot;SYSTEM_SYSRULES_sectionLayout&quot;(
      label: &quot;Building Details&quot;,
      firstColumnContents: {
        #&quot;SYSTEM_SYSRULES_linkField&quot;(
          label: &quot;Campus&quot;,
          labelPosition: #&quot;7515f385-6042-4961-b666-89d55ce8534e&quot;(readOnly: true),
          links:{
            #&quot;SYSTEM_SYSRULES_recordLink&quot;(
              label: rf!campusName,
              recordType: #&quot;_a-0000dd4b-0482-8000-9ba2-011c48011c48_17740&quot;,
              identifier: rf!campusId
            )
          }
        ),
        #&quot;_a-0000dd0d-462c-8000-9ba2-011c48011c48_3690&quot;(
          label: &quot;Address&quot;,
          readOnly: true,
          value: #&quot;_a-0000dd0d-462c-8000-9ba2-011c48011c48_4720&quot;(
            addressLine1: rf!addressLine1,
            addressLine2: rf!addressLine2,
            addressLine3: rf!addressLine3,
            city: rf!city,
            state: rf!state,
            zip: rf!zip
          )
        ),
        #&quot;_a-0000dd0d-462c-8000-9ba2-011c48011c48_3690&quot;(
          label: &quot;Code&quot;,
          readOnly: true,
          value: rf!code
        ),
        #&quot;_a-0000dd0d-462c-8000-9ba2-011c48011c48_3690&quot;(
          label: &quot;Phone Number&quot;,
          readOnly: true,
          value: #&quot;_a-0000dd0d-462c-8000-9ba2-011c48011c48_4714&quot;(
            phoneNumber: rf!phoneNumber
          )
        ),
        #&quot;_a-0000dd17-9077-8000-9ba2-011c48011c48_10649&quot;(
          readOnly: true,
          choiceLabel: &quot;Has Front Desk&quot;,
          value: rf!hasFrontDesk
        ),
        #&quot;_a-0000dd17-9077-8000-9ba2-011c48011c48_10649&quot;(
          readOnly: true,
          choiceLabel: &quot;Has Cafeteria&quot;,
          value: rf!hasCafeteria
        ),
        #&quot;_a-0000dd17-9077-8000-9ba2-011c48011c48_10649&quot;(
          readOnly: true,
          choiceLabel: &quot;Has Gym&quot;,
          value: rf!hasGym
        )
      },
      secondColumnContents: {
        if(
          isnull(
            rf!purchaseDate
          ),
          {
            #&quot;_a-0000dd0d-462c-8000-9ba2-011c48011c48_3690&quot;(
              label: &quot;Lease Start Date&quot;,
              readOnly: true,
              value: rf!leaseFromDate
            ),
            #&quot;_a-0000dd0d-462c-8000-9ba2-011c48011c48_3690&quot;(
              label: &quot;Lease End Date&quot;,
              readOnly: true,
              value: rf!leaseToDate
            )
          },
          {
            #&quot;_a-0000dd0d-462c-8000-9ba2-011c48011c48_3690&quot;(
              label: &quot;Purchase Date&quot;,
              readOnly: true,
              value: rf!purchaseDate
            ),
            #&quot;_a-0000dd0d-462c-8000-9ba2-011c48011c48_3690&quot;(
              label: &quot;Sold Date&quot;,
              readOnly: true,
              value: rf!sellDate
            )
          }
        ),
        #&quot;_a-0000dd17-9077-8000-9ba2-011c48011c48_10649&quot;(
          readOnly: true,
          choiceLabel: &quot;Has Parking&quot;,
          value: rf!hasParking
        ),
        if(rf!hasParking,
          #&quot;_a-0000dd17-9077-8000-9ba2-011c48011c48_10649&quot;(
            readOnly: true,
            choiceLabel: &quot;Free Parking&quot;,
            value: rf!freeParking
          ),
          {}
        ),
        #&quot;_a-0000dd17-9077-8000-9ba2-011c48011c48_10649&quot;(
          readOnly: true,
          choiceLabel: &quot;Badge Required&quot;,
          value: rf!badgeRequired
        ),
        #&quot;_a-0000dd0d-462c-8000-9ba2-011c48011c48_5526&quot;(
          label: &quot;Square Feet&quot;,
          readOnly: true,
          value: rf!squareFeet
        ),
        if(
          isnull(
            rf!buildingPhoto
          ),
          #&quot;SYSTEM_SYSRULES_richTextDisplayField&quot;(
            label: &quot;Building Photo&quot;,
            labelPosition: #&quot;7515f385-6042-4961-b666-89d55ce8534e&quot;(
              readOnly: true
            ),
            value: #&quot;SYSTEM_SYSRULES_richTextItem&quot;(
              text: &quot;No building photo available&quot;,
              style: &quot;EMPHASIS&quot;
            )
          ),
          #&quot;SYSTEM_SYSRULES_imageField&quot;(
            label: &quot;Building Photo&quot;,
            images: #&quot;SYSTEM_SYSRULES_documentImage&quot;(
              document: rf!buildingPhoto
            ),
            size: &quot;LARGE&quot;,
            labelPosition: #&quot;7515f385-6042-4961-b666-89d55ce8534e&quot;(
              readOnly: true
            )
          )
        )
      }
    )
  }
)</definition>
        <preferredEditor>interface</preferredEditor>
        <offlineEnabled>false</offlineEnabled>
    </rule>
    <roleMap public="true">
        <role allowForAll="true" inherit="false" name="readers">
            <users/>
            <groups/>
        </role>
        <role allowForAll="true" inherit="false" name="authors">
            <users/>
            <groups/>
        </role>
        <role allowForAll="false" inherit="false" name="administrators">
            <users/>
            <groups>
                <groupUuid>_e-0000dd0a-93c8-8000-9aee-01075c01075c_12</groupUuid>
            </groups>
        </role>
        <role allowForAll="false" inherit="false" name="denyReaders">
            <users/>
            <groups/>
        </role>
        <role allowForAll="false" inherit="false" name="denyAuthors">
            <users/>
            <groups/>
        </role>
        <role allowForAll="false" inherit="false" name="denyAdministrators">
            <users/>
            <groups/>
        </role>
    </roleMap>
</contentHaul>
