<?xml version="1.0" encoding="UTF-8" standalone="yes"?>
<contentHaul xmlns:a="http://www.appian.com/ae/types/2009">
    <constant>
        <name>HR_TEXT_REF_POSITION_ELIGIBILITY</name>
        <uuid>_a-0000dd0d-462c-8000-9ba2-011c48011c48_4453</uuid>
        <description>POSITION_ELIGIBILITY</description>
        <parentUuid>_a-0000dd0d-462c-8000-9ba2-011c48011c48_4107</parentUuid>
        <visibility>
            <advertise>false</advertise>
            <hierarchy>true</hierarchy>
            <indexable>true</indexable>
            <quota>false</quota>
            <searchable>true</searchable>
            <system>false</system>
            <unlogged>false</unlogged>
        </visibility>
        <typedValue>
            <type>
                <name>string</name>
                <namespace>http://www.w3.org/2001/XMLSchema</namespace>
            </type>
            <value>POSITION_ELIGIBILITY</value>
        </typedValue>
    </constant>
    <roleMap public="true">
        <role allowForAll="true" inherit="false" name="readers">
            <users/>
            <groups/>
        </role>
        <role allowForAll="true" inherit="false" name="authors">
            <users/>
            <groups/>
        </role>
        <role allowForAll="false" inherit="false" name="administrators">
            <users/>
            <groups>
                <groupUuid>_e-0000dd0a-93c8-8000-9aee-01075c01075c_12</groupUuid>
            </groups>
        </role>
        <role allowForAll="false" inherit="false" name="denyReaders">
            <users/>
            <groups/>
        </role>
        <role allowForAll="false" inherit="false" name="denyAuthors">
            <users/>
            <groups/>
        </role>
        <role allowForAll="false" inherit="false" name="denyAdministrators">
            <users/>
            <groups/>
        </role>
    </roleMap>
</contentHaul>
