<?xml version="1.0" encoding="UTF-8" standalone="yes"?>
<contentHaul xmlns:a="http://www.appian.com/ae/types/2009">
    <rule>
        <name>HR_GRID_PositionDescription_audit</name>
        <uuid>_a-0000dd4b-0482-8000-9ba2-011c48011c48_18254</uuid>
        <description>Grid to display the audit data of a position description</description>
        <parentUuid>_a-0000dd0d-462c-8000-9ba2-011c48011c48_3789</parentUuid>
        <visibility>
            <advertise>false</advertise>
            <hierarchy>true</hierarchy>
            <indexable>true</indexable>
            <quota>false</quota>
            <searchable>true</searchable>
            <system>false</system>
            <unlogged>false</unlogged>
        </visibility>
        <definition>#&quot;SYSTEM_SYSRULES_gridField&quot;(
  columns:{
    #&quot;SYSTEM_SYSRULES_gridTextColumn&quot;(
      label: &quot;Action&quot;,
      field: &quot;auditActionLabel&quot;,
      data: index(ri!dataSubset.data, &quot;auditActionLabel&quot;, {})
    ),
    #&quot;SYSTEM_SYSRULES_gridTextColumn&quot;(
      label: &quot;Old Value&quot;,
      field: &quot;auditOldValue&quot;,
      data: index(ri!dataSubset.data, &quot;auditOldValue&quot;, {})
    ),
    #&quot;SYSTEM_SYSRULES_gridTextColumn&quot;(
      label: &quot;New Value&quot;,
      field: &quot;auditNewValue&quot;,
      data: index(ri!dataSubset.data, &quot;auditNewValue&quot;, {})
    ),
    #&quot;SYSTEM_SYSRULES_gridTextColumn&quot;(
      label: &quot;Date&quot;,
      field: &quot;auditDatetime&quot;,
      alignment: &quot;RIGHT&quot;,
      data: apply(
        #&quot;ed7b4c2e-bc03-4e17-aa51-6ecfb493af33&quot;(
          datetime:_
        ),
        index(ri!dataSubset.data, &quot;auditDatetime&quot;, {})
      )
    )
  },
  totalCount: ri!dataSubset.totalCount,
  value: ri!pagingInfo,
  saveInto: ri!pagingInfo
)
</definition>
        <namedTypedValue>
            <name>dataSubset</name>
            <type>
                <name>DataSubset</name>
                <namespace>http://www.appian.com/ae/types/2009</namespace>
            </type>
        </namedTypedValue>
        <namedTypedValue>
            <name>pagingInfo</name>
            <type>
                <name>PagingInfo</name>
                <namespace>http://www.appian.com/ae/types/2009</namespace>
            </type>
        </namedTypedValue>
        <preferredEditor>interface</preferredEditor>
        <offlineEnabled>false</offlineEnabled>
    </rule>
    <roleMap public="true">
        <role allowForAll="false" inherit="true" name="readers">
            <users/>
            <groups/>
        </role>
        <role allowForAll="false" inherit="true" name="authors">
            <users/>
            <groups/>
        </role>
        <role allowForAll="false" inherit="true" name="administrators">
            <users>
                <userUuid>chris.yeates</userUuid>
            </users>
            <groups/>
        </role>
        <role allowForAll="false" inherit="false" name="denyReaders">
            <users/>
            <groups/>
        </role>
        <role allowForAll="false" inherit="false" name="denyAuthors">
            <users/>
            <groups/>
        </role>
        <role allowForAll="false" inherit="false" name="denyAdministrators">
            <users/>
            <groups/>
        </role>
    </roleMap>
</contentHaul>
