<?xml version="1.0" encoding="UTF-8" standalone="yes"?>
<contentHaul xmlns:a="http://www.appian.com/ae/types/2009">
    <rule>
        <name>HR_SCT_Hoteling_spacesFilters</name>
        <uuid>_a-0000dd8b-d239-8000-9ba2-011c48011c48_29081</uuid>
        <description>Filter section used in the Available Spaces and Spaces report</description>
        <parentUuid>_a-0000dd0d-462c-8000-9ba2-011c48011c48_3551</parentUuid>
        <visibility>
            <advertise>false</advertise>
            <hierarchy>true</hierarchy>
            <indexable>true</indexable>
            <quota>false</quota>
            <searchable>true</searchable>
            <system>false</system>
            <unlogged>false</unlogged>
        </visibility>
        <definition>load(
  local!types: #&quot;3af0f2e5-5c7f-4f1b-b92a-7b2b087a2287&quot;(
    columns: {
      &quot;id&quot;,
      &quot;label&quot;
    },
    type: #&quot;_a-0000dd0d-462c-8000-9ba2-011c48011c48_4971&quot;,
    isActive: true
  ).data,
  local!campuses: #&quot;_a-0000dd0d-462c-8000-9ba2-011c48011c48_5501&quot;(
    columns: {
      &quot;campusId&quot;,
      &quot;campusName&quot;
    },
    pagingInfo: #&quot;SYSTEM_SYSRULES_pagingInfo&quot;(
      startIndex: 1,
      batchSize: - 1,
      sort: #&quot;SYSTEM_SYSRULES_sortInfo&quot;(
        field: &quot;campusName&quot;,
        ascending: true
      )
    )
  ).data,
  local!buildings,
  local!floors,
  #&quot;SYSTEM_SYSRULES_sectionLayout&quot;(
    label: if(or(ri!spacesFlag, ri!myReservationsFlag), &quot;General &quot;, &quot;&quot;) &amp; &quot;Filters&quot;,
    isCollapsible: true,
    isInitiallyCollapsed: true,
    firstColumnContents: {
      if(ri!currentOccupancyFlag,
        #&quot;SYSTEM_SYSRULES_pickerFieldUsers&quot;(
          label: &quot;Person&quot;,
          value: ri!temp_searchRequest.reservationUserId,
          saveInto: ri!temp_searchRequest.reservationUserId
        ),
        {}
      ),
      #&quot;SYSTEM_SYSRULES_textField&quot;(
        label: &quot;Name&quot;,
        value: ri!temp_searchRequest.spaceName,
        saveInto: ri!temp_searchRequest.spaceName
      ),
      #&quot;SYSTEM_SYSRULES_dropdownField&quot;(
        label: &quot;Type&quot;,
        placeholderLabel: #&quot;_a-0000dd0d-462c-8000-9ba2-011c48011c48_4728&quot;,
        value: ri!temp_searchRequest.spaceTypeId,
        saveInto: ri!temp_searchRequest.spaceTypeId
      ),
      if(ri!spacesFlag,
        {
          #&quot;SYSTEM_SYSRULES_checkboxField&quot;(
            labelPosition: &quot;COLLAPSED&quot;,
            value: ri!temp_searchRequest.temporarySpaceFlag,
            saveInto: ri!temp_searchRequest.temporarySpaceFlag,
            choiceValues: {true},
            choiceLabels: {&quot;Temporary Space&quot;}
          ),
          #&quot;SYSTEM_SYSRULES_checkboxField&quot;(
            labelPosition: &quot;COLLAPSED&quot;,
            value: ri!temp_searchRequest.needsApprovalFlag,
            saveInto: ri!temp_searchRequest.needsApprovalFlag,
            choiceLabels: {&quot;Needs Approval&quot;},
            choiceValues: {true}
          )
        },
        #&quot;SYSTEM_SYSRULES_dateField&quot;(
          label: if(ri!myReservationsFlag, &quot;Reservation&quot;, &quot;Availability&quot;) &amp; &quot; Date&quot;,
          value: ri!temp_searchRequest.reservationDate,
          saveInto: ri!temp_searchRequest.reservationDate
        )
      )
    },
    secondColumnContents: {
      #&quot;SYSTEM_SYSRULES_dropdownField&quot;(
        label: &quot;Campus&quot;,
        placeholderLabel: #&quot;_a-0000dd0d-462c-8000-9ba2-011c48011c48_4728&quot;,
        choiceValues: index(local!campuses, &quot;campusId&quot;, {}),
        choiceLabels: index(local!campuses, &quot;campusName&quot;, {}),
        value: ri!temp_searchRequest.campusId,
        saveInto: {
          ri!temp_searchRequest.campusId,
          a!save(
            local!buildings,
            if(isnull(ri!temp_searchRequest.campusId), 
              {},
              #&quot;_a-0000dd0d-462c-8000-9ba2-011c48011c48_5503&quot;(
                columns: {
                  &quot;buildingId&quot;,
                  &quot;buildingName&quot;
                },
                pagingInfo: #&quot;SYSTEM_SYSRULES_pagingInfo&quot;(
                  startIndex: 1,
                  batchSize: - 1,
                  sort: #&quot;SYSTEM_SYSRULES_sortInfo&quot;(
                    field: &quot;buildingName&quot;,
                    ascending: true
                  )
                ),
                campusId: ri!temp_searchRequest.campusId
              ).data
            )
          ),
          a!save(
            ri!temp_searchRequest.buildingId,
            null
          ),
          a!save(
            ri!temp_searchRequest.floorId,
            null
          ),
          a!save(
            local!floors,
            {}
          )
        }
      ),
      #&quot;SYSTEM_SYSRULES_dropdownField&quot;(
        label: &quot;Building&quot;,
        placeholderLabel: #&quot;_a-0000dd0d-462c-8000-9ba2-011c48011c48_4728&quot;,
        choiceValues: index(local!buildings, &quot;buildingId&quot;, {}),
        choiceLabels: index(local!buildings, &quot;buildingName&quot;, {}),
        value: ri!temp_searchRequest.buildingId,
        saveInto: {
          ri!temp_searchRequest.buildingId,
          a!save(
            local!floors,
            if(isnull(ri!temp_searchRequest.buildingId),
              {},
              #&quot;_a-0000dd0d-462c-8000-9ba2-011c48011c48_5505&quot;(
                columns: {
                  &quot;floorId&quot;,
                  &quot;floorName&quot;
                },
                pagingInfo: #&quot;SYSTEM_SYSRULES_pagingInfo&quot;(
                  startIndex: 1,
                  batchSize: - 1,
                  sort: #&quot;SYSTEM_SYSRULES_sortInfo&quot;(
                    field: &quot;floorName&quot;,
                    ascending: true
                  )
                ),
                buildingId: ri!temp_searchRequest.buildingId
              ).data
            )
          ),
          a!save(
            ri!temp_searchRequest.floorId,
            null
          )
        }
      ),
      #&quot;SYSTEM_SYSRULES_dropdownField&quot;(
        label: &quot;Floor&quot;,
        placeholderLabel: #&quot;_a-0000dd0d-462c-8000-9ba2-011c48011c48_4728&quot;,
        choiceValues: index(local!floors, &quot;floorId&quot;, {}),
        choiceLabels: index(local!floors, &quot;floorName&quot;, {}),
        value: ri!temp_searchRequest.floorId,
        saveInto: ri!temp_searchRequest.floorId
      )
    }
  )
)</definition>
        <namedTypedValue>
            <name>searchRequest</name>
            <type>
                <name>HR_Hoteling_SearchRequest</name>
                <namespace>urn:com:appian:types:HR</namespace>
            </type>
        </namedTypedValue>
        <namedTypedValue>
            <name>temp_searchRequest</name>
            <type>
                <name>HR_Hoteling_SearchRequest</name>
                <namespace>urn:com:appian:types:HR</namespace>
            </type>
        </namedTypedValue>
        <namedTypedValue>
            <name>blank_searchRequest</name>
            <type>
                <name>HR_Hoteling_SearchRequest</name>
                <namespace>urn:com:appian:types:HR</namespace>
            </type>
        </namedTypedValue>
        <namedTypedValue>
            <name>spacesFlag</name>
            <type>
                <name>boolean</name>
                <namespace>http://www.w3.org/2001/XMLSchema</namespace>
            </type>
        </namedTypedValue>
        <namedTypedValue>
            <name>pagingInfo</name>
            <type>
                <name>PagingInfo</name>
                <namespace>http://www.appian.com/ae/types/2009</namespace>
            </type>
        </namedTypedValue>
        <namedTypedValue>
            <name>myReservationsFlag</name>
            <type>
                <name>boolean</name>
                <namespace>http://www.w3.org/2001/XMLSchema</namespace>
            </type>
        </namedTypedValue>
        <namedTypedValue>
            <name>currentOccupancyFlag</name>
            <type>
                <name>boolean</name>
                <namespace>http://www.w3.org/2001/XMLSchema</namespace>
            </type>
        </namedTypedValue>
        <preferredEditor>interface</preferredEditor>
        <offlineEnabled>false</offlineEnabled>
    </rule>
    <roleMap public="true">
        <role allowForAll="false" inherit="true" name="readers">
            <users/>
            <groups/>
        </role>
        <role allowForAll="false" inherit="true" name="authors">
            <users/>
            <groups/>
        </role>
        <role allowForAll="false" inherit="true" name="administrators">
            <users/>
            <groups/>
        </role>
        <role allowForAll="false" inherit="false" name="denyReaders">
            <users/>
            <groups/>
        </role>
        <role allowForAll="false" inherit="false" name="denyAuthors">
            <users/>
            <groups/>
        </role>
        <role allowForAll="false" inherit="false" name="denyAdministrators">
            <users/>
            <groups/>
        </role>
    </roleMap>
</contentHaul>
