<?xml version="1.0" encoding="UTF-8" standalone="yes"?>
<contentHaul xmlns:a="http://www.appian.com/ae/types/2009">
    <rule>
        <name>HR_SCT_Workflow_documents</name>
        <uuid>_a-0000dd0d-462c-8000-9ba2-011c48011c48_3956</uuid>
        <description>Section for displaying workflow documents. When readOnly is true documentDataSubset should be passed in. When readOnly is false documentData should be passed in. pagingInfo is always required.</description>
        <parentUuid>_a-0000dd0d-462c-8000-9ba2-011c48011c48_3551</parentUuid>
        <visibility>
            <advertise>false</advertise>
            <hierarchy>true</hierarchy>
            <indexable>true</indexable>
            <quota>false</quota>
            <searchable>true</searchable>
            <system>false</system>
            <unlogged>false</unlogged>
        </visibility>
        <definition>with(&#xD;
  local!showDeleteColumn: not(or(&#xD;
    ri!readOnly,&#xD;
    #&quot;2168a5de-fb70-4d66-8b97-b547e3ac6e57&quot;(ri!workflow_All.workflowDocuments)&#xD;
  )),&#xD;
  #&quot;_a-0000dd8b-d239-8000-9ba2-011c48011c48_29686&quot;(&#xD;
    headerCells: #&quot;SYSTEM_SYSRULES_applyComponents&quot;(&#xD;
      function: #&quot;SYSTEM_SYSRULES_gridLayoutHeaderCell&quot;(label: _),&#xD;
      array: {&quot;Document&quot;, &quot;Description&quot;, &quot;Uploaded By&quot;, &quot;Uploaded Date&quot;, if(local!showDeleteColumn, null, {})}&#xD;
    ),&#xD;
    columnConfigs: #&quot;SYSTEM_SYSRULES_applyComponents&quot;(&#xD;
      function: #&quot;SYSTEM_SYSRULES_gridLayoutColumnConfig&quot;(weight: _),&#xD;
      array: {7, 8, 3, 3, 2}&#xD;
    ),&#xD;
    rows: #&quot;SYSTEM_SYSRULES_applyComponents&quot;(&#xD;
      function: #&quot;2895487b-4c1e-4f8b-9358-fc686af6aa4e&quot;(&#xD;
        index: _,&#xD;
        workflowDocuments: ri!workflow_All.workflowDocuments,&#xD;
        targetFolder: ri!workflow_All.workflow.workflowAppianFolderId,&#xD;
        pagingInfo: ri!pagingInfo,&#xD;
        showDeleteColumn: local!showDeleteColumn,&#xD;
        readOnly: ri!readOnly&#xD;
      ),&#xD;
      array: if(#&quot;2168a5de-fb70-4d66-8b97-b547e3ac6e57&quot;(ri!workflow_All.workflowDocuments),&#xD;
        {},&#xD;
        enumerate(length({ri!workflow_All.workflowDocuments})) + 1&#xD;
      )&#xD;
    ),&#xD;
    addRowLink: if(ri!readOnly,&#xD;
      null,&#xD;
      #&quot;SYSTEM_SYSRULES_dynamicLink&quot;(&#xD;
        label: &quot;New Document&quot;,&#xD;
        saveInto: a!save(&#xD;
          ri!workflow_All.workflowDocuments,&#xD;
          insert(&#xD;
            ri!workflow_All.workflowDocuments,&#xD;
            'type!{urn:com:appian:types:HR}HR_Workflow_Document'(&#xD;
              workflowId: ri!workflow_All.workflow.workflowId,&#xD;
              docUploadedBy: loggedInUser(),&#xD;
              docUploadedDatetime: now()&#xD;
            ),&#xD;
            1&#xD;
          )&#xD;
        )&#xD;
      )&#xD;
    ),&#xD;
    emptyGridMessage: &quot;No documents&quot;,&#xD;
    pagingInfo: ri!pagingInfo&#xD;
  )&#xD;
)</definition>
        <namedTypedValue>
            <name>readOnly</name>
            <type>
                <name>boolean</name>
                <namespace>http://www.w3.org/2001/XMLSchema</namespace>
            </type>
        </namedTypedValue>
        <namedTypedValue>
            <name>workflow_All</name>
            <type>
                <name>HR_Workflow_All</name>
                <namespace>urn:com:appian:types:HR</namespace>
            </type>
        </namedTypedValue>
        <namedTypedValue>
            <name>pagingInfo</name>
            <type>
                <name>PagingInfo</name>
                <namespace>http://www.appian.com/ae/types/2009</namespace>
            </type>
        </namedTypedValue>
        <preferredEditor>interface</preferredEditor>
        <offlineEnabled>false</offlineEnabled>
    </rule>
    <roleMap public="true">
        <role allowForAll="true" inherit="false" name="readers">
            <users/>
            <groups/>
        </role>
        <role allowForAll="true" inherit="false" name="authors">
            <users/>
            <groups/>
        </role>
        <role allowForAll="false" inherit="false" name="administrators">
            <users/>
            <groups>
                <groupUuid>_e-0000dd0a-93c8-8000-9aee-01075c01075c_12</groupUuid>
            </groups>
        </role>
        <role allowForAll="false" inherit="false" name="denyReaders">
            <users/>
            <groups/>
        </role>
        <role allowForAll="false" inherit="false" name="denyAuthors">
            <users/>
            <groups/>
        </role>
        <role allowForAll="false" inherit="false" name="denyAdministrators">
            <users/>
            <groups/>
        </role>
    </roleMap>
    <typedValue>
        <type>
            <name>RuleTestConfig?list</name>
            <namespace>http://www.appian.com/ae/types/2009</namespace>
        </type>
        <value>
            <el>
                <a:name/>
                <a:ruleInputTestConfigs>
                    <a:value xmlns:xsd="http://www.w3.org/2001/XMLSchema" xmlns:xsi="http://www.w3.org/2001/XMLSchema-instance" xsi:type="xsd:boolean">false</a:value>
                    <a:nameRef>readOnly</a:nameRef>
                    <a:id/>
                </a:ruleInputTestConfigs>
                <a:ruleInputTestConfigs>
                    <a:value xmlns:n1="urn:com:appian:types:HR" xmlns:xsi="http://www.w3.org/2001/XMLSchema-instance" xsi:nil="true" xsi:type="n1:HR_Workflow_All"/>
                    <a:nameRef>workflow_All</a:nameRef>
                    <a:id/>
                </a:ruleInputTestConfigs>
                <a:ruleInputTestConfigs>
                    <a:value xmlns:xsi="http://www.w3.org/2001/XMLSchema-instance" xsi:type="a:Expression">#&quot;SYSTEM_SYSRULES_pagingInfo&quot;(1, 3)</a:value>
                    <a:nameRef>pagingInfo</a:nameRef>
                    <a:id/>
                </a:ruleInputTestConfigs>
                <a:assertions xmlns:xsi="http://www.w3.org/2001/XMLSchema-instance" xsi:nil="true"/>
            </el>
        </value>
    </typedValue>
</contentHaul>
