<?xml version="1.0" encoding="UTF-8" standalone="yes"?>
<contentHaul xmlns:a="http://www.appian.com/ae/types/2009">
    <rule>
        <name>HR_DASH_User_Documents</name>
        <uuid>_a-0000dd01-cd0c-8000-aae2-01ef9001ef90_3665</uuid>
        <description>User record view for active HR documents</description>
        <parentUuid>_a-0000dd0a-80c8-8000-aae2-01ef9001ef90_3769</parentUuid>
        <visibility>
            <advertise>false</advertise>
            <hierarchy>true</hierarchy>
            <indexable>true</indexable>
            <quota>false</quota>
            <searchable>true</searchable>
            <system>false</system>
            <unlogged>false</unlogged>
        </visibility>
        <definition>=load(
  local!selectedQuickFilter:&quot;all&quot;,
  with(
    local!indicesToRemove:if(
      local!selectedQuickFilter=&quot;all&quot;,
      {},
      if(
        local!selectedQuickFilter=&quot;back&quot;,
        {1,2,3},
        if(local!selectedQuickFilter=&quot;comp&quot;,
          {1,2,4},
          {3,4}
        )
      )
    ),
    #&quot;SYSTEM_SYSRULES_dashboardLayout&quot;(
      firstColumnContents: {
        #&quot;SYSTEM_SYSRULES_sectionLayout&quot;(
          label: &quot;HR Document Library&quot;,
          firstColumnContents: {
            #&quot;SYSTEM_SYSRULES_richTextDisplayField&quot;(
              value:{
                #&quot;SYSTEM_SYSRULES_richTextItem&quot;(text:&quot;All&quot;,
                  style:if(local!selectedQuickFilter=&quot;all&quot;,&quot;STRONG&quot;,&quot;NORMAL&quot;),
                  link:if(local!selectedQuickFilter&lt;&gt;&quot;all&quot;,#&quot;SYSTEM_SYSRULES_dynamicLink&quot;(value:&quot;all&quot;,saveInto:local!selectedQuickFilter),null)
                ),
                #&quot;SYSTEM_SYSRULES_richTextItem&quot;(text:&quot; | &quot;),
                #&quot;SYSTEM_SYSRULES_richTextItem&quot;(text:&quot; Background Check&quot;,
                  style:if(local!selectedQuickFilter=&quot;back&quot;,&quot;STRONG&quot;,&quot;NORMAL&quot;),
                  link:if(local!selectedQuickFilter&lt;&gt;&quot;back&quot;,#&quot;SYSTEM_SYSRULES_dynamicLink&quot;(value:&quot;back&quot;,saveInto:local!selectedQuickFilter),null)
                ),
                #&quot;SYSTEM_SYSRULES_richTextItem&quot;(text:&quot; | &quot;),
                #&quot;SYSTEM_SYSRULES_richTextItem&quot;(text:&quot; Compliance&quot;,
                  style:if(local!selectedQuickFilter=&quot;comp&quot;,&quot;STRONG&quot;,&quot;NORMAL&quot;),
                  link:if(local!selectedQuickFilter&lt;&gt;&quot;comp&quot;,#&quot;SYSTEM_SYSRULES_dynamicLink&quot;(value:&quot;comp&quot;,saveInto:local!selectedQuickFilter),null)
                ),
                #&quot;SYSTEM_SYSRULES_richTextItem&quot;(text:&quot; | &quot;),
                #&quot;SYSTEM_SYSRULES_richTextItem&quot;(text:&quot; On-Boarding&quot;,
                  style:if(local!selectedQuickFilter=&quot;on&quot;,&quot;STRONG&quot;,&quot;NORMAL&quot;),
                  link:if(local!selectedQuickFilter&lt;&gt;&quot;on&quot;,#&quot;SYSTEM_SYSRULES_dynamicLink&quot;(value:&quot;on&quot;,saveInto:local!selectedQuickFilter),null)
                )
              }
            ),
            #&quot;SYSTEM_SYSRULES_gridField&quot;(
              totalCount:4,
              value:#&quot;SYSTEM_SYSRULES_pagingInfo&quot;(startIndex:1,batchSize:-1),
              columns:{
                #&quot;SYSTEM_SYSRULES_gridTextColumn&quot;(
                  label:&quot;Document&quot;,
                  data:remove({
                    &quot;OF-306 &quot;&amp;char(8659),
                    &quot;SF-70 &quot;&amp;char(8659),
                    &quot;NDA &quot;&amp;char(8659),
                    &quot;SF-86 &quot;&amp;char(8659)
                  },local!indicesToRemove),
                  links:{
                    #&quot;SYSTEM_SYSRULES_documentDownloadLink&quot;(),
                    #&quot;SYSTEM_SYSRULES_documentDownloadLink&quot;(),
                    #&quot;SYSTEM_SYSRULES_documentDownloadLink&quot;(),
                    #&quot;SYSTEM_SYSRULES_documentDownloadLink&quot;()
                  }
                ),
                #&quot;SYSTEM_SYSRULES_gridTextColumn&quot;(
                  label:&quot;Category&quot;,
                  data:remove({
                    &quot;On-boarding&quot;,
                    &quot;On-boarding&quot;,
                    &quot;Compliance&quot;,
                    &quot;Background Check&quot;
                  },local!indicesToRemove)
                ),     
                #&quot;SYSTEM_SYSRULES_gridTextColumn&quot;(
                  label:&quot;Created Date&quot;,
                  data:remove({
                    today()-30,
                    today()-20,
                    today()-40,
                    today()-25
                  },local!indicesToRemove)
                )           
              }
            )
          }
        )
      }
    )
  )
)</definition>
        <preferredEditor>interface</preferredEditor>
        <offlineEnabled>false</offlineEnabled>
    </rule>
    <roleMap public="true">
        <role allowForAll="true" inherit="false" name="readers">
            <users/>
            <groups/>
        </role>
        <role allowForAll="true" inherit="false" name="authors">
            <users/>
            <groups/>
        </role>
        <role allowForAll="false" inherit="false" name="administrators">
            <users/>
            <groups>
                <groupUuid>_e-0000dd0a-93c8-8000-9aee-01075c01075c_12</groupUuid>
            </groups>
        </role>
        <role allowForAll="false" inherit="false" name="denyReaders">
            <users/>
            <groups/>
        </role>
        <role allowForAll="false" inherit="false" name="denyAuthors">
            <users/>
            <groups/>
        </role>
        <role allowForAll="false" inherit="false" name="denyAdministrators">
            <users/>
            <groups/>
        </role>
    </roleMap>
</contentHaul>
