<?xml version="1.0" encoding="UTF-8" standalone="yes"?>
<contentHaul xmlns:a="http://www.appian.com/ae/types/2009">
    <rule>
        <name>HR_REPORT_Users_users</name>
        <uuid>_a-0000dd4b-0482-8000-9ba2-011c48011c48_16073</uuid>
        <description>All users report</description>
        <parentUuid>_a-0000dd0a-5e76-8000-aae2-01ef9001ef90_3752</parentUuid>
        <visibility>
            <advertise>false</advertise>
            <hierarchy>true</hierarchy>
            <indexable>true</indexable>
            <quota>false</quota>
            <searchable>true</searchable>
            <system>false</system>
            <unlogged>false</unlogged>
        </visibility>
        <definition>load(&#xD;
  local!searchRequest,&#xD;
  local!temp_searchRequest,&#xD;
  local!blank_searchRequest: 'type!{urn:com:appian:types:HR}HR_Users_SearchRequest'(),&#xD;
  local!pagingInfo: #&quot;SYSTEM_SYSRULES_pagingInfo&quot;(&#xD;
    startIndex: 1,&#xD;
    batchSize: #&quot;_a-0000dd0d-462c-8000-9ba2-011c48011c48_4972&quot;,&#xD;
    sort: #&quot;SYSTEM_SYSRULES_sortInfo&quot;(&#xD;
      field: &quot;userName&quot;,&#xD;
      ascending: true&#xD;
    )&#xD;
  ),&#xD;
  local!userColumns: {&#xD;
    &quot;userId&quot;,&#xD;
    &quot;userName&quot;,&#xD;
    &quot;userStatus&quot;,&#xD;
    &quot;userType&quot;,&#xD;
    &quot;positionName&quot;,&#xD;
    &quot;userSupervisor&quot;,&#xD;
    &quot;department&quot;&#xD;
  },&#xD;
  local!dataSubset: #&quot;_a-0000dd8b-d239-8000-9ba2-011c48011c48_29463&quot;(&#xD;
    columns: local!userColumns,&#xD;
    pagingInfo: local!pagingInfo,&#xD;
    searchRequest: local!blank_searchRequest&#xD;
  ),&#xD;
  local!type,&#xD;
  local!status,&#xD;
  local!userName,&#xD;
  local!departmentId,&#xD;
  local!showColumns: false,&#xD;
  local!choiceLabels: {&#xD;
    &quot;Status&quot;,&#xD;
    &quot;Type&quot;,&#xD;
    &quot;Position&quot;,&#xD;
    &quot;Department&quot;,&#xD;
    &quot;Supervisor&quot;&#xD;
  },&#xD;
  local!showColumn: local!choiceLabels[enumerate(&#xD;
    5&#xD;
  ) + 1],&#xD;
  #&quot;SYSTEM_SYSRULES_dashboardLayout&quot;(&#xD;
    firstColumnContents:&#xD;
      {&#xD;
        #&quot;_a-0000dd8b-d239-8000-9ba2-011c48011c48_29472&quot;(&#xD;
          temp_searchRequest: local!temp_searchRequest,&#xD;
          searchRequest: local!searchRequest,&#xD;
          dataSubset: local!dataSubset,&#xD;
          pagingInfo: local!pagingInfo,&#xD;
          blank_searchRequest:local!blank_searchRequest&#xD;
        ),&#xD;
        #&quot;SYSTEM_SYSRULES_sectionLayout&quot;(&#xD;
          label: &quot;Users&quot;,&#xD;
          firstColumnContents: {&#xD;
            #&quot;SYSTEM_SYSRULES_gridField&quot;(&#xD;
              columns: {&#xD;
                #&quot;SYSTEM_SYSRULES_gridTextColumn&quot;(&#xD;
                  label: &quot;Name&quot;,&#xD;
                  field: &quot;userName&quot;,&#xD;
                  data: index(&#xD;
                    local!dataSubset.data,&#xD;
                    &quot;userName&quot;,&#xD;
                    {}&#xD;
                  ),&#xD;
                  links: #&quot;SYSTEM_SYSRULES_applyComponents&quot;(&#xD;
                    function: #&quot;SYSTEM_SYSRULES_recordLink&quot;(&#xD;
                      identifier: _,&#xD;
                      recordType: #&quot;_a-0000dd0d-462c-8000-9ba2-011c48011c48_3992&quot;&#xD;
                    ),&#xD;
                    array: index(&#xD;
                      local!dataSubset.data,&#xD;
                      &quot;userId&quot;,&#xD;
                      {}&#xD;
                    )&#xD;
                  )&#xD;
                ),&#xD;
                if(&#xD;
                  contains(&#xD;
                    local!showColumn,&#xD;
                    &quot;Status&quot;&#xD;
                  ),&#xD;
                  #&quot;SYSTEM_SYSRULES_gridTextColumn&quot;(&#xD;
                    label: &quot;Status&quot;,&#xD;
                    field: &quot;userStatus&quot;,&#xD;
                    data: index(&#xD;
                      local!dataSubset.data,&#xD;
                      &quot;userStatus&quot;,&#xD;
                      {}&#xD;
                    )&#xD;
                  ),&#xD;
                  {}&#xD;
                ),&#xD;
                if(&#xD;
                  contains(&#xD;
                    local!showColumn,&#xD;
                    &quot;Type&quot;&#xD;
                  ),&#xD;
                  #&quot;SYSTEM_SYSRULES_gridTextColumn&quot;(&#xD;
                    label: &quot;Type&quot;,&#xD;
                    field: &quot;userType&quot;,&#xD;
                    data: index(&#xD;
                      local!dataSubset.data,&#xD;
                      &quot;userType&quot;,&#xD;
                      {}&#xD;
                    )&#xD;
                  ),&#xD;
                  {}&#xD;
                ),&#xD;
                if(&#xD;
                  contains(&#xD;
                    local!showColumn,&#xD;
                    &quot;Position&quot;&#xD;
                  ),&#xD;
                  #&quot;SYSTEM_SYSRULES_gridTextColumn&quot;(&#xD;
                    label: &quot;Position&quot;,&#xD;
                    field: &quot;positionName&quot;,&#xD;
                    data: index(&#xD;
                      local!dataSubset.data,&#xD;
                      &quot;positionName&quot;,&#xD;
                      {}&#xD;
                    )&#xD;
                  ),&#xD;
                  {}&#xD;
                ),&#xD;
                if(&#xD;
                  contains(&#xD;
                    local!showColumn,&#xD;
                    &quot;Department&quot;&#xD;
                  ),&#xD;
                  #&quot;SYSTEM_SYSRULES_gridTextColumn&quot;(&#xD;
                    label: &quot;Department&quot;,&#xD;
                    field: &quot;department&quot;,&#xD;
                    data: index(&#xD;
                      local!dataSubset.data,&#xD;
                      &quot;department&quot;,&#xD;
                      {}&#xD;
                    )&#xD;
                  ),&#xD;
                  {}&#xD;
                ),&#xD;
                if(&#xD;
                  contains(&#xD;
                    local!showColumn,&#xD;
                    &quot;Supervisor&quot;&#xD;
                  ),&#xD;
                  #&quot;SYSTEM_SYSRULES_gridTextColumn&quot;(&#xD;
                    label: &quot;Supervisor&quot;,&#xD;
                    field: &quot;userSupervisor&quot;,&#xD;
                    data: index(&#xD;
                      local!dataSubset.data,&#xD;
                      &quot;userSupervisor&quot;,&#xD;
                      {}&#xD;
                    )&#xD;
                  ),&#xD;
                  {}&#xD;
                )&#xD;
              },&#xD;
              totalCount: local!dataSubset.totalCount,&#xD;
              value: local!pagingInfo,&#xD;
              saveInto: #&quot;4c0833a9-0127-4d25-9d6d-cb881c688e7d&quot;(&#xD;
                gridSelectionOrPagingInfo: local!pagingInfo,&#xD;
                additionalSaveInto: {&#xD;
                  a!save(&#xD;
                    local!dataSubset,&#xD;
                    #&quot;_a-0000dd8b-d239-8000-9ba2-011c48011c48_29463&quot;(&#xD;
                      searchRequest: local!searchRequest,&#xD;
                      columns: local!userColumns,&#xD;
                      pagingInfo : local!pagingInfo&#xD;
                    )&#xD;
                  )&#xD;
                }&#xD;
              )&#xD;
            )&#xD;
          }&#xD;
        ),&#xD;
        #&quot;2d786626-f8a4-4c46-a2a6-c0c8fe96a4ad&quot;(&#xD;
          showColumns: local!showColumns,&#xD;
          choiceLabels: local!choiceLabels,&#xD;
          showColumn: local!showColumn&#xD;
        )&#xD;
      }&#xD;
  )&#xD;
)</definition>
        <preferredEditor>interface</preferredEditor>
        <offlineEnabled>false</offlineEnabled>
    </rule>
    <roleMap public="true">
        <role allowForAll="true" inherit="false" name="readers">
            <users/>
            <groups/>
        </role>
        <role allowForAll="true" inherit="false" name="authors">
            <users/>
            <groups/>
        </role>
        <role allowForAll="false" inherit="false" name="administrators">
            <users/>
            <groups>
                <groupUuid>_e-0000dd0a-93c8-8000-9aee-01075c01075c_12</groupUuid>
            </groups>
        </role>
        <role allowForAll="false" inherit="false" name="denyReaders">
            <users/>
            <groups/>
        </role>
        <role allowForAll="false" inherit="false" name="denyAuthors">
            <users/>
            <groups/>
        </role>
        <role allowForAll="false" inherit="false" name="denyAdministrators">
            <users/>
            <groups/>
        </role>
    </roleMap>
</contentHaul>
