<?xml version="1.0" encoding="UTF-8" standalone="yes"?>
<contentHaul xmlns:a="http://www.appian.com/ae/types/2009">
    <constant>
        <name>HR_REC_Equipment</name>
        <uuid>_a-0000dd0d-462c-8000-9ba2-011c48011c48_4758</uuid>
        <description>Constant pointing to IT Equipment record</description>
        <parentUuid>_a-0000dd0a-80c8-8000-aae2-01ef9001ef90_3767</parentUuid>
        <visibility>
            <advertise>false</advertise>
            <hierarchy>true</hierarchy>
            <indexable>true</indexable>
            <quota>false</quota>
            <searchable>true</searchable>
            <system>false</system>
            <unlogged>false</unlogged>
        </visibility>
        <typedValue>
            <type>
                <name>RecordType</name>
                <namespace>http://www.appian.com/ae/types/2009</namespace>
            </type>
            <value a:id="-1" a:uuid="405c0801-6cb8-4eec-a928-3c8d25ee6455" name="">
                <a:isSystem>false</a:isSystem>
                <a:security>16383</a:security>
            </value>
        </typedValue>
    </constant>
    <roleMap public="true">
        <role allowForAll="true" inherit="false" name="readers">
            <users/>
            <groups/>
        </role>
        <role allowForAll="true" inherit="false" name="authors">
            <users/>
            <groups/>
        </role>
        <role allowForAll="false" inherit="false" name="administrators">
            <users/>
            <groups>
                <groupUuid>_e-0000dd0a-93c8-8000-9aee-01075c01075c_12</groupUuid>
            </groups>
        </role>
        <role allowForAll="false" inherit="false" name="denyReaders">
            <users/>
            <groups/>
        </role>
        <role allowForAll="false" inherit="false" name="denyAuthors">
            <users/>
            <groups/>
        </role>
        <role allowForAll="false" inherit="false" name="denyAdministrators">
            <users/>
            <groups/>
        </role>
    </roleMap>
</contentHaul>
