<?xml version="1.0" encoding="UTF-8" standalone="yes"?>
<contentHaul xmlns:a="http://www.appian.com/ae/types/2009">
    <rule>
        <name>HR_GRID_trainingEvaluation</name>
        <uuid>_a-0000dd0d-462c-8000-9ba2-011c48011c48_5064</uuid>
        <description>Grid used to display information about the evaluations trainings</description>
        <parentUuid>_a-0000dd0d-462c-8000-9ba2-011c48011c48_3789</parentUuid>
        <visibility>
            <advertise>false</advertise>
            <hierarchy>true</hierarchy>
            <indexable>true</indexable>
            <quota>false</quota>
            <searchable>true</searchable>
            <system>false</system>
            <unlogged>false</unlogged>
        </visibility>
        <definition>with(&#xD;
  local!trainingFeedback: #&quot;e5e734d1-e79a-4461-bfab-9c0b4df0e93d&quot;(&#xD;
    columns: {&#xD;
      &quot;feedbackRating&quot;,&#xD;
      &quot;feedbackComment&quot;,&#xD;
      &quot;completedDatetime&quot;&#xD;
    },&#xD;
    pagingInfo: ri!pagingInfo,&#xD;
    trainingId: ri!trainingId,&#xD;
    feedbackMinRating: ri!feedbackMinRating,&#xD;
    feedbackComment: ri!feedbackComment,&#xD;
    startDatetime: todatetime(local!startDate),&#xD;
    endDatetime: if(isnull(local!endDate), null,todatetime(local!endDate + 1)),&#xD;
    onlyCompleted: true,&#xD;
    feedbackMaxRating: ri!feedbackMaxRating&#xD;
  ),&#xD;
  #&quot;SYSTEM_SYSRULES_gridField&quot;(&#xD;
    totalCount: local!trainingFeedback.totalCount,&#xD;
    columns: {&#xD;
      #&quot;SYSTEM_SYSRULES_gridTextColumn&quot;(&#xD;
        label: &quot;Rating&quot;,&#xD;
        field: &quot;feedbackRating&quot;,&#xD;
        data: index(&#xD;
          local!trainingFeedback.data,&#xD;
          &quot;feedbackRating&quot;,&#xD;
          {}&#xD;
        )&#xD;
      ),&#xD;
      #&quot;SYSTEM_SYSRULES_gridTextColumn&quot;(&#xD;
        label: &quot;Comment&quot;,&#xD;
        field: &quot;feedbackComment&quot;,&#xD;
        data: index(&#xD;
          local!trainingFeedback.data,&#xD;
          &quot;feedbackComment&quot;,&#xD;
          {}&#xD;
        )&#xD;
      ),&#xD;
      #&quot;SYSTEM_SYSRULES_gridTextColumn&quot;(&#xD;
        label: &quot;Date Completed&quot;,&#xD;
        field: &quot;completedDatetime&quot;,&#xD;
        data: index(&#xD;
          local!trainingFeedback.data,&#xD;
          &quot;completedDatetime&quot;,&#xD;
          {}&#xD;
        )&#xD;
      )&#xD;
    },&#xD;
    value: ri!pagingInfo,&#xD;
    saveInto: {&#xD;
      ri!pagingInfo&#xD;
    }&#xD;
  )&#xD;
)</definition>
        <namedTypedValue>
            <name>pagingInfo</name>
            <type>
                <name>PagingInfo</name>
                <namespace>http://www.appian.com/ae/types/2009</namespace>
            </type>
        </namedTypedValue>
        <namedTypedValue>
            <name>feedbackMaxRating</name>
            <type>
                <name>int</name>
                <namespace>http://www.w3.org/2001/XMLSchema</namespace>
            </type>
        </namedTypedValue>
        <namedTypedValue>
            <name>startDate</name>
            <type>
                <name>date</name>
                <namespace>http://www.w3.org/2001/XMLSchema</namespace>
            </type>
        </namedTypedValue>
        <namedTypedValue>
            <name>trainingId</name>
            <type>
                <name>int</name>
                <namespace>http://www.w3.org/2001/XMLSchema</namespace>
            </type>
        </namedTypedValue>
        <namedTypedValue>
            <name>feedbackComment</name>
            <type>
                <name>string</name>
                <namespace>http://www.w3.org/2001/XMLSchema</namespace>
            </type>
            <value/>
        </namedTypedValue>
        <namedTypedValue>
            <name>feedbackMinRating</name>
            <type>
                <name>int</name>
                <namespace>http://www.w3.org/2001/XMLSchema</namespace>
            </type>
        </namedTypedValue>
        <namedTypedValue>
            <name>endDate</name>
            <type>
                <name>date</name>
                <namespace>http://www.w3.org/2001/XMLSchema</namespace>
            </type>
        </namedTypedValue>
        <preferredEditor>interface</preferredEditor>
        <offlineEnabled>false</offlineEnabled>
    </rule>
    <roleMap public="true">
        <role allowForAll="true" inherit="false" name="readers">
            <users/>
            <groups/>
        </role>
        <role allowForAll="true" inherit="false" name="authors">
            <users/>
            <groups/>
        </role>
        <role allowForAll="false" inherit="false" name="administrators">
            <users/>
            <groups>
                <groupUuid>_e-0000dd0a-93c8-8000-9aee-01075c01075c_12</groupUuid>
            </groups>
        </role>
        <role allowForAll="false" inherit="false" name="denyReaders">
            <users/>
            <groups/>
        </role>
        <role allowForAll="false" inherit="false" name="denyAuthors">
            <users/>
            <groups/>
        </role>
        <role allowForAll="false" inherit="false" name="denyAdministrators">
            <users/>
            <groups/>
        </role>
    </roleMap>
    <typedValue>
        <type>
            <name>RuleTestConfig?list</name>
            <namespace>http://www.appian.com/ae/types/2009</namespace>
        </type>
        <value>
            <el>
                <a:name/>
                <a:ruleInputTestConfigs>
                    <a:value xmlns:xsi="http://www.w3.org/2001/XMLSchema-instance" xsi:nil="true" xsi:type="a:PagingInfo"/>
                    <a:nameRef>pagingInfo</a:nameRef>
                    <a:id/>
                </a:ruleInputTestConfigs>
                <a:ruleInputTestConfigs>
                    <a:value xmlns:xsd="http://www.w3.org/2001/XMLSchema" xmlns:xsi="http://www.w3.org/2001/XMLSchema-instance" xsi:nil="true" xsi:type="xsd:int"/>
                    <a:nameRef>feedbackMaxRating</a:nameRef>
                    <a:id/>
                </a:ruleInputTestConfigs>
                <a:ruleInputTestConfigs>
                    <a:value xmlns:xsd="http://www.w3.org/2001/XMLSchema" xmlns:xsi="http://www.w3.org/2001/XMLSchema-instance" xsi:nil="true" xsi:type="xsd:date"/>
                    <a:nameRef>startDate</a:nameRef>
                    <a:id/>
                </a:ruleInputTestConfigs>
                <a:ruleInputTestConfigs>
                    <a:value xmlns:xsd="http://www.w3.org/2001/XMLSchema" xmlns:xsi="http://www.w3.org/2001/XMLSchema-instance" xsi:nil="true" xsi:type="xsd:int"/>
                    <a:nameRef>trainingId</a:nameRef>
                    <a:id/>
                </a:ruleInputTestConfigs>
                <a:ruleInputTestConfigs>
                    <a:value xmlns:xsd="http://www.w3.org/2001/XMLSchema" xmlns:xsi="http://www.w3.org/2001/XMLSchema-instance" xsi:type="xsd:string"/>
                    <a:nameRef>feedbackComment</a:nameRef>
                    <a:id/>
                </a:ruleInputTestConfigs>
                <a:ruleInputTestConfigs>
                    <a:value xmlns:xsd="http://www.w3.org/2001/XMLSchema" xmlns:xsi="http://www.w3.org/2001/XMLSchema-instance" xsi:nil="true" xsi:type="xsd:int"/>
                    <a:nameRef>feedbackMinRating</a:nameRef>
                    <a:id/>
                </a:ruleInputTestConfigs>
                <a:ruleInputTestConfigs>
                    <a:value xmlns:xsd="http://www.w3.org/2001/XMLSchema" xmlns:xsi="http://www.w3.org/2001/XMLSchema-instance" xsi:nil="true" xsi:type="xsd:date"/>
                    <a:nameRef>endDate</a:nameRef>
                    <a:id/>
                </a:ruleInputTestConfigs>
                <a:assertions xmlns:xsi="http://www.w3.org/2001/XMLSchema-instance" xsi:nil="true"/>
            </el>
        </value>
    </typedValue>
</contentHaul>
