<?xml version="1.0" encoding="UTF-8" standalone="yes"?>
<contentHaul xmlns:a="http://www.appian.com/ae/types/2009">
    <rule>
        <name>HR_DASH_Position_Summary</name>
        <uuid>_a-0000dd0d-462c-8000-9ba2-011c48011c48_3746</uuid>
        <description>Position Record Summary Interface</description>
        <parentUuid>_a-0000dd0a-80c8-8000-aae2-01ef9001ef90_3769</parentUuid>
        <visibility>
            <advertise>false</advertise>
            <hierarchy>true</hierarchy>
            <indexable>true</indexable>
            <quota>false</quota>
            <searchable>true</searchable>
            <system>false</system>
            <unlogged>false</unlogged>
        </visibility>
        <definition>load(
  local!position: #&quot;_a-0000dd0d-462c-8000-9ba2-011c48011c48_3770&quot;(
    positionId: rf!positionId
  ).data,
  local!tabToShow: 1,
  local!positionDescription: #&quot;_a-0000dd3a-bcbf-8000-9ba2-011c48011c48_15651&quot;(
    positionDescId: rf!positionDescId
  ).data,
  #&quot;SYSTEM_SYSRULES_dashboardLayout&quot;(
    firstColumnContents: {
      #&quot;ec1839c6-de8f-4834-8397-681ea3dbeed5&quot;(
        labels: #&quot;_a-0000dd3a-bcbf-8000-9ba2-011c48011c48_15659&quot;,
        tabToShow: local!tabToShow,
        saveInto: local!tabToShow
      ),
      choose(
        key: local!tabToShow,
        choice1: {
          #&quot;_a-0000dd3a-bcbf-8000-9ba2-011c48011c48_15627&quot;(
            positionDescription: local!positionDescription,
            isPositionSummary: true,
            position: local!position
          )
        },
        choice2: {
          #&quot;_a-0000dd3a-bcbf-8000-9ba2-011c48011c48_15626&quot;(
            positionDescription: local!positionDescription
          )
        },
        choice3: {
          #&quot;_a-0000dd3a-bcbf-8000-9ba2-011c48011c48_15628&quot;(
            positionDescription: local!positionDescription
          )
        },
        choice4: {
          #&quot;_a-0000dd3a-bcbf-8000-9ba2-011c48011c48_15629&quot;(
            positionDescription: local!positionDescription
          )
        },
        choice5: {
          #&quot;_a-0000dd3a-bcbf-8000-9ba2-011c48011c48_15630&quot;(
            positionDescription: local!positionDescription
          )
        }
      )
    }
  )
)</definition>
        <preferredEditor>interface</preferredEditor>
        <offlineEnabled>false</offlineEnabled>
    </rule>
    <roleMap public="true">
        <role allowForAll="true" inherit="false" name="readers">
            <users/>
            <groups/>
        </role>
        <role allowForAll="true" inherit="false" name="authors">
            <users/>
            <groups/>
        </role>
        <role allowForAll="false" inherit="false" name="administrators">
            <users/>
            <groups>
                <groupUuid>_e-0000dd0a-93c8-8000-9aee-01075c01075c_12</groupUuid>
            </groups>
        </role>
        <role allowForAll="false" inherit="false" name="denyReaders">
            <users/>
            <groups/>
        </role>
        <role allowForAll="false" inherit="false" name="denyAuthors">
            <users/>
            <groups/>
        </role>
        <role allowForAll="false" inherit="false" name="denyAdministrators">
            <users/>
            <groups/>
        </role>
    </roleMap>
</contentHaul>
