<?xml version="1.0" encoding="UTF-8" standalone="yes"?>
<contentHaul xmlns:a="http://www.appian.com/ae/types/2009">
    <rule>
        <name>HR_SCT_PositionDetails_filters</name>
        <uuid>_a-0000dd8b-d239-8000-9ba2-011c48011c48_29538</uuid>
        <description>Filter section for Position Report</description>
        <parentUuid>_a-0000dd0d-462c-8000-9ba2-011c48011c48_3551</parentUuid>
        <visibility>
            <advertise>false</advertise>
            <hierarchy>true</hierarchy>
            <indexable>true</indexable>
            <quota>false</quota>
            <searchable>true</searchable>
            <system>false</system>
            <unlogged>false</unlogged>
        </visibility>
        <definition>load(&#xD;
  local!deptId,&#xD;
  local!agencyId,&#xD;
  local!status: #&quot;3af0f2e5-5c7f-4f1b-b92a-7b2b087a2287&quot;(&#xD;
    type: #&quot;_a-0000dd0d-462c-8000-9ba2-011c48011c48_7091&quot;&#xD;
  ).data,&#xD;
  local!department: #&quot;_a-0000dd0d-462c-8000-9ba2-011c48011c48_4745&quot;(&#xD;
    pagingInfo: #&quot;SYSTEM_SYSRULES_pagingInfo&quot;(&#xD;
      startIndex: 1,&#xD;
      batchSize: - 1&#xD;
    )&#xD;
  ).data,&#xD;
  local!agency: #&quot;3af0f2e5-5c7f-4f1b-b92a-7b2b087a2287&quot;(&#xD;
    type: #&quot;_a-0000dd0d-462c-8000-9ba2-011c48011c48_4342&quot;&#xD;
  ).data,&#xD;
&#xD;
      #&quot;SYSTEM_SYSRULES_sectionLayout&quot;(&#xD;
        label: &quot;Filters&quot;,&#xD;
        firstColumnContents: {&#xD;
          #&quot;SYSTEM_SYSRULES_textField&quot;(&#xD;
            label: &quot;Name&quot;,&#xD;
            value: ri!temp_searchRequest.positionName,&#xD;
            saveInto: ri!temp_searchRequest.positionName,&#xD;
            readOnly: false&#xD;
          ),&#xD;
          #&quot;_a-0000dd0d-462c-8000-9ba2-011c48011c48_5656&quot;(&#xD;
            minMaxLabel: &quot;Salary&quot;,&#xD;
            minValue: ri!temp_searchRequest.positionSalaryLower,&#xD;
            maxValue: ri!temp_searchRequest.positionSalaryUpper&#xD;
          ),&#xD;
          #&quot;SYSTEM_SYSRULES_textField&quot;(&#xD;
            label: &quot;Series&quot;,&#xD;
            value: ri!temp_searchRequest.positionSeries,&#xD;
            saveInto: ri!temp_searchRequest.positionSeries,&#xD;
            readOnly: false&#xD;
          ),&#xD;
          #&quot;SYSTEM_SYSRULES_textField&quot;(&#xD;
            label: &quot;Grade&quot;,&#xD;
            value: ri!temp_searchRequest.positionGrade,&#xD;
            saveInto: ri!temp_searchRequest.positionGrade,&#xD;
            readOnly: false&#xD;
          ),&#xD;
          #&quot;SYSTEM_SYSRULES_textField&quot;(&#xD;
            label: &quot;Location&quot;,&#xD;
            value: ri!temp_searchRequest.positionLocation,&#xD;
            saveInto: ri!temp_searchRequest.positionLocation,&#xD;
            readOnly: false&#xD;
          )&#xD;
        },&#xD;
        secondColumnContents: {&#xD;
          #&quot;0a6ee9ea-8c0f-4e16-871d-f5f408011cc7&quot;(&#xD;
            dateLabel: &quot;Open&quot;,&#xD;
            fromDate: ri!temp_searchRequest.positionOpenDate,&#xD;
            toDate: ri!temp_searchRequest.positionCloseDate&#xD;
          ),&#xD;
          #&quot;SYSTEM_SYSRULES_dropdownField&quot;(&#xD;
            label: &quot;Department&quot;,&#xD;
            labelPosition: &quot;ABOVE&quot;,&#xD;
            placeholderLabel: #&quot;_a-0000dd0d-462c-8000-9ba2-011c48011c48_4728&quot;,&#xD;
            choiceLabels: index(&#xD;
              local!department,&#xD;
              &quot;departmentName&quot;,&#xD;
              {}&#xD;
            ),&#xD;
            choiceValues: index(&#xD;
              local!department,&#xD;
              &quot;departmentName&quot;,&#xD;
              {}&#xD;
            ),&#xD;
            value: ri!temp_searchRequest.positionDept,&#xD;
            saveInto: ri!temp_searchRequest.positionDept,&#xD;
            validations: {}&#xD;
          ),&#xD;
          #&quot;SYSTEM_SYSRULES_dropdownField&quot;(&#xD;
            label: &quot;Agency&quot;,&#xD;
            labelPosition: &quot;ABOVE&quot;,&#xD;
            placeholderLabel: #&quot;_a-0000dd0d-462c-8000-9ba2-011c48011c48_4728&quot;,&#xD;
            choiceLabels: index(&#xD;
              local!agency,&#xD;
              &quot;label&quot;,&#xD;
              {}&#xD;
            ),&#xD;
            choiceValues: index(&#xD;
              local!agency,&#xD;
              &quot;label&quot;,&#xD;
              {}&#xD;
            ),&#xD;
            value: ri!temp_searchRequest.positionAgencyName,&#xD;
            saveInto: ri!temp_searchRequest.positionAgencyName,&#xD;
            validations: {}&#xD;
          ),&#xD;
          #&quot;SYSTEM_SYSRULES_dropdownField&quot;(&#xD;
            label: &quot;Status&quot;,&#xD;
            labelPosition: &quot;ABOVE&quot;,&#xD;
            placeholderLabel: #&quot;_a-0000dd0d-462c-8000-9ba2-011c48011c48_4728&quot;,&#xD;
            choiceLabels: index(&#xD;
              local!status,&#xD;
              &quot;label&quot;,&#xD;
              {}&#xD;
            ),&#xD;
            choiceValues: index(&#xD;
              local!status,&#xD;
              &quot;label&quot;,&#xD;
              {}&#xD;
            ),&#xD;
            value: ri!temp_searchRequest.positionStatus,&#xD;
            saveInto: ri!temp_searchRequest.positionStatus,&#xD;
            validations: {}&#xD;
          ),&#xD;
          #&quot;_a-0000dd0d-462c-8000-9ba2-011c48011c48_7226&quot;(&#xD;
            label: &quot;Filled By&quot;,&#xD;
            readOnly: false,&#xD;
            value: ri!temp_searchRequest.userId,&#xD;
            saveInto: ri!temp_searchRequest.userId,&#xD;
            maxSelections: 1&#xD;
          ),&#xD;
          #&quot;_a-0000dd0d-462c-8000-9ba2-011c48011c48_5659&quot;(&#xD;
            resetSaveInto: {&#xD;
              a!save(&#xD;
                ri!pagingInfo.startIndex,&#xD;
                1&#xD;
              ),&#xD;
              a!save(&#xD;
                ri!temp_searchRequest,&#xD;
                ri!blank_searchRequest),&#xD;
              a!save(ri!searchRequest, ri!blank_searchRequest),&#xD;
              a!save(ri!dataSubset,&#xD;
                #&quot;_a-0000dd8b-d239-8000-9ba2-011c48011c48_29531&quot;(&#xD;
                  searchRequest: ri!searchRequest,&#xD;
                  pagingInfo: ri!pagingInfo&#xD;
                )&#xD;
              )&#xD;
            },&#xD;
            searchSaveInto: {&#xD;
              a!save(&#xD;
                ri!pagingInfo.startIndex,&#xD;
                1&#xD;
              ),&#xD;
              a!save(ri!searchRequest, ri!temp_searchRequest),&#xD;
              a!save(&#xD;
                ri!dataSubset,&#xD;
                #&quot;_a-0000dd8b-d239-8000-9ba2-011c48011c48_29531&quot;(&#xD;
                  searchRequest: ri!searchRequest,&#xD;
                  pagingInfo: ri!pagingInfo&#xD;
                )&#xD;
              )&#xD;
            }&#xD;
          )&#xD;
        },&#xD;
        isCollapsible: true,&#xD;
        isInitiallyCollapsed: true&#xD;
      ))</definition>
        <namedTypedValue>
            <name>temp_searchRequest</name>
            <type>
                <name>HR_Position_SearchRequest</name>
                <namespace>urn:com:appian:types:HR</namespace>
            </type>
        </namedTypedValue>
        <namedTypedValue>
            <name>searchRequest</name>
            <type>
                <name>HR_Position_SearchRequest</name>
                <namespace>urn:com:appian:types:HR</namespace>
            </type>
        </namedTypedValue>
        <namedTypedValue>
            <name>dataSubset</name>
            <type>
                <name>DataSubset</name>
                <namespace>http://www.appian.com/ae/types/2009</namespace>
            </type>
        </namedTypedValue>
        <namedTypedValue>
            <name>pagingInfo</name>
            <type>
                <name>PagingInfo</name>
                <namespace>http://www.appian.com/ae/types/2009</namespace>
            </type>
        </namedTypedValue>
        <namedTypedValue>
            <name>blank_searchRequest</name>
            <type>
                <name>HR_Position_SearchRequest</name>
                <namespace>urn:com:appian:types:HR</namespace>
            </type>
        </namedTypedValue>
        <preferredEditor>interface</preferredEditor>
        <offlineEnabled>false</offlineEnabled>
    </rule>
    <roleMap public="true">
        <role allowForAll="false" inherit="true" name="readers">
            <users/>
            <groups/>
        </role>
        <role allowForAll="false" inherit="true" name="authors">
            <users/>
            <groups/>
        </role>
        <role allowForAll="false" inherit="true" name="administrators">
            <users/>
            <groups/>
        </role>
        <role allowForAll="false" inherit="false" name="denyReaders">
            <users/>
            <groups/>
        </role>
        <role allowForAll="false" inherit="false" name="denyAuthors">
            <users/>
            <groups/>
        </role>
        <role allowForAll="false" inherit="false" name="denyAdministrators">
            <users/>
            <groups/>
        </role>
    </roleMap>
</contentHaul>
