<?xml version="1.0" encoding="UTF-8" standalone="yes"?>
<contentHaul xmlns:a="http://www.appian.com/ae/types/2009">
    <rule>
        <name>HR_QRY_V_getUser</name>
        <uuid>_a-0000dd0d-462c-8000-9ba2-011c48011c48_3612</uuid>
        <description>Gets all instances of an HR_V_User_Record based on the filters</description>
        <parentUuid>_a-0000dd0d-462c-8000-9ba2-011c48011c48_3808</parentUuid>
        <visibility>
            <advertise>false</advertise>
            <hierarchy>true</hierarchy>
            <indexable>true</indexable>
            <quota>false</quota>
            <searchable>true</searchable>
            <system>false</system>
            <unlogged>false</unlogged>
        </visibility>
        <definition>#&quot;fdea6255-5ee8-42a2-bdb1-aace3c917d86&quot;(
  entity: #&quot;_a-0000dcfd-5663-8000-aae2-01ef9001ef90_3619&quot;,
  logicalExpression: #&quot;SYSTEM_SYSRULES_queryLogicalExpression&quot;(
    operator: &quot;AND&quot;,
    filters: {
      #&quot;SYSTEM_SYSRULES_queryFilter&quot;(field: &quot;userId&quot;, operator: &quot;not null&quot;),
      if(isnull(ri!appianUsername), {}, #&quot;SYSTEM_SYSRULES_queryFilter&quot;(field: &quot;appianUsername&quot;, operator: &quot;=&quot;, value: ri!appianUsername)),
      if(isnull(ri!userName), {}, #&quot;SYSTEM_SYSRULES_queryFilter&quot;(field: &quot;userName&quot;, operator: &quot;includes&quot;, value: ri!userName)),
      if(isnull(ri!userId), {}, #&quot;SYSTEM_SYSRULES_queryFilter&quot;(field: &quot;userId&quot;, operator: &quot;in&quot;, value: ri!userId)),
      if(isnull(ri!userType), {}, #&quot;SYSTEM_SYSRULES_queryFilter&quot;(field: &quot;userType&quot;, operator: &quot;=&quot;, value: ri!userType)),
      if(isnull(ri!userStatus), {}, #&quot;SYSTEM_SYSRULES_queryFilter&quot;(field: &quot;userStatus&quot;, operator: &quot;=&quot;, value: ri!userStatus)),
      if(isnull(ri!isActive), {}, #&quot;SYSTEM_SYSRULES_queryFilter&quot;(field: &quot;isActive&quot;, operator: &quot;=&quot;, value: ri!isActive)),
      if(isnull(ri!departmentId), {}, #&quot;SYSTEM_SYSRULES_queryFilter&quot;(field: &quot;departmentId&quot;, operator: &quot;=&quot;, value: ri!departmentId)),
      if(isnull(ri!userSupervisorId), {}, #&quot;SYSTEM_SYSRULES_queryFilter&quot;(field: &quot;userSupervisorId&quot;, operator: &quot;=&quot;, value: ri!userSupervisorId))
    }
  ),
  pagingInfo: ri!pagingInfo
)</definition>
        <namedTypedValue>
            <name>columns</name>
            <type>
                <name>Text?list</name>
                <namespace>http://www.appian.com/ae/types/2009</namespace>
            </type>
        </namedTypedValue>
        <namedTypedValue>
            <name>pagingInfo</name>
            <type>
                <name>PagingInfo</name>
                <namespace>http://www.appian.com/ae/types/2009</namespace>
            </type>
        </namedTypedValue>
        <namedTypedValue>
            <name>appianUsername</name>
            <type>
                <name>string</name>
                <namespace>http://www.w3.org/2001/XMLSchema</namespace>
            </type>
            <value/>
        </namedTypedValue>
        <namedTypedValue>
            <name>userName</name>
            <type>
                <name>string</name>
                <namespace>http://www.w3.org/2001/XMLSchema</namespace>
            </type>
            <value/>
        </namedTypedValue>
        <namedTypedValue>
            <name>userId</name>
            <type>
                <name>Integer?list</name>
                <namespace>http://www.appian.com/ae/types/2009</namespace>
            </type>
        </namedTypedValue>
        <namedTypedValue>
            <name>userType</name>
            <type>
                <name>string</name>
                <namespace>http://www.w3.org/2001/XMLSchema</namespace>
            </type>
            <value/>
        </namedTypedValue>
        <namedTypedValue>
            <name>userStatus</name>
            <type>
                <name>string</name>
                <namespace>http://www.w3.org/2001/XMLSchema</namespace>
            </type>
            <value/>
        </namedTypedValue>
        <namedTypedValue>
            <name>isActive</name>
            <type>
                <name>boolean</name>
                <namespace>http://www.w3.org/2001/XMLSchema</namespace>
            </type>
        </namedTypedValue>
        <namedTypedValue>
            <name>departmentId</name>
            <type>
                <name>int</name>
                <namespace>http://www.w3.org/2001/XMLSchema</namespace>
            </type>
        </namedTypedValue>
        <namedTypedValue>
            <name>userSupervisorId</name>
            <type>
                <name>int</name>
                <namespace>http://www.w3.org/2001/XMLSchema</namespace>
            </type>
        </namedTypedValue>
        <preferredEditor>legacy</preferredEditor>
        <offlineEnabled>false</offlineEnabled>
    </rule>
    <roleMap public="true">
        <role allowForAll="true" inherit="false" name="readers">
            <users/>
            <groups/>
        </role>
        <role allowForAll="true" inherit="false" name="authors">
            <users/>
            <groups/>
        </role>
        <role allowForAll="false" inherit="false" name="administrators">
            <users/>
            <groups>
                <groupUuid>_e-0000dd0a-93c8-8000-9aee-01075c01075c_12</groupUuid>
            </groups>
        </role>
        <role allowForAll="false" inherit="false" name="denyReaders">
            <users/>
            <groups/>
        </role>
        <role allowForAll="false" inherit="false" name="denyAuthors">
            <users/>
            <groups/>
        </role>
        <role allowForAll="false" inherit="false" name="denyAdministrators">
            <users/>
            <groups/>
        </role>
    </roleMap>
</contentHaul>
