<?xml version="1.0" encoding="UTF-8" standalone="yes"?>
<contentHaul xmlns:a="http://www.appian.com/ae/types/2009">
    <rule>
        <name>HR_SCT_Position_jobRequirements</name>
        <uuid>_a-0000dd0d-462c-8000-9ba2-011c48011c48_4356</uuid>
        <description>Reusable section for the job requirements of a position description</description>
        <parentUuid>_a-0000dd0d-462c-8000-9ba2-011c48011c48_3551</parentUuid>
        <visibility>
            <advertise>false</advertise>
            <hierarchy>true</hierarchy>
            <indexable>true</indexable>
            <quota>false</quota>
            <searchable>true</searchable>
            <system>false</system>
            <unlogged>false</unlogged>
        </visibility>
        <definition>load(
  local!securityClearance: #&quot;3af0f2e5-5c7f-4f1b-b92a-7b2b087a2287&quot;(
    columns: {
      &quot;id&quot;,
      &quot;label&quot;
    },
    type: #&quot;_a-0000dd0d-462c-8000-9ba2-011c48011c48_4787&quot;
  ).data,
  #&quot;SYSTEM_SYSRULES_sectionLayout&quot;(
    label: &quot;Job Requirements&quot;,
    isCollapsible: ri!readOnly,
    firstColumnContents: {
      #&quot;_a-0000dd0d-462c-8000-9ba2-011c48011c48_3687&quot;(
        label: &quot;Key Requirements&quot;,
        readOnly: ri!readOnly,
        required: true,
        value: ri!positionDescription.positionDescKeyRequirements,
        saveInto: ri!positionDescription.positionDescKeyRequirements
      ),
      #&quot;_a-0000dd0d-462c-8000-9ba2-011c48011c48_3685&quot;(
        label: &quot;Security Clearance&quot;,
        readOnly: ri!readOnly,
        required: true,
        choiceLabels: local!securityClearance.label,
        choiceValues: local!securityClearance.id,
        value: ri!positionDescription.securityClearanceId,
        saveInto: ri!positionDescription.securityClearanceId
      )
    },
    secondColumnContents: {
      #&quot;_a-0000dd0d-462c-8000-9ba2-011c48011c48_3687&quot;(
        label: &quot;Qualifications&quot;,
        readOnly: ri!readOnly,
        required: true,
        value: ri!positionDescription.positionDescQualifications,
        saveInto: ri!positionDescription.positionDescQualifications
      )
    }
  )
)</definition>
        <namedTypedValue>
            <name>readOnly</name>
            <type>
                <name>boolean</name>
                <namespace>http://www.w3.org/2001/XMLSchema</namespace>
            </type>
        </namedTypedValue>
        <namedTypedValue>
            <name>positionDescription</name>
            <type>
                <name>HR_PositionDescription</name>
                <namespace>urn:com:appian:types:HR</namespace>
            </type>
        </namedTypedValue>
        <preferredEditor>interface</preferredEditor>
        <offlineEnabled>false</offlineEnabled>
    </rule>
    <roleMap public="true">
        <role allowForAll="true" inherit="false" name="readers">
            <users/>
            <groups/>
        </role>
        <role allowForAll="true" inherit="false" name="authors">
            <users/>
            <groups/>
        </role>
        <role allowForAll="false" inherit="false" name="administrators">
            <users/>
            <groups>
                <groupUuid>_e-0000dd0a-93c8-8000-9aee-01075c01075c_12</groupUuid>
            </groups>
        </role>
        <role allowForAll="false" inherit="false" name="denyReaders">
            <users/>
            <groups/>
        </role>
        <role allowForAll="false" inherit="false" name="denyAuthors">
            <users/>
            <groups/>
        </role>
        <role allowForAll="false" inherit="false" name="denyAdministrators">
            <users/>
            <groups/>
        </role>
    </roleMap>
</contentHaul>
