<?xml version="1.0" encoding="UTF-8" standalone="yes"?>
<contentHaul xmlns:a="http://www.appian.com/ae/types/2009">
    <rule>
        <name>HR_RULE_Hoteling_reserveSpaceFromLink</name>
        <uuid>_a-0000dd3a-bcbf-8000-9ba2-011c48011c48_14299</uuid>
        <description>Process link that kicks off the process for reserving a space.</description>
        <parentUuid>_a-0000dd0d-462c-8000-9ba2-011c48011c48_3790</parentUuid>
        <visibility>
            <advertise>false</advertise>
            <hierarchy>true</hierarchy>
            <indexable>true</indexable>
            <quota>false</quota>
            <searchable>true</searchable>
            <system>false</system>
            <unlogged>false</unlogged>
        </visibility>
        <definition>#&quot;SYSTEM_SYSRULES_dynamicLink&quot;(&#xD;
  saveInto: {&#xD;
    a!save(&#xD;
      ri!selectedReservation,&#xD;
      #&quot;_a-0000dd17-9077-8000-9ba2-011c48011c48_10963&quot;(reservationId: ri!reservationId).data&#xD;
    ),&#xD;
    a!save(&#xD;
      ri!selectedSpace,&#xD;
      #&quot;_a-0000dd0d-462c-8000-9ba2-011c48011c48_4973&quot;(spaceId: ri!spaceId).data &#xD;
    )&#xD;
  }&#xD;
)</definition>
        <namedTypedValue>
            <name>selectedReservation</name>
            <type>
                <name>HR_Reservation</name>
                <namespace>urn:com:appian:types:HR</namespace>
            </type>
        </namedTypedValue>
        <namedTypedValue>
            <name>selectedSpace</name>
            <type>
                <name>HR_V_Space_Record</name>
                <namespace>urn:com:appian:types:HR</namespace>
            </type>
        </namedTypedValue>
        <namedTypedValue>
            <name>reservationId</name>
            <type>
                <name>int</name>
                <namespace>http://www.w3.org/2001/XMLSchema</namespace>
            </type>
        </namedTypedValue>
        <namedTypedValue>
            <name>spaceId</name>
            <type>
                <name>int</name>
                <namespace>http://www.w3.org/2001/XMLSchema</namespace>
            </type>
        </namedTypedValue>
        <preferredEditor>legacy</preferredEditor>
        <offlineEnabled>false</offlineEnabled>
    </rule>
    <roleMap public="true">
        <role allowForAll="true" inherit="false" name="readers">
            <users/>
            <groups/>
        </role>
        <role allowForAll="true" inherit="false" name="authors">
            <users/>
            <groups/>
        </role>
        <role allowForAll="false" inherit="false" name="administrators">
            <users/>
            <groups>
                <groupUuid>_e-0000dd0a-93c8-8000-9aee-01075c01075c_12</groupUuid>
            </groups>
        </role>
        <role allowForAll="false" inherit="false" name="denyReaders">
            <users/>
            <groups/>
        </role>
        <role allowForAll="false" inherit="false" name="denyAuthors">
            <users/>
            <groups/>
        </role>
        <role allowForAll="false" inherit="false" name="denyAdministrators">
            <users/>
            <groups/>
        </role>
    </roleMap>
</contentHaul>
