<?xml version="1.0" encoding="UTF-8" standalone="yes"?>
<contentHaul xmlns:a="http://www.appian.com/ae/types/2009">
    <rule>
        <name>HR_FRM_Hoteling_Space</name>
        <uuid>_a-0000dd0d-462c-8000-9ba2-011c48011c48_5123</uuid>
        <description>Related action form to reserve a space.</description>
        <parentUuid>_a-0000dd0d-462c-8000-9ba2-011c48011c48_3563</parentUuid>
        <visibility>
            <advertise>false</advertise>
            <hierarchy>true</hierarchy>
            <indexable>true</indexable>
            <quota>false</quota>
            <searchable>true</searchable>
            <system>false</system>
            <unlogged>false</unlogged>
        </visibility>
        <definition>load(
  #&quot;SYSTEM_SYSRULES_formLayout&quot;(
    label: ri!formLabel,
    firstColumnContents: {
      #&quot;_a-0000dd0d-462c-8000-9ba2-011c48011c48_5354&quot;(
        space: ri!space
      ),
      #&quot;_a-0000dd0d-462c-8000-9ba2-011c48011c48_5412&quot;(
        readOnly: false,
        space: ri!space,
        reservation: ri!reservation,
        repeatReservations: ri!repeatReservations
      )
    },
    secondColumnContents: {},
    buttons: #&quot;SYSTEM_SYSRULES_ButtonLayout&quot;(
      primaryButtons: {
        #&quot;SYSTEM_SYSRULES_ButtonWidgetSubmit&quot;(
          label: &quot;Submit&quot;,
          style: &quot;PRIMARY&quot;,
          confirmMessage: #&quot;7f62a623-5366-4c78-b206-93377a4aef6b&quot;(needsApproval: ri!space.needsApproval),
          value: #&quot;_a-0000dd0d-462c-8000-9ba2-011c48011c48_5544&quot;,
          saveInto: ri!buttonClicked
        )
      },
      secondaryButtons: {
        #&quot;SYSTEM_SYSRULES_ButtonWidgetSubmit&quot;(
          label: &quot;Cancel&quot;,
          style: &quot;NORMAL&quot;,
          value: #&quot;_a-0000dd0d-462c-8000-9ba2-011c48011c48_5426&quot;,
          saveInto: ri!buttonClicked,
          skipValidation: true
        )
      }
    ),
    validations: {
      #&quot;_a-0000dd3a-bcbf-8000-9ba2-011c48011c48_14760&quot;(
        reservationFrom: ri!reservation.reservationFrom,
        reservationTo: ri!reservation.reservationTo,
        spaceId: ri!space.spaceId
      )
    }
  )
)</definition>
        <namedTypedValue>
            <name>buttonClicked</name>
            <type>
                <name>string</name>
                <namespace>http://www.w3.org/2001/XMLSchema</namespace>
            </type>
            <value/>
        </namedTypedValue>
        <namedTypedValue>
            <name>reservation</name>
            <type>
                <name>HR_Reservation</name>
                <namespace>urn:com:appian:types:HR</namespace>
            </type>
        </namedTypedValue>
        <namedTypedValue>
            <name>space</name>
            <type>
                <name>HR_V_Space_Record</name>
                <namespace>urn:com:appian:types:HR</namespace>
            </type>
        </namedTypedValue>
        <namedTypedValue>
            <name>formLabel</name>
            <type>
                <name>string</name>
                <namespace>http://www.w3.org/2001/XMLSchema</namespace>
            </type>
            <value/>
        </namedTypedValue>
        <namedTypedValue>
            <name>repeatReservations</name>
            <type>
                <name>HR_Reservation?list</name>
                <namespace>urn:com:appian:types:HR</namespace>
            </type>
        </namedTypedValue>
        <preferredEditor>interface</preferredEditor>
        <offlineEnabled>false</offlineEnabled>
    </rule>
    <roleMap public="true">
        <role allowForAll="true" inherit="false" name="readers">
            <users/>
            <groups/>
        </role>
        <role allowForAll="true" inherit="false" name="authors">
            <users/>
            <groups/>
        </role>
        <role allowForAll="false" inherit="false" name="administrators">
            <users/>
            <groups>
                <groupUuid>_e-0000dd0a-93c8-8000-9aee-01075c01075c_12</groupUuid>
            </groups>
        </role>
        <role allowForAll="false" inherit="false" name="denyReaders">
            <users/>
            <groups/>
        </role>
        <role allowForAll="false" inherit="false" name="denyAuthors">
            <users/>
            <groups/>
        </role>
        <role allowForAll="false" inherit="false" name="denyAdministrators">
            <users/>
            <groups/>
        </role>
    </roleMap>
    <typedValue>
        <type>
            <name>RuleTestConfig?list</name>
            <namespace>http://www.appian.com/ae/types/2009</namespace>
        </type>
        <value>
            <el>
                <a:name/>
                <a:ruleInputTestConfigs>
                    <a:value xmlns:xsd="http://www.w3.org/2001/XMLSchema" xmlns:xsi="http://www.w3.org/2001/XMLSchema-instance" xsi:type="xsd:string"/>
                    <a:nameRef>buttonClicked</a:nameRef>
                    <a:id/>
                </a:ruleInputTestConfigs>
                <a:ruleInputTestConfigs>
                    <a:value xmlns:n1="urn:com:appian:types:HR" xmlns:xsi="http://www.w3.org/2001/XMLSchema-instance" xsi:nil="true" xsi:type="n1:HR_Reservation"/>
                    <a:nameRef>reservation</a:nameRef>
                    <a:id/>
                </a:ruleInputTestConfigs>
                <a:ruleInputTestConfigs>
                    <a:value xmlns:xsi="http://www.w3.org/2001/XMLSchema-instance" xsi:type="a:Expression">#&quot;_a-0000dd0d-462c-8000-9ba2-011c48011c48_4973&quot;(spaceId:1).data</a:value>
                    <a:nameRef>space</a:nameRef>
                    <a:id/>
                </a:ruleInputTestConfigs>
                <a:ruleInputTestConfigs>
                    <a:value xmlns:xsd="http://www.w3.org/2001/XMLSchema" xmlns:xsi="http://www.w3.org/2001/XMLSchema-instance" xsi:type="xsd:string"/>
                    <a:nameRef>formLabel</a:nameRef>
                    <a:id/>
                </a:ruleInputTestConfigs>
                <a:ruleInputTestConfigs>
                    <a:nameRef>repeatReservations</a:nameRef>
                    <a:id/>
                </a:ruleInputTestConfigs>
                <a:assertions xmlns:xsi="http://www.w3.org/2001/XMLSchema-instance" xsi:nil="true"/>
            </el>
        </value>
    </typedValue>
</contentHaul>
