<?xml version="1.0" encoding="UTF-8" standalone="yes"?>
<contentHaul xmlns:a="http://www.appian.com/ae/types/2009">
    <rule>
        <name>HR_SCT_Onboarding_positionInformation</name>
        <uuid>_a-0000dd8b-d239-8000-9ba2-011c48011c48_30009</uuid>
        <description>Section displaying the position information for the onboarding process</description>
        <parentUuid>_a-0000dd0d-462c-8000-9ba2-011c48011c48_3551</parentUuid>
        <visibility>
            <advertise>false</advertise>
            <hierarchy>true</hierarchy>
            <indexable>true</indexable>
            <quota>false</quota>
            <searchable>true</searchable>
            <system>false</system>
            <unlogged>false</unlogged>
        </visibility>
        <definition>load(
  local!positionNameFilter,
  local!positionDepartmentFilter,
  local!positionNameTemp,
  local!positionDepartmentTemp,
  local!columns: {&quot;positionId&quot;,&quot;positionName&quot;,&quot;positionSeries&quot;,&quot;positionDept&quot;,&quot;positionLocation&quot;},
  local!positions: #&quot;_a-0000dd0d-462c-8000-9ba2-011c48011c48_3770&quot;(
    columns: local!columns,
    pagingInfo:ri!gridSelection.pagingInfo,
    positionName: local!positionNameFilter,
    positionDept: local!positionDepartmentFilter,
    positionStatus: #&quot;_a-0000dd8b-d239-8000-9ba2-011c48011c48_30890&quot;,
    noUser: true
  ),
  local!departmentFilterOptions: #&quot;_a-0000dd0d-462c-8000-9ba2-011c48011c48_4745&quot;(
    columns: {&quot;departmentName&quot;},
    pagingInfo: #&quot;SYSTEM_SYSRULES_pagingInfo&quot;(startIndex: 1, batchSize: -1)
  ).data,
  local!selectedPositionName: if(ri!readOnly,
    #&quot;_a-0000dd0d-462c-8000-9ba2-011c48011c48_4253&quot;(
      columns: {&quot;positionName&quot;},
      positionId: ri!positionPerson.positionId
    ).data.positionName,
    null
  ),
  {
    #&quot;SYSTEM_SYSRULES_sectionLayout&quot;(
      label: &quot;Candidate Position Information&quot;
    ),
    if(ri!readOnly,
      {},
      {
        #&quot;SYSTEM_SYSRULES_richTextDisplayField&quot;(
          value: {
            #&quot;SYSTEM_SYSRULES_richTextItem&quot;(
              text: &quot;Please select a position for this candidate&quot;,
              style: &quot;STRONG&quot;
            )
          }
        ),
        #&quot;SYSTEM_SYSRULES_sectionLayout&quot;(
          firstColumnContents: {
            #&quot;_a-0000dd0d-462c-8000-9ba2-011c48011c48_3690&quot;(
              label: &quot;Position Name&quot;,
              readOnly: false,
              value: local!positionNameTemp,
              saveInto: local!positionNameTemp
            )
          },
          secondColumnContents: {
            #&quot;_a-0000dd0d-462c-8000-9ba2-011c48011c48_3685&quot;(
              label: &quot;Position Department&quot;,
              readOnly: false,
              choiceLabels: property(local!departmentFilterOptions,&quot;departmentName&quot;,{}),
              choiceValues: property(local!departmentFilterOptions,&quot;departmentName&quot;,{}),
              value: local!positionDepartmentTemp,
              saveInto: local!positionDepartmentTemp
            )
          }
        ),
        #&quot;SYSTEM_SYSRULES_sectionLayout&quot;(
          firstColumnContents: {
            #&quot;_a-0000dd0d-462c-8000-9ba2-011c48011c48_5659&quot;(
              resetSaveInto: {
                a!save(ri!gridSelection, #&quot;SYSTEM_SYSRULES_gridSelection&quot;(pagingInfo: #&quot;SYSTEM_SYSRULES_pagingInfo&quot;(startIndex: 1, batchSize: #&quot;_a-0000dd0d-462c-8000-9ba2-011c48011c48_4972&quot;))),
                a!save(
                  {
                    local!positionNameFilter, 
                    local!positionNameTemp, 
                    local!positionDepartmentFilter, 
                    local!positionDepartmentTemp
                  }, 
                  null),
                a!save(
                  local!positions, 
                  #&quot;_a-0000dd0d-462c-8000-9ba2-011c48011c48_3770&quot;(
                    pagingInfo: ri!gridSelection.pagingInfo,
                    columns: local!columns,
                    positionStatus: #&quot;_a-0000dd8b-d239-8000-9ba2-011c48011c48_30890&quot;,
                    noUser: true
                  )
                )
              },
              searchSaveInto: {
                a!save(ri!gridSelection, #&quot;SYSTEM_SYSRULES_gridSelection&quot;(pagingInfo: #&quot;SYSTEM_SYSRULES_pagingInfo&quot;(startIndex: 1, batchSize: #&quot;_a-0000dd0d-462c-8000-9ba2-011c48011c48_4972&quot;))),
                a!save(local!positionNameFilter, local!positionNameTemp),
                a!save(local!positionDepartmentFilter, local!positionDepartmentTemp),
                a!save(
                  local!positions,
                  #&quot;_a-0000dd0d-462c-8000-9ba2-011c48011c48_3770&quot;(
                    pagingInfo: ri!gridSelection.pagingInfo,
                    columns: local!columns,
                    positionName: local!positionNameFilter,
                    positionDept: local!positionDepartmentFilter,
                    positionStatus: #&quot;_a-0000dd8b-d239-8000-9ba2-011c48011c48_30890&quot;,
                    noUser: true
                  )
                )
              }
            )
          }
        ),
        #&quot;SYSTEM_SYSRULES_sectionLayout&quot;(
          isCollapsible: ri!isCollapsible,
          firstColumnContents: {
            #&quot;SYSTEM_SYSRULES_gridField&quot;(
              selection: not(ri!readOnly),
              columns:{
                #&quot;SYSTEM_SYSRULES_gridTextColumn&quot;(
                  label: &quot;Position Name&quot;,
                  field: &quot;positionName&quot;,
                  data: index(local!positions.data, &quot;positionName&quot;, {})
                ),
                #&quot;SYSTEM_SYSRULES_gridTextColumn&quot;(
                  label: &quot;Series&quot;,
                  field: &quot;positionSeries&quot;,
                  data: index(local!positions.data, &quot;positionSeries&quot;, {})
                ),
                #&quot;SYSTEM_SYSRULES_gridTextColumn&quot;(
                  label: &quot;Department&quot;,
                  field: &quot;positionDept&quot;,
                  data: index(local!positions.data, &quot;positionDept&quot;, {})
                ),
                #&quot;SYSTEM_SYSRULES_gridTextColumn&quot;(
                  label: &quot;Location&quot;,
                  field: &quot;positionLocation&quot;,
                  data: index(local!positions.data, &quot;positionLocation&quot;, {})
                )
              },
              totalCount: local!positions.totalCount,
              identifiers: index(local!positions.data, &quot;positionId&quot;, {}),
              requireSelection: true,
              value: ri!gridSelection,
              saveInto: #&quot;4c0833a9-0127-4d25-9d6d-cb881c688e7d&quot;(
                  gridSelectionOrPagingInfo: ri!gridSelection,
                  additionalSaveInto: {
                    a!save(
                      local!positions,
                      #&quot;_a-0000dd0d-462c-8000-9ba2-011c48011c48_3770&quot;(
                        columns: local!columns,
                        pagingInfo: ri!gridSelection.pagingInfo,
                        positionName: local!positionNameFilter,
                        positionDept: local!positionDepartmentFilter,
                        positionStatus: #&quot;_a-0000dd8b-d239-8000-9ba2-011c48011c48_30890&quot;,
                        noUser: true
                      )
                    ),
                    if(count(ri!gridSelection.selected)&gt;1,
                      a!save(
                        ri!gridSelection.selected,
                        ri!gridSelection.selected[length(ri!gridSelection.selected)]
                      ),
                      {}
                    ),
                    a!save(ri!positionPerson.positionId,index(ri!gridSelection,&quot;selected&quot;,null))
                  }
                ),
              validations: {
                if(
                  #&quot;2168a5de-fb70-4d66-8b97-b547e3ac6e57&quot;(ri!gridSelection.selected),
                    &quot;You must select a position&quot;,
                    &quot;&quot;
                  )
              }
            )
          }
        )
      }
    ),
    #&quot;SYSTEM_SYSRULES_sectionLayout&quot;(
      firstColumnContents: {
        if(ri!readOnly,
          #&quot;SYSTEM_SYSRULES_linkField&quot;(
            label: &quot;Position&quot;,
            links: #&quot;_a-0000dd8b-d239-8000-9ba2-011c48011c48_30177&quot;(
              label: local!selectedPositionName,
              recordType: #&quot;_a-0000dd0d-462c-8000-9ba2-011c48011c48_4065&quot;,
              recordIds: ri!positionPerson.positionId
            ),
            labelPosition: #&quot;7515f385-6042-4961-b666-89d55ce8534e&quot;(true)
          ),
          {}
        ),
        #&quot;fa8d3278-99cb-48cb-b4c8-5602158660a9&quot;(
          label: &quot;Hire Date&quot;,
          required: true,
          readOnly: ri!readOnly,
          value: ri!hrUser.userHireDate,
          saveInto: ri!hrUser.userHireDate
        ),
      },
      secondColumnContents: {
        #&quot;_a-0000dd0d-462c-8000-9ba2-011c48011c48_7226&quot;(
          label: &quot;Supervisor&quot;,
          readOnly: ri!readOnly,
          value: ri!hrUser.userSupervisor,
          saveInto: ri!hrUser.userSupervisor,
          maxSelections: 1
        )
      }
    )
  }
)</definition>
        <namedTypedValue>
            <name>isCollapsible</name>
            <type>
                <name>boolean</name>
                <namespace>http://www.w3.org/2001/XMLSchema</namespace>
            </type>
        </namedTypedValue>
        <namedTypedValue>
            <name>readOnly</name>
            <type>
                <name>boolean</name>
                <namespace>http://www.w3.org/2001/XMLSchema</namespace>
            </type>
        </namedTypedValue>
        <namedTypedValue>
            <name>hrUser</name>
            <type>
                <name>HR_User</name>
                <namespace>urn:com:appian:types:HR</namespace>
            </type>
        </namedTypedValue>
        <namedTypedValue>
            <name>gridSelection</name>
            <type>
                <name>GridSelection</name>
                <namespace>http://www.appian.com/ae/types/2009</namespace>
            </type>
        </namedTypedValue>
        <namedTypedValue>
            <name>positionPerson</name>
            <type>
                <name>HR_PositionPerson</name>
                <namespace>urn:com:appian:types:HR</namespace>
            </type>
        </namedTypedValue>
        <preferredEditor>interface</preferredEditor>
        <offlineEnabled>false</offlineEnabled>
    </rule>
    <roleMap public="true">
        <role allowForAll="false" inherit="true" name="readers">
            <users/>
            <groups/>
        </role>
        <role allowForAll="false" inherit="true" name="authors">
            <users/>
            <groups/>
        </role>
        <role allowForAll="false" inherit="true" name="administrators">
            <users/>
            <groups/>
        </role>
        <role allowForAll="false" inherit="false" name="denyReaders">
            <users/>
            <groups/>
        </role>
        <role allowForAll="false" inherit="false" name="denyAuthors">
            <users/>
            <groups/>
        </role>
        <role allowForAll="false" inherit="false" name="denyAdministrators">
            <users/>
            <groups/>
        </role>
    </roleMap>
    <typedValue>
        <type>
            <name>RuleTestConfig?list</name>
            <namespace>http://www.appian.com/ae/types/2009</namespace>
        </type>
        <value>
            <el>
                <a:name/>
                <a:ruleInputTestConfigs>
                    <a:value xmlns:xsd="http://www.w3.org/2001/XMLSchema" xmlns:xsi="http://www.w3.org/2001/XMLSchema-instance" xsi:type="xsd:boolean">false</a:value>
                    <a:nameRef>isCollapsible</a:nameRef>
                    <a:id/>
                </a:ruleInputTestConfigs>
                <a:ruleInputTestConfigs>
                    <a:value xmlns:xsd="http://www.w3.org/2001/XMLSchema" xmlns:xsi="http://www.w3.org/2001/XMLSchema-instance" xsi:type="xsd:boolean">false</a:value>
                    <a:nameRef>readOnly</a:nameRef>
                    <a:id/>
                </a:ruleInputTestConfigs>
                <a:ruleInputTestConfigs>
                    <a:value xmlns:xsi="http://www.w3.org/2001/XMLSchema-instance" xsi:type="a:Expression">'type!{urn:com:appian:types:HR}HR_User'()</a:value>
                    <a:nameRef>hrUser</a:nameRef>
                    <a:id/>
                </a:ruleInputTestConfigs>
                <a:ruleInputTestConfigs>
                    <a:value xmlns:xsi="http://www.w3.org/2001/XMLSchema-instance" xsi:type="a:Expression">#&quot;SYSTEM_SYSRULES_gridSelection&quot;(pagingInfo:#&quot;SYSTEM_SYSRULES_pagingInfo&quot;(startIndex:1,batchSize:5))</a:value>
                    <a:nameRef>gridSelection</a:nameRef>
                    <a:id/>
                </a:ruleInputTestConfigs>
                <a:ruleInputTestConfigs>
                    <a:value xmlns:n1="urn:com:appian:types:HR" xmlns:xsi="http://www.w3.org/2001/XMLSchema-instance" xsi:nil="true" xsi:type="n1:HR_PositionPerson"/>
                    <a:nameRef>positionPerson</a:nameRef>
                    <a:id/>
                </a:ruleInputTestConfigs>
                <a:assertions xmlns:xsi="http://www.w3.org/2001/XMLSchema-instance" xsi:nil="true"/>
            </el>
        </value>
    </typedValue>
</contentHaul>
