<?xml version="1.0" encoding="UTF-8" standalone="yes"?>
<contentHaul xmlns:a="http://www.appian.com/ae/types/2009">
    <rule>
        <name>HR_RULE_Hoteling_repeatWeekly</name>
        <uuid>_a-0000dd72-ed8d-8000-9ba2-011c48011c48_25867</uuid>
        <description>Rule to repeat reservations weekly</description>
        <parentUuid>_a-0000dd0d-462c-8000-9ba2-011c48011c48_3790</parentUuid>
        <visibility>
            <advertise>false</advertise>
            <hierarchy>true</hierarchy>
            <indexable>true</indexable>
            <quota>false</quota>
            <searchable>true</searchable>
            <system>false</system>
            <unlogged>false</unlogged>
        </visibility>
        <definition>with(
  local!startDayId: weekday(local(ri!dateTimes[1])),
  local!dayIds: reject(fn!isnull, {local!startDayId, split(ri!dayId, #&quot;_a-0000dd0d-462c-8000-9ba2-011c48011c48_4238&quot;)}),
  if(ri!repeatEnds=1,
    append(
      ri!dateTimes,
      #&quot;_a-0000dd72-ed8d-8000-9ba2-011c48011c48_24886&quot;(
        dateTimes: ri!dateTimes,
        dayIds: local!dayIds,
        singularFlag: true,
        repeatEvery: ri!repeatEvery
      )
    ),
    with(
      local!nextReservations: #&quot;_a-0000dd72-ed8d-8000-9ba2-011c48011c48_24886&quot;(
        dateTimes: ri!dateTimes,
        dayIds: local!dayIds,
        singularFlag: false,
        repeatEvery: ri!repeatEvery
      ),
      append(
        ri!dateTimes,
        remove(
          local!nextReservations,
          where(todate(local(local!nextReservations))&gt;ri!endDate)
        )
      )
    )
  )
)
</definition>
        <namedTypedValue>
            <name>dateTimes</name>
            <type>
                <name>Datetime?list</name>
                <namespace>http://www.appian.com/ae/types/2009</namespace>
            </type>
        </namedTypedValue>
        <namedTypedValue>
            <name>iteration</name>
            <type>
                <name>int</name>
                <namespace>http://www.w3.org/2001/XMLSchema</namespace>
            </type>
        </namedTypedValue>
        <namedTypedValue>
            <name>dayId</name>
            <type>
                <name>string</name>
                <namespace>http://www.w3.org/2001/XMLSchema</namespace>
            </type>
            <value/>
        </namedTypedValue>
        <namedTypedValue>
            <name>endDate</name>
            <type>
                <name>date</name>
                <namespace>http://www.w3.org/2001/XMLSchema</namespace>
            </type>
        </namedTypedValue>
        <namedTypedValue>
            <name>repeatEnds</name>
            <type>
                <name>int</name>
                <namespace>http://www.w3.org/2001/XMLSchema</namespace>
            </type>
        </namedTypedValue>
        <namedTypedValue>
            <name>repeatEvery</name>
            <type>
                <name>int</name>
                <namespace>http://www.w3.org/2001/XMLSchema</namespace>
            </type>
        </namedTypedValue>
        <preferredEditor>legacy</preferredEditor>
        <offlineEnabled>false</offlineEnabled>
    </rule>
    <roleMap public="true">
        <role allowForAll="false" inherit="true" name="readers">
            <users/>
            <groups/>
        </role>
        <role allowForAll="false" inherit="true" name="authors">
            <users/>
            <groups/>
        </role>
        <role allowForAll="false" inherit="true" name="administrators">
            <users/>
            <groups/>
        </role>
        <role allowForAll="false" inherit="false" name="denyReaders">
            <users/>
            <groups/>
        </role>
        <role allowForAll="false" inherit="false" name="denyAuthors">
            <users/>
            <groups/>
        </role>
        <role allowForAll="false" inherit="false" name="denyAdministrators">
            <users/>
            <groups/>
        </role>
    </roleMap>
</contentHaul>
