<?xml version="1.0" encoding="UTF-8" standalone="yes"?>
<contentHaul xmlns:a="http://www.appian.com/ae/types/2009">
    <rule>
        <name>HR_QRY_V_getPosition</name>
        <uuid>_a-0000dd0d-462c-8000-9ba2-011c48011c48_3770</uuid>
        <description>Gets all instances of an HR_V_Position_Record based on the filters</description>
        <parentUuid>_a-0000dd0d-462c-8000-9ba2-011c48011c48_3808</parentUuid>
        <visibility>
            <advertise>false</advertise>
            <hierarchy>true</hierarchy>
            <indexable>true</indexable>
            <quota>false</quota>
            <searchable>true</searchable>
            <system>false</system>
            <unlogged>false</unlogged>
        </visibility>
        <definition>#&quot;fdea6255-5ee8-42a2-bdb1-aace3c917d86&quot;(
  entity: #&quot;_a-0000dd0d-462c-8000-9ba2-011c48011c48_3766&quot;,
  columns: ri!columns,
  logicalExpression: #&quot;SYSTEM_SYSRULES_queryLogicalExpression&quot;(
    operator: &quot;AND&quot;,
    filters: {
      #&quot;SYSTEM_SYSRULES_queryFilter&quot;(field: &quot;positionId&quot;, operator: &quot;not null&quot;),
      if(isnull(ri!positionId), {}, #&quot;SYSTEM_SYSRULES_queryFilter&quot;(field: &quot;positionId&quot;, operator: &quot;=&quot;, value: ri!positionId)),
      if(isnull(ri!positionDescId), {}, #&quot;SYSTEM_SYSRULES_queryFilter&quot;(field: &quot;positionDescId&quot;, operator: &quot;=&quot;, value: ri!positionDescId)),
      if(isnull(ri!positionName), {}, #&quot;SYSTEM_SYSRULES_queryFilter&quot;(field: &quot;positionName&quot;, operator: &quot;includes&quot;, value: ri!positionName)),
      if(isnull(ri!positionSalaryLower), {}, #&quot;SYSTEM_SYSRULES_queryFilter&quot;(field: &quot;positionSalaryLower&quot;, operator: &quot;&gt;=&quot;, value: ri!positionSalaryLower)),
      if(isnull(ri!positionSalaryUpper), {}, #&quot;SYSTEM_SYSRULES_queryFilter&quot;(field: &quot;positionSalaryUpper&quot;, operator: &quot;&lt;=&quot;, value: ri!positionSalaryUpper)),
      if(isnull(ri!positionSeries), {}, #&quot;SYSTEM_SYSRULES_queryFilter&quot;(field: &quot;positionSeries&quot;, operator: &quot;starts with&quot;, value: ri!positionSeries)),
      if(isnull(ri!positionGrade), {}, #&quot;SYSTEM_SYSRULES_queryFilter&quot;(field: &quot;positionGrade&quot;, operator: &quot;starts with&quot;, value: ri!positionGrade)),
      if(isnull(ri!positionLocation), {}, #&quot;SYSTEM_SYSRULES_queryFilter&quot;(field: &quot;positionLocation&quot;, operator: &quot;starts with&quot;, value: ri!positionLocation)),
      if(isnull(ri!positionOpenDate), {}, #&quot;SYSTEM_SYSRULES_queryFilter&quot;(field: &quot;positionOpenDate&quot;, operator: &quot;&gt;=&quot;, value: ri!positionOpenDate)),
      if(isnull(ri!positionCloseDate), {}, #&quot;SYSTEM_SYSRULES_queryFilter&quot;(field: &quot;positionCloseDate&quot;, operator: &quot;&lt;=&quot;, value: ri!positionCloseDate)),
      if(isnull(ri!positionDept), {}, #&quot;SYSTEM_SYSRULES_queryFilter&quot;(field: &quot;positionDept&quot;, operator: &quot;starts with&quot;, value: ri!positionDept)),
      if(isnull(ri!positionAgencyName), {}, #&quot;SYSTEM_SYSRULES_queryFilter&quot;(field: &quot;positionAgencyName&quot;, operator: &quot;starts with&quot;, value: ri!positionAgencyName)),
      if(isnull(ri!userName), {}, #&quot;SYSTEM_SYSRULES_queryFilter&quot;(field: &quot;userName&quot;, operator: &quot;includes&quot;, value: ri!userName)),
      if(isnull(ri!positionStatus), {}, #&quot;SYSTEM_SYSRULES_queryFilter&quot;(field: &quot;positionStatus&quot;, operator: &quot;starts with&quot;, value: ri!positionStatus)),
      if(isnull(ri!userId), {}, #&quot;SYSTEM_SYSRULES_queryFilter&quot;(field: &quot;userId&quot;, operator: &quot;=&quot;, value: ri!userId)),
      if(isnull(ri!noUser), {}, #&quot;SYSTEM_SYSRULES_queryFilter&quot;(field: &quot;userId&quot;, operator: if(ri!noUser,&quot;is null&quot;,&quot;not null&quot;)))
    }
  ),
  pagingInfo: ri!pagingInfo
)</definition>
        <namedTypedValue>
            <name>columns</name>
            <type>
                <name>Text?list</name>
                <namespace>http://www.appian.com/ae/types/2009</namespace>
            </type>
        </namedTypedValue>
        <namedTypedValue>
            <name>pagingInfo</name>
            <type>
                <name>PagingInfo</name>
                <namespace>http://www.appian.com/ae/types/2009</namespace>
            </type>
        </namedTypedValue>
        <namedTypedValue>
            <name>positionId</name>
            <type>
                <name>int</name>
                <namespace>http://www.w3.org/2001/XMLSchema</namespace>
            </type>
        </namedTypedValue>
        <namedTypedValue>
            <name>positionDescId</name>
            <type>
                <name>int</name>
                <namespace>http://www.w3.org/2001/XMLSchema</namespace>
            </type>
        </namedTypedValue>
        <namedTypedValue>
            <name>positionSalaryLower</name>
            <type>
                <name>double</name>
                <namespace>http://www.w3.org/2001/XMLSchema</namespace>
            </type>
        </namedTypedValue>
        <namedTypedValue>
            <name>positionSalaryUpper</name>
            <type>
                <name>double</name>
                <namespace>http://www.w3.org/2001/XMLSchema</namespace>
            </type>
        </namedTypedValue>
        <namedTypedValue>
            <name>positionSeries</name>
            <type>
                <name>string</name>
                <namespace>http://www.w3.org/2001/XMLSchema</namespace>
            </type>
            <value/>
        </namedTypedValue>
        <namedTypedValue>
            <name>positionGrade</name>
            <type>
                <name>string</name>
                <namespace>http://www.w3.org/2001/XMLSchema</namespace>
            </type>
            <value/>
        </namedTypedValue>
        <namedTypedValue>
            <name>positionLocation</name>
            <type>
                <name>string</name>
                <namespace>http://www.w3.org/2001/XMLSchema</namespace>
            </type>
            <value/>
        </namedTypedValue>
        <namedTypedValue>
            <name>positionOpenDate</name>
            <type>
                <name>date</name>
                <namespace>http://www.w3.org/2001/XMLSchema</namespace>
            </type>
        </namedTypedValue>
        <namedTypedValue>
            <name>positionCloseDate</name>
            <type>
                <name>date</name>
                <namespace>http://www.w3.org/2001/XMLSchema</namespace>
            </type>
        </namedTypedValue>
        <namedTypedValue>
            <name>positionDept</name>
            <type>
                <name>string</name>
                <namespace>http://www.w3.org/2001/XMLSchema</namespace>
            </type>
            <value/>
        </namedTypedValue>
        <namedTypedValue>
            <name>positionAgencyName</name>
            <type>
                <name>string</name>
                <namespace>http://www.w3.org/2001/XMLSchema</namespace>
            </type>
            <value/>
        </namedTypedValue>
        <namedTypedValue>
            <name>userName</name>
            <type>
                <name>string</name>
                <namespace>http://www.w3.org/2001/XMLSchema</namespace>
            </type>
            <value/>
        </namedTypedValue>
        <namedTypedValue>
            <name>positionStatus</name>
            <type>
                <name>string</name>
                <namespace>http://www.w3.org/2001/XMLSchema</namespace>
            </type>
            <value/>
        </namedTypedValue>
        <namedTypedValue>
            <name>positionName</name>
            <type>
                <name>string</name>
                <namespace>http://www.w3.org/2001/XMLSchema</namespace>
            </type>
            <value/>
        </namedTypedValue>
        <namedTypedValue>
            <name>userId</name>
            <type>
                <name>int</name>
                <namespace>http://www.w3.org/2001/XMLSchema</namespace>
            </type>
        </namedTypedValue>
        <namedTypedValue>
            <name>noUser</name>
            <type>
                <name>boolean</name>
                <namespace>http://www.w3.org/2001/XMLSchema</namespace>
            </type>
        </namedTypedValue>
        <preferredEditor>legacy</preferredEditor>
        <offlineEnabled>false</offlineEnabled>
    </rule>
    <roleMap public="true">
        <role allowForAll="true" inherit="false" name="readers">
            <users/>
            <groups/>
        </role>
        <role allowForAll="true" inherit="false" name="authors">
            <users/>
            <groups/>
        </role>
        <role allowForAll="false" inherit="false" name="administrators">
            <users/>
            <groups>
                <groupUuid>_e-0000dd0a-93c8-8000-9aee-01075c01075c_12</groupUuid>
            </groups>
        </role>
        <role allowForAll="false" inherit="false" name="denyReaders">
            <users/>
            <groups/>
        </role>
        <role allowForAll="false" inherit="false" name="denyAuthors">
            <users/>
            <groups/>
        </role>
        <role allowForAll="false" inherit="false" name="denyAdministrators">
            <users/>
            <groups/>
        </role>
    </roleMap>
</contentHaul>
