<?xml version="1.0" encoding="UTF-8" standalone="yes"?>
<contentHaul xmlns:a="http://www.appian.com/ae/types/2009">
    <rule>
        <name>HR_SCT_ItEquipment_generalRequestInformation</name>
        <uuid>_a-0000dd0d-462c-8000-9ba2-011c48011c48_5128</uuid>
        <description>Reusable section for general request information for IT Equipment</description>
        <parentUuid>_a-0000dd0d-462c-8000-9ba2-011c48011c48_3551</parentUuid>
        <visibility>
            <advertise>false</advertise>
            <hierarchy>true</hierarchy>
            <indexable>true</indexable>
            <quota>false</quota>
            <searchable>true</searchable>
            <system>false</system>
            <unlogged>false</unlogged>
        </visibility>
        <definition>load(
  local!itEquipmentType: #&quot;3af0f2e5-5c7f-4f1b-b92a-7b2b087a2287&quot;(
    columns: {
      &quot;id&quot;,
      &quot;label&quot;
    },
    type: #&quot;_a-0000dd0d-462c-8000-9ba2-011c48011c48_5291&quot;,
    isActive: true
  ).data,
  local!makes:#&quot;_a-0000dd8b-d239-8000-9ba2-011c48011c48_29132&quot;(),
  local!models:#&quot;_a-0000dd8b-d239-8000-9ba2-011c48011c48_29135&quot;(), 
  #&quot;SYSTEM_SYSRULES_sectionLayout&quot;(
    label: &quot;Equipment Details&quot;,
    firstColumnContents: {
      #&quot;_a-0000dd0d-462c-8000-9ba2-011c48011c48_3685&quot;(
        label: &quot;Equipment Type&quot;,
        required: true,
        readOnly: ri!readOnly,
        choiceLabels: local!itEquipmentType.label,
        choiceValues: local!itEquipmentType.id,
        value: ri!itEquipment.itEquipmentTypeId,
        saveInto: {ri!itEquipment.itEquipmentTypeId, a!save({ri!itEquipment.monitorSize,ri!itEquipment.memory,ri!itEquipment.HDSize,ri!itEquipment.processor}, null)}
      ),
      #&quot;_a-0000dd0d-462c-8000-9ba2-011c48011c48_3690&quot;(
        label: &quot;Serial Number&quot;,
        required: true,
        readOnly: ri!readOnly,
        value: ri!itEquipment.serialNumber,
        saveInto: ri!itEquipment.serialNumber
      ),
      #&quot;_a-0000dd0d-462c-8000-9ba2-011c48011c48_7205&quot;(
        label: &quot;Make&quot;,
        required: true,
        readOnly: ri!readOnly,
        suggestFunction: #&quot;_a-0000dd4b-0482-8000-9ba2-011c48011c48_18274&quot;( typedText: _, labels:local!makes),
        maxSelections: 1,
        selectedLabels: if(isnull(ri!itEquipment.make), {}, ri!itEquipment.make),
        value: ri!itEquipment.make,
        saveInto: ri!itEquipment.make
        ),
      #&quot;_a-0000dd0d-462c-8000-9ba2-011c48011c48_7205&quot;(
        label: &quot;Model&quot;,
        required: true,
        readOnly: ri!readOnly,
        suggestFunction: #&quot;_a-0000dd4b-0482-8000-9ba2-011c48011c48_18274&quot;( typedText: _, labels: local!models),
        maxSelections: 1,
        selectedLabels: if(isnull(ri!itEquipment.model), {}, ri!itEquipment.model),
        value: ri!itEquipment.model,
        saveInto:ri!itEquipment.model)
        ,
      if(ri!itEquipment.itEquipmentTypeId = 50, #&quot;_a-0000dd0d-462c-8000-9ba2-011c48011c48_3685&quot;(
        label: &quot;Processor&quot;,
        required: true,
        readOnly: ri!readOnly,
        choiceLabels:#&quot;_a-0000dd8b-d239-8000-9ba2-011c48011c48_28706&quot;,
        choiceValues: #&quot;_a-0000dd8b-d239-8000-9ba2-011c48011c48_28706&quot;,
        value: ri!itEquipment.processor,
        saveInto: ri!itEquipment.processor
      ),{})
    },
    secondColumnContents: {
      if(ri!itEquipment.itEquipmentTypeId = 50,
      {#&quot;_a-0000dd0d-462c-8000-9ba2-011c48011c48_3690&quot;(
        label: &quot;Memory Size&quot;,
        readOnly: ri!readOnly,
        value: ri!itEquipment.memory,
        saveInto: ri!itEquipment.memory
      ),
      #&quot;_a-0000dd0d-462c-8000-9ba2-011c48011c48_3690&quot;(
        label: &quot;HD Size&quot;,
        readOnly: ri!readOnly,
        value: ri!itEquipment.HDSize,
        saveInto: ri!itEquipment.HDSize
      )}, {}), 
      if(ri!itEquipment.itEquipmentTypeId = 52,
      #&quot;_a-0000dd0d-462c-8000-9ba2-011c48011c48_3690&quot;(
        label: &quot;Memory Size&quot;,
        readOnly: ri!readOnly,
        value: ri!itEquipment.memory,
        saveInto: ri!itEquipment.memory
      ), {}),
      if(ri!itEquipment.itEquipmentTypeId = 27, #&quot;_a-0000dd0d-462c-8000-9ba2-011c48011c48_3690&quot;(
        label: &quot;Monitor Size&quot;,
        readOnly: ri!readOnly,
        value: ri!itEquipment.monitorSize,
        saveInto: ri!itEquipment.monitorSize
      ),{}),
      #&quot;_a-0000dd17-9077-8000-9ba2-011c48011c48_10649&quot;(
        readOnly: ri!readOnly,
        choiceLabel: &quot;Portable?&quot;,
        value: ri!itEquipment.isPortable,
        saveInto: ri!itEquipment.isPortable,
         labelPosition: if(
          ri!readOnly,
          null,
          &quot;COLLAPSED&quot;
        )
      ),
      #&quot;_a-0000dd0d-462c-8000-9ba2-011c48011c48_3687&quot;(
        label: &quot;Notes&quot;,
        readOnly: ri!readOnly,
        value: ri!itEquipment.notes,
        saveInto: ri!itEquipment.notes
      )
    },
    isCollapsible: ri!readOnly
  )
)</definition>
        <namedTypedValue>
            <name>readOnly</name>
            <type>
                <name>boolean</name>
                <namespace>http://www.w3.org/2001/XMLSchema</namespace>
            </type>
        </namedTypedValue>
        <namedTypedValue>
            <name>itEquipment</name>
            <type>
                <name>HR_ItEquipment</name>
                <namespace>urn:com:appian:types:HR</namespace>
            </type>
        </namedTypedValue>
        <preferredEditor>interface</preferredEditor>
        <offlineEnabled>false</offlineEnabled>
    </rule>
    <roleMap public="true">
        <role allowForAll="true" inherit="false" name="readers">
            <users/>
            <groups/>
        </role>
        <role allowForAll="true" inherit="false" name="authors">
            <users/>
            <groups/>
        </role>
        <role allowForAll="false" inherit="false" name="administrators">
            <users/>
            <groups>
                <groupUuid>_e-0000dd0a-93c8-8000-9aee-01075c01075c_12</groupUuid>
            </groups>
        </role>
        <role allowForAll="false" inherit="false" name="denyReaders">
            <users/>
            <groups/>
        </role>
        <role allowForAll="false" inherit="false" name="denyAuthors">
            <users/>
            <groups/>
        </role>
        <role allowForAll="false" inherit="false" name="denyAdministrators">
            <users/>
            <groups/>
        </role>
    </roleMap>
</contentHaul>
