<?xml version="1.0" encoding="UTF-8" standalone="yes"?>
<contentHaul xmlns:a="http://www.appian.com/ae/types/2009">
    <rule>
        <name>HR_GRID_Position</name>
        <uuid>_a-0000dd8b-d239-8000-9ba2-011c48011c48_30048</uuid>
        <description>Grid to display user positions</description>
        <parentUuid>_a-0000dd0d-462c-8000-9ba2-011c48011c48_3789</parentUuid>
        <visibility>
            <advertise>false</advertise>
            <hierarchy>true</hierarchy>
            <indexable>true</indexable>
            <quota>false</quota>
            <searchable>true</searchable>
            <system>false</system>
            <unlogged>false</unlogged>
        </visibility>
        <definition>#&quot;SYSTEM_SYSRULES_gridField&quot;(
  label:ri!label,
  selection: true,
  disabled: ri!readOnly,
  columns:{
    #&quot;SYSTEM_SYSRULES_gridTextColumn&quot;(
      label: &quot;Position Name&quot;,
      field: &quot;positionName&quot;,
      data: index(ri!dataSubset.data, &quot;positionName&quot;, {})
    ),
    #&quot;SYSTEM_SYSRULES_gridTextColumn&quot;(
      label: &quot;Series&quot;,
      field: &quot;positionSeries&quot;,
      data: index(ri!dataSubset.data, &quot;positionSeries&quot;, {})
    ),
    #&quot;SYSTEM_SYSRULES_gridTextColumn&quot;(
      label: &quot;Department&quot;,
      field: &quot;positionDept&quot;,
      data: index(ri!dataSubset.data, &quot;positionDept&quot;, {})
    ),
    #&quot;SYSTEM_SYSRULES_gridTextColumn&quot;(
      label: &quot;Location&quot;,
      field: &quot;positionLocation&quot;,
      data: index(ri!dataSubset.data, &quot;positionLocation&quot;, {})
    )
  },
  totalCount: ri!dataSubset.totalCount,
  identifiers: index(ri!dataSubset.data, &quot;positionId&quot;, {}),
  value: ri!gridSelection,
  saveInto: #&quot;4c0833a9-0127-4d25-9d6d-cb881c688e7d&quot;(
      gridSelectionOrPagingInfo: ri!gridSelection,
      additionalSaveInto: {
        a!save(ri!selectedPositionId,index(ri!gridSelection,&quot;selected&quot;,null))
      }
    ),
  validations:{
    if(
      tointeger(count(ri!gridSelection.selected) &gt; 1),
      &quot;You may only select one position&quot;,
      {}
    )
  }
)</definition>
        <namedTypedValue>
            <name>dataSubset</name>
            <type>
                <name>DataSubset</name>
                <namespace>http://www.appian.com/ae/types/2009</namespace>
            </type>
        </namedTypedValue>
        <namedTypedValue>
            <name>pagingInfo</name>
            <type>
                <name>PagingInfo</name>
                <namespace>http://www.appian.com/ae/types/2009</namespace>
            </type>
        </namedTypedValue>
        <namedTypedValue>
            <name>label</name>
            <type>
                <name>string</name>
                <namespace>http://www.w3.org/2001/XMLSchema</namespace>
            </type>
            <value/>
        </namedTypedValue>
        <namedTypedValue>
            <name>gridSelection</name>
            <type>
                <name>GridSelection</name>
                <namespace>http://www.appian.com/ae/types/2009</namespace>
            </type>
        </namedTypedValue>
        <namedTypedValue>
            <name>readOnly</name>
            <type>
                <name>boolean</name>
                <namespace>http://www.w3.org/2001/XMLSchema</namespace>
            </type>
        </namedTypedValue>
        <namedTypedValue>
            <name>selectedPositionId</name>
            <type>
                <name>int</name>
                <namespace>http://www.w3.org/2001/XMLSchema</namespace>
            </type>
        </namedTypedValue>
        <preferredEditor>interface</preferredEditor>
        <offlineEnabled>false</offlineEnabled>
    </rule>
    <roleMap public="true">
        <role allowForAll="false" inherit="true" name="readers">
            <users/>
            <groups/>
        </role>
        <role allowForAll="false" inherit="true" name="authors">
            <users/>
            <groups/>
        </role>
        <role allowForAll="false" inherit="true" name="administrators">
            <users>
                <userUuid>eric.schiavo</userUuid>
                <userUuid>chris.yeates</userUuid>
            </users>
            <groups/>
        </role>
        <role allowForAll="false" inherit="false" name="denyReaders">
            <users/>
            <groups/>
        </role>
        <role allowForAll="false" inherit="false" name="denyAuthors">
            <users/>
            <groups/>
        </role>
        <role allowForAll="false" inherit="false" name="denyAdministrators">
            <users/>
            <groups/>
        </role>
    </roleMap>
    <typedValue>
        <type>
            <name>RuleTestConfig?list</name>
            <namespace>http://www.appian.com/ae/types/2009</namespace>
        </type>
        <value>
            <el>
                <a:name/>
                <a:ruleInputTestConfigs>
                    <a:value xmlns:xsi="http://www.w3.org/2001/XMLSchema-instance" xsi:type="a:Expression">#&quot;_a-0000dd0d-462c-8000-9ba2-011c48011c48_3770&quot;(
    columns:{&quot;positionId&quot;,&quot;positionName&quot;,&quot;positionSeries&quot;,&quot;positionDept&quot;,&quot;positionLocation&quot;},
    pagingInfo:#&quot;SYSTEM_SYSRULES_pagingInfo&quot;(startIndex:1,batchSize:5),
    positionStatus:&quot;Active&quot;,
    positionAgency:&quot;DOJ&quot;
  )</a:value>
                    <a:nameRef>dataSubset</a:nameRef>
                    <a:id/>
                </a:ruleInputTestConfigs>
                <a:ruleInputTestConfigs>
                    <a:value xmlns:xsi="http://www.w3.org/2001/XMLSchema-instance" xsi:type="a:Expression">#&quot;SYSTEM_SYSRULES_pagingInfo&quot;(startIndex:1,batchSize:5)</a:value>
                    <a:nameRef>pagingInfo</a:nameRef>
                    <a:id/>
                </a:ruleInputTestConfigs>
                <a:ruleInputTestConfigs>
                    <a:value xmlns:xsi="http://www.w3.org/2001/XMLSchema-instance" xsi:type="a:Expression">&quot;Select a position&quot;</a:value>
                    <a:nameRef>label</a:nameRef>
                    <a:id/>
                </a:ruleInputTestConfigs>
                <a:ruleInputTestConfigs>
                    <a:value xmlns:xsi="http://www.w3.org/2001/XMLSchema-instance" xsi:type="a:Expression">#&quot;SYSTEM_SYSRULES_gridSelection&quot;(pagingInfo:#&quot;SYSTEM_SYSRULES_pagingInfo&quot;(startIndex:1,batchSize:5))</a:value>
                    <a:nameRef>gridSelection</a:nameRef>
                    <a:id/>
                </a:ruleInputTestConfigs>
                <a:ruleInputTestConfigs>
                    <a:value xmlns:xsd="http://www.w3.org/2001/XMLSchema" xmlns:xsi="http://www.w3.org/2001/XMLSchema-instance" xsi:nil="true" xsi:type="xsd:boolean"/>
                    <a:nameRef>readOnly</a:nameRef>
                    <a:id/>
                </a:ruleInputTestConfigs>
                <a:ruleInputTestConfigs>
                    <a:value xmlns:xsd="http://www.w3.org/2001/XMLSchema" xmlns:xsi="http://www.w3.org/2001/XMLSchema-instance" xsi:nil="true" xsi:type="xsd:int"/>
                    <a:nameRef>selectedPositionId</a:nameRef>
                    <a:id/>
                </a:ruleInputTestConfigs>
                <a:assertions xmlns:xsi="http://www.w3.org/2001/XMLSchema-instance" xsi:nil="true"/>
            </el>
        </value>
    </typedValue>
</contentHaul>
