<?xml version="1.0" encoding="UTF-8" standalone="yes"?>
<contentHaul xmlns:a="http://www.appian.com/ae/types/2009">
    <rule>
        <name>HR_DASH_Floor_Space</name>
        <uuid>_a-0000dd4b-0482-8000-9ba2-011c48011c48_16414</uuid>
        <description>Building Space Subdashboard Interface</description>
        <parentUuid>_a-0000dd0a-80c8-8000-aae2-01ef9001ef90_3769</parentUuid>
        <visibility>
            <advertise>false</advertise>
            <hierarchy>true</hierarchy>
            <indexable>true</indexable>
            <quota>false</quota>
            <searchable>true</searchable>
            <system>false</system>
            <unlogged>false</unlogged>
        </visibility>
        <definition>load(
  local!spaceColumns: {
    &quot;spaceId&quot;,
    &quot;spaceName&quot;,
    &quot;spaceTypeLabel&quot;,
    &quot;capacity&quot;,
    &quot;isTempSpace&quot;,
    &quot;needsApproval&quot;
  },
  local!pagingInfo: #&quot;SYSTEM_SYSRULES_pagingInfo&quot;(
    startIndex: 1,
    batchSize: #&quot;_a-0000dd0d-462c-8000-9ba2-011c48011c48_4972&quot;,
    sort: #&quot;SYSTEM_SYSRULES_sortInfo&quot;(
      field: &quot;spaceName&quot;,
      ascending: true
    )
  ),
  local!dataSubset: #&quot;_a-0000dd0d-462c-8000-9ba2-011c48011c48_4973&quot;(
    columns: local!spaceColumns,
    pagingInfo: local!pagingInfo,
    floorId: rf!floorId
  ),
  local!showColumns: false,
  local!choiceLabels: {
    &quot;Type&quot;,
    &quot;Capacity&quot;,
    &quot;Temporary Space&quot;,
    &quot;Approval Needed&quot;
  },
  local!showColumn: local!choiceLabels[enumerate(
    4
  ) + 1],
  #&quot;SYSTEM_SYSRULES_dashboardLayout&quot;(
    firstColumnContents: {
      #&quot;SYSTEM_SYSRULES_sectionLayout&quot;(
        firstColumnContents: {
          #&quot;SYSTEM_SYSRULES_gridField&quot;(
            columns: {
              #&quot;SYSTEM_SYSRULES_gridTextColumn&quot;(
                label: &quot;Name&quot;,
                field: &quot;spaceName&quot;,
                data: index(
                  local!dataSubset.data,
                  &quot;spaceName&quot;,
                  {}
                ),
                links: #&quot;SYSTEM_SYSRULES_applyComponents&quot;(
                  function: #&quot;SYSTEM_SYSRULES_recordLink&quot;(
                    identifier: _,
                    recordType: #&quot;_a-0000dd0d-462c-8000-9ba2-011c48011c48_4983&quot;
                  ),
                  array: index(
                    local!dataSubset.data,
                    &quot;spaceId&quot;,
                    {}
                  )
                )
              ),
              if(
                contains(
                  local!showColumn,
                  &quot;Type&quot;
                ),
                #&quot;SYSTEM_SYSRULES_gridTextColumn&quot;(
                  label: &quot;Type&quot;,
                  field: &quot;spaceTypeLabel&quot;,
                  data: index(
                    local!dataSubset.data,
                    &quot;spaceTypeLabel&quot;,
                    {}
                  )
                ),
                {}
              ),
              if(
                contains(
                  local!showColumn,
                  &quot;Capacity&quot;
                ),
                #&quot;SYSTEM_SYSRULES_gridTextColumn&quot;(
                  label: &quot;Capacity&quot;,
                  field: &quot;capacity&quot;,
                  data: index(
                    local!dataSubset.data,
                    &quot;capacity&quot;,
                    {}
                  )
                ),
                {}
              ),
              if(
                contains(
                  local!showColumn,
                  &quot;Temporary Space&quot;
                ),
                #&quot;SYSTEM_SYSRULES_gridTextColumn&quot;(
                  label: &quot;Temporary Space&quot;,
                  field: &quot;isTempSpace&quot;,
                  data: apply(
                    #&quot;_a-0000dd0d-462c-8000-9ba2-011c48011c48_5334&quot;,
                    index(
                      local!datasubset.data,
                      &quot;isTempSpace&quot;,
                      {}
                    )
                  )
                ),
                {}
              ),
              if(
                contains(
                  local!showColumn,
                  &quot;Approval Needed&quot;
                ),
                #&quot;SYSTEM_SYSRULES_gridTextColumn&quot;(
                  label: &quot;Approval Needed&quot;,
                  field: &quot;needsApproval&quot;,
                  data: apply(
                    #&quot;_a-0000dd0d-462c-8000-9ba2-011c48011c48_5334&quot;,
                    index(
                      local!datasubset.data,
                      &quot;needsApproval&quot;,
                      {}
                    )
                  )
                ),
                {}
              )
            },
            totalCount: local!dataSubset.totalCount,
            value: local!pagingInfo,
            saveInto: #&quot;4c0833a9-0127-4d25-9d6d-cb881c688e7d&quot;(
              gridSelectionOrPagingInfo: local!pagingInfo,
              additionalSaveInto: {
                a!save(
                  local!dataSubset,
                  #&quot;_a-0000dd0d-462c-8000-9ba2-011c48011c48_4973&quot;(
                    columns: local!spaceColumns,
                    pagingInfo: local!pagingInfo,
                    floorId: rf!floorId
                  )
                )
              }
            )
          ),
          #&quot;2d786626-f8a4-4c46-a2a6-c0c8fe96a4ad&quot;(
            showColumns: local!showColumns,
            choiceLabels: local!choiceLabels,
            showColumn: local!showColumn
          )
        }
      )
    }
  )
)</definition>
        <preferredEditor>interface</preferredEditor>
        <offlineEnabled>false</offlineEnabled>
    </rule>
    <roleMap public="true">
        <role allowForAll="true" inherit="false" name="readers">
            <users/>
            <groups/>
        </role>
        <role allowForAll="true" inherit="false" name="authors">
            <users/>
            <groups/>
        </role>
        <role allowForAll="false" inherit="false" name="administrators">
            <users>
                <userUuid>sean.petykowski</userUuid>
            </users>
            <groups>
                <groupUuid>_e-0000dd0a-93c8-8000-9aee-01075c01075c_12</groupUuid>
            </groups>
        </role>
        <role allowForAll="false" inherit="false" name="denyReaders">
            <users/>
            <groups/>
        </role>
        <role allowForAll="false" inherit="false" name="denyAuthors">
            <users/>
            <groups/>
        </role>
        <role allowForAll="false" inherit="false" name="denyAdministrators">
            <users/>
            <groups/>
        </role>
    </roleMap>
</contentHaul>
