<?xml version="1.0" encoding="UTF-8" standalone="yes"?>
<contentHaul xmlns:a="http://www.appian.com/ae/types/2009">
    <rule>
        <name>HR_RULE_Hoteling_saveCheckInOutDynamicLink</name>
        <uuid>_a-0000dd17-9077-8000-9ba2-011c48011c48_11547</uuid>
        <description>Dynamic link component that saves a reservation check in or reservation check out with a check in / out time</description>
        <parentUuid>_a-0000dd0d-462c-8000-9ba2-011c48011c48_3790</parentUuid>
        <visibility>
            <advertise>false</advertise>
            <hierarchy>true</hierarchy>
            <indexable>true</indexable>
            <quota>false</quota>
            <searchable>true</searchable>
            <system>false</system>
            <unlogged>false</unlogged>
        </visibility>
        <definition>#&quot;SYSTEM_SYSRULES_dynamicLink&quot;(
  saveInto: {
    #&quot;SYSTEM_SYSRULES_writeToDataStoreEntity&quot;(
      dataStoreEntity: if(
        isnull(
          ri!reservationCheckIn
        ),
        #&quot;_a-0000dd3a-bcbf-8000-9ba2-011c48011c48_14800&quot;,
        #&quot;_a-0000dd3a-bcbf-8000-9ba2-011c48011c48_14801&quot;
      ),
      valueToStore: if(
        isnull(
          ri!reservationCheckIn
        ),
        {
          reservationId: ri!reservationId,
          reservationCheckIn: now()
        },
        {
          reservationId: ri!reservationId,
          reservationCheckOut: now()
        }
      ),
      onSuccess: ri!successSaveInto,
      onError: ri!errorSaveInto
    )
  }
)</definition>
        <namedTypedValue>
            <name>reservationId</name>
            <type>
                <name>int</name>
                <namespace>http://www.w3.org/2001/XMLSchema</namespace>
            </type>
        </namedTypedValue>
        <namedTypedValue>
            <name>successSaveInto</name>
            <type>
                <name>Variant</name>
                <namespace>http://www.appian.com/ae/types/2009</namespace>
            </type>
        </namedTypedValue>
        <namedTypedValue>
            <name>errorSaveInto</name>
            <type>
                <name>Variant</name>
                <namespace>http://www.appian.com/ae/types/2009</namespace>
            </type>
        </namedTypedValue>
        <namedTypedValue>
            <name>reservationCheckIn</name>
            <type>
                <name>dateTime</name>
                <namespace>http://www.w3.org/2001/XMLSchema</namespace>
            </type>
        </namedTypedValue>
        <namedTypedValue>
            <name>reservationCheckOut</name>
            <type>
                <name>dateTime</name>
                <namespace>http://www.w3.org/2001/XMLSchema</namespace>
            </type>
        </namedTypedValue>
        <preferredEditor>legacy</preferredEditor>
        <offlineEnabled>false</offlineEnabled>
    </rule>
    <roleMap public="true">
        <role allowForAll="true" inherit="false" name="readers">
            <users/>
            <groups/>
        </role>
        <role allowForAll="true" inherit="false" name="authors">
            <users/>
            <groups/>
        </role>
        <role allowForAll="false" inherit="false" name="administrators">
            <users/>
            <groups>
                <groupUuid>_e-0000dd0a-93c8-8000-9aee-01075c01075c_12</groupUuid>
            </groups>
        </role>
        <role allowForAll="false" inherit="false" name="denyReaders">
            <users/>
            <groups/>
        </role>
        <role allowForAll="false" inherit="false" name="denyAuthors">
            <users/>
            <groups/>
        </role>
        <role allowForAll="false" inherit="false" name="denyAdministrators">
            <users/>
            <groups/>
        </role>
    </roleMap>
</contentHaul>
