<?xml version="1.0" encoding="UTF-8" standalone="yes"?>
<contentHaul xmlns:a="http://www.appian.com/ae/types/2009">
    <rule>
        <name>HR_SCT_Hoteling_spaceBooleanCheckboxFilters</name>
        <uuid>_a-0000dd3a-bcbf-8000-9ba2-011c48011c48_14427</uuid>
        <description>Re-usable section to provide filters on the boolean checkbox fields for a space.</description>
        <parentUuid>_a-0000dd0d-462c-8000-9ba2-011c48011c48_3551</parentUuid>
        <visibility>
            <advertise>false</advertise>
            <hierarchy>true</hierarchy>
            <indexable>true</indexable>
            <quota>false</quota>
            <searchable>true</searchable>
            <system>false</system>
            <unlogged>false</unlogged>
        </visibility>
        <definition>#&quot;SYSTEM_SYSRULES_sectionLayout&quot;(
  label: &quot;Equipment Filters&quot;,
  firstColumnContents: {
    #&quot;_a-0000dd17-9077-8000-9ba2-011c48011c48_10649&quot;(
      readOnly: false,
      choiceLabel: &quot;AV Equipment&quot;,
      value: ri!avEquipment,
      saveInto: ri!avEquipment,
      labelPosition: &quot;COLLAPSED&quot;
    ),
    #&quot;_a-0000dd17-9077-8000-9ba2-011c48011c48_10649&quot;(
      readOnly: false,
      choiceLabel: &quot;Dual Monitors&quot;,
      value: ri!dualMonitors,
      saveInto: ri!dualMonitors,
      labelPosition: &quot;COLLAPSED&quot;
    ),
    #&quot;_a-0000dd17-9077-8000-9ba2-011c48011c48_10649&quot;(
      readOnly: false,
      choiceLabel: &quot;Docking Station&quot;,
      value: ri!dockingStation,
      saveInto: ri!dockingStation,
      labelPosition: &quot;COLLAPSED&quot;
    )
  },
  secondColumnContents: {
    #&quot;_a-0000dd17-9077-8000-9ba2-011c48011c48_10649&quot;(
      readOnly: false,
      choiceLabel: &quot;Keyboard&quot;,
      value: ri!keyboard,
      saveInto: ri!keyboard,
      labelPosition: &quot;COLLAPSED&quot;
    ),
    #&quot;_a-0000dd17-9077-8000-9ba2-011c48011c48_10649&quot;(
      readOnly: false,
      choiceLabel: &quot;Mouse&quot;,
      value: ri!mouse,
      saveInto: ri!mouse,
      labelPosition: &quot;COLLAPSED&quot;
    )
  },
  isCollapsible: true,
  isInitiallyCollapsed: true
)</definition>
        <namedTypedValue>
            <name>keyboard</name>
            <type>
                <name>boolean</name>
                <namespace>http://www.w3.org/2001/XMLSchema</namespace>
            </type>
        </namedTypedValue>
        <namedTypedValue>
            <name>mouse</name>
            <type>
                <name>boolean</name>
                <namespace>http://www.w3.org/2001/XMLSchema</namespace>
            </type>
        </namedTypedValue>
        <namedTypedValue>
            <name>avEquipment</name>
            <type>
                <name>boolean</name>
                <namespace>http://www.w3.org/2001/XMLSchema</namespace>
            </type>
        </namedTypedValue>
        <namedTypedValue>
            <name>dockingStation</name>
            <type>
                <name>boolean</name>
                <namespace>http://www.w3.org/2001/XMLSchema</namespace>
            </type>
        </namedTypedValue>
        <namedTypedValue>
            <name>dualMonitors</name>
            <type>
                <name>boolean</name>
                <namespace>http://www.w3.org/2001/XMLSchema</namespace>
            </type>
        </namedTypedValue>
        <preferredEditor>interface</preferredEditor>
        <offlineEnabled>false</offlineEnabled>
    </rule>
    <roleMap public="true">
        <role allowForAll="true" inherit="false" name="readers">
            <users/>
            <groups/>
        </role>
        <role allowForAll="true" inherit="false" name="authors">
            <users/>
            <groups/>
        </role>
        <role allowForAll="false" inherit="false" name="administrators">
            <users/>
            <groups>
                <groupUuid>_e-0000dd0a-93c8-8000-9aee-01075c01075c_12</groupUuid>
            </groups>
        </role>
        <role allowForAll="false" inherit="false" name="denyReaders">
            <users/>
            <groups/>
        </role>
        <role allowForAll="false" inherit="false" name="denyAuthors">
            <users/>
            <groups/>
        </role>
        <role allowForAll="false" inherit="false" name="denyAdministrators">
            <users/>
            <groups/>
        </role>
    </roleMap>
</contentHaul>
