<?xml version="1.0" encoding="UTF-8" standalone="yes"?>
<contentHaul xmlns:a="http://www.appian.com/ae/types/2009">
    <rule>
        <name>HR_SCT_Onboarding_selectItEquipment</name>
        <uuid>_a-0000dd8b-d239-8000-9ba2-011c48011c48_29978</uuid>
        <description></description>
        <parentUuid>_a-0000dd0d-462c-8000-9ba2-011c48011c48_3551</parentUuid>
        <visibility>
            <advertise>false</advertise>
            <hierarchy>true</hierarchy>
            <indexable>true</indexable>
            <quota>false</quota>
            <searchable>true</searchable>
            <system>false</system>
            <unlogged>false</unlogged>
        </visibility>
        <definition>load(
  local!v_itEquipment,
  local!path,
  local!showBrowser: true,
  #&quot;SYSTEM_SYSRULES_sectionLayout&quot;(
    firstColumnContents: {
      if(local!showBrowser,
        #&quot;SYSTEM_SYSRULES_hierarchyBrowserFieldColumns&quot;(
          label: ri!refData[ri!index].label,
          firstColumnValues: #&quot;_a-0000dd8b-d239-8000-9ba2-011c48011c48_30012&quot;(
            field: &quot;make&quot;,
            itEquipmentTypeId: ri!refData[ri!index].id,
            sortField: &quot;make&quot;
          ).data,
          nodeConfigs: if(not(isnull(index(fv!nodeValue, &quot;serialNumber&quot;, null))),
            #&quot;SYSTEM_SYSRULES_hierarchyBrowserFieldColumnsNode&quot;(
              id: fv!nodeValue.serialNumber,
              label: fv!nodeValue.serialNumber,
              image: #&quot;SYSTEM_SYSRULES_documentImage&quot;(document: #&quot;_a-0000dd8b-d239-8000-9ba2-011c48011c48_30027&quot;),
              link: #&quot;_a-0000dd8b-d239-8000-9ba2-011c48011c48_30177&quot;(
                recordType: #&quot;_a-0000dd0d-462c-8000-9ba2-011c48011c48_4758&quot;,
                recordIds: fv!nodeValue.itEquipmentId
              ),
              isDrillable: false
            ),
            if(not(isnull(index(fv!nodeValue, &quot;model&quot;, null))),
              #&quot;SYSTEM_SYSRULES_hierarchyBrowserFieldColumnsNode&quot;(
                id: fv!nodeValue.model,
                label: fv!nodeValue.model,
                image: #&quot;SYSTEM_SYSRULES_documentImage&quot;(document: #&quot;_a-0000dd8b-d239-8000-9ba2-011c48011c48_30027&quot;),
                isSelectable: false
              ),
              if(not(isnull(index(fv!nodeValue, &quot;make&quot;, null))),
                #&quot;SYSTEM_SYSRULES_hierarchyBrowserFieldColumnsNode&quot;(
                  id: fv!nodeValue.make,
                  label: fv!nodeValue.make,
                  image: #&quot;SYSTEM_SYSRULES_documentImage&quot;(document: #&quot;_a-0000dd8b-d239-8000-9ba2-011c48011c48_30027&quot;),
                  isSelectable: false
                ),
                null
              )
            )
          ),
          pathValue: local!path,
          pathSaveInto: {
            local!path,
            a!save(ri!itEquipmentPerson[ri!index].itEquipmentId, null)
          },
          nextColumnValues: if(not(isnull(index(fv!nodeValue, &quot;model&quot;, null))),
            #&quot;_a-0000dd4b-0482-8000-9ba2-011c48011c48_15892&quot;(
              columns: {&quot;itEquipmentId&quot;, &quot;make&quot;, &quot;model&quot;, &quot;serialNumber&quot;},
              make: fv!nodeValue.make,
              model: fv!nodeValue.model,
              noUser: true,
              pagingInfo: #&quot;SYSTEM_SYSRULES_pagingInfo&quot;(
                startIndex: 1,
                batchSize: -1,
                sort: #&quot;SYSTEM_SYSRULES_sortInfo&quot;(
                  field: &quot;serialNumber&quot;,
                  ascending: true
                )
              )
            ).data,
            if(not(isnull(index(fv!nodeValue, &quot;make&quot;, null))),
              #&quot;_a-0000dd8b-d239-8000-9ba2-011c48011c48_30012&quot;(
                field: {&quot;model&quot;, &quot;make&quot;},
                itEquipmentTypeId: ri!refData[ri!index].id,
                make: fv!nodeValue.make,
                sortField: &quot;model&quot;
              ).data,
              null
            )
          ),
          selectionValue: local!v_itEquipment,
          selectionSaveInto: {
            local!v_itEquipment,
            a!save(ri!itEquipmentPerson[ri!index].itEquipmentId, save!value.itEquipmentId),
            a!save(local!showBrowser, false)
          },
          height: &quot;SHORT&quot;
        ),
        #&quot;SYSTEM_SYSRULES_richTextDisplayField&quot;(
          labelPosition: &quot;COLLAPSED&quot;,
          value: #&quot;SYSTEM_SYSRULES_richTextItem&quot;(
            text: ri!refData[ri!index].label,
            style: &quot;STRONG&quot;
          )
        )
      ),
      #&quot;SYSTEM_SYSRULES_richTextDisplayField&quot;(
        labelPosition: &quot;COLLAPSED&quot;,
        value: #&quot;SYSTEM_SYSRULES_richTextItem&quot;(
          text: if(local!showBrowser,
            &quot;- Hide &quot;,
            &quot;+ Show &quot;
          ) &amp; &quot;browser&quot;,
          style: &quot;EMPHASIS&quot;,
          link: #&quot;SYSTEM_SYSRULES_dynamicLink&quot;(saveInto: a!save(local!showBrowser, not(local!showBrowser)))
        )
      )
    },
    secondColumnContents: if(isnull(local!v_itEquipment),
      if(local!showBrowser,
        {},
        #&quot;SYSTEM_SYSRULES_richTextDisplayField&quot;(
          labelPosition: &quot;ADJACENT&quot;,
          value: #&quot;SYSTEM_SYSRULES_richTextItem&quot;(
            text: &quot;Nothing selected&quot;,
            style: &quot;EMPHASIS&quot;
          )
        )
      ),
      {
        #&quot;_a-0000dd0d-462c-8000-9ba2-011c48011c48_3690&quot;(
          label: &quot;Make&quot;,
          readOnly: true,
          value: local!v_itEquipment.make
        ),
        #&quot;_a-0000dd0d-462c-8000-9ba2-011c48011c48_3690&quot;(
          label: &quot;Model&quot;,
          readOnly: true,
          value: local!v_itEquipment.model
        ),
        #&quot;_a-0000dd0d-462c-8000-9ba2-011c48011c48_3690&quot;(
          label: &quot;Serial Number&quot;,
          readOnly: true,
          value: local!v_itEquipment.serialNumber
        )
      }
    )
  )
)</definition>
        <namedTypedValue>
            <name>refData</name>
            <type>
                <name>HR_R_Data?list</name>
                <namespace>urn:com:appian:types:HR</namespace>
            </type>
        </namedTypedValue>
        <namedTypedValue>
            <name>itEquipmentPerson</name>
            <type>
                <name>HR_ItEquipmentPerson?list</name>
                <namespace>urn:com:appian:types:HR</namespace>
            </type>
        </namedTypedValue>
        <namedTypedValue>
            <name>index</name>
            <type>
                <name>int</name>
                <namespace>http://www.w3.org/2001/XMLSchema</namespace>
            </type>
        </namedTypedValue>
        <preferredEditor>interface</preferredEditor>
        <offlineEnabled>false</offlineEnabled>
    </rule>
    <roleMap public="true">
        <role allowForAll="false" inherit="true" name="readers">
            <users/>
            <groups/>
        </role>
        <role allowForAll="false" inherit="true" name="authors">
            <users/>
            <groups/>
        </role>
        <role allowForAll="false" inherit="true" name="administrators">
            <users/>
            <groups/>
        </role>
        <role allowForAll="false" inherit="false" name="denyReaders">
            <users/>
            <groups/>
        </role>
        <role allowForAll="false" inherit="false" name="denyAuthors">
            <users/>
            <groups/>
        </role>
        <role allowForAll="false" inherit="false" name="denyAdministrators">
            <users/>
            <groups/>
        </role>
    </roleMap>
</contentHaul>
