<?xml version="1.0" encoding="UTF-8" standalone="yes"?>
<contentHaul xmlns:a="http://www.appian.com/ae/types/2009">
    <rule>
        <name>HR_QRY_Wrapper_getVItEquipment</name>
        <uuid>_a-0000dd8b-d239-8000-9ba2-011c48011c48_29226</uuid>
        <description>Calls HR_QRY_V_getItEquipment using the search request cdt </description>
        <parentUuid>_a-0000dcfd-5663-8000-aae2-01ef9001ef90_3617</parentUuid>
        <visibility>
            <advertise>false</advertise>
            <hierarchy>true</hierarchy>
            <indexable>true</indexable>
            <quota>false</quota>
            <searchable>true</searchable>
            <system>false</system>
            <unlogged>false</unlogged>
        </visibility>
        <definition>#&quot;_a-0000dd4b-0482-8000-9ba2-011c48011c48_15892&quot;(
  pagingInfo: ri!pagingInfo,
  columns: ri!columns,
  serialNumber: ri!searchRequest.serialNumber,
  itEquipmentTypeId: ri!searchRequest.itEquipmentTypeId,
  make: ri!searchRequest.make,
  purchaseType: ri!searchRequest.purchaseType,
  status: ri!searchRequest.status,
  userId: ri!searchRequest.userId,
  roomAssigned: ri!searchRequest.roomAssigned,
  userDepartment: ri!searchRequest.userDepartment,
  model: ri!searchRequest.model,
  warrantyType: ri!searchRequest.warrantyType
)</definition>
        <namedTypedValue>
            <name>searchRequest</name>
            <type>
                <name>HR_ItEquipment_SearchRequest</name>
                <namespace>urn:com:appian:types:HR</namespace>
            </type>
        </namedTypedValue>
        <namedTypedValue>
            <name>pagingInfo</name>
            <type>
                <name>PagingInfo</name>
                <namespace>http://www.appian.com/ae/types/2009</namespace>
            </type>
        </namedTypedValue>
        <namedTypedValue>
            <name>columns</name>
            <type>
                <name>Text?list</name>
                <namespace>http://www.appian.com/ae/types/2009</namespace>
            </type>
        </namedTypedValue>
        <preferredEditor>legacy</preferredEditor>
        <offlineEnabled>false</offlineEnabled>
    </rule>
    <roleMap public="true">
        <role allowForAll="false" inherit="true" name="readers">
            <users/>
            <groups/>
        </role>
        <role allowForAll="false" inherit="true" name="authors">
            <users/>
            <groups/>
        </role>
        <role allowForAll="false" inherit="true" name="administrators">
            <users/>
            <groups/>
        </role>
        <role allowForAll="false" inherit="false" name="denyReaders">
            <users/>
            <groups/>
        </role>
        <role allowForAll="false" inherit="false" name="denyAuthors">
            <users/>
            <groups/>
        </role>
        <role allowForAll="false" inherit="false" name="denyAdministrators">
            <users/>
            <groups/>
        </role>
    </roleMap>
</contentHaul>
