<?xml version="1.0" encoding="UTF-8" standalone="yes"?>
<contentHaul xmlns:a="http://www.appian.com/ae/types/2009">
    <rule>
        <name>HR_SCT_Onboarding_backgroundInvestigationDetails</name>
        <uuid>_a-0000dd8b-d239-8000-9ba2-011c48011c48_30069</uuid>
        <description>Section containing background investigation details</description>
        <parentUuid>_a-0000dd0d-462c-8000-9ba2-011c48011c48_3551</parentUuid>
        <visibility>
            <advertise>false</advertise>
            <hierarchy>true</hierarchy>
            <indexable>true</indexable>
            <quota>false</quota>
            <searchable>true</searchable>
            <system>false</system>
            <unlogged>false</unlogged>
        </visibility>
        <definition>load(
  local!investigationTypes: #&quot;3af0f2e5-5c7f-4f1b-b92a-7b2b087a2287&quot;(type: #&quot;_a-0000dd8b-d239-8000-9ba2-011c48011c48_30804&quot;, isActive: true).data,
  local!investigationSeverity: #&quot;3af0f2e5-5c7f-4f1b-b92a-7b2b087a2287&quot;(type: #&quot;_a-0000dd8b-d239-8000-9ba2-011c48011c48_30813&quot;, isActive: true).data,
  local!investigationIssues: #&quot;3af0f2e5-5c7f-4f1b-b92a-7b2b087a2287&quot;(type: #&quot;_a-0000dd8b-d239-8000-9ba2-011c48011c48_30809&quot;, isActive: true).data,
  local!firstColumnIssueIds,
  local!secondColumnIssueIds,
  {
    #&quot;SYSTEM_SYSRULES_sectionLayout&quot;(
      label: ri!label,
      isCollapsible: ri!isCollapsible,
      isInitiallyCollapsed: ri!isInitiallyCollapsed,
      firstColumnContents: {
        #&quot;_a-0000dd0d-462c-8000-9ba2-011c48011c48_3685&quot;(
          label: &quot;Type&quot;,
          readOnly: ri!readOnly,
          choiceLabels: index(local!investigationTypes, &quot;label&quot;, {}),
          choiceValues: index(local!investigationTypes, &quot;id&quot;, {}),
          value: ri!backgroundInvestigation.typeId,
          saveInto: ri!backgroundInvestigation.typeId
        ),
        #&quot;SYSTEM_SYSRULES_textField&quot;(
          label: &quot;Dummy White Space&quot;,
          labelPosition: &quot;COLLAPSED&quot;,
          readOnly: true
        ),
        #&quot;_a-0000dd8b-d239-8000-9ba2-011c48011c48_31038&quot;(
          label: &quot;FBI Criminal Check Results&quot;
        )
      },
      secondcolumncontents: {}
    ),
    #&quot;SYSTEM_SYSRULES_sectionLayout&quot;(
      label: &quot;Investigation Issues Identified&quot;,
      isCollapsible: ri!isCollapsible,
      isInitiallyCollapsed: ri!isInitiallyCollapsed,
      firstColumnContents: {
        load(local!firstColumnInvestigationIssues: rdrop(local!investigationIssues, #&quot;d53ac46f-51ce-4502-8ae5-3435ca0d27aa&quot;(local!investigationIssues)/2),
          #&quot;_a-0000dd0d-462c-8000-9ba2-011c48011c48_5920&quot;(
            labelPosition: &quot;COLLAPSED&quot;,
            readOnly: ri!readOnly,
            choiceLabels: index(local!firstColumnInvestigationIssues, &quot;label&quot;, {}),
            choiceValues: index(local!firstColumnInvestigationIssues, &quot;id&quot;, {}),
            value: intersection(tointeger(index(ri!backgroundInvestigation.investigationIssues, &quot;id&quot;, {})), tointeger(index(local!firstColumnInvestigationIssues, &quot;id&quot;, {}))),
            saveInto: {local!firstColumnIssueIds,
              a!save(ri!backgroundInvestigation.investigationIssues, 
                if(#&quot;2168a5de-fb70-4d66-8b97-b547e3ac6e57&quot;(ri!backgroundInvestigation.investigationIssues),
                  index(local!firstColumnInvestigationIssues, wherecontains(save!value, local!firstColumnInvestigationIssues.id), {}),
                  union(ri!backgroundInvestigation.investigationIssues, cast(runtimetypeof(ri!backgroundInvestigation.investigationIssues), index(local!firstColumnInvestigationIssues, wherecontains(save!value, local!firstColumnInvestigationIssues.id), {})))
                )
              )  
            }
          )
        )  
      },
      secondColumnContents: {
        load(local!secondColumnInvestigationIssues: ldrop(local!investigationIssues, #&quot;d53ac46f-51ce-4502-8ae5-3435ca0d27aa&quot;(local!investigationIssues)/2),
          #&quot;_a-0000dd0d-462c-8000-9ba2-011c48011c48_5920&quot;(
            labelPosition: &quot;COLLAPSED&quot;,
            readOnly: ri!readOnly,
            choiceLabels: index(local!secondColumnInvestigationIssues, &quot;label&quot;, {}),
            choiceValues: index(local!secondColumnInvestigationIssues, &quot;id&quot;, {}),
            value: intersection(tointeger(index(ri!backgroundInvestigation.investigationIssues, &quot;id&quot;, {})), tointeger(index(local!secondColumnInvestigationIssues, &quot;id&quot;, {}))),
            saveinto: {local!secondColumnIssueIds,
              a!save(ri!backgroundInvestigation.investigationIssues, 
                if(#&quot;2168a5de-fb70-4d66-8b97-b547e3ac6e57&quot;(ri!backgroundInvestigation.investigationIssues),
                  index(local!secondColumnInvestigationIssues, wherecontains(save!value, local!secondColumnInvestigationIssues.id), {}),
                  union(ri!backgroundInvestigation.investigationIssues, cast(runtimetypeof(ri!backgroundInvestigation.investigationIssues), index(local!secondColumnInvestigationIssues, wherecontains(save!value, local!secondColumnInvestigationIssues.id), {})))
                )
              )  
            }
          )
        )  
      }
    ),
    #&quot;SYSTEM_SYSRULES_sectionLayout&quot;(
      firstColumnContents: {
        #&quot;_a-0000dd0d-462c-8000-9ba2-011c48011c48_3685&quot;(
          label: &quot;Totality of Issue Seriousness&quot;,
          readOnly: ri!readOnly,
          choiceLabels: index(local!investigationSeverity, &quot;label&quot;, {}),
          choiceValues: index(local!investigationSeverity, &quot;id&quot;, {}),
          value: ri!backgroundInvestigation.totalSeverityId,
          saveInto: ri!backgroundInvestigation.totalSeverityId
        )
      }
    )
  }
)</definition>
        <namedTypedValue>
            <name>afUser</name>
            <type>
                <name>AF_User</name>
                <namespace>urn:com:appian:types:AF</namespace>
            </type>
        </namedTypedValue>
        <namedTypedValue>
            <name>hrUser</name>
            <type>
                <name>HR_User</name>
                <namespace>urn:com:appian:types:HR</namespace>
            </type>
        </namedTypedValue>
        <namedTypedValue>
            <name>label</name>
            <type>
                <name>string</name>
                <namespace>http://www.w3.org/2001/XMLSchema</namespace>
            </type>
            <value/>
        </namedTypedValue>
        <namedTypedValue>
            <name>readOnly</name>
            <type>
                <name>boolean</name>
                <namespace>http://www.w3.org/2001/XMLSchema</namespace>
            </type>
        </namedTypedValue>
        <namedTypedValue>
            <name>backgroundInvestigation</name>
            <type>
                <name>HR_BackgroundInvestigation</name>
                <namespace>urn:com:appian:types:HR</namespace>
            </type>
        </namedTypedValue>
        <namedTypedValue>
            <name>isCollapsible</name>
            <type>
                <name>boolean</name>
                <namespace>http://www.w3.org/2001/XMLSchema</namespace>
            </type>
        </namedTypedValue>
        <namedTypedValue>
            <name>isInitiallyCollapsed</name>
            <type>
                <name>boolean</name>
                <namespace>http://www.w3.org/2001/XMLSchema</namespace>
            </type>
        </namedTypedValue>
        <preferredEditor>interface</preferredEditor>
        <offlineEnabled>false</offlineEnabled>
    </rule>
    <roleMap public="true">
        <role allowForAll="false" inherit="true" name="readers">
            <users/>
            <groups/>
        </role>
        <role allowForAll="false" inherit="true" name="authors">
            <users/>
            <groups/>
        </role>
        <role allowForAll="false" inherit="true" name="administrators">
            <users>
                <userUuid>katie.hsu</userUuid>
            </users>
            <groups/>
        </role>
        <role allowForAll="false" inherit="false" name="denyReaders">
            <users/>
            <groups/>
        </role>
        <role allowForAll="false" inherit="false" name="denyAuthors">
            <users/>
            <groups/>
        </role>
        <role allowForAll="false" inherit="false" name="denyAdministrators">
            <users/>
            <groups/>
        </role>
    </roleMap>
    <typedValue>
        <type>
            <name>RuleTestConfig?list</name>
            <namespace>http://www.appian.com/ae/types/2009</namespace>
        </type>
        <value>
            <el>
                <a:name/>
                <a:ruleInputTestConfigs>
                    <a:value xmlns:n1="urn:com:appian:types:AF" xmlns:xsi="http://www.w3.org/2001/XMLSchema-instance" xsi:nil="true" xsi:type="n1:AF_User"/>
                    <a:nameRef>afUser</a:nameRef>
                    <a:id/>
                </a:ruleInputTestConfigs>
                <a:ruleInputTestConfigs>
                    <a:value xmlns:n2="urn:com:appian:types:HR" xmlns:xsi="http://www.w3.org/2001/XMLSchema-instance" xsi:nil="true" xsi:type="n2:HR_User"/>
                    <a:nameRef>hrUser</a:nameRef>
                    <a:id/>
                </a:ruleInputTestConfigs>
                <a:ruleInputTestConfigs>
                    <a:value xmlns:xsi="http://www.w3.org/2001/XMLSchema-instance" xsi:type="a:Expression">&quot;Candidate Basic Information&quot;</a:value>
                    <a:nameRef>label</a:nameRef>
                    <a:id/>
                </a:ruleInputTestConfigs>
                <a:ruleInputTestConfigs>
                    <a:value xmlns:xsd="http://www.w3.org/2001/XMLSchema" xmlns:xsi="http://www.w3.org/2001/XMLSchema-instance" xsi:nil="true" xsi:type="xsd:boolean"/>
                    <a:nameRef>readOnly</a:nameRef>
                    <a:id/>
                </a:ruleInputTestConfigs>
                <a:ruleInputTestConfigs>
                    <a:value xmlns:n2="urn:com:appian:types:HR" xmlns:xsi="http://www.w3.org/2001/XMLSchema-instance" xsi:nil="true" xsi:type="n2:HR_BackgroundInvestigation"/>
                    <a:nameRef>backgroundInvestigation</a:nameRef>
                    <a:id/>
                </a:ruleInputTestConfigs>
                <a:ruleInputTestConfigs>
                    <a:value xmlns:xsd="http://www.w3.org/2001/XMLSchema" xmlns:xsi="http://www.w3.org/2001/XMLSchema-instance" xsi:nil="true" xsi:type="xsd:boolean"/>
                    <a:nameRef>isCollapsible</a:nameRef>
                    <a:id/>
                </a:ruleInputTestConfigs>
                <a:ruleInputTestConfigs>
                    <a:value xmlns:xsd="http://www.w3.org/2001/XMLSchema" xmlns:xsi="http://www.w3.org/2001/XMLSchema-instance" xsi:nil="true" xsi:type="xsd:boolean"/>
                    <a:nameRef>isInitiallyCollapsed</a:nameRef>
                    <a:id/>
                </a:ruleInputTestConfigs>
                <a:assertions xmlns:xsi="http://www.w3.org/2001/XMLSchema-instance" xsi:nil="true"/>
            </el>
        </value>
    </typedValue>
</contentHaul>
