<?xml version="1.0" encoding="UTF-8" standalone="yes"?>
<contentHaul xmlns:a="http://www.appian.com/ae/types/2009">
    <rule>
        <name>HR_QRY_Wrapper_getVSpace</name>
        <uuid>_a-0000dd8b-d239-8000-9ba2-011c48011c48_29097</uuid>
        <description>Calls HR_QRY_V_getSpace using the search request cdt from the Available Spaces and Spaces reports</description>
        <parentUuid>_a-0000dcfd-5663-8000-aae2-01ef9001ef90_3617</parentUuid>
        <visibility>
            <advertise>false</advertise>
            <hierarchy>true</hierarchy>
            <indexable>true</indexable>
            <quota>false</quota>
            <searchable>true</searchable>
            <system>false</system>
            <unlogged>false</unlogged>
        </visibility>
        <definition>#&quot;_a-0000dd0d-462c-8000-9ba2-011c48011c48_4973&quot;(
  pagingInfo: ri!pagingInfo,
  columns: ri!columns,
  spaceName: ri!searchRequest.spaceName,
  spaceTypeId: ri!searchRequest.spaceTypeId,
  isTempSpace: ri!searchRequest.temporarySpaceFlag,
  floorId: ri!searchRequest.floorId,
  buildingId: ri!searchRequest.buildingId,
  campusId: ri!searchRequest.campusId,
  reservationFrom: ri!searchRequest.reservationFrom,
  reservationTo: ri!searchRequest.reservationTo,
  keyboard: ri!searchRequest.equipmentFilters.keyboard,
  mouse: ri!searchRequest.equipmentFilters.mouse,
  avEquipment: ri!searchRequest.equipmentFilters.avEquipment,
  dockingStation: ri!searchRequest.equipmentFilters.dockingStation,
  dualMonitors: ri!searchRequest.equipmentFilters.dualMonitors,
  needsApproval: ri!searchRequest.needsApprovalFlag
  ,
  userFullName: ri!searchRequest.userFullName,
  userId: ri!searchRequest.userId
)</definition>
        <namedTypedValue>
            <name>searchRequest</name>
            <type>
                <name>HR_Hoteling_SearchRequest</name>
                <namespace>urn:com:appian:types:HR</namespace>
            </type>
        </namedTypedValue>
        <namedTypedValue>
            <name>pagingInfo</name>
            <type>
                <name>PagingInfo</name>
                <namespace>http://www.appian.com/ae/types/2009</namespace>
            </type>
        </namedTypedValue>
        <namedTypedValue>
            <name>columns</name>
            <type>
                <name>Text?list</name>
                <namespace>http://www.appian.com/ae/types/2009</namespace>
            </type>
        </namedTypedValue>
        <preferredEditor>legacy</preferredEditor>
        <offlineEnabled>false</offlineEnabled>
    </rule>
    <roleMap public="true">
        <role allowForAll="false" inherit="true" name="readers">
            <users/>
            <groups/>
        </role>
        <role allowForAll="false" inherit="true" name="authors">
            <users/>
            <groups/>
        </role>
        <role allowForAll="false" inherit="true" name="administrators">
            <users/>
            <groups/>
        </role>
        <role allowForAll="false" inherit="false" name="denyReaders">
            <users/>
            <groups/>
        </role>
        <role allowForAll="false" inherit="false" name="denyAuthors">
            <users/>
            <groups/>
        </role>
        <role allowForAll="false" inherit="false" name="denyAdministrators">
            <users/>
            <groups/>
        </role>
    </roleMap>
</contentHaul>
