<?xml version="1.0" encoding="UTF-8" standalone="yes"?>
<contentHaul xmlns:a="http://www.appian.com/ae/types/2009">
    <rule>
        <name>HR_REPORT_Hoteling_availability</name>
        <uuid>_a-0000dd0d-462c-8000-9ba2-011c48011c48_5686</uuid>
        <description>Open/Available spaces report</description>
        <parentUuid>_a-0000dd0a-5e76-8000-aae2-01ef9001ef90_3752</parentUuid>
        <visibility>
            <advertise>false</advertise>
            <hierarchy>true</hierarchy>
            <indexable>true</indexable>
            <quota>false</quota>
            <searchable>true</searchable>
            <system>false</system>
            <unlogged>false</unlogged>
        </visibility>
        <definition>load(
  local!spaceTypes: #&quot;3af0f2e5-5c7f-4f1b-b92a-7b2b087a2287&quot;(
    columns: {
      &quot;id&quot;,
      &quot;label&quot;
    },
    type: #&quot;_a-0000dd0d-462c-8000-9ba2-011c48011c48_4971&quot;,
    isActive: true
  ).data,
  local!campuses: #&quot;_a-0000dd0d-462c-8000-9ba2-011c48011c48_5501&quot;(
    columns: {
      &quot;campusId&quot;,
      &quot;campusName&quot;
    },
    pagingInfo: #&quot;SYSTEM_SYSRULES_pagingInfo&quot;(
      startIndex: 1,
      batchSize: - 1,
      sort: #&quot;SYSTEM_SYSRULES_sortInfo&quot;(
        field: &quot;campusName&quot;,
        ascending: true
      )
    )
  ).data,
  local!reservationRequest: 'type!{urn:com:appian:types:HR}HR_V_Reservation'(),
  local!searchRequest,
  local!temp_searchRequest,
  local!blank_searchRequest: 'type!{urn:com:appian:types:HR}HR_Hoteling_SearchRequest'(),
  local!reservationFrom: today(),
  local!reservationTo: today(),
  local!pagingInfo: #&quot;SYSTEM_SYSRULES_pagingInfo&quot;(
    startIndex: 1,
    batchSize: #&quot;_a-0000dd0d-462c-8000-9ba2-011c48011c48_4972&quot;,
    sort: #&quot;SYSTEM_SYSRULES_sortInfo&quot;(
      field: &quot;spaceName&quot;,
      ascending: true
    )
  ),
  local!columns: {
    &quot;spaceId&quot;,
    &quot;spaceName&quot;,
    &quot;campusName&quot;,
    &quot;buildingName&quot;,
    &quot;floorName&quot;,
    &quot;spaceTypeLabel&quot;,
    &quot;needsApproval&quot;
  },
  local!dataSubset: #&quot;_a-0000dd8b-d239-8000-9ba2-011c48011c48_29097&quot;(
    columns: local!columns,
    pagingInfo: local!pagingInfo,
    searchRequest: local!blank_searchRequest
  ),
  local!showColumns: false,
  local!choiceLabels: {
    &quot;Campus&quot;,
    &quot;Building&quot;,
    &quot;Floor&quot;,
    &quot;Space Type&quot;,
    &quot;Needs Approval?&quot;
  },
  local!showColumn: local!choiceLabels[{
    1, 2, 3, 4, 5
  }],
  local!currentUserId: index(#&quot;_a-0000dd0d-462c-8000-9ba2-011c48011c48_3612&quot;(
    columns: &quot;userId&quot;,
    appianUsername: loggedInUser()
  ).data, &quot;userId&quot;, -1),
  local!selectedReservation,
  local!selectedSpace,
  local!isError,
  local!repeatReservations,
  local!tabToShow: 1,
  #&quot;SYSTEM_SYSRULES_dashboardLayout&quot;(
    firstColumnContents:{
      if( isnull(local!selectedSpace), /*If no space selected, show tabbed report interface*/
        /*Begin valueIfTrue for if statment*/
        {
          /*Tabs*/
          #&quot;ec1839c6-de8f-4834-8397-681ea3dbeed5&quot;(
            labels: {&quot;Available Spaces&quot;, &quot;My Recent Spaces&quot;},
            tabToShow: local!tabToShow
          ),
          choose(
            local!tabToShow,
            /*Tab 1 - Available Spaces*/
            {
              with(
                local!noSearch: any(
                  fn!isnull,
                  {
                    local!reservationFrom,
                    local!reservationTo
                  }
                ),
                {
                  #&quot;_a-0000dd8b-d239-8000-9ba2-011c48011c48_29449&quot;(temp_searchRequest: local!temp_searchRequest,
                  searchRequest: local!searchRequest, 
                  dataSubset: local!dataSubset,
                  pagingInfo: local!pagingInfo,
                  blank_searchRequest: local!blank_searchRequest,
                  reservationFrom: local!reservationFrom,
                  reservationTo: local!reservationTo
                  ),
                  #&quot;SYSTEM_SYSRULES_sectionLayout&quot;(
                    label: &quot;Open Spaces&quot;,
                    firstColumnContents: {
                      if(
                        local!noSearch,
                        #&quot;SYSTEM_SYSRULES_richTextDisplayField&quot;(
                          value: #&quot;SYSTEM_SYSRULES_richTextItem&quot;(
                            text: &quot;Please enter values for reservation from and to&quot;,
                            style: &quot;EMPHASIS&quot;
                          ),
                          align: &quot;CENTER&quot;
                        ),
                        {
                          #&quot;SYSTEM_SYSRULES_gridField&quot;(
                            totalCount: local!datasubset.totalCount,
                            columns: {
                              #&quot;SYSTEM_SYSRULES_gridTextColumn&quot;(
                                label: &quot;Space Name&quot;,
                                field: &quot;spaceName&quot;,
                                data: index(
                                  local!datasubset.data,
                                  &quot;spaceName&quot;,
                                  {}
                                ),
                                links: #&quot;SYSTEM_SYSRULES_applyComponents&quot;(
                                  function: #&quot;SYSTEM_SYSRULES_recordLink&quot;(
                                    recordType: #&quot;_a-0000dd0d-462c-8000-9ba2-011c48011c48_4983&quot;,
                                    identifier: _
                                  ),
                                  array: index(
                                    local!datasubset.data,
                                    &quot;spaceId&quot;,
                                    {}
                                  )
                                )
                              ),
                              if(
                                contains(
                                  local!showColumn,
                                  &quot;Campus&quot;
                                ),
                                #&quot;SYSTEM_SYSRULES_gridTextColumn&quot;(
                                  label: &quot;Campus&quot;,
                                  field: &quot;campusName&quot;,
                                  data: index(
                                    local!dataSubset.data,
                                    &quot;campusName&quot;,
                                    {}
                                  )
                                ),
                                {}
                              ),
                              if(
                                contains(
                                  local!showColumn,
                                  &quot;Building&quot;
                                ),
                                #&quot;SYSTEM_SYSRULES_gridTextColumn&quot;(
                                  label: &quot;Building&quot;,
                                  field: &quot;buildingName&quot;,
                                  data: index(
                                    local!dataSubset.data,
                                    &quot;buildingName&quot;,
                                    {}
                                  )
                                ),
                                {}
                              ),
                              if(
                                contains(
                                  local!showColumn,
                                  &quot;Floor&quot;
                                ),
                                #&quot;SYSTEM_SYSRULES_gridTextColumn&quot;(
                                  label: &quot;Floor&quot;,
                                  field: &quot;floorName&quot;,
                                  data: index(
                                    local!dataSubset.data,
                                    &quot;floorName&quot;,
                                    {}
                                  )
                                ),
                                {}
                              ),
                              if(
                                contains(
                                  local!showColumn,
                                  &quot;Space Type&quot;
                                ),
                                #&quot;SYSTEM_SYSRULES_gridTextColumn&quot;(
                                  label: &quot;Space Type&quot;,
                                  field: &quot;spaceTypeLabel&quot;,
                                  data: index(
                                    local!datasubset.data,
                                    &quot;spaceTypeLabel&quot;,
                                    {}
                                  )
                                ),
                                {}
                              ),
                              if(
                                contains(
                                  local!showColumn,
                                  &quot;Needs Approval?&quot;
                                ),
                                #&quot;SYSTEM_SYSRULES_gridTextColumn&quot;(
                                  label: &quot;Needs Approval?&quot;,
                                  field: &quot;needsApproval&quot;,
                                  data: apply(
                                    #&quot;_a-0000dd0d-462c-8000-9ba2-011c48011c48_5334&quot;,
                                    index(
                                      local!datasubset.data,
                                      &quot;needsApproval&quot;,
                                      {}
                                    )
                                  )
                                ),
                                {}
                              ),
                              #&quot;SYSTEM_SYSRULES_gridImageColumn&quot;(
                                field: #&quot;_a-0000dd0d-462c-8000-9ba2-011c48011c48_3897&quot;,
                                data: #&quot;SYSTEM_SYSRULES_applyComponents&quot;(
                                  function: #&quot;_a-0000dd17-9077-8000-9ba2-011c48011c48_11477&quot;(
                                    image: #&quot;_a-0000dd4b-0482-8000-9ba2-011c48011c48_17898&quot;,
                                    caption: #&quot;_a-0000dd3a-bcbf-8000-9ba2-011c48011c48_14672&quot;,
                                    reservationRequest: local!reservationRequest,
                                    selectedSpace: local!selectedSpace,
                                    spaceId: _,
                                    additionalSaveInto: {
                                      a!save(
                                        local!reservationRequest.reservationFrom,
                                        local!reservationFrom
                                      ),
                                      a!save(
                                        local!reservationRequest.reservationTo,
                                        local!reservationTo
                                      ),
                                      a!save(
                                        local!reservationRequest.reservationUserId,
                                        index(
                                          #&quot;_a-0000dd0d-462c-8000-9ba2-011c48011c48_3612&quot;(
                                            columns: &quot;userId&quot;,
                                            appianUsername: loggedInUser()
                                          ).data,
                                          &quot;userId&quot;,
                                          null
                                        )
                                      )
                                    }
                                  ),
                                  array: index(
                                    local!dataSubset.data,
                                    &quot;spaceId&quot;,
                                    {}
                                  )
                                ),
                                size: &quot;ICON&quot;
                              )
                            },
                            value: local!pagingInfo,
                            saveInto: #&quot;4c0833a9-0127-4d25-9d6d-cb881c688e7d&quot;(
                              gridSelectionOrPagingInfo: local!pagingInfo,
                              additionalSaveInto: {
                                a!save(
                                  local!dataSubset,
                                  #&quot;_a-0000dd8b-d239-8000-9ba2-011c48011c48_29097&quot;(
                                    searchRequest: local!searchRequest,
                                    pagingInfo: local!pagingInfo
                                  )
                                )
                              }
                            )
                          ),
                          #&quot;2d786626-f8a4-4c46-a2a6-c0c8fe96a4ad&quot;(
                            showColumns: local!showColumns,
                            choiceLabels: local!choiceLabels,
                            showColumn: local!showColumn
                          )
                        }
                      )
                    }
                  )
                }
              )
            },
            /*Tab 2 - My Recent Spaces*/
            {
              #&quot;_a-0000dd4b-0482-8000-9ba2-011c48011c48_18663&quot;(
                userId: local!currentUserId,
                reservationRequest: local!reservationRequest,
                selectedSpace: local!selectedSpace,
                reservationFrom: local!reservationFrom,
                reservationTo: local!reservationTo
              )
            }
          )
        }, /*End valueIfTrue for if statment*/
        
        /*Begin valueIfFalse for if statement*/
        /*If a space is selected, show 'Reserve Space' interface*/
        {
          #&quot;9883829a-f08b-4dc1-892d-8b34fc49265c&quot;(
            previousText: {
              &quot;Spaces&quot;
            },
            previousLinks: #&quot;SYSTEM_SYSRULES_dynamicLink&quot;(
              saveInto: {
                a!save(
                  {
                    local!selectedSpace
                  },
                  null
                ),
                a!save(
                  local!reservationRequest,
                  'type!{urn:com:appian:types:HR}HR_V_Reservation'()
                )
              }
            ),
            currentText: &quot;Request New Reservation&quot;
          ),
          #&quot;_a-0000dd0d-462c-8000-9ba2-011c48011c48_5354&quot;(
            space: local!selectedSpace
          ),
          #&quot;_a-0000dd0d-462c-8000-9ba2-011c48011c48_5412&quot;(
            readOnly: false,
            space: local!selectedSpace,
            reservation: local!reservationRequest,
            repeatReservations: local!repeatReservations
          ),
          #&quot;SYSTEM_SYSRULES_sectionLayout&quot;(
            validations: {
              #&quot;_a-0000dd3a-bcbf-8000-9ba2-011c48011c48_14760&quot;(
                reservationFrom: local!reservationRequest.reservationFrom,
                reservationTo: local!reservationRequest.reservationTo,
                spaceId: local!selectedSpace.spaceId
              )
            }
          ),
          #&quot;SYSTEM_SYSRULES_ButtonLayout&quot;(
            primaryButtons: {
              #&quot;SYSTEM_SYSRULES_ButtonWidget&quot;(
                label: &quot;Request Reservation&quot;,
                style: &quot;PRIMARY&quot;,
                confirmMessage: #&quot;7f62a623-5366-4c78-b206-93377a4aef6b&quot;(needsApproval: local!selectedSpace.needsApproval),
                saveInto: {
                  a!save(
                    local!reservationRequest.spaceId,
                    local!selectedSpace.spaceId
                  ),
                  #&quot;SYSTEM_SYSRULES_startProcess&quot;(
                    processModel: #&quot;_a-0000dd4b-0482-8000-9ba2-011c48011c48_15861&quot;,
                    processParameters: {
                      reservation: local!reservationRequest,
                      space: local!selectedSpace,
                      fromReport: true,
                      repeatReservations: local!repeatReservations
                    },
                    onSuccess: {
                      a!save(
                        {
                          local!selectedSpace,
                          local!isError
                        },
                        null
                      ),
                      a!save(
                        local!reservationRequest,
                        'type!{urn:com:appian:types:HR}HR_V_Reservation'()
                      )
                    },
                    onError: {
                      a!save(
                        {
                          local!selectedSpace,
                          local!isError
                        },
                        null
                      ),
                      a!save(
                        local!reservationRequest,
                        'type!{urn:com:appian:types:HR}HR_V_Reservation'()
                      )
                    }
                  )
                },
                validate: true
              )
            },
            secondaryButtons: {}
          ),
          #&quot;SYSTEM_SYSRULES_sectionLayout&quot;(
            validations: if(
              local!isError,
              &quot;An error occured while executing the action. Please return and try again at a later time.&quot;,
              {}
            )
          )
        } /*End valueIfFalse for if statement*/
      )
    }
  )
)</definition>
        <preferredEditor>interface</preferredEditor>
        <offlineEnabled>false</offlineEnabled>
    </rule>
    <roleMap public="true">
        <role allowForAll="true" inherit="false" name="readers">
            <users/>
            <groups/>
        </role>
        <role allowForAll="true" inherit="false" name="authors">
            <users/>
            <groups/>
        </role>
        <role allowForAll="false" inherit="false" name="administrators">
            <users/>
            <groups>
                <groupUuid>_e-0000dd0a-93c8-8000-9aee-01075c01075c_12</groupUuid>
            </groups>
        </role>
        <role allowForAll="false" inherit="false" name="denyReaders">
            <users/>
            <groups/>
        </role>
        <role allowForAll="false" inherit="false" name="denyAuthors">
            <users/>
            <groups/>
        </role>
        <role allowForAll="false" inherit="false" name="denyAdministrators">
            <users/>
            <groups/>
        </role>
    </roleMap>
</contentHaul>
