<?xml version="1.0" encoding="UTF-8" standalone="yes"?>
<contentHaul xmlns:a="http://www.appian.com/ae/types/2009">
    <rule>
        <name>HR_GRID_Hoteling_floorUtilization</name>
        <uuid>_a-0000dd17-9077-8000-9ba2-011c48011c48_11146</uuid>
        <description>Grid that displays floor information and its utilization</description>
        <parentUuid>_a-0000dd0d-462c-8000-9ba2-011c48011c48_3789</parentUuid>
        <visibility>
            <advertise>false</advertise>
            <hierarchy>true</hierarchy>
            <indexable>true</indexable>
            <quota>false</quota>
            <searchable>true</searchable>
            <system>false</system>
            <unlogged>false</unlogged>
        </visibility>
        <definition>#&quot;SYSTEM_SYSRULES_gridField&quot;(
  columns: {
    #&quot;SYSTEM_SYSRULES_gridTextColumn&quot;(
      label: &quot;Name&quot;,
      field: &quot;floorName&quot;,
      data: index(ri!dataSubset.data, &quot;floorName&quot;, {}),
      links: #&quot;SYSTEM_SYSRULES_applyComponents&quot;(
        function: #&quot;SYSTEM_SYSRULES_dynamicLink&quot;(
          value: _,
          saveInto: {
            ri!selectedFloor,
            ri!linkAdditionalSaveInto
          }
        ),
        array: ri!dataSubset.data
      )
    ),
    if(isnull(ri!maxUtilization),
      {},
      #&quot;SYSTEM_SYSRULES_gridTextColumn&quot;(
        label: &quot;Utilization&quot;,
        field: &quot;reservationUtil&quot;,
        data: if(#&quot;2168a5de-fb70-4d66-8b97-b547e3ac6e57&quot;(ri!dataSubset.data),
          {},
          text(ceiling(todecimal(index(ri!dataSubset.data, &quot;reservationUtil&quot;, {})) / ri!maxUtilization, .01), &quot;0%&quot;)
        )
      )
    )
  },
  totalCount: ri!dataSubset.totalCount,
  value: ri!pagingInfo,
  saveInto: {
    ri!pagingInfo,
    ri!gridAdditionalSaveInto
  }
)</definition>
        <namedTypedValue>
            <name>dataSubset</name>
            <type>
                <name>DataSubset</name>
                <namespace>http://www.appian.com/ae/types/2009</namespace>
            </type>
        </namedTypedValue>
        <namedTypedValue>
            <name>pagingInfo</name>
            <type>
                <name>PagingInfo</name>
                <namespace>http://www.appian.com/ae/types/2009</namespace>
            </type>
        </namedTypedValue>
        <namedTypedValue>
            <name>maxUtilization</name>
            <type>
                <name>int</name>
                <namespace>http://www.w3.org/2001/XMLSchema</namespace>
            </type>
        </namedTypedValue>
        <namedTypedValue>
            <name>selectedFloor</name>
            <type>
                <name>HR_Floor</name>
                <namespace>urn:com:appian:types:HR</namespace>
            </type>
        </namedTypedValue>
        <namedTypedValue>
            <name>gridAdditionalSaveInto</name>
            <type>
                <name>Save?list</name>
                <namespace>http://www.appian.com/ae/types/2009</namespace>
            </type>
        </namedTypedValue>
        <namedTypedValue>
            <name>linkAdditionalSaveInto</name>
            <type>
                <name>Save?list</name>
                <namespace>http://www.appian.com/ae/types/2009</namespace>
            </type>
        </namedTypedValue>
        <preferredEditor>interface</preferredEditor>
        <offlineEnabled>false</offlineEnabled>
    </rule>
    <roleMap public="true">
        <role allowForAll="true" inherit="false" name="readers">
            <users/>
            <groups/>
        </role>
        <role allowForAll="true" inherit="false" name="authors">
            <users/>
            <groups/>
        </role>
        <role allowForAll="false" inherit="false" name="administrators">
            <users/>
            <groups>
                <groupUuid>_e-0000dd0a-93c8-8000-9aee-01075c01075c_12</groupUuid>
            </groups>
        </role>
        <role allowForAll="false" inherit="false" name="denyReaders">
            <users/>
            <groups/>
        </role>
        <role allowForAll="false" inherit="false" name="denyAuthors">
            <users/>
            <groups/>
        </role>
        <role allowForAll="false" inherit="false" name="denyAdministrators">
            <users/>
            <groups/>
        </role>
    </roleMap>
</contentHaul>
