<?xml version="1.0" encoding="UTF-8" standalone="yes"?>
<contentHaul xmlns:a="http://www.appian.com/ae/types/2009">
    <rule>
        <name>HR_QRY_getUserTrainingAggregation</name>
        <uuid>_a-0000dd0d-462c-8000-9ba2-011c48011c48_4559</uuid>
        <description>Gets aggregation statistics (avg rating, user counts) of HR_UserTraining based on the filters</description>
        <parentUuid>_a-0000dd0d-462c-8000-9ba2-011c48011c48_3807</parentUuid>
        <visibility>
            <advertise>false</advertise>
            <hierarchy>true</hierarchy>
            <indexable>true</indexable>
            <quota>false</quota>
            <searchable>true</searchable>
            <system>false</system>
            <unlogged>false</unlogged>
        </visibility>
        <definition>#&quot;SYSTEM_SYSRULES_queryEntity&quot;(
  entity: #&quot;_a-0000dd0d-462c-8000-9ba2-011c48011c48_3587&quot;,
  query: #&quot;SYSTEM_SYSRULES_query&quot;(
    aggregation: #&quot;SYSTEM_SYSRULES_queryAggregation&quot;(
      aggregationColumns: {
        #&quot;SYSTEM_SYSRULES_queryAggregationColumn&quot;(
          field: &quot;feedbackRating&quot;,
          alias: &quot;avgFeedbackRating&quot;,
          aggregationFunction: &quot;AVG&quot;
        ),
        #&quot;SYSTEM_SYSRULES_queryAggregationColumn&quot;(
          field: &quot;userId&quot;,
          alias: &quot;totalCompletedUsers&quot;,
          aggregationFunction: &quot;COUNT&quot;
        ),
        #&quot;SYSTEM_SYSRULES_queryAggregationColumn&quot;(
          field: &quot;trainingId&quot;,
          isGrouping: true
        )
      }
    ),
    logicalExpression: #&quot;SYSTEM_SYSRULES_queryLogicalExpression&quot;(
      operator: &quot;AND&quot;,
      filters: {
        if(
          isnull(
            ri!trainingId
          ),
          {},
          {
            #&quot;SYSTEM_SYSRULES_queryFilter&quot;(
              field: &quot;trainingId&quot;,
              operator: &quot;=&quot;,
              value: ri!trainingId
            ),
            #&quot;SYSTEM_SYSRULES_queryFilter&quot;(
              field: &quot;completedDatetime&quot;,
              operator: &quot;not null&quot;
            )
          }
        )
      }
    ),
    pagingInfo: if(
      isnull(
        ri!pagingInfo
      ),
      #&quot;SYSTEM_SYSRULES_pagingInfo&quot;(
        startIndex: 1,
        batchSize: - 1
      ),
      ri!pagingInfo
    )
  )
  )
</definition>
        <namedTypedValue>
            <name>pagingInfo</name>
            <type>
                <name>PagingInfo</name>
                <namespace>http://www.appian.com/ae/types/2009</namespace>
            </type>
        </namedTypedValue>
        <namedTypedValue>
            <name>trainingId</name>
            <type>
                <name>int</name>
                <namespace>http://www.w3.org/2001/XMLSchema</namespace>
            </type>
        </namedTypedValue>
        <preferredEditor>legacy</preferredEditor>
        <offlineEnabled>false</offlineEnabled>
    </rule>
    <roleMap public="true">
        <role allowForAll="true" inherit="false" name="readers">
            <users/>
            <groups/>
        </role>
        <role allowForAll="true" inherit="false" name="authors">
            <users/>
            <groups/>
        </role>
        <role allowForAll="false" inherit="false" name="administrators">
            <users/>
            <groups>
                <groupUuid>_e-0000dd0a-93c8-8000-9aee-01075c01075c_12</groupUuid>
            </groups>
        </role>
        <role allowForAll="false" inherit="false" name="denyReaders">
            <users/>
            <groups/>
        </role>
        <role allowForAll="false" inherit="false" name="denyAuthors">
            <users/>
            <groups/>
        </role>
        <role allowForAll="false" inherit="false" name="denyAdministrators">
            <users/>
            <groups/>
        </role>
    </roleMap>
</contentHaul>
