<?xml version="1.0" encoding="UTF-8" standalone="yes"?>
<contentHaul xmlns:a="http://www.appian.com/ae/types/2009">
    <rule>
        <name>HR_QRY_V_getTrainingStatistics</name>
        <uuid>_a-0000dd0d-462c-8000-9ba2-011c48011c48_5294</uuid>
        <description>Gets all instances of an HR_V_Training_Statistics based on the filters</description>
        <parentUuid>_a-0000dd0d-462c-8000-9ba2-011c48011c48_3808</parentUuid>
        <visibility>
            <advertise>false</advertise>
            <hierarchy>true</hierarchy>
            <indexable>true</indexable>
            <quota>false</quota>
            <searchable>true</searchable>
            <system>false</system>
            <unlogged>false</unlogged>
        </visibility>
        <definition>#&quot;SYSTEM_SYSRULES_queryEntity&quot;(
  entity: #&quot;_a-0000dd0d-462c-8000-9ba2-011c48011c48_5289&quot;,
  query: #&quot;SYSTEM_SYSRULES_query&quot;(
    selection: if(
      #&quot;2168a5de-fb70-4d66-8b97-b547e3ac6e57&quot;(
        ri!columns
      ),
      {},
      #&quot;SYSTEM_SYSRULES_querySelection&quot;(
        columns: #&quot;SYSTEM_SYSRULES_applyComponents&quot;(
          function: #&quot;SYSTEM_SYSRULES_queryColumn&quot;(
            field: _
          ),
          array: ri!columns
        )
      )
    ),
    logicalExpression: #&quot;SYSTEM_SYSRULES_queryLogicalExpression&quot;(
      operator: &quot;AND&quot;,
      filters: {
        if(
          isnull(
            ri!trainingId
          ),
          {
            /* to prevent a &quot;no filters given&quot; expression error */
            #&quot;SYSTEM_SYSRULES_queryFilter&quot;(
              field: &quot;trainingId&quot;,
              operator: &quot;&lt;&gt;&quot;,
              value: - 1
            )
          },
          #&quot;SYSTEM_SYSRULES_queryFilter&quot;(
            field: &quot;trainingId&quot;,
            operator: &quot;=&quot;,
            value: ri!trainingId
          )
        ),
        if(
          isnull(
            ri!name
          ),
          {},
          #&quot;SYSTEM_SYSRULES_queryFilter&quot;(
            field: &quot;name&quot;,
            operator: &quot;includes&quot;,
            value: ri!name
          )
        ),
        if(
          isnull(
            ri!minAvgRating
          ),
          {},
          #&quot;SYSTEM_SYSRULES_queryFilter&quot;(
            field: &quot;avgRating&quot;,
            operator: &quot;&gt;=&quot;,
            value: ri!minAvgRating
          )
        ),
        if(
          isnull(
            ri!maxAvgRating
          ),
          {},
          #&quot;SYSTEM_SYSRULES_queryFilter&quot;(
            field: &quot;avgRating&quot;,
            operator: &quot;&lt;=&quot;,
            value: ri!maxAvgRating
          )
        ),
        if(
          isnull(
            ri!minCompletion
          ),
          {},
          #&quot;SYSTEM_SYSRULES_queryFilter&quot;(
            field: &quot;completionPercentage&quot;,
            operator: &quot;&gt;=&quot;,
            value: ri!minCompletion
          )
        ),
        if(
          isnull(
            ri!maxCompletion
          ),
          {},
          #&quot;SYSTEM_SYSRULES_queryFilter&quot;(
            field: &quot;completionPercentage&quot;,
            operator: &quot;&lt;=&quot;,
            value: ri!maxCompletion
          )
        ),
        if(
          ri!isMandatoryStatus,
          #&quot;SYSTEM_SYSRULES_queryFilter&quot;(
            field: &quot;isMandatory&quot;,
            operator: &quot;=&quot;,
            value: ri!isMandatoryStatus = #&quot;_a-0000dd0d-462c-8000-9ba2-011c48011c48_5697&quot;
          ),
          {}
        ),
        if(
          isnull(
            ri!availableFrom
          ),
          {},
          #&quot;SYSTEM_SYSRULES_queryFilter&quot;(
            field: &quot;availableDate&quot;,
            operator: &quot;&gt;=&quot;,
            value: ri!availableFrom
          )
        ),
        if(
          isnull(
            ri!availableTo
          ),
          {},
          #&quot;SYSTEM_SYSRULES_queryFilter&quot;(
            field: &quot;availableDate&quot;,
            operator: &quot;&lt;=&quot;,
            value: ri!availableTo
          )
        ),
        if(
          isnull(
            ri!dueFrom
          ),
          {},
          #&quot;SYSTEM_SYSRULES_queryFilter&quot;(
            field: &quot;dueDate&quot;,
            operator: &quot;&gt;=&quot;,
            value: ri!dueFrom
          )
        ),
        if(
          isnull(
            ri!dueTo
          ),
          {},
          #&quot;SYSTEM_SYSRULES_queryFilter&quot;(
            field: &quot;dueDate&quot;,
            operator: &quot;&lt;=&quot;,
            value: ri!dueTo
          )
        )
      }
    ),
    pagingInfo: if(
      isnull(
        ri!pagingInfo
      ),
      #&quot;SYSTEM_SYSRULES_pagingInfo&quot;(
        startIndex: 1,
        batchSize: - 1
      ),
      ri!pagingInfo
    )
  )
)</definition>
        <namedTypedValue>
            <name>columns</name>
            <type>
                <name>Text?list</name>
                <namespace>http://www.appian.com/ae/types/2009</namespace>
            </type>
        </namedTypedValue>
        <namedTypedValue>
            <name>pagingInfo</name>
            <type>
                <name>PagingInfo</name>
                <namespace>http://www.appian.com/ae/types/2009</namespace>
            </type>
        </namedTypedValue>
        <namedTypedValue>
            <name>trainingId</name>
            <type>
                <name>int</name>
                <namespace>http://www.w3.org/2001/XMLSchema</namespace>
            </type>
        </namedTypedValue>
        <namedTypedValue>
            <name>name</name>
            <type>
                <name>string</name>
                <namespace>http://www.w3.org/2001/XMLSchema</namespace>
            </type>
            <value/>
        </namedTypedValue>
        <namedTypedValue>
            <name>minAvgRating</name>
            <type>
                <name>double</name>
                <namespace>http://www.w3.org/2001/XMLSchema</namespace>
            </type>
        </namedTypedValue>
        <namedTypedValue>
            <name>maxAvgRating</name>
            <type>
                <name>double</name>
                <namespace>http://www.w3.org/2001/XMLSchema</namespace>
            </type>
        </namedTypedValue>
        <namedTypedValue>
            <name>minCompletion</name>
            <type>
                <name>double</name>
                <namespace>http://www.w3.org/2001/XMLSchema</namespace>
            </type>
        </namedTypedValue>
        <namedTypedValue>
            <name>maxCompletion</name>
            <type>
                <name>double</name>
                <namespace>http://www.w3.org/2001/XMLSchema</namespace>
            </type>
        </namedTypedValue>
        <namedTypedValue>
            <name>isMandatoryStatus</name>
            <type>
                <name>int</name>
                <namespace>http://www.w3.org/2001/XMLSchema</namespace>
            </type>
        </namedTypedValue>
        <namedTypedValue>
            <name>availableFrom</name>
            <type>
                <name>date</name>
                <namespace>http://www.w3.org/2001/XMLSchema</namespace>
            </type>
        </namedTypedValue>
        <namedTypedValue>
            <name>availableTo</name>
            <type>
                <name>date</name>
                <namespace>http://www.w3.org/2001/XMLSchema</namespace>
            </type>
        </namedTypedValue>
        <namedTypedValue>
            <name>dueFrom</name>
            <type>
                <name>date</name>
                <namespace>http://www.w3.org/2001/XMLSchema</namespace>
            </type>
        </namedTypedValue>
        <namedTypedValue>
            <name>dueTo</name>
            <type>
                <name>date</name>
                <namespace>http://www.w3.org/2001/XMLSchema</namespace>
            </type>
        </namedTypedValue>
        <preferredEditor>legacy</preferredEditor>
        <offlineEnabled>false</offlineEnabled>
    </rule>
    <roleMap public="true">
        <role allowForAll="true" inherit="false" name="readers">
            <users/>
            <groups/>
        </role>
        <role allowForAll="true" inherit="false" name="authors">
            <users/>
            <groups/>
        </role>
        <role allowForAll="false" inherit="false" name="administrators">
            <users/>
            <groups>
                <groupUuid>_e-0000dd0a-93c8-8000-9aee-01075c01075c_12</groupUuid>
            </groups>
        </role>
        <role allowForAll="false" inherit="false" name="denyReaders">
            <users/>
            <groups/>
        </role>
        <role allowForAll="false" inherit="false" name="denyAuthors">
            <users/>
            <groups/>
        </role>
        <role allowForAll="false" inherit="false" name="denyAdministrators">
            <users/>
            <groups/>
        </role>
    </roleMap>
</contentHaul>
