<?xml version="1.0" encoding="UTF-8" standalone="yes"?>
<contentHaul xmlns:a="http://www.appian.com/ae/types/2009">
    <rule>
        <name>HR_SCT_Onboarding_basicInformation</name>
        <uuid>_a-0000dd8b-d239-8000-9ba2-011c48011c48_29917</uuid>
        <description>Section containing basic candidate information</description>
        <parentUuid>_a-0000dd0d-462c-8000-9ba2-011c48011c48_3551</parentUuid>
        <visibility>
            <advertise>false</advertise>
            <hierarchy>true</hierarchy>
            <indexable>true</indexable>
            <quota>false</quota>
            <searchable>true</searchable>
            <system>false</system>
            <unlogged>false</unlogged>
        </visibility>
        <definition>load(
  local!maskSSN:false,
  #&quot;SYSTEM_SYSRULES_sectionLayout&quot;(
    label:&quot;Candidate Basic Information&quot;,
    isCollapsible: ri!isCollapsible,
    isInitiallyCollapsed: ri!isInitiallyCollapsed,
    firstColumnContents: {
      #&quot;_a-0000dd0d-462c-8000-9ba2-011c48011c48_3690&quot;(
          label: &quot;First Name&quot;,
          helptooltip: &quot;Please enter the candidate's legal first name only&quot;,
          readOnly:ri!readOnly,
          required: if(ri!readOnly,false,true),
          requiredmessage: &quot;First Name is a required field&quot;,
          value: ri!afUser.firstName,
          saveInto: ri!afUser.firstName
        ),
        #&quot;_a-0000dd0d-462c-8000-9ba2-011c48011c48_3690&quot;(
          label: &quot;Last Name&quot;,
          readOnly:ri!readOnly,
          required: if(ri!readOnly,false,true),
          requiredmessage: &quot;Last Name is a required field&quot;,
          value: ri!afUser.lastName,
          saveInto: ri!afUser.lastName
        ),
        #&quot;_a-0000dd8b-d239-8000-9ba2-011c48011c48_29834&quot;(
          label: &quot;Social Security Number&quot;,
          required: if(ri!readOnly,false,true),
          readOnly: ri!readOnly,
          masked: local!maskSSN,
          ssn: ri!hrUser.ssn,
          requiredMessage: &quot;Please enter a 9-digit SSN&quot;
        ),
        /*if(
          ri!readOnly,
          {},
          if(
            local!maskSSN,
            a!richTextDisplayField(
              labelPosition: &quot;COLLAPSED&quot;,
              value:
                a!richTextItem(
                  text: &quot;Show SSN&quot;,
                  link:
                    a!dynamicLink(
                      label:&quot;Show&quot;,
                      value: false,
                      saveInto: local!maskSSN
                    )
                )
            ),
            a!richTextDisplayField(
              labelPosition: &quot;COLLAPSED&quot;,
              value:
                a!richTextItem(
                  text: &quot;Hide SSN&quot;,
                  link:
                    a!dynamicLink(
                      label:&quot;Hide&quot;,
                      value: true,
                      saveInto: local!maskSSN
                    )
                )
            )
          )
        ),*/
        #&quot;_a-0000dd0d-462c-8000-9ba2-011c48011c48_3690&quot;(
          label: &quot;Tax ID&quot;,
          readOnly: ri!readOnly,
          required: if(ri!readOnly,false,true),
          requiredmessage: &quot;Tax ID is a required field&quot;,
          value: if(
            isnull(ri!hrUser.taxId),
            ri!hrUser.taxId,
            #&quot;_a-0000dd8b-d239-8000-9ba2-011c48011c48_29987&quot;(ri!hrUser.taxId)
          ),
          saveInto: a!save(
            ri!hrUser.taxId,
            left(
              cleanwith(
                save!value,
                &quot;1234567890&quot;
              ),
              9
            )
          ),
          validations: if(
            ri!readOnly,
            {},
            if(
              len(
                ri!hrUser.taxId
              ) = 9,
              {},
              &quot;Please enter a 9-digit Tax ID&quot;
            )
          )
        )
        /*a!dropdownField(
          label: &quot;Priority&quot;,
          labelPosition: &quot;ABOVE&quot;,
          placeholderLabel: &quot;--- Select a Value ---&quot;,
          choiceLabels: {&quot;Low&quot;, &quot;Medium&quot;,
            &quot;High&quot;,
            &quot;Critical&quot;},
          choiceValues: {&quot;Low&quot;, &quot;Medium&quot;,
            &quot;High&quot;,
            &quot;Critical&quot;},
          value: ri!Onboardingrecord.priority,
          saveInto: ri!Onboardingrecord.priority,
          required: true,
          validations: {}
        )*/
      },
      secondcolumncontents: {
        #&quot;fa8d3278-99cb-48cb-b4c8-5602158660a9&quot;(
          label:&quot;Birth Date&quot;,
          readOnly: ri!readOnly,
          required: if(ri!readOnly,false,true),
          requiredMessage: &quot;Birth Date is a required field&quot;,
          value: ri!hrUser.birthDate,
          saveInto: ri!hrUser.birthDate,
          validations:{
            if(
              (tointeger((today() - ri!hrUser.birthDate)) / 365) &lt; 18,
              &quot;Please enter a valid birth date&quot;,
              {}
            )
          }
        ),
        #&quot;_a-0000dd0d-462c-8000-9ba2-011c48011c48_3685&quot;(
          label: &quot;Birth Country&quot;,
          placeholderLabel: #&quot;_a-0000dd0d-462c-8000-9ba2-011c48011c48_4728&quot;,
          readOnly:ri!readOnly,
          required: if(ri!readOnly,false,true),
          requiredMessage:&quot;Birth Country is a required field&quot;,
          choiceLabels: {
            #&quot;_a-0000dd8b-d239-8000-9ba2-011c48011c48_30000&quot;
          },
          choiceValues: {
            #&quot;_a-0000dd8b-d239-8000-9ba2-011c48011c48_30000&quot;
          },
          value: ri!hrUser.birthCountry,
          saveInto: {
            ri!hrUser.birthCountry,
            a!save(ri!hrUser.birthCity,null),
            a!save(ri!hrUser.birthState,null)
          }
        ),
        if(
          ri!hrUser.birthCountry = &quot;United States of America&quot;,
          {
            #&quot;_a-0000dd0d-462c-8000-9ba2-011c48011c48_3690&quot;(
              label: &quot;Birth City&quot;,
              readOnly:ri!readOnly,
              required: if(ri!readOnly,false,true),
              requiredmessage: &quot;Birth City is a required field&quot;,
              value: ri!hrUser.birthCity,
              saveInto: ri!hrUser.birthCity
            ),
            #&quot;_a-0000dd0d-462c-8000-9ba2-011c48011c48_3685&quot;(
              label: &quot;Birth State&quot;,
              placeholderLabel: #&quot;_a-0000dd0d-462c-8000-9ba2-011c48011c48_4728&quot;,
              readOnly:ri!readOnly,
              required: if(ri!readOnly,false,true),
              requiredMessage:&quot;Birth State is a required field&quot;,
              choiceLabels: {
                #&quot;_a-0000dd0d-462c-8000-9ba2-011c48011c48_5511&quot;
              },
              choiceValues: {
                #&quot;_a-0000dd0d-462c-8000-9ba2-011c48011c48_5511&quot;
              },
              value: ri!hrUser.birthState,
              saveInto: {
                ri!hrUser.birthState
              }
            )
          },
          {}
        ),
        #&quot;_a-0000dd0d-462c-8000-9ba2-011c48011c48_3692&quot;(
          label:&quot;Is the candidate a US citizen?&quot;,
          readOnly:ri!readOnly,
          required: if(ri!readOnly,false,true),
          requiredMessage:&quot;Citizenship is a required field&quot;,
          choiceLabels:{
            &quot;Yes&quot;,
            &quot;No&quot;
          },
          choiceValues:{
            true,
            false
          },
          value: ri!hrUser.isUsCitizen,
          saveInto: {
            ri!hrUser.isUsCitizen,
            a!save(ri!hrUser.citizenshipCountry,null)
          }
        ),
        if(
          or(ri!hrUser.isUsCitizen,isnull(ri!hrUser.isUsCitizen)),
          {},
          #&quot;_a-0000dd0d-462c-8000-9ba2-011c48011c48_3685&quot;(
            label: &quot;In which country does the candidate have citizenship?&quot;,
            placeholderLabel: #&quot;_a-0000dd0d-462c-8000-9ba2-011c48011c48_4728&quot;,
            readOnly:ri!readOnly,
            required: if(ri!readOnly,false,true),
            requiredMessage:&quot;Citizenship country is a required field&quot;,
            choiceLabels: {
              remove(#&quot;_a-0000dd8b-d239-8000-9ba2-011c48011c48_30000&quot;,1)
            },
            choiceValues: {
              remove(#&quot;_a-0000dd8b-d239-8000-9ba2-011c48011c48_30000&quot;,1)
            },
            value: ri!hrUser.citizenshipCountry,
            saveInto: {
              ri!hrUser.citizenshipCountry
            }
          )
        )
      }
  )
)</definition>
        <namedTypedValue>
            <name>afUser</name>
            <type>
                <name>AF_User</name>
                <namespace>urn:com:appian:types:AF</namespace>
            </type>
        </namedTypedValue>
        <namedTypedValue>
            <name>hrUser</name>
            <type>
                <name>HR_User</name>
                <namespace>urn:com:appian:types:HR</namespace>
            </type>
        </namedTypedValue>
        <namedTypedValue>
            <name>readOnly</name>
            <type>
                <name>boolean</name>
                <namespace>http://www.w3.org/2001/XMLSchema</namespace>
            </type>
        </namedTypedValue>
        <namedTypedValue>
            <name>isCollapsible</name>
            <type>
                <name>boolean</name>
                <namespace>http://www.w3.org/2001/XMLSchema</namespace>
            </type>
        </namedTypedValue>
        <namedTypedValue>
            <name>isInitiallyCollapsed</name>
            <type>
                <name>boolean</name>
                <namespace>http://www.w3.org/2001/XMLSchema</namespace>
            </type>
        </namedTypedValue>
        <preferredEditor>interface</preferredEditor>
        <offlineEnabled>false</offlineEnabled>
    </rule>
    <roleMap public="true">
        <role allowForAll="false" inherit="true" name="readers">
            <users/>
            <groups/>
        </role>
        <role allowForAll="false" inherit="true" name="authors">
            <users/>
            <groups/>
        </role>
        <role allowForAll="false" inherit="true" name="administrators">
            <users>
                <userUuid>eric.schiavo</userUuid>
            </users>
            <groups/>
        </role>
        <role allowForAll="false" inherit="false" name="denyReaders">
            <users/>
            <groups/>
        </role>
        <role allowForAll="false" inherit="false" name="denyAuthors">
            <users/>
            <groups/>
        </role>
        <role allowForAll="false" inherit="false" name="denyAdministrators">
            <users/>
            <groups/>
        </role>
    </roleMap>
</contentHaul>
