<?xml version="1.0" encoding="UTF-8" standalone="yes"?>
<contentHaul xmlns:a="http://www.appian.com/ae/types/2009">
    <rule>
        <name>HR_REPORT_Training_training</name>
        <uuid>_a-0000dd0d-462c-8000-9ba2-011c48011c48_5292</uuid>
        <description>Training and Compliance tempo report dashboard</description>
        <parentUuid>_a-0000dd0a-5e76-8000-aae2-01ef9001ef90_3752</parentUuid>
        <visibility>
            <advertise>false</advertise>
            <hierarchy>true</hierarchy>
            <indexable>true</indexable>
            <quota>false</quota>
            <searchable>true</searchable>
            <system>false</system>
            <unlogged>false</unlogged>
        </visibility>
        <definition>load(
  local!blank_searchRequest: 'type!{urn:com:appian:types:HR}HR_Training_SearchRequest'(isMandatoryStatus: 0),
  local!temp_searchRequest: local!blank_searchRequest,
  local!searchRequest: local!blank_searchRequest,
  local!pagingInfo: #&quot;SYSTEM_SYSRULES_pagingInfo&quot;(
    startIndex: 1,
    batchSize: #&quot;_a-0000dd0d-462c-8000-9ba2-011c48011c48_4972&quot;,
    sort: #&quot;SYSTEM_SYSRULES_sortInfo&quot;(
      field: &quot;dueDate&quot;
    )
  ),
  local!columns: {
      &quot;trainingId&quot;,
      &quot;name&quot;,
      &quot;isMandatory&quot;,
      &quot;avgRating&quot;,
      &quot;completionPercentage&quot;,
      &quot;availableDate&quot;,
      &quot;dueDate&quot;
    },
  local!dataSubset: #&quot;_a-0000dd8b-d239-8000-9ba2-011c48011c48_29521&quot;(
    searchRequest: local!searchRequest,
    pagingInfo: local!pagingInfo,
    columns: local!columns
  ),
  #&quot;SYSTEM_SYSRULES_dashboardLayout&quot;(
    firstColumnContents: {
      #&quot;_a-0000dd0d-462c-8000-9ba2-011c48011c48_5632&quot;(
        pagingInfo: local!pagingInfo,
        searchRequest: local!searchRequest,
        temp_searchRequest: local!temp_searchRequest,
        blank_searchRequest: local!blank_searchRequest,
        datasubset: local!dataSubset,
        columns: local!columns
      ),
      #&quot;SYSTEM_SYSRULES_sectionLayout&quot;(
        label: &quot;Trainings&quot;,
        firstColumnContents: {
          #&quot;_a-0000dd0d-462c-8000-9ba2-011c48011c48_5296&quot;(
            trainingStatistics: local!dataSubset,
            pagingInfo: local!pagingInfo,
            additionalSaveInto: 
            #&quot;4c0833a9-0127-4d25-9d6d-cb881c688e7d&quot;(
                gridSelectionOrPagingInfo: local!pagingInfo,
                additionalSaveInto: {
                  a!save(
                    local!dataSubset,
                    #&quot;_a-0000dd8b-d239-8000-9ba2-011c48011c48_29521&quot;(
                      searchRequest: local!searchRequest,
                      columns: local!columns,
                      pagingInfo : local!pagingInfo
                    )
                  )
                }
              )
          )
        }
      )
    }
  )
)</definition>
        <preferredEditor>interface</preferredEditor>
        <offlineEnabled>false</offlineEnabled>
    </rule>
    <roleMap public="true">
        <role allowForAll="true" inherit="false" name="readers">
            <users/>
            <groups/>
        </role>
        <role allowForAll="true" inherit="false" name="authors">
            <users/>
            <groups/>
        </role>
        <role allowForAll="false" inherit="false" name="administrators">
            <users/>
            <groups>
                <groupUuid>_e-0000dd0a-93c8-8000-9aee-01075c01075c_12</groupUuid>
            </groups>
        </role>
        <role allowForAll="false" inherit="false" name="denyReaders">
            <users/>
            <groups/>
        </role>
        <role allowForAll="false" inherit="false" name="denyAuthors">
            <users/>
            <groups/>
        </role>
        <role allowForAll="false" inherit="false" name="denyAdministrators">
            <users/>
            <groups/>
        </role>
    </roleMap>
</contentHaul>
