<?xml version="1.0" encoding="UTF-8" standalone="yes"?>
<contentHaul xmlns:a="http://www.appian.com/ae/types/2009">
    <rule>
        <name>HR_RULE_Hoteling_createRepeatReservations</name>
        <uuid>a99fbd02-5244-4f67-aaf6-5eaa592ffa11</uuid>
        <description>Creates all the reservation cdts that are repeated reservations</description>
        <parentUuid>_a-0000dd0d-462c-8000-9ba2-011c48011c48_3790</parentUuid>
        <visibility>
            <advertise>false</advertise>
            <hierarchy>true</hierarchy>
            <indexable>true</indexable>
            <quota>false</quota>
            <searchable>true</searchable>
            <system>false</system>
            <unlogged>false</unlogged>
        </visibility>
        <definition>load(
  local!timezoneId: usertimezone(loggedinuser()),
  with(
    local!afterOccurrences: if(ri!reservation.afterOccurrences &lt; 2,
      2,
      ri!reservation.afterOccurrences
    ),
    apply(
      'type!{urn:com:appian:types:HR}HR_Reservation'(
        reservationFrom: _,
        reservationTo: _
      ),
      with(
        local!repeatReservationFrom: remove(choose(ri!reservation.repeatType,
          /* Daily */
          #&quot;_a-0000dd72-ed8d-8000-9ba2-011c48011c48_25645&quot;(
            reservationFrom: ri!reservation.reservationFrom,
            repeatEvery: ri!reservation.repeatEvery,
            enumeration:  if(isnull(reservation.afterOccurrences),
              enumerate(trunc(tointeger(ri!reservation.onDate - ri!reservation.reservationFrom) / ri!reservation.repeatEvery)) + 1,
              enumerate(local!afterOccurrences - 1) + 1
            )
          ),
          /* Every weekday */
          reduce(
            #&quot;_a-0000dd72-ed8d-8000-9ba2-011c48011c48_24689&quot;(
              dateTimes: _,
              iteration: _,
              onDate: ri!reservation.onDate
            ),
            ri!reservation.reservationFrom,
            if(isnull(ri!reservation.afterOccurrences),
              enumerate(tointeger(ri!reservation.onDate - ri!reservation.reservationFrom) - 1),
              enumerate(local!afterOccurrences - 1)
            )
          ),
          /* Every MWF */
          reduce(
            #&quot;_a-0000dd72-ed8d-8000-9ba2-011c48011c48_24700&quot;(
              dateTimes: _,
              iteration: _,
              repeatEnds: ri!reservation.repeatEnds,
              onDate: ri!reservation.onDate
            ),
            ri!reservation.reservationFrom,
            if(isnull(ri!reservation.afterOccurrences),
              1+enumerate(weeknum(ri!reservation.onDate)-weeknum(ri!reservation.reservationFrom)+1),
              enumerate(local!afterOccurrences - 1)
            )
          ),
          /* Every TTh */
          reduce(
            #&quot;_a-0000dd72-ed8d-8000-9ba2-011c48011c48_24816&quot;(
              dateTimes: _,
              iteration: _,
              repeatEnds: ri!reservation.repeatEnds,
              onDate: ri!reservation.onDate
            ),
            ri!reservation.reservationFrom,
            if(isnull(ri!reservation.afterOccurrences),
              1+enumerate(weeknum(ri!reservation.onDate)-weeknum(ri!reservation.reservationFrom)+1),
              enumerate(local!afterOccurrences - 1)
            )
          ),
          /* Weekly */
          reduce(
            #&quot;_a-0000dd72-ed8d-8000-9ba2-011c48011c48_25867&quot;(
              dateTimes: _,
              iteration: _,
              dayId: ri!reservation.repeatOn,
              endDate: ri!reservation.onDate,
              repeatEnds: ri!reservation.repeatEnds,
              repeatEvery: ri!reservation.repeatEvery
            ),
            ri!reservation.reservationFrom,
            if(isnull(ri!reservation.afterOccurrences),
              enumerate(floor(#&quot;_a-0000dd72-ed8d-8000-9ba2-011c48011c48_25007&quot;(dateOne: local(ri!reservation.reservationFrom), dateTwo: ri!reservation.onDate)/ri!reservation.repeatEvery)+1),
              enumerate(local!afterOccurrences-1)
            )
          ),
          /* Monthly */
          reduce(
            #&quot;_a-0000dd72-ed8d-8000-9ba2-011c48011c48_24263&quot;(
              dateTimes: _,
              iteration: _,
              repeatBy: ri!reservation.repeatBy,
              repeatEvery: ri!reservation.repeatEvery,
              onDate: ri!reservation.onDate,
              nthWeekdayOfMonth: #&quot;_a-0000dd72-ed8d-8000-9ba2-011c48011c48_25144&quot;(date: local(ri!reservation.reservationFrom)),
              originalWeekday: weekday(local(ri!reservation.reservationFrom))
            ),
            ri!reservation.reservationFrom,
            if(isnull(ri!reservation.afterOccurrences),
              1+enumerate(floor(#&quot;_a-0000dd72-ed8d-8000-9ba2-011c48011c48_24939&quot;(dateOne: local(ri!reservation.reservationFrom), dateTwo: ri!reservation.onDate)/ri!reservation.repeatEvery)),
              1+enumerate(local!afterOccurrences-1)
            )
          ),
          /* Yearly */
          reduce(
            #&quot;_a-0000dd72-ed8d-8000-9ba2-011c48011c48_24265&quot;(
              dateTimes: _,
              input: _,
              repeatEvery: ri!reservation.repeatEvery,
              onDate: ri!reservation.onDate
            ),
            ri!reservation.reservationFrom,
            if(isnull(ri!reservation.afterOccurrences),
              enumerate(floor((year(ri!reservation.onDate)-year(local(ri!reservation.reservationFrom)))/ri!reservation.repeatEvery)),
              enumerate(local!afterOccurrences-1)
            )
          )
        ), if(ri!reservation.repeatType = 1, {}, 1)),
        local!adjustForDaylightSaving: contains(#&quot;_a-0000dd3a-bcbf-8000-9ba2-011c48011c48_14394&quot;[{1, 2, 3, 4, 5}],  ri!reservation.repeatType), /* not monthly or annually */
        local!maxReservationDate: if(local!adjustForDaylightSaving,
          todate(local(local!repeatReservationFrom[wherecontains(todate(max(tointeger(local(local!repeatReservationFrom)))), todate(local(local!repeatReservationFrom)))])),
          null
        ),
        local!elapsedDays: if(local!adjustForDaylightSaving,
          #&quot;_a-0000dd72-ed8d-8000-9ba2-011c48011c48_25715&quot;(
            dateOne: local(ri!reservation.reservationFrom),
            dateTwo: local!maxReservationDate
          ),
          null
        ),
        local!daylightSavingDisparity: if(local!adjustForDaylightSaving,
          #&quot;_a-0000dd72-ed8d-8000-9ba2-011c48011c48_25607&quot;(
            dateOne: local(ri!reservation.reservationFrom),
            dateTwo: local!maxReservationDate,
            timezoneId: local!timezoneId
          )&lt;&gt;0,
          null
        ),
        local!daylightSavingFlag: and(
          local!adjustForDaylightSaving, 
          or(local!elapsedDays&gt;#&quot;_a-0000dd72-ed8d-8000-9ba2-011c48011c48_25784&quot;, local!daylightSavingDisparity)
        ),
        local!repeatReservationFromFinal: if(local!daylightSavingFlag,
          local!repeatReservationFrom+apply(
            #&quot;_a-0000dd72-ed8d-8000-9ba2-011c48011c48_25607&quot;(
              dateOne: local(ri!reservation.reservationFrom),
              dateTwo: _,
              timezoneId: local!timezoneId
            ),
            local(local!repeatReservationFrom)
          ),
          local!repeatReservationFrom
        ),
        merge(
          local!repeatReservationFromFinal,
          apply(
            userdatetime(_, _, _, hour(local(ri!reservation.reservationTo)), minute(local(ri!reservation.reservationTo))),
            merge(
              apply(fn!year, local(local!repeatReservationFrom)),
              apply(fn!month, local(local!repeatReservationFrom)),
              apply(fn!day, local(local!repeatReservationFrom))
            )
          )
        )
      )
    )
  )
)</definition>
        <namedTypedValue>
            <name>reservation</name>
            <type>
                <name>HR_Reservation</name>
                <namespace>urn:com:appian:types:HR</namespace>
            </type>
        </namedTypedValue>
        <preferredEditor>legacy</preferredEditor>
        <offlineEnabled>false</offlineEnabled>
    </rule>
    <roleMap public="true">
        <role allowForAll="true" inherit="false" name="readers">
            <users/>
            <groups/>
        </role>
        <role allowForAll="true" inherit="false" name="authors">
            <users/>
            <groups/>
        </role>
        <role allowForAll="false" inherit="false" name="administrators">
            <users/>
            <groups>
                <groupUuid>_e-0000dd0a-93c8-8000-9aee-01075c01075c_12</groupUuid>
            </groups>
        </role>
        <role allowForAll="false" inherit="false" name="denyReaders">
            <users/>
            <groups/>
        </role>
        <role allowForAll="false" inherit="false" name="denyAuthors">
            <users/>
            <groups/>
        </role>
        <role allowForAll="false" inherit="false" name="denyAdministrators">
            <users/>
            <groups/>
        </role>
    </roleMap>
</contentHaul>
