<?xml version="1.0" encoding="UTF-8" standalone="yes"?>
<contentHaul xmlns:a="http://www.appian.com/ae/types/2009">
    <rule>
        <name>HR_CMPT_Hoteling_repeatOn</name>
        <uuid>c88ead0f-3f50-47c5-b8ef-91d225170841</uuid>
        <description>Component to select days of the week to repeat on</description>
        <parentUuid>_a-0000dd0d-462c-8000-9ba2-011c48011c48_3621</parentUuid>
        <visibility>
            <advertise>false</advertise>
            <hierarchy>true</hierarchy>
            <indexable>true</indexable>
            <quota>false</quota>
            <searchable>true</searchable>
            <system>false</system>
            <unlogged>false</unlogged>
        </visibility>
        <definition>{
  #&quot;_a-0000dd0d-462c-8000-9ba2-011c48011c48_5920&quot;(
    label: &quot;Repeat on&quot;,
    readOnly: ri!readOnly,
    choiceLabels: #&quot;_a-0000dd3a-bcbf-8000-9ba2-011c48011c48_14434&quot;[ri!weekdays],
    choiceValues: #&quot;_a-0000dd3a-bcbf-8000-9ba2-011c48011c48_14436&quot;[ri!weekdays],
    value: if(isnull(ri!reservation.repeatOn),
      null,
      tointeger(split(ri!reservation.repeatOn, #&quot;_a-0000dd0d-462c-8000-9ba2-011c48011c48_4238&quot;))
    ),
    saveInto: {
      a!save(
        ri!reservation.repeatOn,
        if(isnull(save!value),
          null,
          joinarray(save!value, #&quot;_a-0000dd0d-462c-8000-9ba2-011c48011c48_4238&quot;)
        )
      ),
      a!save({ri!reservation.afterOccurrences, ri!reservation.onDate}, null)
    }
  ),
  #&quot;SYSTEM_SYSRULES_richTextDisplayField&quot;(
    labelPosition: &quot;COLLAPSED&quot;,
    value: #&quot;SYSTEM_SYSRULES_richTextItem&quot;(
      text: &quot;This reservation will repeat on &quot; &amp; displayvalue(weekday(local(ri!reservation.reservationFrom)), #&quot;_a-0000dd72-ed8d-8000-9ba2-011c48011c48_24594&quot;, #&quot;_a-0000dd72-ed8d-8000-9ba2-011c48011c48_24595&quot;, null) &amp;&quot;s as well as any of the days selected above&quot;,
      style: &quot;EMPHASIS&quot;
    ) 
  )
}</definition>
        <namedTypedValue>
            <name>readOnly</name>
            <type>
                <name>boolean</name>
                <namespace>http://www.w3.org/2001/XMLSchema</namespace>
            </type>
        </namedTypedValue>
        <namedTypedValue>
            <name>reservation</name>
            <type>
                <name>HR_Reservation</name>
                <namespace>urn:com:appian:types:HR</namespace>
            </type>
        </namedTypedValue>
        <namedTypedValue>
            <name>weekdays</name>
            <type>
                <name>Integer?list</name>
                <namespace>http://www.appian.com/ae/types/2009</namespace>
            </type>
        </namedTypedValue>
        <preferredEditor>interface</preferredEditor>
        <offlineEnabled>false</offlineEnabled>
    </rule>
    <roleMap public="true">
        <role allowForAll="true" inherit="false" name="readers">
            <users/>
            <groups/>
        </role>
        <role allowForAll="true" inherit="false" name="authors">
            <users/>
            <groups/>
        </role>
        <role allowForAll="false" inherit="false" name="administrators">
            <users/>
            <groups>
                <groupUuid>_e-0000dd0a-93c8-8000-9aee-01075c01075c_12</groupUuid>
            </groups>
        </role>
        <role allowForAll="false" inherit="false" name="denyReaders">
            <users/>
            <groups/>
        </role>
        <role allowForAll="false" inherit="false" name="denyAuthors">
            <users/>
            <groups/>
        </role>
        <role allowForAll="false" inherit="false" name="denyAdministrators">
            <users/>
            <groups/>
        </role>
    </roleMap>
</contentHaul>
