<?xml version="1.0" encoding="UTF-8" standalone="yes"?>
<contentHaul xmlns:a="http://www.appian.com/ae/types/2009">
    <rule>
        <name>HR_RULE_Utility_generateAudit</name>
        <uuid>d0e7f54f-45f3-45a6-b4be-c69529c3711e</uuid>
        <description>Creates an array of audit cdts for a given entity. Provide an old cdt and a new cdt and the rule will create an audit cdt per field in the cdt that has changed. The auditCdt input should be a blank cdt of the output cdt you want the rule to produce. cdtPrimaryKeyField is the field name of the cdt's primary key.</description>
        <parentUuid>_a-0000dd0d-462c-8000-9ba2-011c48011c48_3791</parentUuid>
        <visibility>
            <advertise>false</advertise>
            <hierarchy>true</hierarchy>
            <indexable>true</indexable>
            <quota>false</quota>
            <searchable>true</searchable>
            <system>false</system>
            <unlogged>false</unlogged>
        </visibility>
        <definition>with(
  /* ORDER OF CDT FIELDS MUST MATCH ORDER OF ACTIONS IN CDT'S AUDIT ACTION REF TABLE */
  local!fields: #&quot;_a-0000dd0d-462c-8000-9ba2-011c48011c48_6267&quot;(
    cdt: ri!newCdt
  ),
  local!changedFieldIndices: where(
    not(
      apply(
        #&quot;_a-0000dd0d-462c-8000-9ba2-011c48011c48_6270&quot;(
          oldValue: _,
          newValue: _
        ),
        merge(
          apply(
            index(
              ri!oldCdt,
              _,
              null
            ),
            local!fields
          ),
          apply(
            index(
              ri!newCdt,
              _,
              null
            ),
            local!fields
          )
        )
      )
    )
  ),
  if(
    #&quot;2168a5de-fb70-4d66-8b97-b547e3ac6e57&quot;(
      local!changedFieldIndices
    ),
    {},
    cast(
      typeof(
        ri!auditCdt
      ),
      apply(
        'type!{urn:com:appian:types:HR}HR_Generic_Audit'(
          entityPrimaryKey: index(
            ri!newCdt,
            ri!cdtPrimaryKeyField,
            null
          ),
          workflowId: ri!workflowId,
          auditActionId: _,
          auditOldValue: _,
          auditNewValue: _,
          auditDatetime: ri!auditDatetime
        ),
        merge(
          local!changedFieldIndices,
          apply(
            index(
              ri!oldCdt,
              _,
              null
            ),
            apply(
              index(
                local!fields,
                _,
                {}
              ),
              local!changedFieldIndices
            )
          ),
          apply(
            index(
              ri!newCdt,
              _,
              null
            ),
            apply(
              index(
                local!fields,
                _,
                {}
              ),
              local!changedFieldIndices
            )
          )
        )
      )
    )
  )
)</definition>
        <namedTypedValue>
            <name>oldCdt</name>
            <type>
                <name>Variant</name>
                <namespace>http://www.appian.com/ae/types/2009</namespace>
            </type>
        </namedTypedValue>
        <namedTypedValue>
            <name>newCdt</name>
            <type>
                <name>Variant</name>
                <namespace>http://www.appian.com/ae/types/2009</namespace>
            </type>
        </namedTypedValue>
        <namedTypedValue>
            <name>cdtPrimaryKeyField</name>
            <type>
                <name>string</name>
                <namespace>http://www.w3.org/2001/XMLSchema</namespace>
            </type>
            <value/>
        </namedTypedValue>
        <namedTypedValue>
            <name>auditCdt</name>
            <type>
                <name>Variant</name>
                <namespace>http://www.appian.com/ae/types/2009</namespace>
            </type>
        </namedTypedValue>
        <namedTypedValue>
            <name>workflowId</name>
            <type>
                <name>int</name>
                <namespace>http://www.w3.org/2001/XMLSchema</namespace>
            </type>
        </namedTypedValue>
        <namedTypedValue>
            <name>auditDatetime</name>
            <type>
                <name>dateTime</name>
                <namespace>http://www.w3.org/2001/XMLSchema</namespace>
            </type>
        </namedTypedValue>
        <preferredEditor>legacy</preferredEditor>
        <offlineEnabled>false</offlineEnabled>
    </rule>
    <roleMap public="true">
        <role allowForAll="true" inherit="false" name="readers">
            <users/>
            <groups/>
        </role>
        <role allowForAll="true" inherit="false" name="authors">
            <users/>
            <groups/>
        </role>
        <role allowForAll="false" inherit="false" name="administrators">
            <users/>
            <groups>
                <groupUuid>_e-0000dd0a-93c8-8000-9aee-01075c01075c_12</groupUuid>
            </groups>
        </role>
        <role allowForAll="false" inherit="false" name="denyReaders">
            <users/>
            <groups/>
        </role>
        <role allowForAll="false" inherit="false" name="denyAuthors">
            <users/>
            <groups/>
        </role>
        <role allowForAll="false" inherit="false" name="denyAdministrators">
            <users/>
            <groups/>
        </role>
    </roleMap>
</contentHaul>
