<?xml version="1.0" encoding="UTF-8" standalone="yes"?>
<contentHaul xmlns:a="http://www.appian.com/ae/types/2009">
    <rule>
        <name>HR_SCT_Training_basicInformation</name>
        <uuid>ed51b551-4c0d-41ac-99f6-e5146c1712a5</uuid>
        <description>Section that contains data entry fields for the financial disclosure form</description>
        <parentUuid>_a-0000dd0d-462c-8000-9ba2-011c48011c48_3551</parentUuid>
        <visibility>
            <advertise>false</advertise>
            <hierarchy>true</hierarchy>
            <indexable>true</indexable>
            <quota>false</quota>
            <searchable>true</searchable>
            <system>false</system>
            <unlogged>false</unlogged>
        </visibility>
        <definition>with(
  local!isReview: or(ri!isSupervisor, ri!isFinalReview),
  local!annualFiler: and(toboolean(ri!financialDisclosure_cdt.sge) = false, toboolean(ri!financialDisclosure_cdt.reportingStatus) = false),
  {
    #&quot;SYSTEM_SYSRULES_sectionLayout&quot;(
      firstColumnContents: {
        #&quot;SYSTEM_SYSRULES_textField&quot;(
          label: &quot;Employee's Name&quot;,
          required: not(local!isReview),
          readOnly: local!isReview,
          value: ri!financialDisclosure_cdt.name,
          saveInto: ri!financialDisclosure_cdt.name,
          placeHolder: &quot;Print last, first, middle initial&quot;
        ),
        #&quot;SYSTEM_SYSRULES_textField&quot;(
          label: &quot;Position/Title&quot;,
          required: not(local!isReview),
          readOnly: local!isReview,
          value: ri!financialDisclosure_cdt.positionTitle,
          saveInto: ri!financialDisclosure_cdt.positionTitle
        ),
        #&quot;SYSTEM_SYSRULES_textField&quot;(
          label: &quot;Work Phone&quot;,
          required: not(local!isReview),
          readOnly: local!isReview,
          value: ri!financialDisclosure_cdt.workPhone,
          saveInto: ri!financialDisclosure_cdt.workPhone
        ),
        #&quot;SYSTEM_SYSRULES_radioButtonField&quot;(
          label: &quot;Special Governmanet Employee (SGE)&quot;,
          required: not(local!isReview),
          disabled: local!isReview,
          choiceLabels: {&quot;Yes&quot;, &quot;No&quot;},
          choiceValues: {true, false},
          value: ri!financialDisclosure_cdt.sge,
          saveInto: ri!financialDisclosure_cdt.sge,
          helpTooltip: &quot;An SGE is an executive branch officer or employee who is retained, designated, appointed, or employed to perform temporary duties either on a full-time or intermittent basis, with or without compensation, for a period not to exceed 130 days during any consecutive 365-day period.&quot;
        )
      },
      secondColumnContents: {
        #&quot;SYSTEM_SYSRULES_textField&quot;(
          label: &quot;E-mail Address&quot;,
          required: not(local!isReview),
          readOnly: local!isReview,
          value: ri!financialDisclosure_cdt.email,
          saveInto: ri!financialDisclosure_cdt.email
        ),
        #&quot;SYSTEM_SYSRULES_textField&quot;(
          label: &quot;Grade&quot;,
          required: not(local!isReview),
          readOnly: local!isReview,
          value: ri!financialDisclosure_cdt.grade,
          saveInto: ri!financialDisclosure_cdt.grade
        ),
        #&quot;SYSTEM_SYSRULES_paragraphField&quot;(
          label: &quot;Branch/Unit and Address&quot;,
          required: not(local!isReview),
          readOnly: local!isReview,
          value: ri!financialDisclosure_cdt.branch,
          saveInto: ri!financialDisclosure_cdt.branch,
          height: &quot;SHORT&quot;
        ),
        #&quot;SYSTEM_SYSRULES_radioButtonField&quot;(
          label: &quot;Reporting Status&quot;,
          required: not(local!isReview),
          disabled: local!isReview,
          choiceLabels: {&quot;New Entrant&quot;, &quot;Annual&quot;},
          choiceValues: {true, false},
          value: ri!financialDisclosure_cdt.reportingStatus,
          saveInto: ri!financialDisclosure_cdt.reportingStatus
        ),
        if(ri!financialDisclosure_cdt.reportingStatus,
          #&quot;SYSTEM_SYSRULES_dateField&quot;(
            label: &quot;Date of Appointment to Position&quot;,
            required: not(local!isReview),
            readOnly: local!isReview,
            value: ri!financialDisclosure_cdt.appointmentDate,
            saveInto: ri!financialDisclosure_cdt.appointmentDate
          ),
          {}
        )
      }
    ),
    if(ri!financialDisclosure_cdt.sge,
      #&quot;SYSTEM_SYSRULES_sectionLayout&quot;(
        firstColumnContents: {
          #&quot;SYSTEM_SYSRULES_paragraphField&quot;(
            label: &quot;Mailing Address&quot;,
            required: not(local!isReview),
            readOnly: local!isReview,
            value: ri!financialDisclosure_cdt.mailingAddress,
            saveInto: ri!financialDisclosure_cdt.mailingAddress,
            placeHolder: &quot;Number, Street, City, State, Zip Code&quot;
          )
        }
      ),
      {}
    ),
    #&quot;SYSTEM_SYSRULES_richTextDisplayField&quot;(
      labelPosition: &quot;COLLAPSED&quot;,
      value: {
        &quot;Step 1: Read the instructions for Parts 1 through &quot; &amp; if(local!annualFiler, &quot;V&quot;, &quot;IV&quot;) &amp; &quot; in this &quot;,
        #&quot;SYSTEM_SYSRULES_richTextItem&quot;(
          text: &quot;document&quot;,
          link: #&quot;SYSTEM_SYSRULES_documentDownloadLink&quot;(document: #&quot;_a-0000dd0d-462c-8000-9ba2-011c48011c48_3559&quot;)
        ),
        &quot;.&quot;
      }
    ),
    #&quot;SYSTEM_SYSRULES_richTextDisplayField&quot;(
      labelPosition: &quot;COLLAPSED&quot;,
      value: {
        &quot;Step 2: For &quot;,
        #&quot;SYSTEM_SYSRULES_richTextItem&quot;(
          text: &quot;each&quot;,
          style: &quot;UNDERLINE&quot;
        ),
        &quot; statement below, check Yes or No to describe your situation&quot;
      }
    ),
    #&quot;SYSTEM_SYSRULES_sectionLayout&quot;(
      firstColumnContents: {
        #&quot;SYSTEM_SYSRULES_richTextDisplayField&quot;(
          labelPosition: &quot;COLLAPSED&quot;,
          value: #&quot;SYSTEM_SYSRULES_richTextItem&quot;(
            text: &quot;I. I have reportable assets or sources of income for myself, my spouse, or my dependent children.&quot;,
            style: &quot;STRONG&quot;
          )
        )
      },
      secondColumnContents: {
        #&quot;SYSTEM_SYSRULES_radioButtonField&quot;(
          required: not(local!isReview),
          disabled: local!isReview,
          choiceLabels: {&quot;Yes&quot;, &quot;No&quot;},
          choiceValues: {true, false},
          value: ri!financialDisclosure_cdt.part1,
          saveInto: ri!financialDisclosure_cdt.part1,
          labelPosition: &quot;COLLAPSED&quot;,
          choiceLayout: &quot;COMPACT&quot;
        )
      }
    ),
    #&quot;SYSTEM_SYSRULES_sectionLayout&quot;(
      firstColumnContents: {
        #&quot;SYSTEM_SYSRULES_richTextDisplayField&quot;(
          labelPosition: &quot;COLLAPSED&quot;,
          value: #&quot;SYSTEM_SYSRULES_richTextItem&quot;(
            text: &quot;II. I have reportable liabilities (debts) for myself, my spouse, or my dependent children.&quot;,
            style: &quot;STRONG&quot;
          )
        )
      },
      secondColumnContents: {
        #&quot;SYSTEM_SYSRULES_radioButtonField&quot;(
          required: not(local!isReview),
          disabled: local!isReview,
          choiceLabels: {&quot;Yes&quot;, &quot;No&quot;},
          choiceValues: {true, false},
          value: ri!financialDisclosure_cdt.part2,
          saveInto: ri!financialDisclosure_cdt.part2,
          labelPosition: &quot;COLLAPSED&quot;,
          choiceLayout: &quot;COMPACT&quot;
        )
      }
    ),
    #&quot;SYSTEM_SYSRULES_sectionLayout&quot;(
      firstColumnContents: {
        #&quot;SYSTEM_SYSRULES_richTextDisplayField&quot;(
          labelPosition: &quot;COLLAPSED&quot;,
          value: #&quot;SYSTEM_SYSRULES_richTextItem&quot;(
            text: &quot;III. I have reportable outside positions for myself.&quot;,
            style: &quot;STRONG&quot;
          )
        )
      },
      secondColumnContents: {
        #&quot;SYSTEM_SYSRULES_radioButtonField&quot;(
          required: not(local!isReview),
          disabled: local!isReview,
          choiceLabels: {&quot;Yes&quot;, &quot;No&quot;},
          choiceValues: {true, false},
          value: ri!financialDisclosure_cdt.part3,
          saveInto: ri!financialDisclosure_cdt.part3,
          labelPosition: &quot;COLLAPSED&quot;,
          choiceLayout: &quot;COMPACT&quot;
        )
      }
    ),
    #&quot;SYSTEM_SYSRULES_sectionLayout&quot;(
      firstColumnContents: {
        #&quot;SYSTEM_SYSRULES_richTextDisplayField&quot;(
          labelPosition: &quot;COLLAPSED&quot;,
          value: #&quot;SYSTEM_SYSRULES_richTextItem&quot;(
            text: &quot;IV. I have reportable agreements or arrangements for myself.&quot;,
            style: &quot;STRONG&quot;
          )
        )
      },
      secondColumnContents: {
        #&quot;SYSTEM_SYSRULES_radioButtonField&quot;(
          required: not(local!isReview),
          disabled: local!isReview,
          choiceLabels: {&quot;Yes&quot;, &quot;No&quot;},
          choiceValues: {true, false},
          value: ri!financialDisclosure_cdt.part4,
          saveInto: ri!financialDisclosure_cdt.part4,
          labelPosition: &quot;COLLAPSED&quot;,
          choiceLayout: &quot;COMPACT&quot;
        )
      }
    ),
    if(local!annualFiler,
      #&quot;SYSTEM_SYSRULES_sectionLayout&quot;(
        firstColumnContents: {
          #&quot;SYSTEM_SYSRULES_richTextDisplayField&quot;(
            labelPosition: &quot;COLLAPSED&quot;,
            value: #&quot;SYSTEM_SYSRULES_richTextItem&quot;(
              text: &quot;V. I have reportable gifts or travel reimbursements for myself, my spouse, or my dependent children.&quot;,
              style: &quot;STRONG&quot;
            )
          )
        },
        secondColumnContents: {
          #&quot;SYSTEM_SYSRULES_radioButtonField&quot;(
            required: not(local!isReview),
            disabled: local!isReview,
            choiceLabels: {&quot;Yes&quot;, &quot;No&quot;},
            choiceValues: {true, false},
            value: ri!financialDisclosure_cdt.part5,
            saveInto: ri!financialDisclosure_cdt.part5,
            labelPosition: &quot;COLLAPSED&quot;,
            choiceLayout: &quot;COMPACT&quot;
          )
        }
      ),
      {}
    ),
    #&quot;SYSTEM_SYSRULES_richTextDisplayField&quot;(
      labelPosition: &quot;COLLAPSED&quot;,
      value: {
        &quot;Step 3: If you selected Yes for &quot;,
        #&quot;SYSTEM_SYSRULES_richTextItem&quot;(
          text: &quot;any&quot;,
          style: &quot;UNDERLINE&quot;
        ),
        &quot; statement, you must describe the reportable interests that you have in the corresponding Part (I, II, III, &quot; &amp; if(local!annualFiler, &quot; IV, or V&quot;, &quot;IV&quot;) &amp; &quot;) of the form.&quot;
      }
    ),
    #&quot;SYSTEM_SYSRULES_richTextDisplayField&quot;(
      labelPosition: &quot;COLLAPSED&quot;,
      value: &quot;Step 4: Sign and date the form.&quot;
    ),
    #&quot;SYSTEM_SYSRULES_richTextDisplayField&quot;(
      labelPosition: &quot;COLLAPSED&quot;,
      value: &quot;Step 5: Submit the completed form.&quot;
    ),
    #&quot;SYSTEM_SYSRULES_richTextDisplayField&quot;(
      labelPosition: &quot;COLLAPSED&quot;,
      value: #&quot;SYSTEM_SYSRULES_richTextItem&quot;(
        text: &quot;I certify that the statements I have made on this form and all attached statements are true, complete, and correct to the best of my knowledge.&quot;,
        style: &quot;STRONG&quot;
      )
    ),
    #&quot;SYSTEM_SYSRULES_sectionLayout&quot;(
      firstColumnContents: {
        #&quot;SYSTEM_SYSRULES_textField&quot;(
          label: &quot;Signature of Employee&quot;,
          required: not(local!isReview),
          readOnly: local!isReview,
          value: ri!financialDisclosure_cdt.signature,
          saveInto: ri!financialDisclosure_cdt.signature,
          placeHolder: &quot;Print name to sign&quot;
        )
      },
      secondColumnContents: {
        #&quot;SYSTEM_SYSRULES_dateField&quot;(
          label: &quot;Signature Date&quot;,
          readOnly: true,
          value: today()
        )
      }
    ),
    if(local!isReview,
      {
        #&quot;SYSTEM_SYSRULES_richTextDisplayField&quot;(
          labelPosition: &quot;COLLAPSED&quot;,
          value: #&quot;SYSTEM_SYSRULES_richTextItem&quot;(
            text: &quot;FOR REVIEWERS' USE ONLY:&quot; &amp; char(10) &amp; &quot;On the basis of information contained in this report, I conclude that the filer is in compliance with applicable laws and regulations, except as noted in the “comments” box below.&quot;,
            style: &quot;STRONG&quot;
          )
        ),
        #&quot;SYSTEM_SYSRULES_sectionLayout&quot;(
          firstColumnContents: {
            #&quot;SYSTEM_SYSRULES_textField&quot;(
              label: &quot;Signature and Title of Supervisor&quot;,
              required: not(ri!isFinalReview),
              readOnly: ri!isFinalReview,
              value: ri!financialDisclosure_cdt.supervisorSignature,
              saveInto: ri!financialDisclosure_cdt.supervisorSignature,
              placeHolder: &quot;Print name and title to sign&quot;
            )
          },
          secondColumnContents: {
            #&quot;SYSTEM_SYSRULES_dateField&quot;(
              label: &quot;Signature Date&quot;,
              readOnly: true,
              value: today()
            )
          }
        ),
        #&quot;SYSTEM_SYSRULES_sectionLayout&quot;(
          firstColumnContents: {
            #&quot;SYSTEM_SYSRULES_textField&quot;(
              label: &quot;E-mail Address&quot;,
              required: not(ri!isFinalReview),
              readOnly: ri!isFinalReview,
              value: ri!financialDisclosure_cdt.supervisorEmail,
              saveInto: ri!financialDisclosure_cdt.supervisorEmail
            )
          },
          secondColumnContents: {
            #&quot;SYSTEM_SYSRULES_textField&quot;(
              label: &quot;Work Phone&quot;,
              required: not(ri!isFinalReview),
              readOnly: ri!isFinalReview,
              value: ri!financialDisclosure_cdt.supervisorWorkPhone,
              saveInto: ri!financialDisclosure_cdt.supervisorWorkPhone
            )
          }
        ),
        if(ri!isFinalReview,
          {
            #&quot;SYSTEM_SYSRULES_sectionLayout&quot;(
              firstColumnContents: {
                #&quot;SYSTEM_SYSRULES_textField&quot;(
                  label: &quot;Signature and Title of Agency's Final Reviewing Official&quot;,
                  required: true,
                  value: ri!financialDisclosure_cdt.finalReviewerSignature,
                  saveInto: ri!financialDisclosure_cdt.finalReviewerSignature,
                  placeHolder: &quot;Print name and title to sign&quot;
                )
              },
              secondColumnContents: {
                #&quot;SYSTEM_SYSRULES_dateField&quot;(
                  label: &quot;Signature Date&quot;,
                  readOnly: true,
                  value: today()
                )
              }
            ),
            #&quot;SYSTEM_SYSRULES_sectionLayout&quot;(
              firstColumnContents: {
                #&quot;SYSTEM_SYSRULES_paragraphField&quot;(
                  label: &quot;Comments of Reviewing Officials&quot;,
                  value: ri!financialDisclosure_cdt.finalReviewerComments,
                  saveInto: ri!financialDisclosure_cdt.finalReviewerComments
                )
              }
            )
          },
          {}
        )
      },
      {}
    )
  }
)</definition>
        <namedTypedValue>
            <name>isSupervisor</name>
            <type>
                <name>boolean</name>
                <namespace>http://www.w3.org/2001/XMLSchema</namespace>
            </type>
        </namedTypedValue>
        <namedTypedValue>
            <name>isFinalReview</name>
            <type>
                <name>boolean</name>
                <namespace>http://www.w3.org/2001/XMLSchema</namespace>
            </type>
        </namedTypedValue>
        <namedTypedValue>
            <name>financialDisclosure_cdt</name>
            <type>
                <name>HR_FinancialDisclosure</name>
                <namespace>urn:com:appian:types:HR</namespace>
            </type>
        </namedTypedValue>
        <preferredEditor>interface</preferredEditor>
        <offlineEnabled>false</offlineEnabled>
    </rule>
    <roleMap public="true">
        <role allowForAll="true" inherit="false" name="readers">
            <users/>
            <groups/>
        </role>
        <role allowForAll="true" inherit="false" name="authors">
            <users/>
            <groups/>
        </role>
        <role allowForAll="false" inherit="false" name="administrators">
            <users/>
            <groups>
                <groupUuid>_e-0000dd0a-93c8-8000-9aee-01075c01075c_12</groupUuid>
            </groups>
        </role>
        <role allowForAll="false" inherit="false" name="denyReaders">
            <users/>
            <groups/>
        </role>
        <role allowForAll="false" inherit="false" name="denyAuthors">
            <users/>
            <groups/>
        </role>
        <role allowForAll="false" inherit="false" name="denyAdministrators">
            <users/>
            <groups/>
        </role>
    </roleMap>
</contentHaul>
