<?xml version="1.0" encoding="UTF-8" standalone="yes"?>
<recordTypeHaul xmlns:a="http://www.appian.com/ae/types/2009">
    <recordType name="Space" a:uuid="0ed0546a-345f-4bbb-a3d6-a0ea5876907f">
        <a:pluralName>Spaces</a:pluralName>
        <a:description>Spaces within this organization</a:description>
        <a:urlStub>lk16yw</a:urlStub>
        <a:source xmlns:xsi="http://www.w3.org/2001/XMLSchema-instance" xsi:type="a:DataStoreEntity" a:uuid="bb4eaaf9-4a55-4616-b3dd-9290c799a901@_a-0000dd0d-462c-8000-9ba2-011c48011c48_3964"/>
        <a:listViewTemplateExpr>#&quot;SYSTEM_SYSRULES_recordGridLayoutColumns&quot;(
  columns: {
    #&quot;SYSTEM_SYSRULES_gridLayoutColumn&quot;(
      label: &quot;Name&quot;,
      component: #&quot;SYSTEM_SYSRULES_recordGrid_linkField&quot;(
        links: #&quot;SYSTEM_SYSRULES_recordLink&quot;(   
          label: rf!spaceName,
          recordType: rp!type,
          identifier: rp!id
        )
      )
    ),
    #&quot;SYSTEM_SYSRULES_gridLayoutColumn&quot;(
      label: &quot;Type&quot;,
      component: #&quot;SYSTEM_SYSRULES_recordGrid_textField&quot;(
        displayValue: rf!spaceTypeLabel
      )
    ),
    #&quot;SYSTEM_SYSRULES_gridLayoutColumn&quot;(
      label: &quot;Building&quot;,
      component: #&quot;SYSTEM_SYSRULES_recordGrid_textField&quot;(
        displayvalue: rf!buildingName
      )
    ),
    #&quot;SYSTEM_SYSRULES_gridLayoutColumn&quot;(
      label: &quot;State&quot;,
      component: #&quot;SYSTEM_SYSRULES_recordGrid_textField&quot;(
        displayvalue: rf!state
      )
    )  
  },
  pageSize: 50,
  defaultSort: #&quot;SYSTEM_SYSRULES_sortInfo&quot;(
    field: &quot;spaceName&quot;,
    ascending: true
  )
)</a:listViewTemplateExpr>
        <a:fieldCfg name="Type">
            <a:description></a:description>
            <a:sourceRef>spaceTypeLabel</a:sourceRef>
            <a:isSortable>false</a:isSortable>
            <a:isSearchable>false</a:isSearchable>
            <a:isFacet>true</a:isFacet>
            <a:facetType>CUSTOM_BUCKETS_CLOSED</a:facetType>
            <a:isExclusiveFacet>true</a:isExclusiveFacet>
            <a:facetLabelExpr>&quot;Space Type&quot;</a:facetLabelExpr>
            <a:facetOption>
                <a:labelExpr>#&quot;3af0f2e5-5c7f-4f1b-b92a-7b2b087a2287&quot;(type:&quot;SPACE_TYPE&quot;).data.label[1]</a:labelExpr>
                <a:facetOperator>IN</a:facetOperator>
                <a:lowerLimitExpr></a:lowerLimitExpr>
                <a:upperLimitExpr></a:upperLimitExpr>
                <a:values>&quot;Cubicle&quot;</a:values>
            </a:facetOption>
            <a:facetOption>
                <a:labelExpr>#&quot;3af0f2e5-5c7f-4f1b-b92a-7b2b087a2287&quot;(type:&quot;SPACE_TYPE&quot;).data.label[2]</a:labelExpr>
                <a:facetOperator>IN</a:facetOperator>
                <a:lowerLimitExpr></a:lowerLimitExpr>
                <a:upperLimitExpr></a:upperLimitExpr>
                <a:values>&quot;Office&quot;</a:values>
            </a:facetOption>
            <a:facetOption>
                <a:labelExpr>#&quot;3af0f2e5-5c7f-4f1b-b92a-7b2b087a2287&quot;(type:&quot;SPACE_TYPE&quot;).data.label[3]</a:labelExpr>
                <a:facetOperator>IN</a:facetOperator>
                <a:lowerLimitExpr></a:lowerLimitExpr>
                <a:upperLimitExpr></a:upperLimitExpr>
                <a:values>&quot;Conference Room&quot;</a:values>
            </a:facetOption>
            <a:facetOption>
                <a:labelExpr>#&quot;3af0f2e5-5c7f-4f1b-b92a-7b2b087a2287&quot;(type:&quot;SPACE_TYPE&quot;).data.label[4]</a:labelExpr>
                <a:facetOperator>IN</a:facetOperator>
                <a:lowerLimitExpr></a:lowerLimitExpr>
                <a:upperLimitExpr></a:upperLimitExpr>
                <a:values>&quot;Training Room&quot;</a:values>
            </a:facetOption>
            <a:sortOrderIndex>0</a:sortOrderIndex>
            <a:facetOrderIndex>0</a:facetOrderIndex>
            <a:visibilityExpr></a:visibilityExpr>
            <a:defaultOptionExpr></a:defaultOptionExpr>
        </a:fieldCfg>
        <a:fieldCfg name="Temp Space">
            <a:description></a:description>
            <a:sourceRef>isTempSpace</a:sourceRef>
            <a:isSortable>false</a:isSortable>
            <a:isSearchable>false</a:isSearchable>
            <a:isFacet>true</a:isFacet>
            <a:facetType>CUSTOM_BUCKETS_CLOSED</a:facetType>
            <a:isExclusiveFacet>true</a:isExclusiveFacet>
            <a:facetLabelExpr>&quot;Hoteling Eligible&quot;</a:facetLabelExpr>
            <a:facetOption>
                <a:labelExpr>&quot;Yes&quot;</a:labelExpr>
                <a:facetOperator>IN</a:facetOperator>
                <a:lowerLimitExpr></a:lowerLimitExpr>
                <a:upperLimitExpr></a:upperLimitExpr>
                <a:values>true</a:values>
            </a:facetOption>
            <a:facetOption>
                <a:labelExpr>&quot;No&quot;</a:labelExpr>
                <a:facetOperator>IN</a:facetOperator>
                <a:lowerLimitExpr></a:lowerLimitExpr>
                <a:upperLimitExpr></a:upperLimitExpr>
                <a:values>false</a:values>
            </a:facetOption>
            <a:sortOrderIndex>1</a:sortOrderIndex>
            <a:facetOrderIndex>1</a:facetOrderIndex>
            <a:visibilityExpr></a:visibilityExpr>
            <a:defaultOptionExpr></a:defaultOptionExpr>
        </a:fieldCfg>
        <a:fieldCfg name="Equipment">
            <a:description></a:description>
            <a:sourceRef>isFurnished</a:sourceRef>
            <a:isSortable>false</a:isSortable>
            <a:isSearchable>false</a:isSearchable>
            <a:isFacet>true</a:isFacet>
            <a:facetType>CUSTOM_BUCKETS_CLOSED</a:facetType>
            <a:isExclusiveFacet>true</a:isExclusiveFacet>
            <a:facetLabelExpr>&quot;Equipment Availability&quot;</a:facetLabelExpr>
            <a:facetOption>
                <a:labelExpr>&quot;Furnished&quot;</a:labelExpr>
                <a:facetOperator>IN</a:facetOperator>
                <a:lowerLimitExpr></a:lowerLimitExpr>
                <a:upperLimitExpr></a:upperLimitExpr>
                <a:values>true</a:values>
            </a:facetOption>
            <a:facetOption>
                <a:labelExpr>&quot;Unfurnished&quot;</a:labelExpr>
                <a:facetOperator>IN</a:facetOperator>
                <a:lowerLimitExpr></a:lowerLimitExpr>
                <a:upperLimitExpr></a:upperLimitExpr>
                <a:values>false</a:values>
            </a:facetOption>
            <a:sortOrderIndex>2</a:sortOrderIndex>
            <a:facetOrderIndex>2</a:facetOrderIndex>
            <a:visibilityExpr></a:visibilityExpr>
            <a:defaultOptionExpr></a:defaultOptionExpr>
        </a:fieldCfg>
        <a:fieldCfg name="Approval">
            <a:description></a:description>
            <a:sourceRef>needsApproval</a:sourceRef>
            <a:isSortable>false</a:isSortable>
            <a:isSearchable>false</a:isSearchable>
            <a:isFacet>true</a:isFacet>
            <a:facetType>CUSTOM_BUCKETS_CLOSED</a:facetType>
            <a:isExclusiveFacet>true</a:isExclusiveFacet>
            <a:facetLabelExpr>&quot;Approval Required&quot;</a:facetLabelExpr>
            <a:facetOption>
                <a:labelExpr>&quot;Yes&quot;</a:labelExpr>
                <a:facetOperator>IN</a:facetOperator>
                <a:lowerLimitExpr></a:lowerLimitExpr>
                <a:upperLimitExpr></a:upperLimitExpr>
                <a:values>true</a:values>
            </a:facetOption>
            <a:facetOption>
                <a:labelExpr>&quot;No&quot;</a:labelExpr>
                <a:facetOperator>IN</a:facetOperator>
                <a:lowerLimitExpr></a:lowerLimitExpr>
                <a:upperLimitExpr></a:upperLimitExpr>
                <a:values>false</a:values>
            </a:facetOption>
            <a:sortOrderIndex>3</a:sortOrderIndex>
            <a:facetOrderIndex>3</a:facetOrderIndex>
            <a:visibilityExpr></a:visibilityExpr>
            <a:defaultOptionExpr></a:defaultOptionExpr>
        </a:fieldCfg>
        <a:fieldCfg name="Capacity">
            <a:description></a:description>
            <a:sourceRef>capacity</a:sourceRef>
            <a:isSortable>false</a:isSortable>
            <a:isSearchable>false</a:isSearchable>
            <a:isFacet>true</a:isFacet>
            <a:facetType>CUSTOM_BUCKETS_CLOSED</a:facetType>
            <a:isExclusiveFacet>true</a:isExclusiveFacet>
            <a:facetLabelExpr>&quot;Capacity&quot;</a:facetLabelExpr>
            <a:facetOption>
                <a:labelExpr>&quot;1&quot;</a:labelExpr>
                <a:facetOperator>IN</a:facetOperator>
                <a:lowerLimitExpr></a:lowerLimitExpr>
                <a:upperLimitExpr></a:upperLimitExpr>
                <a:values>1</a:values>
            </a:facetOption>
            <a:facetOption>
                <a:labelExpr>&quot;5+&quot;</a:labelExpr>
                <a:facetOperator>BETWEEN</a:facetOperator>
                <a:lowerLimitExpr>5</a:lowerLimitExpr>
                <a:upperLimitExpr>999</a:upperLimitExpr>
            </a:facetOption>
            <a:facetOption>
                <a:labelExpr>&quot;20+&quot;</a:labelExpr>
                <a:facetOperator>BETWEEN</a:facetOperator>
                <a:lowerLimitExpr>19</a:lowerLimitExpr>
                <a:upperLimitExpr>999</a:upperLimitExpr>
            </a:facetOption>
            <a:sortOrderIndex>4</a:sortOrderIndex>
            <a:facetOrderIndex>4</a:facetOrderIndex>
            <a:visibilityExpr></a:visibilityExpr>
            <a:defaultOptionExpr></a:defaultOptionExpr>
        </a:fieldCfg>
        <a:detailViewCfg>
            <a:nameExpr>=&quot;Summary&quot;</a:nameExpr>
            <a:uiExpr>#&quot;_a-0000dd0d-462c-8000-9ba2-011c48011c48_5034&quot;()</a:uiExpr>
            <a:visibilityExpr>=true()</a:visibilityExpr>
            <a:urlStub>summary</a:urlStub>
            <a:headerExpr></a:headerExpr>
            <a:relatedActionCfg>fa6ce479-c0a2-4c9b-87dc-698acd5e60cd</a:relatedActionCfg>
        </a:detailViewCfg>
        <a:detailViewCfg>
            <a:nameExpr>=&quot;Utilization&quot;</a:nameExpr>
            <a:uiExpr>=#&quot;_a-0000dd0d-462c-8000-9ba2-011c48011c48_5347&quot;(spaceId: rf!spaceId)</a:uiExpr>
            <a:visibilityExpr>=true()</a:visibilityExpr>
            <a:urlStub>_wTXTbw</a:urlStub>
            <a:headerExpr></a:headerExpr>
        </a:detailViewCfg>
        <a:detailViewCfg>
            <a:nameExpr>=&quot;Availability&quot;</a:nameExpr>
            <a:uiExpr>=#&quot;9ed7b8f3-7133-42e2-afaa-c38d8676a6fb&quot;()</a:uiExpr>
            <a:visibilityExpr>=true()</a:visibilityExpr>
            <a:urlStub>_jv285g</a:urlStub>
            <a:headerExpr></a:headerExpr>
        </a:detailViewCfg>
        <a:relatedActionCfg>
            <a:target xmlns:xsi="http://www.w3.org/2001/XMLSchema-instance" xsi:type="a:ProcessModel" a:uuid="0002dd1c-f0e1-8000-f92f-7f0000014e7a"/>
            <a:contextExpr>{
  space: 'type!{urn:com:appian:types:HR}HR_V_Space_Record'(
    spaceName: rf!spaceName,
    spaceId: rf!spaceId,
    spaceTypeId: rf!spaceTypeId,
    spaceTypeLabel: rf!spaceTypeLabel,
    isTempSpace: rf!isTempSpace,
    isFurnished: rf!isFurnished,
    buildingName: rf!buildingName,
    buildingId: rf!buildingId,
    campusName: rf!campusName,
    campusId: rf!campusId,
    floorName: rf!floorName,
    floorId: rf!floorId,
    needsApproval: rf!needsApproval,
    capacity: rf!capacity
  )
}</a:contextExpr>
            <a:visibilityExpr>rf!isTempSpace</a:visibilityExpr>
            <a:refId>fa6ce479-c0a2-4c9b-87dc-698acd5e60cd</a:refId>
        </a:relatedActionCfg>
        <a:isSystem>false</a:isSystem>
        <a:dataSrcExpr></a:dataSrcExpr>
        <a:facetsListExpr></a:facetsListExpr>
        <a:titleExpr>rf!spaceTypeLabel &amp; &quot;: &quot; &amp; rf!spaceName</a:titleExpr>
        <a:defaultFiltersExpr></a:defaultFiltersExpr>
        <a:layoutType>GRID</a:layoutType>
        <a:security>16383</a:security>
    </recordType>
    <roleMap>
        <role name="record_type_administrator">
            <users/>
            <groups>
                <groupUuid>_e-0000dd0a-93c8-8000-9aee-01075c01075c_12</groupUuid>
            </groups>
        </role>
        <role name="record_type_viewer">
            <users/>
            <groups>
                <groupUuid>_e-0000dd0a-93c8-8000-9aee-01075c01075c_10</groupUuid>
            </groups>
        </role>
    </roleMap>
</recordTypeHaul>
