<?xml version="1.0" encoding="UTF-8" standalone="yes"?>
<recordTypeHaul xmlns:a="http://www.appian.com/ae/types/2009">
    <recordType name="IT Equipment" a:uuid="405c0801-6cb8-4eec-a928-3c8d25ee6455">
        <a:pluralName>IT Equipment</a:pluralName>
        <a:description>IT Equipment within this organization.</a:description>
        <a:urlStub>e9YfXA</a:urlStub>
        <a:source xmlns:xsi="http://www.w3.org/2001/XMLSchema-instance" xsi:type="a:DataStoreEntity" a:uuid="9e1ec35e-bafe-4d9d-8ed5-6bebfd11884d@_a-0000dcfb-fbff-8000-aae2-01ef9001ef90_3613"/>
        <a:listViewTemplateExpr>#&quot;SYSTEM_SYSRULES_recordGridLayoutColumns&quot;(
  columns: {
    #&quot;SYSTEM_SYSRULES_gridLayoutColumn&quot;(
      label: &quot;Serial Number&quot;,
      component: #&quot;SYSTEM_SYSRULES_recordGrid_linkField&quot;(
        links: #&quot;SYSTEM_SYSRULES_recordLink&quot;(   
          label: rf!serialNumber,
          recordType: rp!type,
          identifier: rp!id
        )
      )
    ),
    #&quot;SYSTEM_SYSRULES_gridLayoutColumn&quot;(
      label: &quot;Make&quot;,
      component: #&quot;SYSTEM_SYSRULES_recordGrid_textField&quot;(
        displayValue: rf!make
      )
    ),
    #&quot;SYSTEM_SYSRULES_gridLayoutColumn&quot;(
      label: &quot;Model&quot;,
      component: #&quot;SYSTEM_SYSRULES_recordGrid_textField&quot;(
        displayValue: rf!model
      )
    ),
    #&quot;SYSTEM_SYSRULES_gridLayoutColumn&quot;(
      label: &quot;Assigned User&quot;
    )  
  },
  pageSize: 50,
  defaultSort: #&quot;SYSTEM_SYSRULES_sortInfo&quot;(
    field: &quot;assignedUserId&quot;,
    ascending: fn!true()
  )
)</a:listViewTemplateExpr>
        <a:detailViewCfg>
            <a:nameExpr>=&quot;Summary&quot;</a:nameExpr>
            <a:uiExpr>#&quot;_a-0000dd0d-462c-8000-9ba2-011c48011c48_4633&quot;()</a:uiExpr>
            <a:visibilityExpr>=true()</a:visibilityExpr>
            <a:urlStub>summary</a:urlStub>
            <a:headerExpr></a:headerExpr>
            <a:relatedActionCfg>3c404243-b419-4a1d-89d9-24831f4e322d</a:relatedActionCfg>
        </a:detailViewCfg>
        <a:relatedActionCfg>
            <a:target xmlns:xsi="http://www.w3.org/2001/XMLSchema-instance" xsi:type="a:ProcessModel" a:uuid="0002dd29-22ff-8000-f92f-7f0000014e7a"/>
            <a:contextExpr>{
  ItEquipment: 'type!{urn:com:appian:types:HR}HR_ItEquipment'(
    equipmentId: rf!equipmentId,
    equipmentTypeId: rf!equipmentTypeId,
    serialNumber: rf!serialNumber,
    make: rf!make,
    model: rf!model,
    leaseFromDate: rf!leaseFromDate,
    leaseToDate: rf!leaseToDate,
    purchaseDate: rf!purchaseDate,
    endOfLifeDate: rf!endOfLifeDate,
    assignedUserId: rf!assignedUserId,
    assignedDate: rf!assignedDate
  )
}</a:contextExpr>
            <a:visibilityExpr>=true()</a:visibilityExpr>
            <a:refId>3c404243-b419-4a1d-89d9-24831f4e322d</a:refId>
        </a:relatedActionCfg>
        <a:isSystem>false</a:isSystem>
        <a:dataSrcExpr></a:dataSrcExpr>
        <a:facetsListExpr></a:facetsListExpr>
        <a:titleExpr>rf!make &amp; &quot; &quot; &amp; rf!model &amp; &quot; -- SN:&quot; &amp; rf!serialNumber</a:titleExpr>
        <a:defaultFiltersExpr></a:defaultFiltersExpr>
        <a:layoutType>GRID</a:layoutType>
        <a:security>16383</a:security>
    </recordType>
    <roleMap>
        <role name="record_type_administrator">
            <users/>
            <groups>
                <groupUuid>_e-0000dd0a-93c8-8000-9aee-01075c01075c_12</groupUuid>
            </groups>
        </role>
        <role name="record_type_viewer">
            <users/>
            <groups>
                <groupUuid>_e-0000dd0a-93c8-8000-9aee-01075c01075c_10</groupUuid>
            </groups>
        </role>
    </roleMap>
</recordTypeHaul>
