<?xml version="1.0" encoding="UTF-8" standalone="yes"?>
<recordTypeHaul xmlns:a="http://www.appian.com/ae/types/2009">
    <recordType name="User" a:uuid="8d2051a1-ec92-4ca1-9c16-48aa9ee134a0">
        <a:pluralName>Users</a:pluralName>
        <a:description>Users within this organization</a:description>
        <a:urlStub>mbBJKA</a:urlStub>
        <a:source xmlns:xsi="http://www.w3.org/2001/XMLSchema-instance" xsi:type="a:DataStoreEntity" a:uuid="4be98317-39df-4cbf-abfa-86840894388b@_a-0000dd0d-462c-8000-9ba2-011c48011c48_3964"/>
        <a:listViewTemplateExpr>#&quot;SYSTEM_SYSRULES_recordGridLayoutColumns&quot;(
  columns: {
    #&quot;SYSTEM_SYSRULES_gridLayoutColumn&quot;(
      label: &quot;Name&quot;,
      component: #&quot;SYSTEM_SYSRULES_recordGrid_linkField&quot;(
        links: #&quot;SYSTEM_SYSRULES_recordLink&quot;(   
          label: rf!userName,
          recordType: rp!type,
          identifier: rp!id,
          dashboard: &quot;&quot;
        )
      )
    ),
    #&quot;SYSTEM_SYSRULES_gridLayoutColumn&quot;(
      label: &quot;Title&quot;,
      component: #&quot;SYSTEM_SYSRULES_recordGrid_textField&quot;(
        displayValue: rf!positionName
      )
    ),
    #&quot;SYSTEM_SYSRULES_gridLayoutColumn&quot;(
      label: &quot;Type&quot;,
      width: &quot;DISTRIBUTE&quot;,
      component: #&quot;SYSTEM_SYSRULES_recordGrid_textField&quot;(
        displayvalue: rf!userType
      )
    ),
    #&quot;SYSTEM_SYSRULES_gridLayoutColumn&quot;(
      label: &quot;Department&quot;,
      width: &quot;DISTRIBUTE&quot;,
      component: #&quot;SYSTEM_SYSRULES_recordGrid_textField&quot;(
        displayvalue: rf!department,
        align: &quot;LEFT&quot;
      )
    ),
    #&quot;SYSTEM_SYSRULES_gridLayoutColumn&quot;(
      label: &quot;Supervisor&quot;,
      width: &quot;DISTRIBUTE&quot;,
      component: #&quot;SYSTEM_SYSRULES_recordGrid_linkField&quot;(
        links: {
          #&quot;SYSTEM_SYSRULES_recordLink&quot;(
            label: rf!userSupervisor,
            recordtype: rp!type,
            identifier: rp!id
          )
        }
      )
    ),
    #&quot;SYSTEM_SYSRULES_gridLayoutColumn&quot;(
      label: &quot;Status&quot;,
      width: &quot;NARROW&quot;,
      weight: null,
      component: #&quot;SYSTEM_SYSRULES_recordGrid_imageField&quot;(
        images: {
          if(rf!userStatus=&quot;Active&quot;,
            #&quot;SYSTEM_SYSRULES_documentImage&quot;(
            document: #&quot;SYSTEM_SYSRULES_iconIndicator&quot;(icon:&quot;STATUS_OK&quot;)
            ),
          if(rf!userStatus=&quot;On-boarding&quot;,
          #&quot;SYSTEM_SYSRULES_documentImage&quot;(
            document: #&quot;SYSTEM_SYSRULES_iconIndicator&quot;(icon:&quot;TREND_UP_GOOD&quot;),
            altText:&quot;On-boarding&quot;,
            caption:&quot;On-boarding&quot;
          ),
          if(rf!userStatus=&quot;Off-boarding&quot;,
          #&quot;SYSTEM_SYSRULES_documentImage&quot;(
            document: #&quot;SYSTEM_SYSRULES_iconIndicator&quot;(icon:&quot;TREND_DOWN_BAD&quot;),
            altText:&quot;Off-boarding&quot;,
            caption:&quot;Off-boarding&quot;
          ),
          #&quot;SYSTEM_SYSRULES_documentImage&quot;(
            document: #&quot;SYSTEM_SYSRULES_iconIndicator&quot;(icon:&quot;REMOVE&quot;)
          )))) 
        },
        size: &quot;ICON&quot;
      )
    )  
  },
  pageSize: 50,
  defaultSort: #&quot;SYSTEM_SYSRULES_sortInfo&quot;(
    field: &quot;userName&quot;,
    ascending: fn!true()
  )
)</a:listViewTemplateExpr>
        <a:fieldCfg name="Type">
            <a:description></a:description>
            <a:sourceRef>userType</a:sourceRef>
            <a:isSortable>false</a:isSortable>
            <a:isSearchable>false</a:isSearchable>
            <a:isFacet>true</a:isFacet>
            <a:facetType>CUSTOM_BUCKETS_CLOSED</a:facetType>
            <a:isExclusiveFacet>true</a:isExclusiveFacet>
            <a:facetLabelExpr>=&quot;Personnel Type&quot;</a:facetLabelExpr>
            <a:facetOption>
                <a:labelExpr>=&quot;Employee&quot;</a:labelExpr>
                <a:facetOperator>IN</a:facetOperator>
                <a:lowerLimitExpr></a:lowerLimitExpr>
                <a:upperLimitExpr></a:upperLimitExpr>
                <a:values>=&quot;Employee&quot;</a:values>
            </a:facetOption>
            <a:facetOption>
                <a:labelExpr>=&quot;Contractor&quot;</a:labelExpr>
                <a:facetOperator>IN</a:facetOperator>
                <a:lowerLimitExpr></a:lowerLimitExpr>
                <a:upperLimitExpr></a:upperLimitExpr>
                <a:values>=&quot;Contractor&quot;</a:values>
            </a:facetOption>
            <a:sortOrderIndex>0</a:sortOrderIndex>
            <a:facetOrderIndex>0</a:facetOrderIndex>
            <a:visibilityExpr></a:visibilityExpr>
            <a:defaultOptionExpr></a:defaultOptionExpr>
        </a:fieldCfg>
        <a:fieldCfg name="Status">
            <a:description></a:description>
            <a:sourceRef>userStatus</a:sourceRef>
            <a:isSortable>false</a:isSortable>
            <a:isSearchable>false</a:isSearchable>
            <a:isFacet>true</a:isFacet>
            <a:facetType>CUSTOM_BUCKETS_CLOSED</a:facetType>
            <a:isExclusiveFacet>true</a:isExclusiveFacet>
            <a:facetLabelExpr>=&quot;Status&quot;</a:facetLabelExpr>
            <a:facetOption>
                <a:labelExpr>=&quot;Active&quot;</a:labelExpr>
                <a:facetOperator>IN</a:facetOperator>
                <a:lowerLimitExpr></a:lowerLimitExpr>
                <a:upperLimitExpr></a:upperLimitExpr>
                <a:values>=&quot;Active&quot;</a:values>
            </a:facetOption>
            <a:facetOption>
                <a:labelExpr>=&quot;On-boarding&quot;</a:labelExpr>
                <a:facetOperator>IN</a:facetOperator>
                <a:lowerLimitExpr></a:lowerLimitExpr>
                <a:upperLimitExpr></a:upperLimitExpr>
                <a:values>=&quot;On-boarding&quot;</a:values>
            </a:facetOption>
            <a:facetOption>
                <a:labelExpr>=&quot;Off-boarding&quot;</a:labelExpr>
                <a:facetOperator>IN</a:facetOperator>
                <a:lowerLimitExpr></a:lowerLimitExpr>
                <a:upperLimitExpr></a:upperLimitExpr>
                <a:values>=&quot;Off-boarding&quot;</a:values>
            </a:facetOption>
            <a:facetOption>
                <a:labelExpr>=&quot;Inactive&quot;</a:labelExpr>
                <a:facetOperator>IN</a:facetOperator>
                <a:lowerLimitExpr></a:lowerLimitExpr>
                <a:upperLimitExpr></a:upperLimitExpr>
                <a:values>=&quot;Inactive&quot;</a:values>
            </a:facetOption>
            <a:sortOrderIndex>1</a:sortOrderIndex>
            <a:facetOrderIndex>1</a:facetOrderIndex>
            <a:visibilityExpr></a:visibilityExpr>
            <a:defaultOptionExpr></a:defaultOptionExpr>
        </a:fieldCfg>
        <a:detailViewCfg>
            <a:nameExpr>=&quot;Summary&quot;</a:nameExpr>
            <a:uiExpr>=#&quot;8d0a23dd-8705-443a-8542-e5d3a24636a0&quot;()</a:uiExpr>
            <a:visibilityExpr>=true()</a:visibilityExpr>
            <a:urlStub>summary</a:urlStub>
            <a:headerExpr></a:headerExpr>
        </a:detailViewCfg>
        <a:detailViewCfg>
            <a:nameExpr>=&quot;HR Tasks&quot;</a:nameExpr>
            <a:uiExpr>=#&quot;_a-0000dd01-6759-8000-aae2-01ef9001ef90_3653&quot;()</a:uiExpr>
            <a:visibilityExpr>=true()</a:visibilityExpr>
            <a:urlStub>_Cf4iuA</a:urlStub>
            <a:headerExpr></a:headerExpr>
        </a:detailViewCfg>
        <a:detailViewCfg>
            <a:nameExpr>=&quot;My HR Documents&quot;</a:nameExpr>
            <a:uiExpr>=#&quot;_a-0000dd01-cd0c-8000-aae2-01ef9001ef90_3665&quot;()</a:uiExpr>
            <a:visibilityExpr>=true()</a:visibilityExpr>
            <a:urlStub>_P2-y0g</a:urlStub>
            <a:headerExpr></a:headerExpr>
        </a:detailViewCfg>
        <a:detailViewCfg>
            <a:nameExpr>=&quot;Security and Compliance&quot;</a:nameExpr>
            <a:uiExpr>=#&quot;_a-0000dd03-d615-8000-aae2-01ef9001ef90_3669&quot;(
  userId: rf!userId
)</a:uiExpr>
            <a:visibilityExpr>=true()</a:visibilityExpr>
            <a:urlStub>_BeDMgg</a:urlStub>
            <a:headerExpr></a:headerExpr>
        </a:detailViewCfg>
        <a:detailViewCfg>
            <a:nameExpr>=&quot;Badging and Credentials&quot;</a:nameExpr>
            <a:uiExpr>={}</a:uiExpr>
            <a:visibilityExpr>=true()</a:visibilityExpr>
            <a:urlStub>_Hpp4bw</a:urlStub>
            <a:headerExpr></a:headerExpr>
        </a:detailViewCfg>
        <a:detailViewCfg>
            <a:nameExpr>=&quot;IT Equipment&quot;</a:nameExpr>
            <a:uiExpr>#&quot;_a-0000dd0d-462c-8000-9ba2-011c48011c48_4824&quot;(assignedUserId: rf!userId)</a:uiExpr>
            <a:visibilityExpr>=true()</a:visibilityExpr>
            <a:urlStub>_r4oUkQ</a:urlStub>
            <a:headerExpr></a:headerExpr>
        </a:detailViewCfg>
        <a:detailViewCfg>
            <a:nameExpr>=&quot;Performance Reviews&quot;</a:nameExpr>
            <a:uiExpr>={}</a:uiExpr>
            <a:visibilityExpr>=true()</a:visibilityExpr>
            <a:urlStub>_zaomGQ</a:urlStub>
            <a:headerExpr></a:headerExpr>
        </a:detailViewCfg>
        <a:detailViewCfg>
            <a:nameExpr>=&quot;Training&quot;</a:nameExpr>
            <a:uiExpr>={}</a:uiExpr>
            <a:visibilityExpr>=true()</a:visibilityExpr>
            <a:urlStub>_OZTZ5Q</a:urlStub>
            <a:headerExpr></a:headerExpr>
        </a:detailViewCfg>
        <a:detailViewCfg>
            <a:nameExpr>=&quot;Position History&quot;</a:nameExpr>
            <a:uiExpr>#&quot;_a-0000dd0d-462c-8000-9ba2-011c48011c48_6952&quot;()</a:uiExpr>
            <a:visibilityExpr>=true()</a:visibilityExpr>
            <a:urlStub>_dAhimA</a:urlStub>
            <a:headerExpr></a:headerExpr>
        </a:detailViewCfg>
        <a:isSystem>false</a:isSystem>
        <a:dataSrcExpr></a:dataSrcExpr>
        <a:facetsListExpr></a:facetsListExpr>
        <a:titleExpr>=rf!userName</a:titleExpr>
        <a:defaultFiltersExpr></a:defaultFiltersExpr>
        <a:layoutType>GRID</a:layoutType>
        <a:security>16383</a:security>
    </recordType>
    <roleMap>
        <role name="record_type_administrator">
            <users/>
            <groups>
                <groupUuid>_e-0000dd0a-93c8-8000-9aee-01075c01075c_12</groupUuid>
            </groups>
        </role>
        <role name="record_type_viewer">
            <users/>
            <groups>
                <groupUuid>_e-0000dd0a-93c8-8000-9aee-01075c01075c_10</groupUuid>
            </groups>
        </role>
    </roleMap>
</recordTypeHaul>
