<?xml version="1.0" encoding="UTF-8" standalone="yes"?>
<recordTypeHaul xmlns:a="http://www.appian.com/ae/types/2009">
    <recordType name="Training &amp; Compliance" a:uuid="f1b8a025-3c92-467b-b07a-5bbf5ecd8376">
        <a:pluralName>Training &amp; Compliance</a:pluralName>
        <a:description>Training and compliance activities</a:description>
        <a:urlStub>KPnlGg</a:urlStub>
        <a:source xmlns:xsi="http://www.w3.org/2001/XMLSchema-instance" xsi:type="a:DataStoreEntity" a:uuid="346f96a7-d3b2-4cc5-b7ee-74a59b9b53e5@_a-0000dcfb-fbff-8000-aae2-01ef9001ef90_3613"/>
        <a:listViewTemplateExpr>#&quot;SYSTEM_SYSRULES_recordGridLayoutColumns&quot;(
  columns: {
    #&quot;SYSTEM_SYSRULES_gridLayoutColumn&quot;(
      label: &quot;Name&quot;,
      component: #&quot;SYSTEM_SYSRULES_recordGrid_linkField&quot;(
        links: #&quot;SYSTEM_SYSRULES_recordLink&quot;(   
          label: rf!name,
          recordType: rp!type,
          identifier: rp!id
        )
      )
    ),
    #&quot;SYSTEM_SYSRULES_gridLayoutColumn&quot;(
      label: &quot;Type&quot;,
      component: #&quot;SYSTEM_SYSRULES_recordGrid_textField&quot;(
        displayValue: rf!type
      )
    ),
    #&quot;SYSTEM_SYSRULES_gridLayoutColumn&quot;(
      label: &quot;Training ID&quot;,
      component: #&quot;SYSTEM_SYSRULES_recordGrid_integerField&quot;(
        displayValue: rf!trainingId,
        align: &quot;LEFT&quot;
      )
    )  
  },
  pageSize: 50,
  defaultSort: #&quot;SYSTEM_SYSRULES_sortInfo&quot;(
    field: &quot;name&quot;,
    ascending: fn!true()
  )
)</a:listViewTemplateExpr>
        <a:detailViewCfg>
            <a:nameExpr>=&quot;Summary&quot;</a:nameExpr>
            <a:uiExpr>#&quot;_a-0000dd04-1e13-8000-aae2-01ef9001ef90_3680&quot;(trainingId: rf!trainingId)</a:uiExpr>
            <a:visibilityExpr>=true()</a:visibilityExpr>
            <a:urlStub>summary</a:urlStub>
            <a:headerExpr></a:headerExpr>
            <a:relatedActionCfg>4f79af85-d251-4242-81a4-4f4e63a6e555</a:relatedActionCfg>
        </a:detailViewCfg>
        <a:detailViewCfg>
            <a:nameExpr>&quot;Evaluation/Feedback&quot;</a:nameExpr>
            <a:uiExpr>#&quot;_a-0000dd0d-462c-8000-9ba2-011c48011c48_4731&quot;(trainingId: rf!trainingId)</a:uiExpr>
            <a:visibilityExpr>=true()</a:visibilityExpr>
            <a:urlStub>_HLNagg</a:urlStub>
            <a:headerExpr></a:headerExpr>
        </a:detailViewCfg>
        <a:detailViewCfg>
            <a:nameExpr>&quot;Participation&quot;</a:nameExpr>
            <a:uiExpr>#&quot;_a-0000dd0d-462c-8000-9ba2-011c48011c48_5118&quot;(trainingId: rf!trainingId)</a:uiExpr>
            <a:visibilityExpr>=true()</a:visibilityExpr>
            <a:urlStub>_sQzTCw</a:urlStub>
            <a:headerExpr></a:headerExpr>
        </a:detailViewCfg>
        <a:relatedActionCfg>
            <a:target xmlns:xsi="http://www.w3.org/2001/XMLSchema-instance" xsi:type="a:ProcessModel" a:uuid="0003dd0e-6a1d-8000-f92f-7f0000014e7a"/>
            <a:contextExpr>{
  username: loggedInUser()
}</a:contextExpr>
            <a:visibilityExpr>and(
  rf!trainingId = 2,
  length(#&quot;e5e734d1-e79a-4461-bfab-9c0b4df0e93d&quot;(
    columns: &quot;completedDatetime&quot;,
    userId: index(#&quot;_a-0000dd0d-462c-8000-9ba2-011c48011c48_3612&quot;(
      columns: &quot;userId&quot;,
      appianUsername: loggedInUser()
    ).data, &quot;userId&quot;, -1),
    trainingId: rf!trainingId
  ).data) = 0
)</a:visibilityExpr>
            <a:refId>4f79af85-d251-4242-81a4-4f4e63a6e555</a:refId>
        </a:relatedActionCfg>
        <a:isSystem>false</a:isSystem>
        <a:dataSrcExpr></a:dataSrcExpr>
        <a:facetsListExpr></a:facetsListExpr>
        <a:titleExpr>=rf!name</a:titleExpr>
        <a:defaultFiltersExpr></a:defaultFiltersExpr>
        <a:layoutType>GRID</a:layoutType>
        <a:security>16383</a:security>
    </recordType>
    <roleMap>
        <role name="record_type_administrator">
            <users/>
            <groups>
                <groupUuid>_e-0000dd0a-93c8-8000-9aee-01075c01075c_12</groupUuid>
            </groups>
        </role>
        <role name="record_type_viewer">
            <users/>
            <groups>
                <groupUuid>_e-0000dd0a-93c8-8000-9aee-01075c01075c_10</groupUuid>
            </groups>
        </role>
    </roleMap>
</recordTypeHaul>
