<?xml version="1.0" encoding="UTF-8" standalone="yes"?>
<recordTypeHaul xmlns:a="http://www.appian.com/ae/types/2009">
    <recordType name="Building" a:uuid="fa65873b-d3b5-458b-9975-ca37b97d71dd">
        <a:pluralName>Buildings</a:pluralName>
        <a:description>Buildings within this organization</a:description>
        <a:urlStub>Q3_yjQ</a:urlStub>
        <a:source xmlns:xsi="http://www.w3.org/2001/XMLSchema-instance" xsi:type="a:DataStoreEntity" a:uuid="a7128d06-8f7e-42e0-b9d4-f1a801ed567a@_a-0000dd0d-462c-8000-9ba2-011c48011c48_3964"/>
        <a:listViewTemplateExpr>#&quot;SYSTEM_SYSRULES_recordGridLayoutColumns&quot;(
  columns: {
    #&quot;SYSTEM_SYSRULES_gridLayoutColumn&quot;(
      label: &quot;Name&quot;,
      field: &quot;buildingName&quot;,
      component: #&quot;SYSTEM_SYSRULES_recordGrid_linkField&quot;(
        links: #&quot;SYSTEM_SYSRULES_recordLink&quot;(   
          label: rf!buildingName,
          recordType: rp!type,
          identifier: rp!id
        )
      )
    ),
    #&quot;SYSTEM_SYSRULES_gridLayoutColumn&quot;(
      label: &quot;City&quot;,
      width: &quot;DISTRIBUTE&quot;,
      field: &quot;city&quot;,
      component: #&quot;SYSTEM_SYSRULES_recordGrid_textField&quot;(
        displayvalue: rf!city,
        align: &quot;LEFT&quot;
      )
    ),
    #&quot;SYSTEM_SYSRULES_gridLayoutColumn&quot;(
      label: &quot;State&quot;,
      width: &quot;DISTRIBUTE&quot;,
      field: &quot;state&quot;,
      component: #&quot;SYSTEM_SYSRULES_recordGrid_textField&quot;(
        displayvalue: rf!state,
        align: &quot;LEFT&quot;
      )
    )  
  },
  pageSize: 50,
  defaultSort: #&quot;SYSTEM_SYSRULES_sortInfo&quot;(
    field: &quot;buildingName&quot;,
    ascending: fn!true()
  )
)</a:listViewTemplateExpr>
        <a:fieldCfg name="Campus">
            <a:isSortable>false</a:isSortable>
            <a:isSearchable>false</a:isSearchable>
            <a:isFacet>true</a:isFacet>
            <a:facetType>EXPRESSION</a:facetType>
            <a:isExclusiveFacet>true</a:isExclusiveFacet>
            <a:facetExpr>with(&#xD;
  local!campusNames: #&quot;_a-0000dd0d-462c-8000-9ba2-011c48011c48_5501&quot;(columns: &quot;campusName&quot;).data.campusName,&#xD;
  #&quot;SYSTEM_SYSRULES_facet&quot;(&#xD;
    name: &quot;Campus&quot;,&#xD;
    options: apply(&#xD;
        #&quot;_a-0000dd0d-462c-8000-9ba2-011c48011c48_6332&quot;,&#xD;
        merge(local!campusNames,enumerate(count(local!campusNames))+1)&#xD;
      )&#xD;
  )&#xD;
)</a:facetExpr>
            <a:sortOrderIndex>0</a:sortOrderIndex>
            <a:facetOrderIndex>0</a:facetOrderIndex>
            <a:visibilityExpr></a:visibilityExpr>
            <a:defaultOptionExpr></a:defaultOptionExpr>
        </a:fieldCfg>
        <a:detailViewCfg>
            <a:nameExpr>=&quot;Summary&quot;</a:nameExpr>
            <a:uiExpr>#&quot;_a-0000dd0d-462c-8000-9ba2-011c48011c48_4581&quot;()</a:uiExpr>
            <a:visibilityExpr>=true()</a:visibilityExpr>
            <a:urlStub>summary</a:urlStub>
            <a:headerExpr></a:headerExpr>
        </a:detailViewCfg>
        <a:relatedActionCfg>
            <a:target xmlns:xsi="http://www.w3.org/2001/XMLSchema-instance" xsi:type="a:ProcessModel" a:uuid="0003dd1e-7499-8000-f92f-7f0000014e7a"/>
            <a:contextExpr>{
  building: 'type!{urn:com:appian:types:HR}HR_Building'(
    buildingId: rf!buildingId,
    buildingName: rf!buildingName,
    leaseFromDate: rf!leaseFromDate,
    leaseToDate: rf!leaseToDate,
    purchaseDate: rf!purchaseDate,
    sellDate: rf!sellDate,
    addressLine1: rf!addressLine1,
    addressLine2: rf!addressLine2,
    addressLine3: rf!addressLine3,
    phoneNumber: rf!phoneNumber,
    code: rf!code,
    squareFeet: rf!squareFeet,
    campusId: rf!campusId,
    buildingPhoto: rf!buildingPhoto
  )
}</a:contextExpr>
            <a:visibilityExpr>=true()</a:visibilityExpr>
            <a:refId>3ae89761-a019-4347-856a-e3a2a4a94936</a:refId>
        </a:relatedActionCfg>
        <a:isSystem>false</a:isSystem>
        <a:dataSrcExpr></a:dataSrcExpr>
        <a:facetsListExpr></a:facetsListExpr>
        <a:titleExpr>rf!buildingName</a:titleExpr>
        <a:defaultFiltersExpr></a:defaultFiltersExpr>
        <a:layoutType>GRID</a:layoutType>
        <a:security>16383</a:security>
    </recordType>
    <roleMap>
        <role name="record_type_administrator">
            <users/>
            <groups>
                <groupUuid>_e-0000dd0a-93c8-8000-9aee-01075c01075c_12</groupUuid>
            </groups>
        </role>
        <role name="record_type_viewer">
            <users/>
            <groups>
                <groupUuid>_e-0000dd0a-93c8-8000-9aee-01075c01075c_10</groupUuid>
            </groups>
        </role>
    </roleMap>
</recordTypeHaul>
