<?xml version="1.0" encoding="UTF-8" standalone="yes"?>
<contentHaul xmlns:a="http://www.appian.com/ae/types/2009">
    <rule>
        <name>AF_CMPT_General_userSafeLink</name>
        <uuid>083ca748-92d6-4080-9f02-017797355143</uuid>
        <description>Returns a safe link to a user's profile</description>
        <parentUuid>_a-0000dd0d-462c-8000-9ba2-011c48011c48_3623</parentUuid>
        <visibility>
            <advertise>false</advertise>
            <hierarchy>true</hierarchy>
            <indexable>true</indexable>
            <quota>false</quota>
            <searchable>true</searchable>
            <system>false</system>
            <unlogged>false</unlogged>
        </visibility>
        <definition>if(and(not(isnull(ri!user)), isusernametaken(ri!user)),&#xD;
  #&quot;73395716-12a2-4363-b454-cca042a95a62&quot;(&#xD;
    label: #&quot;64f07310-4544-413c-96ea-2bd500ad735e&quot;(user: ri!user),&#xD;
    uri: urlforrecord(&#xD;
      recordType: #&quot;_a-0000dd0d-462c-8000-9ba2-011c48011c48_3667&quot;,&#xD;
      recordIds: split(#&quot;SYSTEM_SYSRULES_userRecordIdentifier&quot;(users: ri!user), &quot;#&quot;)[3]&#xD;
    )&#xD;
  ),&#xD;
  null&#xD;
)</definition>
        <namedTypedValue>
            <name>user</name>
            <type>
                <name>User</name>
                <namespace>http://www.appian.com/ae/types/2009</namespace>
            </type>
        </namedTypedValue>
        <preferredEditor>interface</preferredEditor>
        <offlineEnabled>false</offlineEnabled>
    </rule>
    <roleMap public="true">
        <role allowForAll="true" inherit="false" name="readers">
            <users/>
            <groups/>
        </role>
        <role allowForAll="true" inherit="false" name="authors">
            <users/>
            <groups/>
        </role>
        <role allowForAll="false" inherit="false" name="administrators">
            <users/>
            <groups>
                <groupUuid>_e-0000dd29-17a1-8000-9aee-01075c01075c_99</groupUuid>
            </groups>
        </role>
        <role allowForAll="false" inherit="false" name="denyReaders">
            <users/>
            <groups/>
        </role>
        <role allowForAll="false" inherit="false" name="denyAuthors">
            <users/>
            <groups/>
        </role>
        <role allowForAll="false" inherit="false" name="denyAdministrators">
            <users/>
            <groups/>
        </role>
    </roleMap>
</contentHaul>
