<?xml version="1.0" encoding="UTF-8" standalone="yes"?>
<contentHaul xmlns:a="http://www.appian.com/ae/types/2009">
    <constant>
        <name>AF_TEXT_STATE_NAMES</name>
        <uuid>_a-0000dd0d-462c-8000-9ba2-011c48011c48_5512</uuid>
        <description>Alabama;Alaska;Arizona;Arkansas;California;Colorado;Connecticut;Delaware;Florida;Georgia;Hawaii;Idaho;Illinois;Indiana;Iowa;Kansas;Kentucky;Louisiana;Maine;Maryland;Massachusetts;Michigan;Minnesota;Mississippi;Missouri;Montana;Nebraska;Nevada;New Hampshire;New Jersey;New Mexico;New York;North Carolina;North Dakota;Ohio;Oklahoma;Oregon;Pennsylvania;Rhode Island;South Carolina;South Dakota;Tennessee;Texas;Utah;Vermont;Virginia;Washington;West Virginia;Wisconsin;Wyoming</description>
        <parentUuid>_a-0000dd0d-462c-8000-9ba2-011c48011c48_3632</parentUuid>
        <visibility>
            <advertise>false</advertise>
            <hierarchy>true</hierarchy>
            <indexable>true</indexable>
            <quota>false</quota>
            <searchable>true</searchable>
            <system>false</system>
            <unlogged>false</unlogged>
        </visibility>
        <typedValue>
            <type>
                <name>Text?list</name>
                <namespace>http://www.appian.com/ae/types/2009</namespace>
            </type>
            <value>
                <el>Alabama</el>
                <el>Alaska</el>
                <el>Arizona</el>
                <el>Arkansas</el>
                <el>California</el>
                <el>Colorado</el>
                <el>Connecticut</el>
                <el>Delaware</el>
                <el>District of Columbia</el>
                <el>Florida</el>
                <el>Georgia</el>
                <el>Hawaii</el>
                <el>Idaho</el>
                <el>Illinois</el>
                <el>Indiana</el>
                <el>Iowa</el>
                <el>Kansas</el>
                <el>Kentucky</el>
                <el>Louisiana</el>
                <el>Maine</el>
                <el>Maryland</el>
                <el>Massachusetts</el>
                <el>Michigan</el>
                <el>Minnesota</el>
                <el>Mississippi</el>
                <el>Missouri</el>
                <el>Montana</el>
                <el>Nebraska</el>
                <el>Nevada</el>
                <el>New Hampshire</el>
                <el>New Jersey</el>
                <el>New Mexico</el>
                <el>New York</el>
                <el>North Carolina</el>
                <el>North Dakota</el>
                <el>Ohio</el>
                <el>Oklahoma</el>
                <el>Oregon</el>
                <el>Pennsylvania</el>
                <el>Rhode Island</el>
                <el>South Carolina</el>
                <el>South Dakota</el>
                <el>Tennessee</el>
                <el>Texas</el>
                <el>Utah</el>
                <el>Vermont</el>
                <el>Virginia</el>
                <el>Washington</el>
                <el>West Virginia</el>
                <el>Wisconsin</el>
                <el>Wyoming</el>
            </value>
        </typedValue>
    </constant>
    <roleMap public="true">
        <role allowForAll="true" inherit="false" name="readers">
            <users/>
            <groups/>
        </role>
        <role allowForAll="true" inherit="false" name="authors">
            <users/>
            <groups/>
        </role>
        <role allowForAll="false" inherit="false" name="administrators">
            <users/>
            <groups>
                <groupUuid>_e-0000dd29-17a1-8000-9aee-01075c01075c_99</groupUuid>
            </groups>
        </role>
        <role allowForAll="false" inherit="false" name="denyReaders">
            <users/>
            <groups/>
        </role>
        <role allowForAll="false" inherit="false" name="denyAuthors">
            <users/>
            <groups/>
        </role>
        <role allowForAll="false" inherit="false" name="denyAdministrators">
            <users/>
            <groups/>
        </role>
    </roleMap>
</contentHaul>
