<?xml version="1.0" encoding="UTF-8" standalone="yes"?>
<contentHaul xmlns:a="http://www.appian.com/ae/types/2009">
    <rule>
        <name>AF_CMPT_General_videoField</name>
        <uuid>_a-0000dd72-ed8d-8000-9ba2-011c48011c48_23891</uuid>
        <description>Generic video field component that also contains a download link. Currently displays a web video either via Appian document ID or URL. Passing both parameters in will display a video using the Appian document ID by default.</description>
        <parentUuid>_a-0000dd0d-462c-8000-9ba2-011c48011c48_3623</parentUuid>
        <visibility>
            <advertise>false</advertise>
            <hierarchy>true</hierarchy>
            <indexable>true</indexable>
            <quota>false</quota>
            <searchable>true</searchable>
            <system>false</system>
            <unlogged>false</unlogged>
        </visibility>
        <definition>load(
  local!fileExt: if(isnull(ri!documentId),null, /* TODO: Figure out a way to get extension from a web video URL */
  document(
      ri!documentId,
      &quot;extension&quot;
    )
  ),
  local!fileName: 
  /*if(*/
  /*  isnull(ri!documentId),*/
  /*  {},*/
    document(
      ri!documentId,
      &quot;name&quot;
    )
  /*)*/
  ,
    if(
      isnull(local!fileExt),
      {},if(
      contains(
        #&quot;_a-0000dd72-ed8d-8000-9ba2-011c48011c48_23905&quot;,
        local!fileExt
      ),
    {
      #&quot;SYSTEM_SYSRULES_linkField&quot;(
        links: {
          #&quot;SYSTEM_SYSRULES_safeLink&quot;(
            label: &quot;Download this Video&quot;,
            uri: extract(
              linktodocument(
                0,
                &quot;doc&quot;
              ),
              char(
                34
              ),
              &quot;0&quot;
            ) &amp; ri!documentId
          )
        }
      ),
      #&quot;SYSTEM_SYSRULES_videoField&quot;(
        label: local!fileName,
        instructions: &quot;NOTE: Streaming video not supported in IE 10 or lower.&quot;,
        videos: {
          #&quot;SYSTEM_SYSRULES_webVideo&quot;(
            source: 
              if(
                isnull(ri!documentId),
                ri!videoURL,
                extract(
                  linktodocument(
                    0,
                    &quot;doc&quot;
                  ),
                  char(
                    34
                  ),
                  &quot;0&quot;
              ) &amp; ri!documentId
            )
          )
        }
      )
    }, {}
    /*a!textField(*/
    /*  label:&quot;&quot;,*/
    /*  readOnly:true,*/
    /*  value:&quot;This video is not in a supported format for your browser. Please download the video to view it.&quot;*/
    ))
  )</definition>
        <namedTypedValue>
            <name>documentId</name>
            <type>
                <name>int</name>
                <namespace>http://www.w3.org/2001/XMLSchema</namespace>
            </type>
        </namedTypedValue>
        <namedTypedValue>
            <name>videoURL</name>
            <type>
                <name>string</name>
                <namespace>http://www.w3.org/2001/XMLSchema</namespace>
            </type>
            <value/>
        </namedTypedValue>
        <preferredEditor>interface</preferredEditor>
        <offlineEnabled>false</offlineEnabled>
    </rule>
    <roleMap public="true">
        <role allowForAll="false" inherit="true" name="readers">
            <users/>
            <groups/>
        </role>
        <role allowForAll="false" inherit="true" name="authors">
            <users/>
            <groups/>
        </role>
        <role allowForAll="false" inherit="true" name="administrators">
            <users>
                <userUuid>eric.schiavo</userUuid>
            </users>
            <groups/>
        </role>
        <role allowForAll="false" inherit="false" name="denyReaders">
            <users/>
            <groups/>
        </role>
        <role allowForAll="false" inherit="false" name="denyAuthors">
            <users/>
            <groups/>
        </role>
        <role allowForAll="false" inherit="false" name="denyAdministrators">
            <users/>
            <groups/>
        </role>
    </roleMap>
    <typedValue>
        <type>
            <name>RuleTestConfig?list</name>
            <namespace>http://www.appian.com/ae/types/2009</namespace>
        </type>
        <value>
            <el>
                <a:name/>
                <a:ruleInputTestConfigs>
                    <a:value xmlns:xsd="http://www.w3.org/2001/XMLSchema" xmlns:xsi="http://www.w3.org/2001/XMLSchema-instance" xsi:nil="true" xsi:type="xsd:int"/>
                    <a:nameRef>documentId</a:nameRef>
                    <a:id/>
                </a:ruleInputTestConfigs>
                <a:ruleInputTestConfigs>
                    <a:value xmlns:xsd="http://www.w3.org/2001/XMLSchema" xmlns:xsi="http://www.w3.org/2001/XMLSchema-instance" xsi:type="xsd:string"/>
                    <a:nameRef>videoURL</a:nameRef>
                    <a:id/>
                </a:ruleInputTestConfigs>
                <a:assertions xmlns:xsi="http://www.w3.org/2001/XMLSchema-instance" xsi:nil="true"/>
            </el>
        </value>
    </typedValue>
</contentHaul>
