<?xml version="1.0" encoding="UTF-8" standalone="yes"?>
<groupHaul xmlns:a="http://www.appian.com/ae/types/2009">
    <group>
        <name>AF All Users</name>
        <securityMap>SECURITYMAP_PUBLIC</securityMap>
        <uuid>_e-0000dd29-17a1-8000-9aee-01075c01075c_98</uuid>
        <groupTypeUuid>SYSTEM_GROUP_TYPE_CUSTOM</groupTypeUuid>
        <description></description>
        <delegatedCreation>false</delegatedCreation>
        <memberPolicy>MEMBERPOLICY_CLOSED</memberPolicy>
        <viewingPolicy>VIEWINGPOLICY_LOW</viewingPolicy>
        <attributes/>
    </group>
    <members>
        <users/>
        <groups>
            <groupUuid>_e-0000dd0a-93c8-8000-9aee-01075c01075c_10</groupUuid>
            <groupUuid>_e-0000dd3b-5dde-8000-9aee-01075c01075c_102</groupUuid>
            <groupUuid>_e-0000dd72-ed8c-8000-9aee-01075c01075c_117</groupUuid>
            <groupUuid>_e-0000dd29-17a1-8000-9aee-01075c01075c_99</groupUuid>
            <groupUuid>_e-0000dd72-ed8c-8000-9aee-01075c01075c_116</groupUuid>
        </groups>
    </members>
    <admins>
        <users>
            <userUuid>rob.turverey</userUuid>
        </users>
        <groups/>
    </admins>
    <ruleSet/>
</groupHaul>
