<?xml version="1.0" encoding="UTF-8" standalone="yes"?>
<recordTypeHaul xmlns:a="http://www.appian.com/ae/types/2009">
    <recordType name="Help Resource" a:uuid="2e428575-98ed-42f9-8c15-3b9f05e31500">
        <a:pluralName>Help Resources</a:pluralName>
        <a:description>Resources covering a variety of help and enablement areas</a:description>
        <a:urlStub>eyoj-g</a:urlStub>
        <a:source xmlns:xsi="http://www.w3.org/2001/XMLSchema-instance" xsi:type="a:DataStoreEntity" a:uuid="837e434c-7c86-48c8-ad1c-17b3bcedf73a@_a-0000dd4b-0482-8000-9ba2-011c48011c48_16432"/>
        <a:listViewTemplateExpr>#&quot;SYSTEM_SYSRULES_recordGridLayoutColumns&quot;(
  columns: {
    #&quot;SYSTEM_SYSRULES_gridLayoutColumn&quot;(
      label: &quot;Name&quot;,
      field: &quot;name&quot;,
      component: #&quot;SYSTEM_SYSRULES_recordGrid_linkField&quot;(
        links: #&quot;SYSTEM_SYSRULES_recordLink&quot;(   
          label: rf!name,
          recordType: rp!type,
          identifier: rp!id
        )
      )
    ),
    #&quot;SYSTEM_SYSRULES_gridLayoutColumn&quot;(
      label: &quot;Summary&quot;,
      field: &quot;summary&quot;,
      component: #&quot;SYSTEM_SYSRULES_recordGrid_textField&quot;(
        displayValue: rf!summary
      )
    ),
    #&quot;SYSTEM_SYSRULES_gridLayoutColumn&quot;(
      label: &quot;Status&quot;,
      width: &quot;DISTRIBUTE&quot;,
      component: #&quot;SYSTEM_SYSRULES_recordGrid_textField&quot;(
        displayvalue: rf!statusDisplay
      )
    ),
    #&quot;SYSTEM_SYSRULES_gridLayoutColumn&quot;(
      label: &quot;Modified&quot;,
      width: &quot;DISTRIBUTE&quot;,
      field: &quot;modifiedDatetime&quot;,
      component: #&quot;SYSTEM_SYSRULES_recordGrid_dateTimeField&quot;(
        displayvalue: rf!modifiedDatetime
      )
    )  
  },
  pageSize: 50,
  defaultSort: #&quot;SYSTEM_SYSRULES_sortInfo&quot;(
    field: &quot;name&quot;,
    ascending: fn!true()
  )
)</a:listViewTemplateExpr>
        <a:fieldCfg name="Type">
            <a:isSortable>false</a:isSortable>
            <a:isSearchable>false</a:isSearchable>
            <a:isFacet>true</a:isFacet>
            <a:facetType>EXPRESSION</a:facetType>
            <a:isExclusiveFacet>true</a:isExclusiveFacet>
            <a:facetExpr>with(
  local!r_resourceType_cdt: #&quot;_a-0000dd4b-0482-8000-9ba2-011c48011c48_18048&quot;(typeId: null).data.typeName,
  #&quot;SYSTEM_SYSRULES_facet&quot;(
    name: &quot;Type&quot;,
    options: apply(
      #&quot;_a-0000dd4b-0482-8000-9ba2-011c48011c48_18457&quot;(id: _, name: _, field: &quot;typeDisplay&quot;),
      merge({1+enumerate(count(local!r_resourceType_cdt))}, local!r_resourceType_cdt)
    )
  )
)</a:facetExpr>
            <a:sortOrderIndex>0</a:sortOrderIndex>
            <a:facetOrderIndex>0</a:facetOrderIndex>
            <a:visibilityExpr></a:visibilityExpr>
            <a:defaultOptionExpr></a:defaultOptionExpr>
        </a:fieldCfg>
        <a:fieldCfg name="Category">
            <a:isSortable>false</a:isSortable>
            <a:isSearchable>false</a:isSearchable>
            <a:isFacet>true</a:isFacet>
            <a:facetType>EXPRESSION</a:facetType>
            <a:isExclusiveFacet>true</a:isExclusiveFacet>
            <a:facetExpr>with(
  local!categoryNames: #&quot;_a-0000dd4b-0482-8000-9ba2-011c48011c48_18054&quot;(categoryId: null).data.categoryName,
  #&quot;SYSTEM_SYSRULES_facet&quot;(
  name: &quot;Category&quot;,
  options: apply(
    #&quot;_a-0000dd4b-0482-8000-9ba2-011c48011c48_18457&quot;(id: _, name: _, field: &quot;categoryDisplay&quot;),
    merge({1+enumerate(count(local!categoryNames))}, local!categoryNames)
  )
)
)</a:facetExpr>
            <a:sortOrderIndex>1</a:sortOrderIndex>
            <a:facetOrderIndex>1</a:facetOrderIndex>
            <a:visibilityExpr></a:visibilityExpr>
            <a:defaultOptionExpr></a:defaultOptionExpr>
        </a:fieldCfg>
        <a:fieldCfg name="Status">
            <a:isSortable>false</a:isSortable>
            <a:isSearchable>false</a:isSearchable>
            <a:isFacet>true</a:isFacet>
            <a:facetType>EXPRESSION</a:facetType>
            <a:isExclusiveFacet>true</a:isExclusiveFacet>
            <a:facetExpr>#&quot;SYSTEM_SYSRULES_facet&quot;(&#xD;
  name: &quot;Status&quot;,&#xD;
  options: {&#xD;
    #&quot;SYSTEM_SYSRULES_facetOption&quot;(&#xD;
      id: 1,&#xD;
      name: &quot;Active&quot;,&#xD;
      filter: #&quot;SYSTEM_SYSRULES_queryFilter&quot;(&#xD;
        field: &quot;statusId&quot;,&#xD;
        operator: &quot;=&quot;,&#xD;
        value: tostring(#&quot;_a-0000dd4b-0482-8000-9ba2-011c48011c48_20443&quot;)&#xD;
      )&#xD;
    ),&#xD;
    #&quot;SYSTEM_SYSRULES_facetOption&quot;(&#xD;
      id: 2,&#xD;
      name: &quot;Inactive&quot;,&#xD;
      filter: #&quot;SYSTEM_SYSRULES_queryFilter&quot;(&#xD;
        field: &quot;statusId&quot;,&#xD;
        operator: &quot;=&quot;,&#xD;
        value: tostring(#&quot;_a-0000dd72-ed8d-8000-9ba2-011c48011c48_23445&quot;)&#xD;
      )&#xD;
    ),&#xD;
    #&quot;SYSTEM_SYSRULES_facetOption&quot;(&#xD;
      id: 3,&#xD;
      name: &quot;Both&quot;,&#xD;
      filter: #&quot;SYSTEM_SYSRULES_queryFilter&quot;(&#xD;
        field: &quot;statusId&quot;,&#xD;
        operator: &quot;not null&quot;&#xD;
      )&#xD;
    )&#xD;
  },&#xD;
  defaultOption: &quot;Active&quot;&#xD;
)</a:facetExpr>
            <a:sortOrderIndex>2</a:sortOrderIndex>
            <a:facetOrderIndex>2</a:facetOrderIndex>
            <a:visibilityExpr></a:visibilityExpr>
            <a:defaultOptionExpr></a:defaultOptionExpr>
        </a:fieldCfg>
        <a:detailViewCfg>
            <a:nameExpr>=&quot;Summary&quot;</a:nameExpr>
            <a:uiExpr>#&quot;0b9424c7-6db6-4113-9120-45ad0154e82f&quot;(
  resourceId: rp!id
)</a:uiExpr>
            <a:visibilityExpr>=true()</a:visibilityExpr>
            <a:urlStub>summary</a:urlStub>
            <a:headerExpr></a:headerExpr>
            <a:relatedActionCfg>b883d225-5b2d-44f9-a632-9b2518cabab0</a:relatedActionCfg>
            <a:relatedActionCfg>111f1a8e-6297-4f47-b9a4-c8ad605192ca</a:relatedActionCfg>
            <a:relatedActionCfg>f90d6c72-e5ee-4095-9833-da943a9eeb22</a:relatedActionCfg>
            <a:relatedActionCfg>73b158fc-3f69-4274-a312-2417999fad42</a:relatedActionCfg>
        </a:detailViewCfg>
        <a:detailViewCfg>
            <a:nameExpr>&quot;Comments&quot;</a:nameExpr>
            <a:uiExpr>#&quot;_a-0000dd72-ed8d-8000-9ba2-011c48011c48_23517&quot;(
  resourceId: rp!id
)</a:uiExpr>
            <a:visibilityExpr>=true()</a:visibilityExpr>
            <a:urlStub>_rWYD6w</a:urlStub>
            <a:headerExpr></a:headerExpr>
        </a:detailViewCfg>
        <a:defaultFilter>
            <a:field>statusId</a:field>
            <a:operator>in</a:operator>
            <a:valueExpression>{
  tostring(#&quot;_a-0000dd4b-0482-8000-9ba2-011c48011c48_20443&quot;),
  tostring(#&quot;_a-0000dd72-ed8d-8000-9ba2-011c48011c48_23445&quot;)
}</a:valueExpression>
        </a:defaultFilter>
        <a:relatedActionCfg>
            <a:target xmlns:xsi="http://www.w3.org/2001/XMLSchema-instance" xsi:type="a:ProcessModel" a:uuid="0002dd6a-132d-8000-f92f-7f0000014e7a"/>
            <a:contextExpr>{
  resourceId: rp!id
}</a:contextExpr>
            <a:visibilityExpr>=true()</a:visibilityExpr>
            <a:refId>73b158fc-3f69-4274-a312-2417999fad42</a:refId>
        </a:relatedActionCfg>
        <a:relatedActionCfg>
            <a:target xmlns:xsi="http://www.w3.org/2001/XMLSchema-instance" xsi:type="a:ProcessModel" a:uuid="0002dd72-f9be-8000-f92f-7f0000014e7a"/>
            <a:contextExpr>{
  resourceId: rp!id
}</a:contextExpr>
            <a:visibilityExpr>rf!statusId &lt;&gt; tostring(#&quot;_a-0000dd72-ed8d-8000-9ba2-011c48011c48_23445&quot;)</a:visibilityExpr>
            <a:refId>b883d225-5b2d-44f9-a632-9b2518cabab0</a:refId>
        </a:relatedActionCfg>
        <a:relatedActionCfg>
            <a:target xmlns:xsi="http://www.w3.org/2001/XMLSchema-instance" xsi:type="a:ProcessModel" a:uuid="0004dd74-513e-8000-f92f-7f0000014e7a"/>
            <a:contextExpr>{
  resourceId: rp!id
}</a:contextExpr>
            <a:visibilityExpr>rf!statusId = tostring(#&quot;_a-0000dd72-ed8d-8000-9ba2-011c48011c48_23445&quot;)</a:visibilityExpr>
            <a:refId>111f1a8e-6297-4f47-b9a4-c8ad605192ca</a:refId>
        </a:relatedActionCfg>
        <a:relatedActionCfg>
            <a:target xmlns:xsi="http://www.w3.org/2001/XMLSchema-instance" xsi:type="a:ProcessModel" a:uuid="0002dd77-02f2-8000-f92f-7f0000014e7a"/>
            <a:contextExpr>{
  resourceId: rp!id
}</a:contextExpr>
            <a:visibilityExpr>=true()</a:visibilityExpr>
            <a:refId>f90d6c72-e5ee-4095-9833-da943a9eeb22</a:refId>
        </a:relatedActionCfg>
        <a:isSystem>false</a:isSystem>
        <a:dataSrcExpr></a:dataSrcExpr>
        <a:facetsListExpr></a:facetsListExpr>
        <a:titleExpr>rf!name</a:titleExpr>
        <a:defaultFiltersExpr></a:defaultFiltersExpr>
        <a:layoutType>GRID</a:layoutType>
        <a:security>16383</a:security>
    </recordType>
    <roleMap>
        <role name="record_type_administrator">
            <users/>
            <groups>
                <groupUuid>_e-0000dd71-43cb-8000-9aee-01075c01075c_111</groupUuid>
            </groups>
        </role>
        <role name="record_type_viewer">
            <users/>
            <groups>
                <groupUuid>_e-0000dd72-ed8c-8000-9aee-01075c01075c_112</groupUuid>
            </groups>
        </role>
    </roleMap>
</recordTypeHaul>
