<?xml version="1.0" encoding="UTF-8" standalone="yes"?>
<dataStoreHaul xmlns:a="http://www.appian.com/ae/types/2009">
    <dataStore>
        <uuid>_a-0000dd4b-0482-8000-9ba2-011c48011c48_16429</uuid>
        <name>HELP Transactional</name>
        <description>Main HELP entities</description>
        <dataSourceKey>java:/jdbc/Appian</dataSourceKey>
        <adaptingExplicitSqlNames>false</adaptingExplicitSqlNames>
        <autoUpdateSchema>false</autoUpdateSchema>
        <entities>
            <entity>
                <uuid>1957a6ec-660b-4669-ad2e-076eb0d6927d</uuid>
                <name>HELP_Resource</name>
                <type>{urn:com:appian:types:HELP}HELP_Resource</type>
            </entity>
            <entity>
                <uuid>72e13f82-19da-411d-8d83-5047a357ed7a</uuid>
                <name>HELP_Resource_Link</name>
                <type>{urn:com:appian:types:HELP}HELP_Resource_Link</type>
            </entity>
            <entity>
                <uuid>35fd298a-c7aa-47dd-a4db-c0b221266835</uuid>
                <name>HELP_Resource_File</name>
                <type>{urn:com:appian:types:HELP}HELP_Resource_File</type>
            </entity>
            <entity>
                <uuid>a92a0cf5-d66c-4fda-adf7-f140a1125da4</uuid>
                <name>HELP_Resource_Comment</name>
                <type>{urn:com:appian:types:HELP}HELP_Resource_Comment</type>
            </entity>
            <entity>
                <uuid>427a98ef-f18e-40e4-b099-0803ab8e3d7c</uuid>
                <name>HELP_Resource_Rating</name>
                <type>{urn:com:appian:types:HELP}HELP_Resource_Rating</type>
            </entity>
        </entities>
    </dataStore>
    <isPublished>true</isPublished>
    <roleMap>
        <role allowForAll="false" inherit="false" name="administrators">
            <users/>
            <groups>
                <groupUuid>_e-0000dd71-43cb-8000-9aee-01075c01075c_111</groupUuid>
            </groups>
        </role>
        <role allowForAll="false" inherit="false" name="authors">
            <users/>
            <groups/>
        </role>
        <role allowForAll="false" inherit="false" name="denyAdministrators">
            <users/>
            <groups/>
        </role>
        <role allowForAll="false" inherit="false" name="denyAuthors">
            <users/>
            <groups/>
        </role>
        <role allowForAll="false" inherit="false" name="denyReaders">
            <users/>
            <groups/>
        </role>
        <role allowForAll="false" inherit="false" name="readers">
            <users/>
            <groups>
                <groupUuid>_e-0000dd3b-5dde-8000-9aee-01075c01075c_107</groupUuid>
            </groups>
        </role>
    </roleMap>
</dataStoreHaul>
