<?xml version="1.0" encoding="UTF-8" standalone="yes"?>
<dataStoreHaul xmlns:a="http://www.appian.com/ae/types/2009">
    <dataStore>
        <uuid>_a-0000dd4b-0482-8000-9ba2-011c48011c48_16431</uuid>
        <name>HELP Reference</name>
        <description>Reference HELP Entities</description>
        <dataSourceKey>java:/jdbc/Appian</dataSourceKey>
        <adaptingExplicitSqlNames>false</adaptingExplicitSqlNames>
        <autoUpdateSchema>false</autoUpdateSchema>
        <entities>
            <entity>
                <uuid>9a182065-2d55-45e4-aae4-bd582fa2e6df</uuid>
                <name>HELP_R_Resource_Category</name>
                <type>{urn:com:appian:types:HELP}HELP_R_Resource_Category</type>
            </entity>
            <entity>
                <uuid>b23e7bca-0fd8-40ce-8c5b-df8fa7797f08</uuid>
                <name>HELP_R_Resource_Tag</name>
                <type>{urn:com:appian:types:HELP}HELP_R_Resource_Tag</type>
            </entity>
            <entity>
                <uuid>d669edb8-2f81-4ac8-83dd-a033321db06c</uuid>
                <name>HELP_R_Resource_Type</name>
                <type>{urn:com:appian:types:HELP}HELP_R_Resource_Type</type>
            </entity>
            <entity>
                <uuid>4608fc24-a9f1-4543-954e-b33251212f95</uuid>
                <name>HELP_R_Resource_Sub_Category</name>
                <type>{urn:com:appian:types:HELP}HELP_R_Resource_Sub_Category</type>
            </entity>
            <entity>
                <uuid>05abf467-1b61-4613-90d3-db65c714af40</uuid>
                <name>HELP_R_Resource_Status</name>
                <type>{urn:com:appian:types:HELP}HELP_R_Resource_Status</type>
            </entity>
        </entities>
    </dataStore>
    <isPublished>true</isPublished>
    <roleMap>
        <role allowForAll="false" inherit="false" name="administrators">
            <users/>
            <groups>
                <groupUuid>_e-0000dd71-43cb-8000-9aee-01075c01075c_111</groupUuid>
            </groups>
        </role>
        <role allowForAll="false" inherit="false" name="authors">
            <users/>
            <groups/>
        </role>
        <role allowForAll="false" inherit="false" name="denyAdministrators">
            <users/>
            <groups/>
        </role>
        <role allowForAll="false" inherit="false" name="denyAuthors">
            <users/>
            <groups/>
        </role>
        <role allowForAll="false" inherit="false" name="denyReaders">
            <users/>
            <groups/>
        </role>
        <role allowForAll="false" inherit="false" name="readers">
            <users/>
            <groups>
                <groupUuid>_e-0000dd3b-5dde-8000-9aee-01075c01075c_107</groupUuid>
            </groups>
        </role>
    </roleMap>
</dataStoreHaul>
