<?xml version="1.0" encoding="UTF-8" standalone="yes"?>
<contentHaul xmlns:a="http://www.appian.com/ae/types/2009">
    <rule>
        <name>HR_FRM_FinDisc_basicInformation</name>
        <uuid>0848acd8-4915-43c6-b049-0ace4d4329f8</uuid>
        <description>Form that calls the relevant sections for the financial disclosure training</description>
        <parentUuid>_a-0000dd0d-462c-8000-9ba2-011c48011c48_3563</parentUuid>
        <visibility>
            <advertise>false</advertise>
            <hierarchy>true</hierarchy>
            <indexable>true</indexable>
            <quota>false</quota>
            <searchable>true</searchable>
            <system>false</system>
            <unlogged>false</unlogged>
        </visibility>
        <definition>load(
  local!type: if(ri!isSupervisor,
    2,
    if(ri!isFinalReview,
      3,
      1
    )
  ),
  #&quot;SYSTEM_SYSRULES_formLayout&quot;(
    label: ri!formLabel,
    firstColumnContents: {
      #&quot;ed51b551-4c0d-41ac-99f6-e5146c1712a5&quot;(
        isSupervisor: ri!isSupervisor,
        isFinalReview: ri!isFinalReview,
        financialDisclosure_cdt: ri!financialDisclosure_cdt
      )
    },
    buttons: choose(local!type,
      #&quot;SYSTEM_SYSRULES_ButtonLayout&quot;(
        primaryButtons: {
          #&quot;SYSTEM_SYSRULES_ButtonWidgetSubmit&quot;(
            label: &quot;Submit&quot;,
            style: &quot;PRIMARY&quot;,
            confirmMessage: &quot;Are you sure you want to submit?&quot;,
            value: &quot;Submit&quot;,
            saveInto: ri!buttonClicked
          )
        },
        secondaryButtons: {
          #&quot;SYSTEM_SYSRULES_ButtonWidgetSubmit&quot;(
            label: &quot;Cancel&quot;,
            skipValidation: true,
            value: &quot;Cancel&quot;,
            saveInto: ri!buttonClicked
          )
        }
      ),
      #&quot;SYSTEM_SYSRULES_ButtonLayout&quot;(
        primaryButtons: {
          #&quot;SYSTEM_SYSRULES_ButtonWidgetSubmit&quot;(
            label: &quot;Approve&quot;,
            style: &quot;PRIMARY&quot;,
            confirmMessage: &quot;Are you sure you want to approve?&quot;,
            value: &quot;Submit&quot;,
            saveInto: ri!buttonClicked
          )
        },
        secondaryButtons: {
          #&quot;SYSTEM_SYSRULES_ButtonWidgetSubmit&quot;(
            label: &quot;Reject&quot;,
            style: &quot;DESTRUCTIVE&quot;,
            skipValidation: true,
            confirmMessage: &quot;Are you sure you want to reject?&quot;,
            value: &quot;Cancel&quot;,
            saveInto: ri!buttonClicked
          )
        }
      ),
      #&quot;SYSTEM_SYSRULES_ButtonLayout&quot;(
        primaryButtons: {
          #&quot;SYSTEM_SYSRULES_ButtonWidgetSubmit&quot;(
            label: &quot;Approve&quot;,
            style: &quot;PRIMARY&quot;,
            confirmMessage: &quot;Are you sure you want to approve?&quot;,
            value: &quot;Submit&quot;,
            saveInto: ri!buttonClicked
          )
        },
        secondaryButtons: {
          #&quot;SYSTEM_SYSRULES_ButtonWidgetSubmit&quot;(
            label: &quot;Reject&quot;,
            style: &quot;DESTRUCTIVE&quot;,
            skipValidation: true,
            confirmMessage: &quot;Are you sure you want to reject?&quot;,
            value: &quot;Cancel&quot;,
            saveInto: ri!buttonClicked
          )
        }
      )
    )
  )
)</definition>
        <namedTypedValue>
            <name>isSupervisor</name>
            <type>
                <name>boolean</name>
                <namespace>http://www.w3.org/2001/XMLSchema</namespace>
            </type>
        </namedTypedValue>
        <namedTypedValue>
            <name>isFinalReview</name>
            <type>
                <name>boolean</name>
                <namespace>http://www.w3.org/2001/XMLSchema</namespace>
            </type>
        </namedTypedValue>
        <namedTypedValue>
            <name>financialDisclosure_cdt</name>
            <type>
                <name>HR_FinancialDisclosure</name>
                <namespace>urn:com:appian:types:HR</namespace>
            </type>
        </namedTypedValue>
        <namedTypedValue>
            <name>formLabel</name>
            <type>
                <name>string</name>
                <namespace>http://www.w3.org/2001/XMLSchema</namespace>
            </type>
            <value/>
        </namedTypedValue>
        <namedTypedValue>
            <name>buttonClicked</name>
            <type>
                <name>string</name>
                <namespace>http://www.w3.org/2001/XMLSchema</namespace>
            </type>
            <value/>
        </namedTypedValue>
        <preferredEditor>interface</preferredEditor>
        <offlineEnabled>false</offlineEnabled>
    </rule>
    <roleMap public="true">
        <role allowForAll="false" inherit="true" name="readers">
            <users/>
            <groups/>
        </role>
        <role allowForAll="false" inherit="true" name="authors">
            <users/>
            <groups/>
        </role>
        <role allowForAll="false" inherit="true" name="administrators">
            <users>
                <userUuid>rob.turverey</userUuid>
            </users>
            <groups/>
        </role>
        <role allowForAll="false" inherit="false" name="denyReaders">
            <users/>
            <groups/>
        </role>
        <role allowForAll="false" inherit="false" name="denyAuthors">
            <users/>
            <groups/>
        </role>
        <role allowForAll="false" inherit="false" name="denyAdministrators">
            <users/>
            <groups/>
        </role>
    </roleMap>
    <typedValue>
        <type>
            <name>RuleTestConfig?list</name>
            <namespace>http://www.appian.com/ae/types/2009</namespace>
        </type>
        <value>
            <el>
                <a:name/>
                <a:ruleInputTestConfigs>
                    <a:value xmlns:xsd="http://www.w3.org/2001/XMLSchema" xmlns:xsi="http://www.w3.org/2001/XMLSchema-instance" xsi:nil="true" xsi:type="xsd:boolean"/>
                    <a:nameRef>isSupervisor</a:nameRef>
                    <a:id/>
                </a:ruleInputTestConfigs>
                <a:ruleInputTestConfigs>
                    <a:value xmlns:xsd="http://www.w3.org/2001/XMLSchema" xmlns:xsi="http://www.w3.org/2001/XMLSchema-instance" xsi:nil="true" xsi:type="xsd:boolean"/>
                    <a:nameRef>isFinalReview</a:nameRef>
                    <a:id/>
                </a:ruleInputTestConfigs>
                <a:ruleInputTestConfigs>
                    <a:value xmlns:n1="urn:com:appian:types:HR" xmlns:xsi="http://www.w3.org/2001/XMLSchema-instance" xsi:nil="true" xsi:type="n1:HR_FinancialDisclosure"/>
                    <a:nameRef>financialDisclosure_cdt</a:nameRef>
                    <a:id/>
                </a:ruleInputTestConfigs>
                <a:ruleInputTestConfigs>
                    <a:value xmlns:xsd="http://www.w3.org/2001/XMLSchema" xmlns:xsi="http://www.w3.org/2001/XMLSchema-instance" xsi:type="xsd:string"/>
                    <a:nameRef>formLabel</a:nameRef>
                    <a:id/>
                </a:ruleInputTestConfigs>
                <a:ruleInputTestConfigs>
                    <a:value xmlns:xsd="http://www.w3.org/2001/XMLSchema" xmlns:xsi="http://www.w3.org/2001/XMLSchema-instance" xsi:type="xsd:string"/>
                    <a:nameRef>buttonClicked</a:nameRef>
                    <a:id/>
                </a:ruleInputTestConfigs>
                <a:assertions xmlns:xsi="http://www.w3.org/2001/XMLSchema-instance" xsi:nil="true"/>
            </el>
        </value>
    </typedValue>
</contentHaul>
