<?xml version="1.0" encoding="UTF-8" standalone="yes"?>
<contentHaul xmlns:a="http://www.appian.com/ae/types/2009">
    <rule>
        <name>HR_QRY_getItEquipment</name>
        <uuid>0d90b91c-c053-448c-866e-6361abf08038</uuid>
        <description>Gets all instances of an HR_ItEquipment based on the filters</description>
        <parentUuid>_a-0000dd0d-462c-8000-9ba2-011c48011c48_3807</parentUuid>
        <visibility>
            <advertise>false</advertise>
            <hierarchy>true</hierarchy>
            <indexable>true</indexable>
            <quota>false</quota>
            <searchable>true</searchable>
            <system>false</system>
            <unlogged>false</unlogged>
        </visibility>
        <definition>#&quot;fdea6255-5ee8-42a2-bdb1-aace3c917d86&quot;(&#xD;
  entity: #&quot;_a-0000dd0d-462c-8000-9ba2-011c48011c48_4814&quot;,&#xD;
  columns: ri!columns,&#xD;
  logicalExpression: #&quot;SYSTEM_SYSRULES_queryLogicalExpression&quot;(&#xD;
    operator: &quot;AND&quot;,&#xD;
    filters: {&#xD;
      if(isnull(ri!assignedUserId), {}, #&quot;SYSTEM_SYSRULES_queryFilter&quot;(field: &quot;assignedUserId&quot;, operator: &quot;=&quot;, value: ri!assignedUserId))&#xD;
    }&#xD;
  ),&#xD;
  pagingInfo: ri!pagingInfo&#xD;
)</definition>
        <namedTypedValue>
            <name>columns</name>
            <type>
                <name>Text?list</name>
                <namespace>http://www.appian.com/ae/types/2009</namespace>
            </type>
        </namedTypedValue>
        <namedTypedValue>
            <name>pagingInfo</name>
            <type>
                <name>PagingInfo</name>
                <namespace>http://www.appian.com/ae/types/2009</namespace>
            </type>
        </namedTypedValue>
        <namedTypedValue>
            <name>assignedUserId</name>
            <type>
                <name>int</name>
                <namespace>http://www.w3.org/2001/XMLSchema</namespace>
            </type>
        </namedTypedValue>
        <preferredEditor>legacy</preferredEditor>
        <offlineEnabled>false</offlineEnabled>
    </rule>
    <roleMap public="true">
        <role allowForAll="false" inherit="true" name="readers">
            <users/>
            <groups/>
        </role>
        <role allowForAll="false" inherit="true" name="authors">
            <users/>
            <groups/>
        </role>
        <role allowForAll="false" inherit="true" name="administrators">
            <users/>
            <groups/>
        </role>
        <role allowForAll="false" inherit="false" name="denyReaders">
            <users/>
            <groups/>
        </role>
        <role allowForAll="false" inherit="false" name="denyAuthors">
            <users/>
            <groups/>
        </role>
        <role allowForAll="false" inherit="false" name="denyAdministrators">
            <users/>
            <groups/>
        </role>
    </roleMap>
</contentHaul>
