<?xml version="1.0" encoding="UTF-8" standalone="yes"?>
<contentHaul xmlns:a="http://www.appian.com/ae/types/2009">
    <rule>
        <name>HR_SCT_Reserve_campusDetails</name>
        <uuid>2581f3de-afe7-4af4-a9c2-fbf0bbe7cc12</uuid>
        <description>Contains all details about a campus</description>
        <parentUuid>_a-0000dd0d-462c-8000-9ba2-011c48011c48_3551</parentUuid>
        <visibility>
            <advertise>false</advertise>
            <hierarchy>true</hierarchy>
            <indexable>true</indexable>
            <quota>false</quota>
            <searchable>true</searchable>
            <system>false</system>
            <unlogged>false</unlogged>
        </visibility>
        <definition>#&quot;SYSTEM_SYSRULES_sectionLayout&quot;(
  label: &quot;Campus Details&quot;,
  firstColumnContents: {
    #&quot;_a-0000dd0d-462c-8000-9ba2-011c48011c48_3690&quot;(
      label: &quot;Name&quot;,
      required: true,
      readOnly: ri!readOnly,
      value: ri!campus.campusName,
      saveInto: ri!campus.campusName
    ),
    #&quot;_a-0000dd0d-462c-8000-9ba2-011c48011c48_3690&quot;(
      label: &quot;City&quot;,
      required: true,
      readOnly: ri!readOnly,
      value: ri!campus.city,
      saveInto: ri!campus.city
    )
  },
  secondColumnContents: {
    #&quot;_a-0000dd0d-462c-8000-9ba2-011c48011c48_3685&quot;(
      label: &quot;State&quot;,
      required: true,
      readOnly: ri!readOnly,
      choiceLabels: #&quot;_a-0000dd0d-462c-8000-9ba2-011c48011c48_5512&quot;,
      choiceValues: #&quot;_a-0000dd0d-462c-8000-9ba2-011c48011c48_5511&quot;,
      value: ri!campus.state,
      saveInto: ri!campus.state
    ),
    #&quot;_a-0000dd0d-462c-8000-9ba2-011c48011c48_3690&quot;(
      label: &quot;Zip&quot;,
      required: true,
      readOnly: ri!readOnly,
      value: ri!campus.zip,
      saveInto: ri!campus.zip
    )
  }
)</definition>
        <namedTypedValue>
            <name>readOnly</name>
            <type>
                <name>boolean</name>
                <namespace>http://www.w3.org/2001/XMLSchema</namespace>
            </type>
        </namedTypedValue>
        <namedTypedValue>
            <name>campus</name>
            <type>
                <name>HR_Campus</name>
                <namespace>urn:com:appian:types:HR</namespace>
            </type>
        </namedTypedValue>
        <preferredEditor>interface</preferredEditor>
        <offlineEnabled>false</offlineEnabled>
    </rule>
    <roleMap public="true">
        <role allowForAll="false" inherit="true" name="readers">
            <users/>
            <groups/>
        </role>
        <role allowForAll="false" inherit="true" name="authors">
            <users/>
            <groups/>
        </role>
        <role allowForAll="false" inherit="true" name="administrators">
            <users>
                <userUuid>rob.turverey</userUuid>
            </users>
            <groups/>
        </role>
        <role allowForAll="false" inherit="false" name="denyReaders">
            <users/>
            <groups/>
        </role>
        <role allowForAll="false" inherit="false" name="denyAuthors">
            <users/>
            <groups/>
        </role>
        <role allowForAll="false" inherit="false" name="denyAdministrators">
            <users/>
            <groups/>
        </role>
    </roleMap>
</contentHaul>
