<?xml version="1.0" encoding="UTF-8" standalone="yes"?>
<contentHaul xmlns:a="http://www.appian.com/ae/types/2009">
    <rule>
        <name>HR_GDRW_Workflow_documents</name>
        <uuid>2895487b-4c1e-4f8b-9358-fc686af6aa4e</uuid>
        <description>Grid row to be used when adding new documents</description>
        <parentUuid>_a-0000dd0d-462c-8000-9ba2-011c48011c48_3805</parentUuid>
        <visibility>
            <advertise>false</advertise>
            <hierarchy>true</hierarchy>
            <indexable>true</indexable>
            <quota>false</quota>
            <searchable>true</searchable>
            <system>false</system>
            <unlogged>false</unlogged>
        </visibility>
        <definition>#&quot;SYSTEM_SYSRULES_gridRowLayout&quot;(
  contents: {
    #&quot;SYSTEM_SYSRULES_fileUploadField&quot;(
      target: ri!targetFolder,
      value: ri!documentData[ri!newDocumentIndices][ri!index].docAppianDocumentId,
      saveInto: {
        ri!documentData[ri!newDocumentIndices][ri!index].docAppianDocumentId,
        a!save(ri!documentData[ri!newDocumentIndices][ri!index].docUploadedBy, loggedInUser()),
        a!save(ri!documentData[ri!newDocumentIndices][ri!index].docUploadedDatetime, now())
      }
    ),
    #&quot;SYSTEM_SYSRULES_paragraphField&quot;(
      value: ri!documentData[ri!newDocumentIndices][ri!index].docDescription,
      saveInto: ri!documentData[ri!newDocumentIndices][ri!index].docDescription
    ),
    #&quot;SYSTEM_SYSRULES_textField&quot;(
      readOnly: true,
      value: #&quot;64f07310-4544-413c-96ea-2bd500ad735e&quot;(user: ri!documentData[ri!newDocumentIndices][ri!index].docUploadedBy)
    ),
    #&quot;SYSTEM_SYSRULES_dateTimeField&quot;(
      readOnly: true,
      value: ri!documentData[ri!newDocumentIndices][ri!index].docUploadedDatetime
    ),
    #&quot;SYSTEM_SYSRULES_imageField&quot;(
      images: #&quot;SYSTEM_SYSRULES_documentImage&quot;(
        document: #&quot;_a-0000dd0d-462c-8000-9ba2-011c48011c48_4053&quot;,
        altText: &quot;Delete&quot;,
        caption: &quot;Delete document&quot;,
        link: #&quot;SYSTEM_SYSRULES_dynamicLink&quot;(
          saveInto: a!save(ri!documentData, remove(ri!documentData, ri!index))
        )
      ),
      size: &quot;ICON&quot;
    )
  },
  id: ri!index
)</definition>
        <namedTypedValue>
            <name>documentData</name>
            <type>
                <name>HR_Workflow_Document?list</name>
                <namespace>urn:com:appian:types:HR</namespace>
            </type>
        </namedTypedValue>
        <namedTypedValue>
            <name>index</name>
            <type>
                <name>int</name>
                <namespace>http://www.w3.org/2001/XMLSchema</namespace>
            </type>
        </namedTypedValue>
        <namedTypedValue>
            <name>targetFolder</name>
            <type>
                <name>CollaborationFolder</name>
                <namespace>http://www.appian.com/ae/types/2009</namespace>
            </type>
        </namedTypedValue>
        <namedTypedValue>
            <name>newDocumentIndices</name>
            <type>
                <name>Integer?list</name>
                <namespace>http://www.appian.com/ae/types/2009</namespace>
            </type>
        </namedTypedValue>
        <preferredEditor>interface</preferredEditor>
        <offlineEnabled>false</offlineEnabled>
    </rule>
    <roleMap public="true">
        <role allowForAll="false" inherit="true" name="readers">
            <users/>
            <groups/>
        </role>
        <role allowForAll="false" inherit="true" name="authors">
            <users/>
            <groups/>
        </role>
        <role allowForAll="false" inherit="true" name="administrators">
            <users>
                <userUuid>rob.turverey</userUuid>
            </users>
            <groups/>
        </role>
        <role allowForAll="false" inherit="false" name="denyReaders">
            <users/>
            <groups/>
        </role>
        <role allowForAll="false" inherit="false" name="denyAuthors">
            <users/>
            <groups/>
        </role>
        <role allowForAll="false" inherit="false" name="denyAdministrators">
            <users/>
            <groups/>
        </role>
    </roleMap>
</contentHaul>
