<?xml version="1.0" encoding="UTF-8" standalone="yes"?>
<contentHaul xmlns:a="http://www.appian.com/ae/types/2009">
    <rule>
        <name>HR_QRY_Workflow_getTasks</name>
        <uuid>6dcd73ca-b91f-42fd-8716-dd7d7aafdd1b</uuid>
        <description>Query for all tasks in given process ids,
c0 = workflowId,
c2 = appianTaskId,
c3 = taskStartDatetime,
c4 = taskAcceptDatetime,
c5 = taskEndDatetime,
c6 = initialAssignees,
c7 = taskOwner</description>
        <parentUuid>_a-0000dd0d-462c-8000-9ba2-011c48011c48_3584</parentUuid>
        <visibility>
            <advertise>false</advertise>
            <hierarchy>true</hierarchy>
            <indexable>true</indexable>
            <quota>false</quota>
            <searchable>true</searchable>
            <system>false</system>
            <unlogged>false</unlogged>
        </visibility>
        <definition>a!queryProcessAnalytics(
  report: #&quot;_a-0000dd0d-462c-8000-9ba2-011c48011c48_4227&quot;,
  contextProcessIds: ri!contextProcessIds,
  query: #&quot;SYSTEM_SYSRULES_query&quot;(
    selection: if(#&quot;2168a5de-fb70-4d66-8b97-b547e3ac6e57&quot;(ri!columns),
      null,
      #&quot;SYSTEM_SYSRULES_querySelection&quot;(
        columns: #&quot;SYSTEM_SYSRULES_applyComponents&quot;(
          function: #&quot;SYSTEM_SYSRULES_queryColumn&quot;(field: _),
          array: ri!columns
        )
      )
    ),
    logicalExpression: #&quot;SYSTEM_SYSRULES_queryLogicalExpression&quot;(
      operator: &quot;AND&quot;,
      filters: {
        if(isnull(ri!appianTaskId), {}, #&quot;SYSTEM_SYSRULES_queryFilter&quot;(field: &quot;c2&quot;, operator: &quot;=&quot;, value: ri!appianTaskId))
      }
    ),
    pagingInfo: if(isnull(ri!pagingInfo),
      #&quot;SYSTEM_SYSRULES_pagingInfo&quot;(
        startIndex: 1,
        batchSize: -1
      ),
      ri!pagingInfo
    )
  )
)</definition>
        <namedTypedValue>
            <name>contextProcessIds</name>
            <type>
                <name>Integer?list</name>
                <namespace>http://www.appian.com/ae/types/2009</namespace>
            </type>
        </namedTypedValue>
        <namedTypedValue>
            <name>columns</name>
            <type>
                <name>Text?list</name>
                <namespace>http://www.appian.com/ae/types/2009</namespace>
            </type>
        </namedTypedValue>
        <namedTypedValue>
            <name>pagingInfo</name>
            <type>
                <name>PagingInfo</name>
                <namespace>http://www.appian.com/ae/types/2009</namespace>
            </type>
        </namedTypedValue>
        <namedTypedValue>
            <name>appianTaskId</name>
            <type>
                <name>int</name>
                <namespace>http://www.w3.org/2001/XMLSchema</namespace>
            </type>
        </namedTypedValue>
        <preferredEditor>legacy</preferredEditor>
        <offlineEnabled>false</offlineEnabled>
    </rule>
    <roleMap public="true">
        <role allowForAll="false" inherit="true" name="readers">
            <users/>
            <groups/>
        </role>
        <role allowForAll="false" inherit="true" name="authors">
            <users/>
            <groups/>
        </role>
        <role allowForAll="false" inherit="true" name="administrators">
            <users/>
            <groups/>
        </role>
        <role allowForAll="false" inherit="false" name="denyReaders">
            <users/>
            <groups/>
        </role>
        <role allowForAll="false" inherit="false" name="denyAuthors">
            <users/>
            <groups/>
        </role>
        <role allowForAll="false" inherit="false" name="denyAdministrators">
            <users/>
            <groups/>
        </role>
    </roleMap>
</contentHaul>
