<?xml version="1.0" encoding="UTF-8" standalone="yes"?>
<contentHaul xmlns:a="http://www.appian.com/ae/types/2009">
    <rule>
        <name>HR_SCT_Reserve_buildingDetails</name>
        <uuid>860dc48f-84f4-4b5b-8f73-f90dc755d833</uuid>
        <description>Contains all details about a building</description>
        <parentUuid>_a-0000dd0d-462c-8000-9ba2-011c48011c48_3551</parentUuid>
        <visibility>
            <advertise>false</advertise>
            <hierarchy>true</hierarchy>
            <indexable>true</indexable>
            <quota>false</quota>
            <searchable>true</searchable>
            <system>false</system>
            <unlogged>false</unlogged>
        </visibility>
        <definition>load(
  local!campus: #&quot;_a-0000dd0d-462c-8000-9ba2-011c48011c48_5501&quot;(
    columns: {&quot;campusId&quot;, &quot;campusName&quot;},
    pagingInfo: #&quot;SYSTEM_SYSRULES_pagingInfo&quot;(
      startIndex: 1,
      batchSize: -1,
      sort: #&quot;SYSTEM_SYSRULES_sortInfo&quot;(
        field: &quot;campusName&quot;,
        ascending: true
      )
    )
  ).data,
  #&quot;SYSTEM_SYSRULES_sectionLayout&quot;(
    label: &quot;Building Details&quot;,
    firstColumnContents: {
      #&quot;_a-0000dd0d-462c-8000-9ba2-011c48011c48_3690&quot;(
        label: &quot;Name&quot;,
        required: true,
        readOnly: ri!readOnly,
        value: ri!building.buildingName,
        saveInto: ri!building.buildingName
      ),
      #&quot;_a-0000dd0d-462c-8000-9ba2-011c48011c48_3690&quot;(
        label: &quot;Code&quot;,
        readOnly: ri!readOnly,
        value: ri!building.code,
        saveInto: ri!building.code
      ),
      #&quot;fa8d3278-99cb-48cb-b4c8-5602158660a9&quot;(
        label: &quot;Lease Start&quot;,
        readOnly: ri!readOnly,
        value: ri!building.leaseFromDate,
        saveInto: ri!building.leaseFromDate
      ),
      #&quot;fa8d3278-99cb-48cb-b4c8-5602158660a9&quot;(
        label: &quot;Lease End&quot;,
        readOnly: ri!readOnly,
        value: ri!building.leaseToDate,
        saveInto: ri!building.leaseToDate,
        validations: {
          if(ri!building.leaseToDate &lt; ri!building.leaseFromDate,
          &quot;Lease cannot end before start date.&quot;,
          {}
          )
        }
      ),
      #&quot;fa8d3278-99cb-48cb-b4c8-5602158660a9&quot;(
        label: &quot;Purchase Date&quot;,
        readOnly: ri!readOnly,
        value: ri!building.purchaseDate,
        saveInto: ri!building.purchaseDate
      ),
      #&quot;fa8d3278-99cb-48cb-b4c8-5602158660a9&quot;(
        label: &quot;Sell Date&quot;,
        readOnly: ri!readOnly,
        value: ri!building.sellDate,
        saveInto: ri!building.sellDate,
        validations: {
          if(ri!building.sellDate &lt; ri!building.purchaseDate,
          &quot;Date of sale cannot occur before purchase date.&quot;,
          {}
          )
        }
      ),
      #&quot;SYSTEM_SYSRULES_fileUploadField&quot;(
        label: &quot;Photograph of Building&quot;,
        target: #&quot;_a-0000dd0d-462c-8000-9ba2-011c48011c48_6311&quot;,
        value: ri!buildingPhoto,
        saveInto: ri!buildingPhoto
      )
    },
    secondColumnContents: {
      #&quot;_a-0000dd0d-462c-8000-9ba2-011c48011c48_3685&quot;(
        label: &quot;Campus&quot;,
        required: true,
        readOnly: ri!readOnly,
        choiceLabels: local!campus.campusName,
        choiceValues: local!campus.campusId,
        value: ri!building.campusId,
        saveInto: ri!building.campusId
      ),
      #&quot;_a-0000dd0d-462c-8000-9ba2-011c48011c48_3690&quot;(
        label: &quot;Address Line 1&quot;,
        required: true,
        readOnly: ri!readOnly,
        value: ri!building.addressLine1,
        saveInto: ri!building.addressLine1
      ),
      #&quot;_a-0000dd0d-462c-8000-9ba2-011c48011c48_3690&quot;(
        label: &quot;Address Line 2&quot;,
        readOnly: ri!readOnly,
        value: ri!building.addressLine2,
        saveInto: ri!building.addressLine2
      ),
      #&quot;_a-0000dd0d-462c-8000-9ba2-011c48011c48_3690&quot;(
        label: &quot;Address Line 3&quot;,
        readOnly: ri!readOnly,
        value: ri!building.addressLine3,
        saveInto: ri!building.addressLine3
      ),
      #&quot;_a-0000dd0d-462c-8000-9ba2-011c48011c48_3690&quot;(
        label: &quot;Phone Number&quot;,
        readOnly: ri!readOnly,
        value: #&quot;_a-0000dd0d-462c-8000-9ba2-011c48011c48_4714&quot;(phoneNumber: ri!building.phoneNumber),
        saveInto: a!save(ri!building.phoneNumber, cleanwith(save!value, &quot;0123456789&quot;)),
        validations: {if(
          len(ri!building.phoneNumber) = 10,
          {},
          &quot;Phone number should contain 10 digits&quot;
        )}
      ),
      #&quot;_a-0000dd0d-462c-8000-9ba2-011c48011c48_5526&quot;(
        label: &quot;Square Feet&quot;,
        readOnly: ri!readOnly,
        value: ri!building.squareFeet,
        saveInto: ri!building.squareFeet
      )
    }
  )
)</definition>
        <namedTypedValue>
            <name>readOnly</name>
            <type>
                <name>boolean</name>
                <namespace>http://www.w3.org/2001/XMLSchema</namespace>
            </type>
        </namedTypedValue>
        <namedTypedValue>
            <name>building</name>
            <type>
                <name>HR_Building</name>
                <namespace>urn:com:appian:types:HR</namespace>
            </type>
        </namedTypedValue>
        <namedTypedValue>
            <name>buildingPhoto</name>
            <type>
                <name>CollaborationDocument</name>
                <namespace>http://www.appian.com/ae/types/2009</namespace>
            </type>
        </namedTypedValue>
        <preferredEditor>interface</preferredEditor>
        <offlineEnabled>false</offlineEnabled>
    </rule>
    <roleMap public="true">
        <role allowForAll="false" inherit="true" name="readers">
            <users/>
            <groups/>
        </role>
        <role allowForAll="false" inherit="true" name="authors">
            <users/>
            <groups/>
        </role>
        <role allowForAll="false" inherit="true" name="administrators">
            <users>
                <userUuid>rob.turverey</userUuid>
            </users>
            <groups/>
        </role>
        <role allowForAll="false" inherit="false" name="denyReaders">
            <users/>
            <groups/>
        </role>
        <role allowForAll="false" inherit="false" name="denyAuthors">
            <users/>
            <groups/>
        </role>
        <role allowForAll="false" inherit="false" name="denyAdministrators">
            <users/>
            <groups/>
        </role>
    </roleMap>
</contentHaul>
