<?xml version="1.0" encoding="UTF-8" standalone="yes"?>
<contentHaul xmlns:a="http://www.appian.com/ae/types/2009">
    <rule>
        <name>HR_DASH_User_Summary</name>
        <uuid>8d0a23dd-8705-443a-8542-e5d3a24636a0</uuid>
        <description>User record summary interface</description>
        <parentUuid>_a-0000dd0a-80c8-8000-aae2-01ef9001ef90_3769</parentUuid>
        <visibility>
            <advertise>false</advertise>
            <hierarchy>true</hierarchy>
            <indexable>true</indexable>
            <quota>false</quota>
            <searchable>true</searchable>
            <system>false</system>
            <unlogged>false</unlogged>
        </visibility>
        <definition>=#&quot;SYSTEM_SYSRULES_dashboardLayout&quot;(
  firstColumnContents: {
    #&quot;SYSTEM_SYSRULES_sectionLayout&quot;(
      label: &quot;Basic Information&quot;,
      firstColumnContents: {
        #&quot;SYSTEM_SYSRULES_linkField&quot;(
          label: &quot;Title&quot;,
          labelPosition: &quot;ABOVE&quot;,
          links: #&quot;SYSTEM_SYSRULES_recordLink&quot;(label:rf!positionName, recordType: #&quot;_a-0000dd0d-462c-8000-9ba2-011c48011c48_4065&quot;, identifier: rf!positionId),
          readOnly: true
        ),
        #&quot;SYSTEM_SYSRULES_textField&quot;(
          label: &quot;Department&quot;,
          labelPosition: &quot;ABOVE&quot;,
          value: rf!department,
          readOnly: true
        )          
      },
      secondColumnContents: {
        #&quot;SYSTEM_SYSRULES_textField&quot;(
          label: &quot;Personnel Type&quot;,
          labelPosition: &quot;ABOVE&quot;,
          value: rf!userType,
          readOnly: true
        ),          
        #&quot;SYSTEM_SYSRULES_linkField&quot;(
          label:if(rf!userType=&quot;Contractor&quot;,&quot;COTR&quot;,&quot;Supervisor&quot;),
          labelPosition: &quot;ABOVE&quot;,
          links: #&quot;SYSTEM_SYSRULES_recordLink&quot;(
            label:rf!userSupervisor,
            recordType:rp!type,
            identifier:rf!userSupervisorId
          ),
          readOnly: true          
        ),
        #&quot;SYSTEM_SYSRULES_richTextDisplayField&quot;(
          label:&quot;Status&quot;,
          value:{
            #&quot;SYSTEM_SYSRULES_richTextItem&quot;(text:rf!userStatus),
            #&quot;SYSTEM_SYSRULES_richTextItem&quot;(text:&quot; &quot;),
            #&quot;SYSTEM_SYSRULES_richTextImage&quot;(image:
              if(rf!userStatus=&quot;Active&quot;,
                  #&quot;SYSTEM_SYSRULES_documentImage&quot;(
                  document: #&quot;SYSTEM_SYSRULES_iconIndicator&quot;(icon:&quot;STATUS_OK&quot;)
                  ),
                if(rf!userStatus=&quot;On-boarding&quot;,
                #&quot;SYSTEM_SYSRULES_documentImage&quot;(
                  document: #&quot;SYSTEM_SYSRULES_iconIndicator&quot;(icon:&quot;TREND_UP_GOOD&quot;),
                  altText:&quot;On-boarding&quot;,
                  caption:&quot;On-boarding&quot;
                ),
                if(rf!userStatus=&quot;Off-boarding&quot;,
                #&quot;SYSTEM_SYSRULES_documentImage&quot;(
                  document: #&quot;SYSTEM_SYSRULES_iconIndicator&quot;(icon:&quot;TREND_DOWN_BAD&quot;),
                  altText:&quot;Off-boarding&quot;,
                  caption:&quot;Off-boarding&quot;
                ),
                #&quot;SYSTEM_SYSRULES_documentImage&quot;(
                  document: #&quot;SYSTEM_SYSRULES_iconIndicator&quot;(icon:&quot;REMOVE&quot;)
                )))) 
            )
          }
        )
      }
    ),
    #&quot;SYSTEM_SYSRULES_sectionLayout&quot;(
      label: &quot;Location&quot;,
      firstColumnContents:{
        #&quot;SYSTEM_SYSRULES_richTextDisplayField&quot;(
          label: &quot;Address&quot;,
          labelPosition: &quot;ABOVE&quot;,
          value: {
             #&quot;SYSTEM_SYSRULES_richTextItem&quot;(text:&quot;123 Main St., 3rd Floor&quot;),char(10),
             #&quot;SYSTEM_SYSRULES_richTextItem&quot;(text:&quot;Washington, DC 20001&quot;)},
          readOnly: true,
          align:&quot;LEFT&quot;
        )  
      },
      secondColumnContents:{
        
      }      
    ),
    #&quot;fb18b1b4-38f4-4336-ba08-2176145a17e3&quot;(1)
  },
  secondColumnContents: {}
)</definition>
        <preferredEditor>interface</preferredEditor>
        <offlineEnabled>false</offlineEnabled>
    </rule>
    <roleMap public="true">
        <role allowForAll="false" inherit="true" name="readers">
            <users/>
            <groups/>
        </role>
        <role allowForAll="false" inherit="true" name="authors">
            <users/>
            <groups/>
        </role>
        <role allowForAll="false" inherit="true" name="administrators">
            <users/>
            <groups/>
        </role>
        <role allowForAll="false" inherit="false" name="denyReaders">
            <users/>
            <groups/>
        </role>
        <role allowForAll="false" inherit="false" name="denyAuthors">
            <users/>
            <groups/>
        </role>
        <role allowForAll="false" inherit="false" name="denyAdministrators">
            <users/>
            <groups/>
        </role>
    </roleMap>
</contentHaul>
