<?xml version="1.0" encoding="UTF-8" standalone="yes"?>
<contentHaul xmlns:a="http://www.appian.com/ae/types/2009">
    <rule>
        <name>HR_DASH_User_Tasks</name>
        <uuid>_a-0000dd01-6759-8000-aae2-01ef9001ef90_3653</uuid>
        <description>User record view for active HR tasks</description>
        <parentUuid>_a-0000dd0a-80c8-8000-aae2-01ef9001ef90_3769</parentUuid>
        <visibility>
            <advertise>false</advertise>
            <hierarchy>true</hierarchy>
            <indexable>true</indexable>
            <quota>false</quota>
            <searchable>true</searchable>
            <system>false</system>
            <unlogged>false</unlogged>
        </visibility>
        <definition>=#&quot;SYSTEM_SYSRULES_dashboardLayout&quot;(
  firstColumnContents: {
    #&quot;SYSTEM_SYSRULES_sectionLayout&quot;(
      label: &quot;On-Boarding Checklist&quot;,
      firstColumnContents: {
        #&quot;SYSTEM_SYSRULES_gridField&quot;(
          totalCount:3,
          value:#&quot;SYSTEM_SYSRULES_pagingInfo&quot;(startIndex:1,batchSize:-1),
          columns:{
            #&quot;SYSTEM_SYSRULES_gridTextColumn&quot;(
              label:&quot;Task Name&quot;,
              data:{
                &quot;Complete Badging&quot;,
                &quot;Ready IT Equipment&quot;,
                &quot;Allocate Office Space&quot;
              }
            ),
            #&quot;SYSTEM_SYSRULES_gridTextColumn&quot;(
              label:&quot;Assigned To&quot;,
              data:{
                &quot;Me&quot;,
                &quot;Joan Parlowe&quot;,
                &quot;Headquarters Operations Staff&quot;
              }
            ),            
            #&quot;SYSTEM_SYSRULES_gridTextColumn&quot;(
              label:&quot;Assigned Date&quot;,
              data:{
                today()-3,
                today()-2,
                today()-4,
              }
            ),
            #&quot;SYSTEM_SYSRULES_gridImageColumn&quot;(
              label:&quot;Status&quot;,
              size:&quot;ICON&quot;,
              data:{
                #&quot;SYSTEM_SYSRULES_documentImage&quot;(document:#&quot;SYSTEM_SYSRULES_iconIndicator&quot;(icon:&quot;STATUS_OK&quot;)),
                #&quot;SYSTEM_SYSRULES_documentImage&quot;(document:#&quot;SYSTEM_SYSRULES_iconIndicator&quot;(icon:&quot;HARVEY_0&quot;)),
                #&quot;SYSTEM_SYSRULES_documentImage&quot;(document:#&quot;SYSTEM_SYSRULES_iconIndicator&quot;(icon:&quot;HARVEY_0&quot;))
              }
            )            
          }
        )
      }
    )
  }
)</definition>
        <preferredEditor>interface</preferredEditor>
        <offlineEnabled>false</offlineEnabled>
    </rule>
    <roleMap public="true">
        <role allowForAll="false" inherit="true" name="readers">
            <users/>
            <groups/>
        </role>
        <role allowForAll="false" inherit="true" name="authors">
            <users/>
            <groups/>
        </role>
        <role allowForAll="false" inherit="true" name="administrators">
            <users/>
            <groups/>
        </role>
        <role allowForAll="false" inherit="false" name="denyReaders">
            <users/>
            <groups/>
        </role>
        <role allowForAll="false" inherit="false" name="denyAuthors">
            <users/>
            <groups/>
        </role>
        <role allowForAll="false" inherit="false" name="denyAdministrators">
            <users/>
            <groups/>
        </role>
    </roleMap>
</contentHaul>
