<?xml version="1.0" encoding="UTF-8" standalone="yes"?>
<contentHaul xmlns:a="http://www.appian.com/ae/types/2009">
    <constant>
        <name>HR_TEXT_POSITION_FIELD_NAMES_DISPLAY_FRIENDLY</name>
        <uuid>_a-0000dd0d-462c-8000-9ba2-011c48011c48_7161</uuid>
        <description>User friendly display names for the different fields in the HR_Position CDT</description>
        <parentUuid>_a-0000dd0d-462c-8000-9ba2-011c48011c48_3797</parentUuid>
        <visibility>
            <advertise>false</advertise>
            <hierarchy>true</hierarchy>
            <indexable>true</indexable>
            <quota>false</quota>
            <searchable>true</searchable>
            <system>false</system>
            <unlogged>false</unlogged>
        </visibility>
        <typedValue>
            <type>
                <name>Text?list</name>
                <namespace>http://www.appian.com/ae/types/2009</namespace>
            </type>
            <value>
                <el>Filled By</el>
                <el>Name</el>
                <el>Description</el>
                <el>Grade</el>
                <el>Series</el>
                <el>Open Date</el>
                <el>Close Date</el>
                <el>Department</el>
                <el>Salary Lower</el>
                <el>Salary Upper</el>
                <el>Salary Frequency</el>
                <el>Location</el>
                <el>Announcement</el>
                <el>Agency</el>
                <el>Information</el>
                <el>Who May Apply</el>
                <el>Supervisory Status</el>
                <el>Promotion Potential</el>
                <el>Control Number</el>
                <el>Summary</el>
                <el>Duties</el>
                <el>Travel Required</el>
                <el>Relocation Authorized</el>
                <el>Key Requirements</el>
                <el>Qualifications</el>
                <el>Security Clearance</el>
                <el>What to Expect Next</el>
                <el>Benefits</el>
                <el>Other Information</el>
                <el>Status</el>
            </value>
        </typedValue>
    </constant>
    <roleMap public="true">
        <role allowForAll="false" inherit="true" name="readers">
            <users/>
            <groups/>
        </role>
        <role allowForAll="false" inherit="true" name="authors">
            <users/>
            <groups/>
        </role>
        <role allowForAll="false" inherit="true" name="administrators">
            <users/>
            <groups/>
        </role>
        <role allowForAll="false" inherit="false" name="denyReaders">
            <users/>
            <groups/>
        </role>
        <role allowForAll="false" inherit="false" name="denyAuthors">
            <users/>
            <groups/>
        </role>
        <role allowForAll="false" inherit="false" name="denyAdministrators">
            <users/>
            <groups/>
        </role>
    </roleMap>
</contentHaul>
