<?xml version="1.0" encoding="UTF-8" standalone="yes"?>
<contentHaul xmlns:a="http://www.appian.com/ae/types/2009">
    <rule>
        <name>HR_SCT_Space_search</name>
        <uuid>_a-0000dd0d-462c-8000-9ba2-011c48011c48_4927</uuid>
        <description>Search for spaces</description>
        <parentUuid>_a-0000dd0d-462c-8000-9ba2-011c48011c48_3551</parentUuid>
        <visibility>
            <advertise>false</advertise>
            <hierarchy>true</hierarchy>
            <indexable>true</indexable>
            <quota>false</quota>
            <searchable>true</searchable>
            <system>false</system>
            <unlogged>false</unlogged>
        </visibility>
        <definition>=load(
  local!spaceTypes: #&quot;3af0f2e5-5c7f-4f1b-b92a-7b2b087a2287&quot;(isActive: true, type: #&quot;_a-0000dd0d-462c-8000-9ba2-011c48011c48_4971&quot;).data,
  local!spaceId,
  local!spaceName,
  local!spaceTypeId,
  local!isTempSpace,
  local!isFurnished,
  local!spaceId_search,
  local!spaceName_search,
  local!spaceTypeId_search,
  local!isTempSpace_search,
  local!isFurnished_search,
  local!gridSelection: #&quot;SYSTEM_SYSRULES_gridSelection&quot;(
    selected: index( ri!selections, &quot;spaceId&quot;, {}),
    pagingInfo: #&quot;SYSTEM_SYSRULES_pagingInfo&quot;(
      startIndex: 1,
      batchSize: #&quot;_a-0000dd0d-462c-8000-9ba2-011c48011c48_4972&quot;,
      sort: #&quot;SYSTEM_SYSRULES_sortInfo&quot;(
        field: &quot;spaceId&quot;,
        ascending: true
      )
    )
  ),
  local!choiceLabels: {&quot;Name&quot;, &quot;Floor&quot;, &quot;Building&quot;, &quot;Campus&quot;, &quot;Space Type&quot;, &quot;Temporary Space?&quot;, &quot;Furnished?&quot;},
  local!showColumn: local!choiceLabels[{1,2,3,4,5}],
  
  {
    #&quot;SYSTEM_SYSRULES_sectionLayout&quot;(
    label: &quot;Filters&quot;,
    isCollapsible: true,
    isInitiallyCollapsed: true,
    firstColumnContents: {
      /*Space Filters*/
      #&quot;SYSTEM_SYSRULES_integerField&quot;(
        label: &quot;Space ID&quot;,
        labelPosition: #&quot;7515f385-6042-4961-b666-89d55ce8534e&quot;(readOnly: false),
        value: local!spaceId_search,
        saveInto: local!spaceId_search
      ),
      #&quot;_a-0000dd0d-462c-8000-9ba2-011c48011c48_3690&quot;(
        label: &quot;Name&quot;,
        readOnly: false,
        required: false,
        value: local!spaceName_search,
        saveInto: local!spaceName_search
      )
    },
    secondColumnContents: {
      /*Space Filters*/
      #&quot;_a-0000dd0d-462c-8000-9ba2-011c48011c48_3685&quot;(
        label: &quot;Type&quot;,
        readOnly: false,
        required: false,
        choiceLabels: index(local!spaceTypes, &quot;label&quot;, {}),
        choiceValues: index(local!spaceTypes, &quot;id&quot;, {}),
        value: local!spaceTypeId_search,
        saveInto: local!spaceTypeId_search
      ),
      #&quot;_a-0000dd0d-462c-8000-9ba2-011c48011c48_3692&quot;(
        label: &quot;Is Temporary Space?&quot;,
        labelPosition: &quot;COLLAPSED&quot;,
        readOnly: false,
        choiceLabels: {&quot;Temporary Space&quot;},
        choiceValues: {true},
        value: local!isTempSpace_search,
        saveInto: local!isTempSpace_search
      ),
      #&quot;_a-0000dd0d-462c-8000-9ba2-011c48011c48_3692&quot;(
        label: &quot;Is Furnished?&quot;,
        labelPosition: &quot;COLLAPSED&quot;,
        readOnly: false,
        choiceLabels: {&quot;Furnished&quot;},
        choiceValues: {true},
        value: local!isFurnished_search,
        saveInto: local!isFurnished_search
      ),
      
      #&quot;_a-0000dd0d-462c-8000-9ba2-011c48011c48_5659&quot;(
        resetSaveInto: {
          a!save(ri!selections, {}),
          a!save({
           local!spaceId,
           local!spaceName,
           local!spaceTypeId,
           local!isTempSpace,
           local!isFurnished,
           local!spaceId_search,
           local!spaceName_search,
           local!spaceTypeId_search,
           local!isTempSpace_search,
           local!isFurnished_search
            }, null),
          a!save(local!gridSelection, #&quot;SYSTEM_SYSRULES_gridSelection&quot;(
            selected: index( ri!selections, &quot;spaceId&quot;, {}),
            pagingInfo: #&quot;SYSTEM_SYSRULES_pagingInfo&quot;(
              startIndex: 1,
              batchSize: #&quot;_a-0000dd0d-462c-8000-9ba2-011c48011c48_4972&quot;,
              sort: #&quot;SYSTEM_SYSRULES_sortInfo&quot;(
                field: &quot;spaceId&quot;,
                ascending: true
              )
            )))  
        },
        searchSaveInto: {
          a!save(ri!selections, {}),
          a!save(local!spaceId, local!spaceId_search),
          a!save(local!spaceName, local!spaceName_search),
          a!save(local!spaceTypeId, local!spaceTypeId_search),
          a!save(local!isTempSpace, local!isTempSpace_search),
          a!save(local!isFurnished, local!isFurnished_search),
          a!save(local!gridSelection, #&quot;SYSTEM_SYSRULES_gridSelection&quot;(
            selected: index( ri!selections, &quot;spaceId&quot;, {}),
            pagingInfo: #&quot;SYSTEM_SYSRULES_pagingInfo&quot;(
              startIndex: 1,
              batchSize: #&quot;_a-0000dd0d-462c-8000-9ba2-011c48011c48_4972&quot;,
              sort: #&quot;SYSTEM_SYSRULES_sortInfo&quot;(
                field: &quot;spaceId&quot;,
                ascending: true
              )
            )))
        }
      )
    }
  ),
  
  load(
    with(local!datasubset: 
        #&quot;_a-0000dd0d-462c-8000-9ba2-011c48011c48_4973&quot;(
          pagingInfo: local!gridSelection.pagingInfo,
          spaceId: local!spaceId,
          spaceName: local!spaceName,
          spaceTypeId: local!spaceTypeId,
          isTempSpace: local!isTempSpace,
          isFurnished: local!isFurnished
      ),
      #&quot;SYSTEM_SYSRULES_sectionLayout&quot;(
        label: &quot;Spaces&quot;,
        firstColumnContents: {
          #&quot;SYSTEM_SYSRULES_gridField&quot;(
            labelPosition: &quot;COLLAPSED&quot;,
            totalCount: local!datasubset.totalCount,
            columns: {
              with(local!links: apply(#&quot;SYSTEM_SYSRULES_recordLink&quot;(label:_, identifier:_, recordType: #&quot;_a-0000dd0d-462c-8000-9ba2-011c48011c48_4983&quot;), 
                merge(
                  index(local!datasubset.data, &quot;spaceId&quot;, {}),
                  index(local!datasubset.data, &quot;spaceId&quot;, {}))),
                  #&quot;SYSTEM_SYSRULES_gridTextColumn&quot;(
                    label: &quot;Id&quot;,
                    field: &quot;spaceId&quot;,
                    data: index(local!links, &quot;label&quot;, {}),
                    links: local!links
                  )
                ),
              if(contains(local!showColumn, &quot;Name&quot;),
              #&quot;SYSTEM_SYSRULES_gridTextColumn&quot;(
                label: &quot;Name&quot;,
                field: &quot;spaceName&quot;,
                data: index(local!datasubset.data, &quot;spaceName&quot;, {})
              ), {}),
              if(contains(local!showColumn, &quot;Floor&quot;),
              #&quot;SYSTEM_SYSRULES_gridTextColumn&quot;(
                label: &quot;Floor&quot;,
                field: &quot;floorName&quot;,
                data: index(local!datasubset.data, &quot;floorName&quot;, {})
              ), {}),
              if(contains(local!showColumn, &quot;Building&quot;),
              #&quot;SYSTEM_SYSRULES_gridTextColumn&quot;(
                label: &quot;Building&quot;,
                field: &quot;buildingName&quot;,
                data: index(local!datasubset.data, &quot;buildingName&quot;, {})
              ), {}),
              if(contains(local!showColumn, &quot;Campus&quot;),
              #&quot;SYSTEM_SYSRULES_gridTextColumn&quot;(
                label: &quot;Campus&quot;,
                field: &quot;campusName&quot;,
                data: index(local!datasubset.data, &quot;campusName&quot;, {})
              ), {}),
              if(contains(local!showColumn, &quot;Space Type&quot;),
              #&quot;SYSTEM_SYSRULES_gridTextColumn&quot;(
                label: &quot;Space Type&quot;,
                field: &quot;spaceTypeLabel&quot;,
                data: index(local!datasubset.data, &quot;spaceTypeLabel&quot;, {})
              ), {}),
              if(contains(local!showColumn, &quot;Temporary Space?&quot;),
              #&quot;SYSTEM_SYSRULES_gridTextColumn&quot;(
                label: &quot;Temporary Space?&quot;,
                field: &quot;isTempSpace&quot;,
                data: apply(
                  #&quot;99fc9f72-2b5f-43d3-8e3d-bf567a682b82&quot;,
                  index(local!datasubset.data, &quot;isTempSpace&quot;, {})
                )
              ), {}),
              if(contains(local!showColumn, &quot;Furnished?&quot;),
              #&quot;SYSTEM_SYSRULES_gridTextColumn&quot;(
                label: &quot;Furnished?&quot;,
                field: &quot;isFurnished&quot;,
                data: apply(
                  #&quot;99fc9f72-2b5f-43d3-8e3d-bf567a682b82&quot;,
                  index(local!datasubset.data, &quot;isFurnished&quot;, {})
                )
              ), {})
            },
            identifiers: index(local!datasubset.data, &quot;spaceId&quot;, {}),
            selection: not(ri!readOnly),
            value: local!gridSelection,
            saveInto: {local!gridSelection,
              a!save(ri!selections, index( local!datasubset.data, wherecontains(tointeger(save!value.selected), tointeger(local!datasubset.data.spaceId)), null) )
            }
          ),
          load(
          local!showColumns: false,
            {#&quot;SYSTEM_SYSRULES_richTextDisplayField&quot;(
              labelPosition: &quot;COLLAPSED&quot;,
              value: #&quot;SYSTEM_SYSRULES_richTextItem&quot;(
                text: if(local!showColumns, &quot;- Hide &quot;, &quot;+ Show &quot;) &amp; &quot;Columns&quot;,
                style: &quot;EMPHASIS&quot;,
                link: #&quot;SYSTEM_SYSRULES_dynamicLink&quot;(
                  value: not(local!showColumns),
                  saveInto: local!showColumns
                )
              )
            ),
            if(local!showColumns,
              {#&quot;SYSTEM_SYSRULES_checkboxField&quot;(
                labelPosition: &quot;COLLAPSED&quot;,
                choiceLabels: local!choiceLabels,
                choiceValues: local!choiceLabels,
                value: local!showColumn,
                saveInto: local!showColumn
              ),
              #&quot;SYSTEM_SYSRULES_richTextDisplayField&quot;(
                labelPosition: &quot;COLLAPSED&quot;,
                value: {#&quot;SYSTEM_SYSRULES_richTextItem&quot;(
                  text: char(9745) &amp; &quot; All&quot;,
                  link: #&quot;SYSTEM_SYSRULES_dynamicLink&quot;(
                    value: local!choiceLabels,
                    saveInto: local!showColumn
                  )
                ), &quot;   |  &quot;,
                #&quot;SYSTEM_SYSRULES_richTextItem&quot;(
                  text: char(9744) &amp; &quot; All&quot;,
                  link: #&quot;SYSTEM_SYSRULES_dynamicLink&quot;(
                    value: tostring({}),
                    saveInto: local!showColumn
                  )
                )
                }
              )
            }, {})}
          )
        }
      )
    )
  )
  }
)</definition>
        <namedTypedValue>
            <name>readOnly</name>
            <type>
                <name>boolean</name>
                <namespace>http://www.w3.org/2001/XMLSchema</namespace>
            </type>
        </namedTypedValue>
        <namedTypedValue>
            <name>selections</name>
            <type>
                <name>HR_V_Space_Record?list</name>
                <namespace>urn:com:appian:types:HR</namespace>
            </type>
        </namedTypedValue>
        <preferredEditor>interface</preferredEditor>
        <offlineEnabled>false</offlineEnabled>
    </rule>
    <roleMap public="true">
        <role allowForAll="false" inherit="true" name="readers">
            <users/>
            <groups/>
        </role>
        <role allowForAll="false" inherit="true" name="authors">
            <users/>
            <groups/>
        </role>
        <role allowForAll="false" inherit="true" name="administrators">
            <users/>
            <groups/>
        </role>
        <role allowForAll="false" inherit="false" name="denyReaders">
            <users/>
            <groups/>
        </role>
        <role allowForAll="false" inherit="false" name="denyAuthors">
            <users/>
            <groups/>
        </role>
        <role allowForAll="false" inherit="false" name="denyAdministrators">
            <users/>
            <groups/>
        </role>
    </roleMap>
</contentHaul>
