<?xml version="1.0" encoding="UTF-8" standalone="yes"?>
<contentHaul xmlns:a="http://www.appian.com/ae/types/2009">
    <rule>
        <name>HR_DASH_User_Compliance</name>
        <uuid>_a-0000dd03-d615-8000-aae2-01ef9001ef90_3669</uuid>
        <description>User record view for HR compliance</description>
        <parentUuid>_a-0000dd0a-80c8-8000-aae2-01ef9001ef90_3769</parentUuid>
        <visibility>
            <advertise>false</advertise>
            <hierarchy>true</hierarchy>
            <indexable>true</indexable>
            <quota>false</quota>
            <searchable>true</searchable>
            <system>false</system>
            <unlogged>false</unlogged>
        </visibility>
        <definition>load(
  local!selectedQuickFilter:&quot;all&quot;,
  local!userTrainingData: #&quot;e5e734d1-e79a-4461-bfab-9c0b4df0e93d&quot;(userId: ri!userId).data,
  with(
    local!indicesToRemove:1,
    #&quot;SYSTEM_SYSRULES_dashboardLayout&quot;(
      firstColumnContents: {
        #&quot;SYSTEM_SYSRULES_sectionLayout&quot;(
          label:&quot;FY2016 Compliance Status&quot;,          
          firstColumnContents:{
            #&quot;SYSTEM_SYSRULES_pieChartField&quot;(
              series:{
                #&quot;SYSTEM_SYSRULES_chartSeries&quot;(
                  label:&quot;Complete&quot;,
                  data: if(length({local!userTrainingData}) = 0, 1, 2)
                ),
                #&quot;SYSTEM_SYSRULES_chartSeries&quot;(
                  label:&quot;Incomplete&quot;,
                  data: if(length({local!userTrainingData}) = 0, 3, 2)
                )
              },
              showDataLabels:true,
              showTooltips:true
            )
          },
          secondColumnContents:{
            #&quot;SYSTEM_SYSRULES_gridField&quot;(
              totalCount:4,
              columns:{
                #&quot;SYSTEM_SYSRULES_gridTextColumn&quot;(
                  label:&quot;Item&quot;,
                  data:{
                    &quot;Ethics Review&quot;,
                    &quot;Yearly Security Refresher&quot;,
                    &quot;FY2016 Harassment Training&quot;,
                    &quot;FY2016 Financial Disclosure Report&quot;
                  },
                  links:{
                    #&quot;SYSTEM_SYSRULES_recordLink&quot;(recordType:#&quot;_a-0000dd04-1e13-8000-aae2-01ef9001ef90_3688&quot;,identifier:1),
                    #&quot;SYSTEM_SYSRULES_recordLink&quot;(recordType:#&quot;_a-0000dd04-1e13-8000-aae2-01ef9001ef90_3688&quot;,identifier:1),
                    #&quot;SYSTEM_SYSRULES_recordLink&quot;(recordType:#&quot;_a-0000dd04-1e13-8000-aae2-01ef9001ef90_3688&quot;,identifier:1),
                    #&quot;SYSTEM_SYSRULES_recordLink&quot;(recordType:#&quot;_a-0000dd04-1e13-8000-aae2-01ef9001ef90_3688&quot;,identifier:2)
                  }
                ),
                #&quot;SYSTEM_SYSRULES_gridTextColumn&quot;(
                  label:&quot;Due Date&quot;,
                  data:{
                    today()-3,
                    today()-2,
                    today()-4,
                    today()+3
                  }
                ),
                #&quot;SYSTEM_SYSRULES_gridImageColumn&quot;(
                  label:&quot;Status&quot;,
                  data:{
                    #&quot;SYSTEM_SYSRULES_documentImage&quot;(document:#&quot;SYSTEM_SYSRULES_iconIndicator&quot;(icon:&quot;STATUS_ERROR&quot;), caption: &quot;Incomplete&quot;),
                    #&quot;SYSTEM_SYSRULES_documentImage&quot;(document:#&quot;SYSTEM_SYSRULES_iconIndicator&quot;(icon:&quot;STATUS_ERROR&quot;), caption: &quot;Incomplete&quot;),
                    #&quot;SYSTEM_SYSRULES_documentImage&quot;(document:#&quot;SYSTEM_SYSRULES_iconIndicator&quot;(icon:&quot;STATUS_OK&quot;), caption: &quot;Complete&quot;),
                    if(length({local!userTrainingData}) = 0,
                      #&quot;SYSTEM_SYSRULES_documentImage&quot;(document:#&quot;SYSTEM_SYSRULES_iconIndicator&quot;(icon:&quot;STATUS_ERROR&quot;), caption: &quot;Incomplete&quot;),
                      #&quot;SYSTEM_SYSRULES_documentImage&quot;(document:#&quot;SYSTEM_SYSRULES_iconIndicator&quot;(icon:&quot;STATUS_OK&quot;), caption: &quot;Complete&quot;)
                    )
                  },
                  size:&quot;ICON&quot;
                ) 
              },
              value:#&quot;SYSTEM_SYSRULES_pagingInfo&quot;(1,-1)
            )
          },
          validations:{
            if(true,&quot;You are out of compliance for this year.&quot;,null),
            if(true,&quot;Please complete all required trainings immediately to regain compliance.&quot;,null)
          }          
        ),
        #&quot;SYSTEM_SYSRULES_sectionLayout&quot;(
          label:&quot;History&quot;,
          firstColumnContents:{
            #&quot;SYSTEM_SYSRULES_gridLayout&quot;(
              headerCells:{
                #&quot;SYSTEM_SYSRULES_gridLayoutHeaderCell&quot;(label:&quot;Year&quot;),
                #&quot;SYSTEM_SYSRULES_gridLayoutHeaderCell&quot;(label:&quot;Progress Summary&quot;)
              },
              rows:{
                #&quot;SYSTEM_SYSRULES_gridRowLayout&quot;(
                  contents:{
                    #&quot;SYSTEM_SYSRULES_linkField&quot;(
                      label:&quot;2015&quot;,
                      links:{#&quot;SYSTEM_SYSRULES_dynamicLink&quot;(label:&quot;2015&quot;)}
                    ),
                    #&quot;SYSTEM_SYSRULES_progressBarField&quot;(
                      percentage:95
                    )
                  }
                ),
                #&quot;SYSTEM_SYSRULES_gridRowLayout&quot;(
                  contents:{
                    #&quot;SYSTEM_SYSRULES_linkField&quot;(
                      label:&quot;2014&quot;,
                      links:{#&quot;SYSTEM_SYSRULES_dynamicLink&quot;(label:&quot;2014&quot;)}
                    ),
                    #&quot;SYSTEM_SYSRULES_progressBarField&quot;(
                      percentage:100
                    )
                  }
                )                 
              }
            )
          },
          secondColumnContents:{
          },
          isCollapsible:true,
          isInitiallyCollapsed:true          
        )        
      }
    )
  )
)</definition>
        <namedTypedValue>
            <name>userId</name>
            <type>
                <name>int</name>
                <namespace>http://www.w3.org/2001/XMLSchema</namespace>
            </type>
        </namedTypedValue>
        <preferredEditor>interface</preferredEditor>
        <offlineEnabled>false</offlineEnabled>
    </rule>
    <roleMap public="true">
        <role allowForAll="false" inherit="true" name="readers">
            <users/>
            <groups/>
        </role>
        <role allowForAll="false" inherit="true" name="authors">
            <users/>
            <groups/>
        </role>
        <role allowForAll="false" inherit="true" name="administrators">
            <users/>
            <groups/>
        </role>
        <role allowForAll="false" inherit="false" name="denyReaders">
            <users/>
            <groups/>
        </role>
        <role allowForAll="false" inherit="false" name="denyAuthors">
            <users/>
            <groups/>
        </role>
        <role allowForAll="false" inherit="false" name="denyAdministrators">
            <users/>
            <groups/>
        </role>
    </roleMap>
</contentHaul>
