<?xml version="1.0" encoding="UTF-8" standalone="yes"?>
<contentHaul xmlns:a="http://www.appian.com/ae/types/2009">
    <rule>
        <name>HR_QRY_V_getUsers</name>
        <uuid>_a-0000dd0d-462c-8000-9ba2-011c48011c48_5881</uuid>
        <description>Get all users from HR_V_USER</description>
        <parentUuid>_a-0000dd0d-462c-8000-9ba2-011c48011c48_3585</parentUuid>
        <visibility>
            <advertise>false</advertise>
            <hierarchy>true</hierarchy>
            <indexable>true</indexable>
            <quota>false</quota>
            <searchable>true</searchable>
            <system>false</system>
            <unlogged>false</unlogged>
        </visibility>
        <definition>with(
  local!suggestions: #&quot;fdea6255-5ee8-42a2-bdb1-aace3c917d86&quot;(
    entity: #&quot;_a-0000dcfd-5663-8000-aae2-01ef9001ef90_3619&quot;,
    columns: ri!columns,
    filter: #&quot;SYSTEM_SYSRULES_queryFilter&quot;(
      field: &quot;userName&quot;,
      operator: &quot;starts with&quot;,
      value: if(
        isnull(
          ri!filter
        ),
        &quot;a&quot;,
        ri!filter
      )
    ),
    pagingInfo: if(
      isnull(
        ri!pagingInfo
      ),
      #&quot;SYSTEM_SYSRULES_pagingInfo&quot;(
        startIndex: 1,
        batchSize: - 1
      ),
      ri!pagingInfo
    )
  ),
  local!suggestions
  /*a!dataSubset(*/
  /*  data: index(local!suggestions.data.userName, count(local!suggestions.data.userName))*/
  /*)*/
)</definition>
        <namedTypedValue>
            <name>columns</name>
            <type>
                <name>Text?list</name>
                <namespace>http://www.appian.com/ae/types/2009</namespace>
            </type>
        </namedTypedValue>
        <namedTypedValue>
            <name>pagingInfo</name>
            <type>
                <name>PagingInfo</name>
                <namespace>http://www.appian.com/ae/types/2009</namespace>
            </type>
        </namedTypedValue>
        <namedTypedValue>
            <name>filter</name>
            <type>
                <name>string</name>
                <namespace>http://www.w3.org/2001/XMLSchema</namespace>
            </type>
            <value/>
        </namedTypedValue>
        <preferredEditor>legacy</preferredEditor>
        <offlineEnabled>false</offlineEnabled>
    </rule>
    <roleMap public="true">
        <role allowForAll="false" inherit="true" name="readers">
            <users/>
            <groups/>
        </role>
        <role allowForAll="false" inherit="true" name="authors">
            <users/>
            <groups/>
        </role>
        <role allowForAll="false" inherit="true" name="administrators">
            <users/>
            <groups/>
        </role>
        <role allowForAll="false" inherit="false" name="denyReaders">
            <users/>
            <groups/>
        </role>
        <role allowForAll="false" inherit="false" name="denyAuthors">
            <users/>
            <groups/>
        </role>
        <role allowForAll="false" inherit="false" name="denyAdministrators">
            <users/>
            <groups/>
        </role>
    </roleMap>
</contentHaul>
