<?xml version="1.0" encoding="UTF-8" standalone="yes"?>
<contentHaul xmlns:a="http://www.appian.com/ae/types/2009">
    <rule>
        <name>HR_REPORT_Training_training</name>
        <uuid>_a-0000dd0d-462c-8000-9ba2-011c48011c48_5292</uuid>
        <description>Training and Compliance tempo report dashboard</description>
        <parentUuid>_a-0000dd0a-5e76-8000-aae2-01ef9001ef90_3752</parentUuid>
        <visibility>
            <advertise>false</advertise>
            <hierarchy>true</hierarchy>
            <indexable>true</indexable>
            <quota>false</quota>
            <searchable>true</searchable>
            <system>false</system>
            <unlogged>false</unlogged>
        </visibility>
        <definition>load(
  local!pagingInfo: #&quot;SYSTEM_SYSRULES_pagingInfo&quot;(
    startIndex: 1,
    batchSize: 10,
    sort: #&quot;SYSTEM_SYSRULES_sortInfo&quot;(
      field: &quot;dueDate&quot;
    )
  ),
  local!minCompletion,
  local!maxCompletion,
  local!isMandatoryStatus: 0,
  local!availableDateFrom,
  local!availableDateTo,
  local!dueDateFrom,
  local!dueDateTo,
  local!minAvgRating,
  local!maxAvgRating,
  local!name,
  #&quot;SYSTEM_SYSRULES_dashboardLayout&quot;(
    firstColumnContents: {
      #&quot;_a-0000dd0d-462c-8000-9ba2-011c48011c48_5632&quot;(
        pagingInfo: local!pagingInfo,
        isMandatoryStatus: local!isMandatoryStatus,
        minCompletion: local!minCompletion,
        maxCompletion: local!maxCompletion,
        minAvgRating: local!minAvgRating,
        maxAvgRating: local!maxAvgRating,
        name: local!name,
        availableDateFrom: local!availableDateFrom,
        dueDateFrom: local!dueDateFrom,
        availableDateTo: local!availableDateTo,
        dueDateTo: local!dueDateTo
      ),
      #&quot;SYSTEM_SYSRULES_sectionLayout&quot;(
        label: &quot;Trainings&quot;,
        firstColumnContents: {
          #&quot;_a-0000dd0d-462c-8000-9ba2-011c48011c48_5296&quot;(
            pagingInfo: local!pagingInfo,
            minCompletion: local!minCompletion,
            maxCompletion: local!maxCompletion,
            minAvgRating: local!minAvgRating,
            maxAvgRating: local!maxAvgRating,
            dueDateFrom: local!dueDateFrom,
            dueDateTo: local!dueDateTo,
            isMandatoryStatus: local!isMandatoryStatus,
            availableDateTo: local!availableDateTo,
            availableDateFrom: local!availableDateFrom,
            name: local!name
          )
        }
      )
    }
  )
)</definition>
        <preferredEditor>interface</preferredEditor>
        <offlineEnabled>false</offlineEnabled>
    </rule>
    <roleMap public="true">
        <role allowForAll="false" inherit="true" name="readers">
            <users/>
            <groups/>
        </role>
        <role allowForAll="false" inherit="true" name="authors">
            <users/>
            <groups/>
        </role>
        <role allowForAll="false" inherit="true" name="administrators">
            <users>
                <userUuid>ben.siegel</userUuid>
            </users>
            <groups/>
        </role>
        <role allowForAll="false" inherit="false" name="denyReaders">
            <users/>
            <groups/>
        </role>
        <role allowForAll="false" inherit="false" name="denyAuthors">
            <users/>
            <groups/>
        </role>
        <role allowForAll="false" inherit="false" name="denyAdministrators">
            <users/>
            <groups/>
        </role>
    </roleMap>
</contentHaul>
