<?xml version="1.0" encoding="UTF-8" standalone="yes"?>
<contentHaul xmlns:a="http://www.appian.com/ae/types/2009">
    <rule>
        <name>HR_REPORT_CurrentVacancies</name>
        <uuid>_a-0000dd0a-5e76-8000-aae2-01ef9001ef90_3753</uuid>
        <description>HR Report showing current vacancies within the organization</description>
        <parentUuid>_a-0000dd0a-5e76-8000-aae2-01ef9001ef90_3752</parentUuid>
        <visibility>
            <advertise>false</advertise>
            <hierarchy>true</hierarchy>
            <indexable>true</indexable>
            <quota>false</quota>
            <searchable>true</searchable>
            <system>false</system>
            <unlogged>false</unlogged>
        </visibility>
        <definition>=load(
  local!path,
  local!pathSelection,
  local!supervisorsChildren:#&quot;e27a98dd-726d-4959-a84c-71dddc22a8e9&quot;(supervisorId:2,pagingInfo:#&quot;SYSTEM_SYSRULES_pagingInfo&quot;(startIndex:1,batchSize:-1)),  
  #&quot;SYSTEM_SYSRULES_dashboardLayout&quot;(
    firstColumnContents: {
      #&quot;SYSTEM_SYSRULES_sectionLayout&quot;(
        label:&quot;Org Chart&quot;,
        firstColumnContents:{
          if(true,
          #&quot;SYSTEM_SYSRULES_hierarchyBrowserFieldColumns&quot;(
            firstColumnValues:local!supervisorsChildren.data,
            nodeConfigs:
              #&quot;SYSTEM_SYSRULES_hierarchyBrowserFieldColumnsNode&quot;(
                id: fv!nodeValue.userId,
                label: fv!nodeValue.userName,
                image: if(fv!nodeValue.userName=&quot;cat&quot;,
                #&quot;SYSTEM_SYSRULES_documentImage&quot;(document: #&quot;SYSTEM_SYSRULES_iconIndicator&quot;(&quot;STATUS_OK&quot;)),
                #&quot;SYSTEM_SYSRULES_documentImage&quot;(document: #&quot;SYSTEM_SYSRULES_iconIndicator&quot;(&quot;HARVEY_0&quot;))
                )
              ),
            nextColumnValues:#&quot;e27a98dd-726d-4959-a84c-71dddc22a8e9&quot;(supervisorId:fv!nodeValue.userId,pagingInfo:#&quot;SYSTEM_SYSRULES_pagingInfo&quot;(startIndex:1,batchSize:-1)).data,
            
            pathValue:local!path,
            pathSaveInto:local!path
          ),
            #&quot;SYSTEM_SYSRULES_orgChartField&quot;(
              labelPosition:&quot;COLLAPSED&quot;,
              value:lower(substitute(&quot;rf!userName&quot;,&quot; &quot;,&quot;.&quot;))
            )
          )
        }
      )
    },
    secondColumnContents: {}
  )
)</definition>
        <preferredEditor>interface</preferredEditor>
        <offlineEnabled>false</offlineEnabled>
    </rule>
    <roleMap public="true">
        <role allowForAll="false" inherit="true" name="readers">
            <users/>
            <groups/>
        </role>
        <role allowForAll="false" inherit="true" name="authors">
            <users/>
            <groups/>
        </role>
        <role allowForAll="false" inherit="true" name="administrators">
            <users/>
            <groups/>
        </role>
        <role allowForAll="false" inherit="false" name="denyReaders">
            <users/>
            <groups/>
        </role>
        <role allowForAll="false" inherit="false" name="denyAuthors">
            <users/>
            <groups/>
        </role>
        <role allowForAll="false" inherit="false" name="denyAdministrators">
            <users/>
            <groups/>
        </role>
    </roleMap>
</contentHaul>
