<?xml version="1.0" encoding="UTF-8" standalone="yes"?>
<contentHaul xmlns:a="http://www.appian.com/ae/types/2009">
    <constant>
        <name>HR_INT_REF_POSITION_AUDIT_ACTION_IDS</name>
        <uuid>_a-0000dd0d-462c-8000-9ba2-011c48011c48_7163</uuid>
        <description>IDs for the position audit action table</description>
        <parentUuid>_a-0000dd0d-462c-8000-9ba2-011c48011c48_3794</parentUuid>
        <visibility>
            <advertise>false</advertise>
            <hierarchy>true</hierarchy>
            <indexable>true</indexable>
            <quota>false</quota>
            <searchable>true</searchable>
            <system>false</system>
            <unlogged>false</unlogged>
        </visibility>
        <typedValue>
            <type>
                <name>Integer?list</name>
                <namespace>http://www.appian.com/ae/types/2009</namespace>
            </type>
            <value>
                <el>1</el>
                <el>2</el>
                <el>3</el>
                <el>4</el>
                <el>5</el>
                <el>6</el>
                <el>7</el>
                <el>8</el>
                <el>9</el>
                <el>10</el>
                <el>11</el>
                <el>12</el>
                <el>13</el>
                <el>14</el>
                <el>15</el>
                <el>16</el>
                <el>17</el>
                <el>18</el>
                <el>19</el>
                <el>20</el>
                <el>21</el>
                <el>22</el>
                <el>23</el>
                <el>24</el>
                <el>25</el>
                <el>26</el>
                <el>27</el>
                <el>28</el>
                <el>29</el>
                <el>30</el>
            </value>
        </typedValue>
    </constant>
    <roleMap public="true">
        <role allowForAll="false" inherit="true" name="readers">
            <users/>
            <groups/>
        </role>
        <role allowForAll="false" inherit="true" name="authors">
            <users/>
            <groups/>
        </role>
        <role allowForAll="false" inherit="true" name="administrators">
            <users/>
            <groups/>
        </role>
        <role allowForAll="false" inherit="false" name="denyReaders">
            <users/>
            <groups/>
        </role>
        <role allowForAll="false" inherit="false" name="denyAuthors">
            <users/>
            <groups/>
        </role>
        <role allowForAll="false" inherit="false" name="denyAdministrators">
            <users/>
            <groups/>
        </role>
    </roleMap>
</contentHaul>
