<?xml version="1.0" encoding="UTF-8" standalone="yes"?>
<contentHaul xmlns:a="http://www.appian.com/ae/types/2009">
    <rule>
        <name>HR_DASH_User_itEquipment</name>
        <uuid>_a-0000dd0d-462c-8000-9ba2-011c48011c48_4824</uuid>
        <description>User record view for IT Equipment</description>
        <parentUuid>_a-0000dd0a-80c8-8000-aae2-01ef9001ef90_3769</parentUuid>
        <visibility>
            <advertise>false</advertise>
            <hierarchy>true</hierarchy>
            <indexable>true</indexable>
            <quota>false</quota>
            <searchable>true</searchable>
            <system>false</system>
            <unlogged>false</unlogged>
        </visibility>
        <definition>load(&#xD;
  local!pagingInfo: #&quot;SYSTEM_SYSRULES_pagingInfo&quot;(&#xD;
    startIndex: 1,&#xD;
    batchSize: 5,&#xD;
    sort: #&quot;SYSTEM_SYSRULES_sortInfo&quot;(&#xD;
      field: &quot;serialNumber&quot;,&#xD;
      ascending: true&#xD;
    )&#xD;
  ),&#xD;
  with(&#xD;
    local!dataSubset: #&quot;0d90b91c-c053-448c-866e-6361abf08038&quot;(&#xD;
      assignedUserId: ri!assignedUserId,&#xD;
      pagingInfo: local!pagingInfo&#xD;
    ),&#xD;
    #&quot;SYSTEM_SYSRULES_gridField&quot;(&#xD;
      totalCount: local!dataSubset.totalCount,&#xD;
      columns: {&#xD;
        #&quot;SYSTEM_SYSRULES_gridTextColumn&quot;(&#xD;
          label: &quot;Serial Number&quot;,&#xD;
          field: &quot;serialNumber&quot;,&#xD;
          data: index(local!dataSubset.data, &quot;serialNumber&quot;, null),&#xD;
          links: apply(&#xD;
            #&quot;SYSTEM_SYSRULES_recordLink&quot;(&#xD;
              recordType: #&quot;_a-0000dd0d-462c-8000-9ba2-011c48011c48_4758&quot;,&#xD;
              identifier: _&#xD;
            ),&#xD;
            local!dataSubset.identifiers&#xD;
          )&#xD;
        ),&#xD;
        #&quot;SYSTEM_SYSRULES_gridTextColumn&quot;(&#xD;
          label: &quot;Make&quot;,&#xD;
          field: &quot;make&quot;,&#xD;
          data: index(local!dataSubset.data, &quot;make&quot;, null)&#xD;
        ),&#xD;
        #&quot;SYSTEM_SYSRULES_gridTextColumn&quot;(&#xD;
          label: &quot;Model&quot;,&#xD;
          field: &quot;model&quot;,&#xD;
          data: index(local!dataSubset.data, &quot;model&quot;, null)&#xD;
        )&#xD;
      },&#xD;
      value: local!pagingInfo,&#xD;
      saveInto: local!pagingInfo&#xD;
    )&#xD;
  )&#xD;
)</definition>
        <namedTypedValue>
            <name>assignedUserId</name>
            <type>
                <name>int</name>
                <namespace>http://www.w3.org/2001/XMLSchema</namespace>
            </type>
        </namedTypedValue>
        <preferredEditor>interface</preferredEditor>
        <offlineEnabled>false</offlineEnabled>
    </rule>
    <roleMap public="true">
        <role allowForAll="false" inherit="true" name="readers">
            <users/>
            <groups/>
        </role>
        <role allowForAll="false" inherit="true" name="authors">
            <users/>
            <groups/>
        </role>
        <role allowForAll="false" inherit="true" name="administrators">
            <users/>
            <groups/>
        </role>
        <role allowForAll="false" inherit="false" name="denyReaders">
            <users/>
            <groups/>
        </role>
        <role allowForAll="false" inherit="false" name="denyAuthors">
            <users/>
            <groups/>
        </role>
        <role allowForAll="false" inherit="false" name="denyAdministrators">
            <users/>
            <groups/>
        </role>
    </roleMap>
</contentHaul>
