<?xml version="1.0" encoding="UTF-8" standalone="yes"?>
<contentHaul xmlns:a="http://www.appian.com/ae/types/2009">
    <rule>
        <name>HR_QRY_V_getSpace</name>
        <uuid>_a-0000dd0d-462c-8000-9ba2-011c48011c48_4973</uuid>
        <description>Gets all instances of an HR_V_Space based on the filters</description>
        <parentUuid>_a-0000dd0d-462c-8000-9ba2-011c48011c48_3808</parentUuid>
        <visibility>
            <advertise>false</advertise>
            <hierarchy>true</hierarchy>
            <indexable>true</indexable>
            <quota>false</quota>
            <searchable>true</searchable>
            <system>false</system>
            <unlogged>false</unlogged>
        </visibility>
        <definition>#&quot;SYSTEM_SYSRULES_queryEntity&quot;(
  entity: #&quot;_a-0000dd0d-462c-8000-9ba2-011c48011c48_5394&quot;,
  query: #&quot;SYSTEM_SYSRULES_query&quot;(
    selection: if(#&quot;2168a5de-fb70-4d66-8b97-b547e3ac6e57&quot;(ri!columns), null,
      #&quot;SYSTEM_SYSRULES_querySelection&quot;(
        columns: apply(#&quot;SYSTEM_SYSRULES_queryColumn&quot;(field: _), ri!columns)
      )
    ),
    logicalExpression: 
      #&quot;SYSTEM_SYSRULES_queryLogicalExpression&quot;(
        operator: &quot;AND&quot;,
        filters: {
          if(#&quot;2168a5de-fb70-4d66-8b97-b547e3ac6e57&quot;(ri!spaceId), 
          #&quot;SYSTEM_SYSRULES_queryFilter&quot;(
              field: &quot;spaceId&quot;,
              operator: &quot;not null&quot;
            ),
            #&quot;SYSTEM_SYSRULES_queryFilter&quot;(
              field: &quot;spaceId&quot;,
              operator: &quot;=&quot;,
              value: ri!spaceId
            )
          ),
          if(#&quot;2168a5de-fb70-4d66-8b97-b547e3ac6e57&quot;(ri!spaceName), 
          {},
            #&quot;SYSTEM_SYSRULES_queryFilter&quot;(
              field: &quot;spaceName&quot;,
              operator: &quot;includes&quot;,
              value: ri!spaceName
            )
          ),
          if(#&quot;2168a5de-fb70-4d66-8b97-b547e3ac6e57&quot;(ri!spaceTypeId), 
          {},
            #&quot;SYSTEM_SYSRULES_queryFilter&quot;(
              field: &quot;spaceTypeId&quot;,
              operator: &quot;=&quot;,
              value: ri!spaceTypeId
            )
          ),
          if(#&quot;2168a5de-fb70-4d66-8b97-b547e3ac6e57&quot;(ri!isTempSpace), 
          {},
            #&quot;SYSTEM_SYSRULES_queryFilter&quot;(
              field: &quot;isTempSpace&quot;,
              operator: &quot;=&quot;,
              value: ri!isTempSpace
            )
          ),
          if(#&quot;2168a5de-fb70-4d66-8b97-b547e3ac6e57&quot;(ri!isFurnished), 
          {},
            #&quot;SYSTEM_SYSRULES_queryFilter&quot;(
              field: &quot;isFurnished&quot;,
              operator: &quot;=&quot;,
              value: ri!isFurnished
            )
          ),
          if(#&quot;2168a5de-fb70-4d66-8b97-b547e3ac6e57&quot;(ri!floorId), 
          {},
            #&quot;SYSTEM_SYSRULES_queryFilter&quot;(
              field: &quot;floorId&quot;,
              operator: &quot;=&quot;,
              value: ri!floorId
            )
          ),
          if(#&quot;2168a5de-fb70-4d66-8b97-b547e3ac6e57&quot;(ri!buildingId), 
          {},
            #&quot;SYSTEM_SYSRULES_queryFilter&quot;(
              field: &quot;buildingId&quot;,
              operator: &quot;=&quot;,
              value: ri!buildingId
            )
          ),
          if(#&quot;2168a5de-fb70-4d66-8b97-b547e3ac6e57&quot;(ri!campusId), 
          {},
            #&quot;SYSTEM_SYSRULES_queryFilter&quot;(
              field: &quot;campusId&quot;,
              operator: &quot;=&quot;,
              value: ri!campusId
            )
          ),
          if(#&quot;2168a5de-fb70-4d66-8b97-b547e3ac6e57&quot;(ri!notInIds), 
          {},
            #&quot;SYSTEM_SYSRULES_queryFilter&quot;(
              field: &quot;spaceId&quot;,
              operator: &quot;not in&quot;,
              value: ri!notInIds
            )
          )
        }
      ),
      pagingInfo: if(#&quot;2168a5de-fb70-4d66-8b97-b547e3ac6e57&quot;(ri!pagingInfo),
      #&quot;SYSTEM_SYSRULES_pagingInfo&quot;(
        startIndex: 1,
        batchSize: -1,
        sort: #&quot;SYSTEM_SYSRULES_sortInfo&quot;(
          field: &quot;spaceId&quot;,
          ascending: true
        )
      ),
      ri!pagingInfo)
  )
)</definition>
        <namedTypedValue>
            <name>pagingInfo</name>
            <type>
                <name>PagingInfo</name>
                <namespace>http://www.appian.com/ae/types/2009</namespace>
            </type>
        </namedTypedValue>
        <namedTypedValue>
            <name>columns</name>
            <type>
                <name>Text?list</name>
                <namespace>http://www.appian.com/ae/types/2009</namespace>
            </type>
        </namedTypedValue>
        <namedTypedValue>
            <name>spaceId</name>
            <type>
                <name>int</name>
                <namespace>http://www.w3.org/2001/XMLSchema</namespace>
            </type>
        </namedTypedValue>
        <namedTypedValue>
            <name>spaceName</name>
            <type>
                <name>string</name>
                <namespace>http://www.w3.org/2001/XMLSchema</namespace>
            </type>
            <value/>
        </namedTypedValue>
        <namedTypedValue>
            <name>spaceTypeId</name>
            <type>
                <name>int</name>
                <namespace>http://www.w3.org/2001/XMLSchema</namespace>
            </type>
        </namedTypedValue>
        <namedTypedValue>
            <name>isTempSpace</name>
            <type>
                <name>boolean</name>
                <namespace>http://www.w3.org/2001/XMLSchema</namespace>
            </type>
        </namedTypedValue>
        <namedTypedValue>
            <name>isFurnished</name>
            <type>
                <name>boolean</name>
                <namespace>http://www.w3.org/2001/XMLSchema</namespace>
            </type>
        </namedTypedValue>
        <namedTypedValue>
            <name>floorId</name>
            <type>
                <name>int</name>
                <namespace>http://www.w3.org/2001/XMLSchema</namespace>
            </type>
        </namedTypedValue>
        <namedTypedValue>
            <name>buildingId</name>
            <type>
                <name>int</name>
                <namespace>http://www.w3.org/2001/XMLSchema</namespace>
            </type>
        </namedTypedValue>
        <namedTypedValue>
            <name>campusId</name>
            <type>
                <name>int</name>
                <namespace>http://www.w3.org/2001/XMLSchema</namespace>
            </type>
        </namedTypedValue>
        <namedTypedValue>
            <name>notInIds</name>
            <type>
                <name>Integer?list</name>
                <namespace>http://www.appian.com/ae/types/2009</namespace>
            </type>
        </namedTypedValue>
        <preferredEditor>legacy</preferredEditor>
        <offlineEnabled>false</offlineEnabled>
    </rule>
    <roleMap public="true">
        <role allowForAll="false" inherit="true" name="readers">
            <users/>
            <groups/>
        </role>
        <role allowForAll="false" inherit="true" name="authors">
            <users/>
            <groups/>
        </role>
        <role allowForAll="false" inherit="true" name="administrators">
            <users/>
            <groups/>
        </role>
        <role allowForAll="false" inherit="false" name="denyReaders">
            <users/>
            <groups/>
        </role>
        <role allowForAll="false" inherit="false" name="denyAuthors">
            <users/>
            <groups/>
        </role>
        <role allowForAll="false" inherit="false" name="denyAdministrators">
            <users/>
            <groups/>
        </role>
    </roleMap>
</contentHaul>
