<?xml version="1.0" encoding="UTF-8" standalone="yes"?>
<contentHaul xmlns:a="http://www.appian.com/ae/types/2009">
    <report>
        <name>Workflow Tasks</name>
        <uuid>_a-0000dd0d-462c-8000-9ba2-011c48011c48_4190</uuid>
        <description>Portal report to view all tasks in a workflow</description>
        <parentUuid>_a-0000dd0d-462c-8000-9ba2-011c48011c48_4163</parentUuid>
        <visibility>
            <advertise>false</advertise>
            <hierarchy>true</hierarchy>
            <indexable>true</indexable>
            <quota>false</quota>
            <searchable>true</searchable>
            <system>false</system>
            <unlogged>false</unlogged>
        </visibility>
        <reportData>
            <metadata>
                <baseFilters>
                    <completedFilter>
                        <apply>false</apply>
                    </completedFilter>
                    <outsideNStandardDeviationsFilter>
                        <apply>false</apply>
                        <standardDeviationCount>0.0</standardDeviationCount>
                    </outsideNStandardDeviationsFilter>
                    <lastNCompletedFilter>
                        <apply>false</apply>
                        <completedCount>0</completedCount>
                    </lastNCompletedFilter>
                    <aheadOfScheduleFilter>
                        <apply>false</apply>
                    </aheadOfScheduleFilter>
                    <runningFilter>
                        <apply>false</apply>
                    </runningFilter>
                    <behindScheduleFilter>
                        <apply>false</apply>
                    </behindScheduleFilter>
                    <lastNDaysFilter>
                        <apply>false</apply>
                        <dayCount>0.0</dayCount>
                    </lastNDaysFilter>
                    <dueTodayFilter>
                        <apply>false</apply>
                    </dueTodayFilter>
                </baseFilters>
                <batchSize>25</batchSize>
                <columns>
                    <column>
                        <drillPath>
                            <enabled>false</enabled>
                        </drillPath>
                        <expression>=pv!workflow_All.workflow.workflowId</expression>
                        <formatToken>number</formatToken>
                        <group>false</group>
                        <lastFormatToken>number</lastFormatToken>
                        <localId>0</localId>
                        <name>workflowId</name>
                        <show>true</show>
                    </column>
                    <column>
                        <drillPath>
                            <enabled>false</enabled>
                        </drillPath>
                        <expression>=tp!id</expression>
                        <formatToken>number</formatToken>
                        <group>false</group>
                        <lastFormatToken>number</lastFormatToken>
                        <localId>2</localId>
                        <name>appianTaskId</name>
                        <show>true</show>
                    </column>
                    <column>
                        <drillPath>
                            <enabled>false</enabled>
                        </drillPath>
                        <expression>=task_assignment_time()</expression>
                        <formatToken>datetime</formatToken>
                        <group>false</group>
                        <lastFormatToken>datetime</lastFormatToken>
                        <localId>3</localId>
                        <name>taskStartDatetime</name>
                        <show>true</show>
                    </column>
                    <column>
                        <drillPath>
                            <enabled>false</enabled>
                        </drillPath>
                        <expression>=task_assignment_time() + Lag()</expression>
                        <formatToken>datetime</formatToken>
                        <group>false</group>
                        <lastFormatToken>datetime</lastFormatToken>
                        <localId>4</localId>
                        <name>taskAcceptDatetime</name>
                        <show>true</show>
                    </column>
                    <column>
                        <drillPath>
                            <enabled>false</enabled>
                        </drillPath>
                        <expression>=task_completion_time()</expression>
                        <formatToken>datetime</formatToken>
                        <group>false</group>
                        <lastFormatToken>datetime</lastFormatToken>
                        <localId>5</localId>
                        <name>taskEndDatetime</name>
                        <show>true</show>
                    </column>
                    <column>
                        <drillPath>
                            <enabled>false</enabled>
                        </drillPath>
                        <expression>=pv!initialAssignees</expression>
                        <formatToken>people</formatToken>
                        <group>false</group>
                        <lastFormatToken>people</lastFormatToken>
                        <localId>6</localId>
                        <name>initialAssignees</name>
                        <show>true</show>
                    </column>
                    <column>
                        <drillPath>
                            <enabled>false</enabled>
                        </drillPath>
                        <expression>=tp!owner</expression>
                        <formatToken>users</formatToken>
                        <group>false</group>
                        <lastFormatToken>users</lastFormatToken>
                        <localId>7</localId>
                        <name>taskOwner</name>
                        <show>true</show>
                    </column>
                </columns>
                <contexts>
                    <context>
                        <type>20481</type>
                    </context>
                </contexts>
                <contextType>4</contextType>
                <quickFilters/>
                <recursive>false</recursive>
                <sortColumnLocalId>0</sortColumnLocalId>
                <sortOrder>0</sortOrder>
                <startIndex>0</startIndex>
                <type>2</type>
            </metadata>
            <display>
                <description>Portal report to view all tasks in a workflow</description>
                <displayThresholds>false</displayThresholds>
                <displayType>0</displayType>
                <name>Workflow Tasks</name>
                <quickFilterDisplay>0</quickFilterDisplay>
                <showLegend>true</showLegend>
                <showQuickFiltersInToolbar>true</showQuickFiltersInToolbar>
                <supportedTypes>
                    <supportedType>0</supportedType>
                    <supportedType>1</supportedType>
                    <supportedType>2</supportedType>
                    <supportedType>3</supportedType>
                    <supportedType>4</supportedType>
                    <supportedType>5</supportedType>
                    <supportedType>6</supportedType>
                    <supportedType>7</supportedType>
                </supportedTypes>
                <useCustomToolbar>false</useCustomToolbar>
                <useDefaultBarGraphXML>true</useDefaultBarGraphXML>
                <useDefaultLineGraphXML>true</useDefaultLineGraphXML>
                <useDefaultPieGraphXML>true</useDefaultPieGraphXML>
            </display>
            <modified>false</modified>
            <showDisplayOptions>false</showDisplayOptions>
            <showTitle>false</showTitle>
            <showToolbar>false</showToolbar>
            <view>0</view>
            <writeAccess>false</writeAccess>
        </reportData>
    </report>
    <roleMap public="true">
        <role allowForAll="false" inherit="true" name="readers">
            <users/>
            <groups/>
        </role>
        <role allowForAll="false" inherit="true" name="authors">
            <users/>
            <groups/>
        </role>
        <role allowForAll="false" inherit="true" name="administrators">
            <users>
                <userUuid>rob.turverey</userUuid>
            </users>
            <groups/>
        </role>
        <role allowForAll="false" inherit="false" name="denyReaders">
            <users/>
            <groups/>
        </role>
        <role allowForAll="false" inherit="false" name="denyAuthors">
            <users/>
            <groups/>
        </role>
        <role allowForAll="false" inherit="false" name="denyAdministrators">
            <users/>
            <groups/>
        </role>
    </roleMap>
</contentHaul>
