<?xml version="1.0" encoding="UTF-8" standalone="yes"?>
<contentHaul xmlns:a="http://www.appian.com/ae/types/2009">
    <rule>
        <name>HR_QRY_checkSpaceAvailability</name>
        <uuid>_a-0000dd0d-462c-8000-9ba2-011c48011c48_5290</uuid>
        <description>Used to determine if the reservation request conflicts with an existing reservation.</description>
        <parentUuid>_a-0000dd0d-462c-8000-9ba2-011c48011c48_3807</parentUuid>
        <visibility>
            <advertise>false</advertise>
            <hierarchy>true</hierarchy>
            <indexable>true</indexable>
            <quota>false</quota>
            <searchable>true</searchable>
            <system>false</system>
            <unlogged>false</unlogged>
        </visibility>
        <definition>#&quot;SYSTEM_SYSRULES_queryEntity&quot;(
  entity: #&quot;_a-0000dd0d-462c-8000-9ba2-011c48011c48_5125&quot;,
  query: #&quot;SYSTEM_SYSRULES_query&quot;(
    logicalExpression: #&quot;SYSTEM_SYSRULES_queryLogicalExpression&quot;(
      operator: &quot;AND&quot;,
      logicalExpressions: {
        #&quot;SYSTEM_SYSRULES_queryLogicalExpression&quot;(
          operator: &quot;OR&quot;,
          logicalExpressions: {
            #&quot;SYSTEM_SYSRULES_queryLogicalExpression&quot;(
              operator: &quot;AND&quot;,
              filters: {
                #&quot;SYSTEM_SYSRULES_queryFilter&quot;(
                  field: &quot;reservationFrom&quot;,
                  operator: &quot;&lt;&quot;,
                  value: ri!reservationFrom
                ),
                #&quot;SYSTEM_SYSRULES_queryFilter&quot;(
                  field: &quot;reservationTo&quot;,
                  operator: &quot;&gt;&quot;,
                  value: ri!reservationFrom
                )
              }
            ),
            #&quot;SYSTEM_SYSRULES_queryLogicalExpression&quot;(
              operator: &quot;AND&quot;,
              filters: {
                #&quot;SYSTEM_SYSRULES_queryFilter&quot;(
                  field: &quot;reservationFrom&quot;,
                  operator: &quot;&lt;&quot;,
                  value: ri!reservationTo
                ),
                #&quot;SYSTEM_SYSRULES_queryFilter&quot;(
                  field: &quot;reservationTo&quot;,
                  operator: &quot;&gt;&quot;,
                  value: ri!reservationTo
                )
              }
            )
          }
        ),
        #&quot;SYSTEM_SYSRULES_queryLogicalExpression&quot;(
          operator: &quot;AND&quot;,
          filters: {
            #&quot;SYSTEM_SYSRULES_queryFilter&quot;(
              field: &quot;spaceId&quot;,
              operator: &quot;=&quot;,
              value: ri!spaceId
            ),
            #&quot;SYSTEM_SYSRULES_queryFilter&quot;(
              field: &quot;reservationFrom&quot;,
              operator: &quot;&gt;&quot;,
              value: now() - 1
            )
          }
        )
      }
    ),
    pagingInfo: #&quot;SYSTEM_SYSRULES_pagingInfo&quot;(
      startIndex: 1,
      batchSize: 1
    )
  )
).totalCount = 0</definition>
        <namedTypedValue>
            <name>reservationFrom</name>
            <type>
                <name>dateTime</name>
                <namespace>http://www.w3.org/2001/XMLSchema</namespace>
            </type>
        </namedTypedValue>
        <namedTypedValue>
            <name>reservationTo</name>
            <type>
                <name>dateTime</name>
                <namespace>http://www.w3.org/2001/XMLSchema</namespace>
            </type>
        </namedTypedValue>
        <namedTypedValue>
            <name>spaceId</name>
            <type>
                <name>int</name>
                <namespace>http://www.w3.org/2001/XMLSchema</namespace>
            </type>
        </namedTypedValue>
        <preferredEditor>legacy</preferredEditor>
        <offlineEnabled>false</offlineEnabled>
    </rule>
    <roleMap public="true">
        <role allowForAll="false" inherit="true" name="readers">
            <users/>
            <groups/>
        </role>
        <role allowForAll="false" inherit="true" name="authors">
            <users/>
            <groups/>
        </role>
        <role allowForAll="false" inherit="true" name="administrators">
            <users/>
            <groups/>
        </role>
        <role allowForAll="false" inherit="false" name="denyReaders">
            <users/>
            <groups/>
        </role>
        <role allowForAll="false" inherit="false" name="denyAuthors">
            <users/>
            <groups/>
        </role>
        <role allowForAll="false" inherit="false" name="denyAdministrators">
            <users/>
            <groups/>
        </role>
    </roleMap>
</contentHaul>
