<?xml version="1.0" encoding="UTF-8" standalone="yes"?>
<contentHaul xmlns:a="http://www.appian.com/ae/types/2009">
    <rule>
        <name>HR_DASH_Position_AdditionalInformation</name>
        <uuid>_a-0000dd0d-462c-8000-9ba2-011c48011c48_4248</uuid>
        <description>Position Additional Information Subdashboard Interface</description>
        <parentUuid>_a-0000dd0a-80c8-8000-aae2-01ef9001ef90_3769</parentUuid>
        <visibility>
            <advertise>false</advertise>
            <hierarchy>true</hierarchy>
            <indexable>true</indexable>
            <quota>false</quota>
            <searchable>true</searchable>
            <system>false</system>
            <unlogged>false</unlogged>
        </visibility>
        <definition>#&quot;SYSTEM_SYSRULES_dashboardLayout&quot;(
  firstColumnContents: {
    #&quot;SYSTEM_SYSRULES_sectionLayout&quot;(
      label: &quot;Job Overview&quot;,
      firstColumnContents: {
        #&quot;_a-0000dd0d-462c-8000-9ba2-011c48011c48_3687&quot;(
          label: &quot;Summary&quot;,
          readOnly: true,
          value: rf!positionSummary
        ),
        #&quot;_a-0000dd0d-462c-8000-9ba2-011c48011c48_3687&quot;(
          label: &quot;Duties&quot;,
          readOnly: true,
          value: rf!positionDuties
        )
      },
      secondColumnContents: {
        #&quot;_a-0000dd0d-462c-8000-9ba2-011c48011c48_3690&quot;(
          label: &quot;Travel Required&quot;,
          readOnly: true,
          value: if(
            isnull(
              rf!positionTravelPercentage
            ),
            &quot;&quot;,
            rf!positionTravelPercentage &amp; &quot;%&quot;
          )
        ),
        #&quot;_a-0000dd0d-462c-8000-9ba2-011c48011c48_3690&quot;(
          label: &quot;Relocation Authorized&quot;,
          readOnly: true,
          value: if(
            isnull(
              rf!positionRelocationAuthorized
            ),
            &quot;&quot;,
            if(
              rf!positionRelocationAuthorized,
              &quot;Yes&quot;,
              &quot;No&quot;
            )
          )
        )
      },
      isCollapsible: true
    ),
    #&quot;SYSTEM_SYSRULES_sectionLayout&quot;(
      label: &quot;Job Reqirements&quot;,
      firstColumnContents: {
        #&quot;_a-0000dd0d-462c-8000-9ba2-011c48011c48_3687&quot;(
          label: &quot;Key Requirements&quot;,
          readOnly: true,
          value: rf!positionKeyRequirements
        ),
        #&quot;_a-0000dd0d-462c-8000-9ba2-011c48011c48_3687&quot;(
          label: &quot;Qualifications&quot;,
          readOnly: true,
          value: rf!positionQualifications
        )
      },
      secondColumnContents: {
        #&quot;_a-0000dd0d-462c-8000-9ba2-011c48011c48_3690&quot;(
          label: &quot;Security Clearance&quot;,
          readOnly: true,
          value: rf!positionSecurityClearance
        )
      },
      isCollapsible: true
    ),
    #&quot;SYSTEM_SYSRULES_sectionLayout&quot;(
      label: &quot;Miscellaneous Information&quot;,
      firstColumnContents: {
        #&quot;_a-0000dd0d-462c-8000-9ba2-011c48011c48_3687&quot;(
          label: &quot;What to Expect Next&quot;,
          readOnly: true,
          value: rf!positionNextSteps
        ),
        #&quot;_a-0000dd0d-462c-8000-9ba2-011c48011c48_3687&quot;(
          label: &quot;Benefits&quot;,
          readOnly: true,
          value: rf!positionBenefits
        )
      },
      secondColumnContents: {
        #&quot;_a-0000dd0d-462c-8000-9ba2-011c48011c48_3687&quot;(
          label: &quot;Other Information&quot;,
          readOnly: true,
          value: rf!positionOtherInfo
        )
      },
      isCollapsible: true
    )
  }
)</definition>
        <preferredEditor>interface</preferredEditor>
        <offlineEnabled>false</offlineEnabled>
    </rule>
    <roleMap public="true">
        <role allowForAll="false" inherit="true" name="readers">
            <users/>
            <groups/>
        </role>
        <role allowForAll="false" inherit="true" name="authors">
            <users/>
            <groups/>
        </role>
        <role allowForAll="false" inherit="true" name="administrators">
            <users>
                <userUuid>ben.siegel</userUuid>
            </users>
            <groups/>
        </role>
        <role allowForAll="false" inherit="false" name="denyReaders">
            <users/>
            <groups/>
        </role>
        <role allowForAll="false" inherit="false" name="denyAuthors">
            <users/>
            <groups/>
        </role>
        <role allowForAll="false" inherit="false" name="denyAdministrators">
            <users/>
            <groups/>
        </role>
    </roleMap>
</contentHaul>
