<?xml version="1.0" encoding="UTF-8" standalone="yes"?>
<contentHaul xmlns:a="http://www.appian.com/ae/types/2009">
    <rule>
        <name>HR_SCT_Reserve_userReservationDetails</name>
        <uuid>_a-0000dd0d-462c-8000-9ba2-011c48011c48_5412</uuid>
        <description>Section that contains reservation DT and User.</description>
        <parentUuid>_a-0000dd0d-462c-8000-9ba2-011c48011c48_3551</parentUuid>
        <visibility>
            <advertise>false</advertise>
            <hierarchy>true</hierarchy>
            <indexable>true</indexable>
            <quota>false</quota>
            <searchable>true</searchable>
            <system>false</system>
            <unlogged>false</unlogged>
        </visibility>
        <definition>=load(
  #&quot;SYSTEM_SYSRULES_sectionLayout&quot;(
    label: &quot;Reservation&quot;,
    firstColumnContents: {
      #&quot;_a-0000dd0d-462c-8000-9ba2-011c48011c48_3683&quot;(
        label: &quot;From&quot;,
        readOnly: ri!readOnly,
        required: true,
        value: ri!reservation.reservationFrom,
        saveInto: {ri!reservation.reservationFrom,
          a!save(ri!reservation.reservationTo, if(#&quot;2168a5de-fb70-4d66-8b97-b547e3ac6e57&quot;(ri!reservation.reservationTo), save!value, ri!reservation.reservationTo))
        },
        validations: {
          if(ri!reservation.reservationFrom &lt; today(), &quot;Reservation cannot be a past date&quot;, &quot;&quot;),
          if(isnull(ri!reservation.reservationFrom), &quot;&quot;, if(and(calisworkday(ri!reservation.reservationFrom), calisworktime(ri!reservation.reservationFrom)), &quot;&quot;, &quot;Reservation must be within business hours&quot;))
        }
      ),
      #&quot;_a-0000dd0d-462c-8000-9ba2-011c48011c48_3683&quot;(
        label: &quot;To&quot;,
        readOnly: ri!readOnly,
        required: true,
        value: ri!reservation.reservationTo,
        saveInto: ri!reservation.reservationTo,
        validations: {
          if(ri!reservation.reservationTo &lt;= ri!reservation.reservationFrom, &quot;Reservation To must be after Reservation From&quot;, &quot;&quot;),
          if(isnull(ri!reservation.reservationTo), &quot;&quot;, if(and(calisworkday(ri!reservation.reservationTo), calisworktime(ri!reservation.reservationTo)), &quot;&quot;, &quot;Reservation must be within business hours&quot;)),
          if(ri!reservation.reservationTo-ri!reservation.reservationFrom &gt;= intervalds(24,0,0), &quot;Reservation cannot exceed one busines day&quot;, &quot;&quot;)
        }
      ),
      if(ri!space.capacity &gt; 1,
        {#&quot;_a-0000dd0d-462c-8000-9ba2-011c48011c48_5526&quot;(
          label: &quot;Number of Attendees&quot;,
          readOnly: ri!readOnly,
          value: ri!reservation.reservationNumOfAttendees,
          saveInto: ri!reservation.reservationNumOfAttendees,
          validations: {
            if(ri!reservation.reservationNumOfAttendees &gt; ri!space.capacity, &quot;Space capacity exceeded&quot;, &quot;&quot;),
            if(ri!reservation.reservationNumOfAttendees &lt; 1, &quot;Invalid number of attendees&quot;, &quot;&quot;)
          }
        )},
        {}
      )
    },
    secondColumnContents: {
      #&quot;SYSTEM_SYSRULES_checkboxField&quot;(
        label: &quot;Repeat...&quot;,
        labelPosition: &quot;COLLAPSED&quot;,
        disabled: ri!readOnly,
        choiceLabels: {&quot;Repeat...&quot;},
        choiceValues: {true},
        value: if(ri!isRecurringReservation, ri!isRecurringReservation, null),
        saveInto: {a!save(ri!isRecurringReservation, if(isnull(save!value), false, true)),
          a!save(ri!recurFrom, if(isnull(save!value), null, todate(ri!reservation.reservationFrom))),
          a!save(ri!recurTo, if(isnull(save!value), null, ri!recurTo)),
          a!save(ri!recurFrequency, if(isnull(save!value), null, ri!recurFrequency)),
          a!save(ri!recurOn, if(isnull(save!value), {}, ri!recurOn))
        }
      ),
      if(isnull(ri!isRecurringReservation), {}, if(ri!isRecurringReservation,
        {
          #&quot;0a6ee9ea-8c0f-4e16-871d-f5f408011cc7&quot;(
            dateLabel: &quot;Repeat&quot;,
            fromDate: ri!recurFrom,
            toDate: ri!recurTo,
            readOnly: ri!readOnly
          ),
          #&quot;_a-0000dd0d-462c-8000-9ba2-011c48011c48_3685&quot;(
            label: &quot;Frequency&quot;,
            readOnly: ri!readOnly,
            choiceLabels: {&quot;Daily&quot;, &quot;Weekly&quot;},
            choiceValues: {1,2},
            value: if(ri!recurFrequency=0, null, ri!recurFrequency),
            saveInto: {a!save(ri!recurFrequency, if(ri!recurFrequency=0, null, save!value))},
            validations: {
              if(and(ri!recurFrequency = 2, ri!recurTo-ri!recurFrom &lt; tointervalds(7)), &quot;Repeating date range less than one week&quot;, &quot;&quot;)
            }
          ),
          if(or(isnull(ri!recurFrequency), ri!recurFrequency=0), {}, 
            {choose(ri!recurFrequency,
              {},
              #&quot;SYSTEM_SYSRULES_checkboxField&quot;(
                label: &quot;Repeat On&quot;,
                labelPosition: &quot;COLLAPSED&quot;,
                disabled: ri!readOnly,
                choiceLabels: {&quot;Monday&quot;, &quot;Tuesday&quot;, &quot;Wednesday&quot;, &quot;Thursday&quot;, &quot;Friday&quot;},
                choiceValues: {0,1,2,3,4},
                value: ri!recurOn,
                saveInto: ri!recurOn
              )
            )}
          )
        },
        {}
      ))
    }
  )
)</definition>
        <namedTypedValue>
            <name>reservation</name>
            <type>
                <name>HR_Reservation</name>
                <namespace>urn:com:appian:types:HR</namespace>
            </type>
        </namedTypedValue>
        <namedTypedValue>
            <name>readOnly</name>
            <type>
                <name>boolean</name>
                <namespace>http://www.w3.org/2001/XMLSchema</namespace>
            </type>
        </namedTypedValue>
        <namedTypedValue>
            <name>space</name>
            <type>
                <name>HR_V_Space_Record</name>
                <namespace>urn:com:appian:types:HR</namespace>
            </type>
        </namedTypedValue>
        <namedTypedValue>
            <name>isRecurringReservation</name>
            <type>
                <name>boolean</name>
                <namespace>http://www.w3.org/2001/XMLSchema</namespace>
            </type>
        </namedTypedValue>
        <namedTypedValue>
            <name>recurFrom</name>
            <type>
                <name>date</name>
                <namespace>http://www.w3.org/2001/XMLSchema</namespace>
            </type>
        </namedTypedValue>
        <namedTypedValue>
            <name>recurTo</name>
            <type>
                <name>date</name>
                <namespace>http://www.w3.org/2001/XMLSchema</namespace>
            </type>
        </namedTypedValue>
        <namedTypedValue>
            <name>recurFrequency</name>
            <type>
                <name>int</name>
                <namespace>http://www.w3.org/2001/XMLSchema</namespace>
            </type>
        </namedTypedValue>
        <namedTypedValue>
            <name>recurOn</name>
            <type>
                <name>Integer?list</name>
                <namespace>http://www.appian.com/ae/types/2009</namespace>
            </type>
        </namedTypedValue>
        <preferredEditor>interface</preferredEditor>
        <offlineEnabled>false</offlineEnabled>
    </rule>
    <roleMap public="true">
        <role allowForAll="false" inherit="true" name="readers">
            <users/>
            <groups/>
        </role>
        <role allowForAll="false" inherit="true" name="authors">
            <users/>
            <groups/>
        </role>
        <role allowForAll="false" inherit="true" name="administrators">
            <users/>
            <groups/>
        </role>
        <role allowForAll="false" inherit="false" name="denyReaders">
            <users/>
            <groups/>
        </role>
        <role allowForAll="false" inherit="false" name="denyAuthors">
            <users/>
            <groups/>
        </role>
        <role allowForAll="false" inherit="false" name="denyAdministrators">
            <users/>
            <groups/>
        </role>
    </roleMap>
</contentHaul>
