<?xml version="1.0" encoding="UTF-8" standalone="yes"?>
<contentHaul xmlns:a="http://www.appian.com/ae/types/2009">
    <rule>
        <name>HR_DASH_ItEquipment_Summary</name>
        <uuid>_a-0000dd0d-462c-8000-9ba2-011c48011c48_4633</uuid>
        <description>Equipment Record Summary Interface</description>
        <parentUuid>_a-0000dd0a-80c8-8000-aae2-01ef9001ef90_3769</parentUuid>
        <visibility>
            <advertise>false</advertise>
            <hierarchy>true</hierarchy>
            <indexable>true</indexable>
            <quota>false</quota>
            <searchable>true</searchable>
            <system>false</system>
            <unlogged>false</unlogged>
        </visibility>
        <definition>load(
  local!itEquipment: 'type!{urn:com:appian:types:HR}HR_ItEquipment'(
    equipmentId: rf!equipmentId,
    equipmentTypeId: rf!equipmentTypeId,
    serialNumber: rf!serialNumber,
    make: rf!make,
    model: rf!model,
    leaseFromDate: rf!leaseFromDate,
    leaseToDate: rf!leaseToDate,
    purchaseDate: rf!purchaseDate,
    endOfLifeDate: rf!endOfLifeDate,
    assignedUserId: rf!assignedUserId,
    assignedDate: rf!assignedDate
  ),
#&quot;SYSTEM_SYSRULES_dashboardLayout&quot;(
  firstColumnContents: {
    #&quot;_a-0000dd0d-462c-8000-9ba2-011c48011c48_5128&quot;(
      itEquipment: local!itEquipment,
      readOnly: true,
      purchaseStatus: if(isnull(local!itEquipment.purchaseDate), false, true),
      assignedUser:local!itEquipment.assignedUserId
    )
  }
)
)</definition>
        <preferredEditor>interface</preferredEditor>
        <offlineEnabled>false</offlineEnabled>
    </rule>
    <roleMap public="true">
        <role allowForAll="false" inherit="true" name="readers">
            <users/>
            <groups/>
        </role>
        <role allowForAll="false" inherit="true" name="authors">
            <users/>
            <groups/>
        </role>
        <role allowForAll="false" inherit="true" name="administrators">
            <users/>
            <groups/>
        </role>
        <role allowForAll="false" inherit="false" name="denyReaders">
            <users/>
            <groups/>
        </role>
        <role allowForAll="false" inherit="false" name="denyAuthors">
            <users/>
            <groups/>
        </role>
        <role allowForAll="false" inherit="false" name="denyAdministrators">
            <users/>
            <groups/>
        </role>
    </roleMap>
</contentHaul>
