<?xml version="1.0" encoding="UTF-8" standalone="yes"?>
<contentHaul xmlns:a="http://www.appian.com/ae/types/2009">
    <rule>
        <name>HR_SCT_Compliance_summaryStatistics</name>
        <uuid>_a-0000dd0d-462c-8000-9ba2-011c48011c48_4557</uuid>
        <description>Main section for statistics to be called from the summary dashboard of the training and compliance record</description>
        <parentUuid>_a-0000dd0d-462c-8000-9ba2-011c48011c48_3551</parentUuid>
        <visibility>
            <advertise>false</advertise>
            <hierarchy>true</hierarchy>
            <indexable>true</indexable>
            <quota>false</quota>
            <searchable>true</searchable>
            <system>false</system>
            <unlogged>false</unlogged>
        </visibility>
        <definition>with(
  local!overDue: todate(
    ri!training.dueDate
  ) &gt; today(),
  local!completed: if(
    length(
      ri!userTraining
    ) = 0,
    false,
    not(
      isnull(
        ri!userTraining.completedDatetime
      )
    )
  ),
  local!dueSoon: and(
    not(
      local!overDue
    ),
    tointeger(
      todate(
        ri!training.dueDate
      ) - today()
    ) &lt;= #&quot;_a-0000dd0d-462c-8000-9ba2-011c48011c48_4603&quot;
  ),
  local!totalCompletedUsers: if(
    ri!isEmployee,
    {},
    if(
      length(
        ri!trainingAggregation
      ) = 0,
      0,
      ri!trainingAggregation[1].totalCompletedUsers
    )
  ),
  local!avgFeedbackRating: if(
    or(
      ri!isEmployee,
      length(
        ri!trainingAggregation
      ) = 0
    ),
    null,
    ri!trainingAggregation[1].avgFeedbackRating
  ),
  if(
    ri!isEmployee,
    {
      #&quot;SYSTEM_SYSRULES_sectionLayout&quot;(
        label: &quot;Training Information&quot;,
        isCollapsible: true,
        firstColumnContents: {
          #&quot;SYSTEM_SYSRULES_richTextDisplayField&quot;(
            label: &quot;Due Date&quot;,
            value: {
              #&quot;SYSTEM_SYSRULES_richTextItem&quot;(
                style: if(
                  and(
                    local!overDue,
                    not(
                      local!completed
                    )
                  ),
                  &quot;EMPHASIS&quot;,
                  &quot;NORMAL&quot;
                ),
                text: ri!training.dueDate &amp; &quot; &quot;
              ),
              if(
                local!overDue,
                #&quot;SYSTEM_SYSRULES_richTextImage&quot;(
                  image: #&quot;SYSTEM_SYSRULES_documentImage&quot;(
                    caption: &quot;Overdue!&quot;,
                    document: #&quot;SYSTEM_SYSRULES_iconIndicator&quot;(
                      icon: &quot;STATUS_WARN&quot;
                    )
                  )
                ),
                {}
              )
            }
          ),
          #&quot;SYSTEM_SYSRULES_richTextDisplayField&quot;(
            label: &quot;Completed Date&quot;,
            value: {
              #&quot;SYSTEM_SYSRULES_richTextItem&quot;(
                style: if(
                  local!completed,
                  &quot;NORMAL&quot;,
                  &quot;EMPHASIS&quot;
                ),
                text: if(
                  local!completed,
                  todate(
                    ri!userTraining.completedDatetime
                  ) &amp; &quot; &quot;,
                  &quot;Not Completed &quot;
                )
              ),
              if(
                not(
                  local!completed
                ),
                #&quot;SYSTEM_SYSRULES_richTextImage&quot;(
                  image: #&quot;SYSTEM_SYSRULES_documentImage&quot;(
                    caption: &quot;Incomplete!&quot;,
                    document: #&quot;SYSTEM_SYSRULES_iconIndicator&quot;(
                      icon: &quot;STATUS_NOTDONE&quot;
                    )
                  )
                ),
                {}
              )
            }
          )
        },
        secondColumnContents: {
          #&quot;SYSTEM_SYSRULES_paragraphField&quot;(
            label: &quot;Description&quot;,
            readOnly: true,
            value: ri!training.description
          )
        }
      )
    },
    {
      #&quot;SYSTEM_SYSRULES_sectionLayout&quot;(
        label: &quot;Training Information&quot;,
        isCollapsible: true,
        firstColumnContents: {
          if(
            length(
              ri!trainingAggregation
            ) = 0,
            #&quot;SYSTEM_SYSRULES_richTextDisplayField&quot;(
              label: &quot;Employee Completion&quot;,
              value: #&quot;SYSTEM_SYSRULES_richTextItem&quot;(
                style: &quot;HEADER_SMALL&quot;,
                text: &quot;There is no employee completion data available.&quot;
              )
            ),
            #&quot;SYSTEM_SYSRULES_pieChartField&quot;(
              label: &quot;Employee Completion&quot;,
              showDataLabels: true,
              series: {
                #&quot;SYSTEM_SYSRULES_chartSeries&quot;(
                  label: &quot;Completed&quot;,
                  data: tointeger(
                    local!totalCompletedUsers
                  )
                ),
                #&quot;SYSTEM_SYSRULES_chartSeries&quot;(
                  label: &quot;Incomplete&quot;,
                  data: ri!totalUserTrainingCount - tointeger(
                    local!totalCompletedUsers
                  )
                )
              }
            )
          )
        },
        secondColumnContents: {      
          #&quot;SYSTEM_SYSRULES_textField&quot;(
            label: &quot;Average Feedback Rating&quot;,
            readOnly: true,
            value: local!avgFeedbackRating
          ),
          #&quot;SYSTEM_SYSRULES_dateField&quot;(
            label: &quot;Available Date&quot;,
            readOnly: true,
            value: ri!training.availableDate
          ),
          #&quot;SYSTEM_SYSRULES_richTextDisplayField&quot;(
            label: &quot;Due Date&quot;,
            value: {
              #&quot;SYSTEM_SYSRULES_richTextItem&quot;(
                style: if(
                  local!dueSoon,
                  &quot;EMPHASIS&quot;,
                  &quot;NORMAL&quot;
                ),
                text: ri!training.dueDate &amp; &quot; &quot;
              ),
              if(
                local!dueSoon,
                #&quot;SYSTEM_SYSRULES_richTextImage&quot;(
                  image: #&quot;SYSTEM_SYSRULES_documentImage&quot;(
                    caption: &quot;Due Soon!&quot;,
                    document: #&quot;SYSTEM_SYSRULES_iconIndicator&quot;(
                      icon: &quot;STATUS_WARN&quot;
                    )
                  )
                ),
                {}
              )
            }
          ),
          #&quot;SYSTEM_SYSRULES_richTextDisplayField&quot;(
            label: &quot;Mandatory&quot;,
            value: {
              if(
                isnull(
                  ri!training.isMandatory
                ),
                {},
                {
                  #&quot;SYSTEM_SYSRULES_richTextItem&quot;(
                    text: if(
                      ri!training.isMandatory,
                      &quot;Yes &quot;,
                      &quot;No &quot;
                    )
                  ),
                  #&quot;SYSTEM_SYSRULES_richTextImage&quot;(
                    image: #&quot;SYSTEM_SYSRULES_documentImage&quot;(
                      document: #&quot;SYSTEM_SYSRULES_iconIndicator&quot;(
                        icon: if(
                          ri!training.isMandatory,
                          &quot;STATUS_OK&quot;,
                          &quot;STATUS_NOTDONE&quot;
                        )
                      )
                    )
                  )
                }
              )
            }
          ),
          #&quot;SYSTEM_SYSRULES_paragraphField&quot;(
            label: &quot;Description&quot;,
            readOnly: true,
            value: ri!training.description
          )
        }
      )
    }
  )
)</definition>
        <namedTypedValue>
            <name>userTraining</name>
            <type>
                <name>Variant</name>
                <namespace>http://www.appian.com/ae/types/2009</namespace>
            </type>
        </namedTypedValue>
        <namedTypedValue>
            <name>training</name>
            <type>
                <name>Variant</name>
                <namespace>http://www.appian.com/ae/types/2009</namespace>
            </type>
        </namedTypedValue>
        <namedTypedValue>
            <name>isEmployee</name>
            <type>
                <name>boolean</name>
                <namespace>http://www.w3.org/2001/XMLSchema</namespace>
            </type>
        </namedTypedValue>
        <namedTypedValue>
            <name>trainingAggregation</name>
            <type>
                <name>Variant</name>
                <namespace>http://www.appian.com/ae/types/2009</namespace>
            </type>
        </namedTypedValue>
        <namedTypedValue>
            <name>totalUserTrainingCount</name>
            <type>
                <name>int</name>
                <namespace>http://www.w3.org/2001/XMLSchema</namespace>
            </type>
        </namedTypedValue>
        <preferredEditor>interface</preferredEditor>
        <offlineEnabled>false</offlineEnabled>
    </rule>
    <roleMap public="true">
        <role allowForAll="false" inherit="true" name="readers">
            <users/>
            <groups/>
        </role>
        <role allowForAll="false" inherit="true" name="authors">
            <users/>
            <groups/>
        </role>
        <role allowForAll="false" inherit="true" name="administrators">
            <users/>
            <groups/>
        </role>
        <role allowForAll="false" inherit="false" name="denyReaders">
            <users/>
            <groups/>
        </role>
        <role allowForAll="false" inherit="false" name="denyAuthors">
            <users/>
            <groups/>
        </role>
        <role allowForAll="false" inherit="false" name="denyAdministrators">
            <users/>
            <groups/>
        </role>
    </roleMap>
    <typedValue>
        <type>
            <name>RuleTestConfig?list</name>
            <namespace>http://www.appian.com/ae/types/2009</namespace>
        </type>
        <value>
            <el>
                <a:name/>
                <a:ruleInputTestConfigs>
                    <a:value xmlns:xsi="http://www.w3.org/2001/XMLSchema-instance" xsi:type="a:Expression">{}</a:value>
                    <a:nameRef>userTraining</a:nameRef>
                    <a:id/>
                </a:ruleInputTestConfigs>
                <a:ruleInputTestConfigs>
                    <a:value xmlns:xsi="http://www.w3.org/2001/XMLSchema-instance" xsi:type="a:Expression">'type!{urn:com:appian:types:HR}HR_Training'(trainingId: 1, dueDate:fn!date(2016, 6, 10), isMandatory: true)</a:value>
                    <a:nameRef>training</a:nameRef>
                    <a:id/>
                </a:ruleInputTestConfigs>
                <a:ruleInputTestConfigs>
                    <a:value xmlns:xsd="http://www.w3.org/2001/XMLSchema" xmlns:xsi="http://www.w3.org/2001/XMLSchema-instance" xsi:type="xsd:boolean">false</a:value>
                    <a:nameRef>isEmployee</a:nameRef>
                    <a:id/>
                </a:ruleInputTestConfigs>
                <a:ruleInputTestConfigs>
                    <a:value xmlns:xsd="http://www.w3.org/2001/XMLSchema" xmlns:xsi="http://www.w3.org/2001/XMLSchema-instance" xsi:type="xsd:string"/>
                    <a:nameRef>trainingAggregation</a:nameRef>
                    <a:id/>
                </a:ruleInputTestConfigs>
                <a:ruleInputTestConfigs>
                    <a:value xmlns:xsd="http://www.w3.org/2001/XMLSchema" xmlns:xsi="http://www.w3.org/2001/XMLSchema-instance" xsi:nil="true" xsi:type="xsd:int"/>
                    <a:nameRef>totalUserTrainingCount</a:nameRef>
                    <a:id/>
                </a:ruleInputTestConfigs>
                <a:assertions xmlns:xsi="http://www.w3.org/2001/XMLSchema-instance" xsi:nil="true"/>
            </el>
        </value>
    </typedValue>
</contentHaul>
