<?xml version="1.0" encoding="UTF-8" standalone="yes"?>
<contentHaul xmlns:a="http://www.appian.com/ae/types/2009">
    <rule>
        <name>HR_SCT_Space_utilizationOverTime</name>
        <uuid>_a-0000dd0d-462c-8000-9ba2-011c48011c48_5188</uuid>
        <description>Utilization for a space over time (weekly)</description>
        <parentUuid>_a-0000dd0d-462c-8000-9ba2-011c48011c48_3551</parentUuid>
        <visibility>
            <advertise>false</advertise>
            <hierarchy>true</hierarchy>
            <indexable>true</indexable>
            <quota>false</quota>
            <searchable>true</searchable>
            <system>false</system>
            <unlogged>false</unlogged>
        </visibility>
        <definition>load(
  local!spaceName: index(#&quot;_a-0000dd0d-462c-8000-9ba2-011c48011c48_4973&quot;(columns: {&quot;spaceName&quot;}, spaceId: ri!spaceId).data, &quot;spaceName&quot;, &quot;&quot;),
  local!totalBusinessHours: 40,
  local!pagingInfo: #&quot;SYSTEM_SYSRULES_pagingInfo&quot;(
    startIndex: 1,
    batchSize: -1,
    sort: #&quot;SYSTEM_SYSRULES_sortInfo&quot;(
      field: &quot;weekStart&quot;,
      ascending: true
    )
  ),
  with(
    local!datasubset: #&quot;SYSTEM_SYSRULES_queryEntity&quot;(
      entity: #&quot;_a-0000dd0d-462c-8000-9ba2-011c48011c48_5189&quot;,
      query: #&quot;SYSTEM_SYSRULES_query&quot;(
        logicalExpression: #&quot;SYSTEM_SYSRULES_queryLogicalExpression&quot;(
          operator: &quot;AND&quot;,
          filters: {
            #&quot;SYSTEM_SYSRULES_queryFilter&quot;(field: &quot;spaceId&quot;, operator: &quot;=&quot;, value: ri!spaceId)
          }
        ),
        pagingInfo: local!pagingInfo
      )
    ),
    if(#&quot;2168a5de-fb70-4d66-8b97-b547e3ac6e57&quot;(local!datasubset.data),
      #&quot;SYSTEM_SYSRULES_richTextDisplayField&quot;(
        label: &quot;Past Utilization&quot;,
        align: &quot;CENTER&quot;,
        value: #&quot;SYSTEM_SYSRULES_richTextItem&quot;(
          text: &quot;This space has not been utilized in the past&quot;,
          style: &quot;STRONG&quot;
        )
      ),
      #&quot;SYSTEM_SYSRULES_lineChartField&quot;(
        label: &quot;Past Utilization&quot;,
        categories: index(local!datasubset.data, &quot;weekStart&quot;, {}), /*week start date*/
        series: #&quot;SYSTEM_SYSRULES_chartSeries&quot;(
          label: local!spaceName,
          data: (todecimal(index(local!datasubset.data, &quot;totalDuration&quot;, {})) / todecimal(local!totalBusinessHours)) * 100
        ),
        yAxisMin: 0,
        yAxisMax: 100,
        showTooltips: true
      )
    )
  )
)</definition>
        <namedTypedValue>
            <name>spaceId</name>
            <type>
                <name>int</name>
                <namespace>http://www.w3.org/2001/XMLSchema</namespace>
            </type>
        </namedTypedValue>
        <preferredEditor>interface</preferredEditor>
        <offlineEnabled>false</offlineEnabled>
    </rule>
    <roleMap public="true">
        <role allowForAll="false" inherit="true" name="readers">
            <users/>
            <groups/>
        </role>
        <role allowForAll="false" inherit="true" name="authors">
            <users/>
            <groups/>
        </role>
        <role allowForAll="false" inherit="true" name="administrators">
            <users/>
            <groups/>
        </role>
        <role allowForAll="false" inherit="false" name="denyReaders">
            <users/>
            <groups/>
        </role>
        <role allowForAll="false" inherit="false" name="denyAuthors">
            <users/>
            <groups/>
        </role>
        <role allowForAll="false" inherit="false" name="denyAdministrators">
            <users/>
            <groups/>
        </role>
    </roleMap>
</contentHaul>
