<?xml version="1.0" encoding="UTF-8" standalone="yes"?>
<contentHaul xmlns:a="http://www.appian.com/ae/types/2009">
    <rule>
        <name>HR_SCT_Space_spaceLocation</name>
        <uuid>_a-0000dd0d-462c-8000-9ba2-011c48011c48_6162</uuid>
        <description>Provides user with context of the space's location.</description>
        <parentUuid>_a-0000dd0d-462c-8000-9ba2-011c48011c48_3551</parentUuid>
        <visibility>
            <advertise>false</advertise>
            <hierarchy>true</hierarchy>
            <indexable>true</indexable>
            <quota>false</quota>
            <searchable>true</searchable>
            <system>false</system>
            <unlogged>false</unlogged>
        </visibility>
        <definition>=#&quot;SYSTEM_SYSRULES_sectionLayout&quot;(
  label: &quot;Location&quot;,
  firstColumnContents: {
    #&quot;_a-0000dd0d-462c-8000-9ba2-011c48011c48_3690&quot;(
      label: &quot;Building Address&quot;,
      readOnly: true,
      value: #&quot;_a-0000dd0d-462c-8000-9ba2-011c48011c48_4720&quot;(
        addressLine1: ri!space.addressLine1,
        addressLine2: ri!space.addressLine2,
        addressLine3: ri!space.addressLine3,
        city: ri!space.city,
        state: ri!space.state,
        zip: ri!space.zip
      )
    ),
    #&quot;_a-0000dd0d-462c-8000-9ba2-011c48011c48_3690&quot;(
      label: &quot;Phone Number&quot;,
      readOnly: true,
      value: #&quot;_a-0000dd0d-462c-8000-9ba2-011c48011c48_4714&quot;(ri!space.phoneNumber)
      )
  },
  secondColumnContents: {
    #&quot;SYSTEM_SYSRULES_imageField&quot;(
      label: &quot;Floor Plan&quot;,
      images: #&quot;SYSTEM_SYSRULES_documentImage&quot;(
        document: if(isnull(ri!space.floorPlan),todocument(5364), ri!space.floorPlan)
      )
    )
  },
  validations: {}
)</definition>
        <namedTypedValue>
            <name>space</name>
            <type>
                <name>HR_V_Space_Record</name>
                <namespace>urn:com:appian:types:HR</namespace>
            </type>
        </namedTypedValue>
        <preferredEditor>interface</preferredEditor>
        <offlineEnabled>false</offlineEnabled>
    </rule>
    <roleMap public="true">
        <role allowForAll="false" inherit="true" name="readers">
            <users/>
            <groups/>
        </role>
        <role allowForAll="false" inherit="true" name="authors">
            <users/>
            <groups/>
        </role>
        <role allowForAll="false" inherit="true" name="administrators">
            <users/>
            <groups/>
        </role>
        <role allowForAll="false" inherit="false" name="denyReaders">
            <users/>
            <groups/>
        </role>
        <role allowForAll="false" inherit="false" name="denyAuthors">
            <users/>
            <groups/>
        </role>
        <role allowForAll="false" inherit="false" name="denyAdministrators">
            <users/>
            <groups/>
        </role>
    </roleMap>
    <typedValue>
        <type>
            <name>RuleTestConfig?list</name>
            <namespace>http://www.appian.com/ae/types/2009</namespace>
        </type>
        <value>
            <el>
                <a:name/>
                <a:ruleInputTestConfigs>
                    <a:value xmlns:xsi="http://www.w3.org/2001/XMLSchema-instance" xsi:type="a:Expression">#&quot;_a-0000dd0d-462c-8000-9ba2-011c48011c48_4973&quot;(spaceId:1).data</a:value>
                    <a:nameRef>space</a:nameRef>
                    <a:id/>
                </a:ruleInputTestConfigs>
                <a:assertions xmlns:xsi="http://www.w3.org/2001/XMLSchema-instance" xsi:nil="true"/>
            </el>
        </value>
    </typedValue>
</contentHaul>
