<?xml version="1.0" encoding="UTF-8" standalone="yes"?>
<contentHaul xmlns:a="http://www.appian.com/ae/types/2009">
    <rule>
        <name>HR_Position_newsPostRejectMessage</name>
        <uuid>_a-0000dd0d-462c-8000-9ba2-011c48011c48_5905</uuid>
        <description>News post message for when a new position is rejected</description>
        <parentUuid>_a-0000dd0d-462c-8000-9ba2-011c48011c48_5904</parentUuid>
        <visibility>
            <advertise>false</advertise>
            <hierarchy>true</hierarchy>
            <indexable>true</indexable>
            <quota>false</quota>
            <searchable>true</searchable>
            <system>false</system>
            <unlogged>false</unlogged>
        </visibility>
        <definition>&quot;The &quot; &amp; if(ri!isEdit, &quot;edits to &quot;, &quot;&quot;) &amp; &quot;position - &quot; &amp; ri!position.positionName &amp; &quot; - submitted on &quot; &amp; ri!position.lastModifiedDatetime &amp; &quot; has been rejected and will not appear in the system.&quot;
&amp; char(10) &amp; char(10) &amp;
&quot;Rejection Reason: &quot; &amp; ri!reason</definition>
        <namedTypedValue>
            <name>position</name>
            <type>
                <name>HR_Position</name>
                <namespace>urn:com:appian:types:HR</namespace>
            </type>
        </namedTypedValue>
        <namedTypedValue>
            <name>reason</name>
            <type>
                <name>string</name>
                <namespace>http://www.w3.org/2001/XMLSchema</namespace>
            </type>
            <value/>
        </namedTypedValue>
        <namedTypedValue>
            <name>isEdit</name>
            <type>
                <name>boolean</name>
                <namespace>http://www.w3.org/2001/XMLSchema</namespace>
            </type>
        </namedTypedValue>
        <preferredEditor>legacy</preferredEditor>
        <offlineEnabled>false</offlineEnabled>
    </rule>
    <roleMap public="true">
        <role allowForAll="false" inherit="true" name="readers">
            <users/>
            <groups/>
        </role>
        <role allowForAll="false" inherit="true" name="authors">
            <users/>
            <groups/>
        </role>
        <role allowForAll="false" inherit="true" name="administrators">
            <users/>
            <groups/>
        </role>
        <role allowForAll="false" inherit="false" name="denyReaders">
            <users/>
            <groups/>
        </role>
        <role allowForAll="false" inherit="false" name="denyAuthors">
            <users/>
            <groups/>
        </role>
        <role allowForAll="false" inherit="false" name="denyAdministrators">
            <users/>
            <groups/>
        </role>
    </roleMap>
</contentHaul>
