<?xml version="1.0" encoding="UTF-8" standalone="yes"?>
<contentHaul xmlns:a="http://www.appian.com/ae/types/2009">
    <rule>
        <name>HR_QRY_V_getUserTrainingDisplay</name>
        <uuid>_a-0000dd0d-462c-8000-9ba2-011c48011c48_5144</uuid>
        <description>Gets all instances of an HR_V_User_Training_Display based on the filters</description>
        <parentUuid>_a-0000dd0d-462c-8000-9ba2-011c48011c48_3808</parentUuid>
        <visibility>
            <advertise>false</advertise>
            <hierarchy>true</hierarchy>
            <indexable>true</indexable>
            <quota>false</quota>
            <searchable>true</searchable>
            <system>false</system>
            <unlogged>false</unlogged>
        </visibility>
        <definition>#&quot;SYSTEM_SYSRULES_queryEntity&quot;(
  entity: #&quot;_a-0000dd0d-462c-8000-9ba2-011c48011c48_5143&quot;,
  query: #&quot;SYSTEM_SYSRULES_query&quot;(
    selection: if(
      #&quot;2168a5de-fb70-4d66-8b97-b547e3ac6e57&quot;(value: ri!columns),
      {},
      #&quot;SYSTEM_SYSRULES_querySelection&quot;(
        columns: #&quot;SYSTEM_SYSRULES_applyComponents&quot;(
          function: #&quot;SYSTEM_SYSRULES_queryColumn&quot;(
            field: _
          ),
          array: ri!columns
        )
      )
    ),
    logicalExpression: #&quot;SYSTEM_SYSRULES_queryLogicalExpression&quot;(
      operator: &quot;AND&quot;,
      filters: {
        if(
          isnull(
            ri!userId
          ),
          {},
          #&quot;SYSTEM_SYSRULES_queryFilter&quot;(
            field: &quot;userId&quot;,
            operator: &quot;=&quot;,
            value: ri!userId
          )
        ),
        if(
          isnull(
            ri!trainingId
          ),
          {},
          #&quot;SYSTEM_SYSRULES_queryFilter&quot;(
            field: &quot;trainingId&quot;,
            operator: &quot;=&quot;,
            value: ri!trainingId
          )
        ),
        if(
          isnull(
            ri!userString
          ),
          {},
          #&quot;SYSTEM_SYSRULES_queryFilter&quot;(
            field: &quot;userFullName&quot;,
            operator: &quot;includes&quot;,
            value: ri!userString
          )
        ),
        if(
          isnull(
            ri!fromDatetime
          ),
          {},
          #&quot;SYSTEM_SYSRULES_queryFilter&quot;(
            field: &quot;completedDatetime&quot;,
            operator: &quot;&gt;=&quot;,
            value: ri!fromDatetime
          )
        ),
        if(
          isnull(
            ri!toDatetime
          ),
          {},
          #&quot;SYSTEM_SYSRULES_queryFilter&quot;(
            field: &quot;completedDatetime&quot;,
            operator: &quot;&lt;=&quot;,
            value: ri!toDatetime
          )
        ),
        if(
          #&quot;c6f522bb-1135-4412-b313-e7f51dfaf826&quot;(
            ri!completionStatus,
            #&quot;_a-0000dd0d-462c-8000-9ba2-011c48011c48_5545&quot;
          ) = #&quot;_a-0000dd0d-462c-8000-9ba2-011c48011c48_5545&quot;,
          {},
          #&quot;SYSTEM_SYSRULES_queryFilter&quot;(
            field: &quot;completedDatetime&quot;,
            operator: if(
              ri!completionStatus = #&quot;_a-0000dd0d-462c-8000-9ba2-011c48011c48_5546&quot;,
              &quot;not null&quot;,
              &quot;is null&quot;
            ),
            value: ri!toDatetime
          )
        )
      }
    ),
    pagingInfo: if(
      isnull(
        ri!pagingInfo
      ),
      #&quot;SYSTEM_SYSRULES_pagingInfo&quot;(
        startIndex: 1,
        batchSize: - 1
      ),
      ri!pagingInfo
    )
  )
)</definition>
        <namedTypedValue>
            <name>columns</name>
            <type>
                <name>Text?list</name>
                <namespace>http://www.appian.com/ae/types/2009</namespace>
            </type>
        </namedTypedValue>
        <namedTypedValue>
            <name>pagingInfo</name>
            <type>
                <name>PagingInfo</name>
                <namespace>http://www.appian.com/ae/types/2009</namespace>
            </type>
        </namedTypedValue>
        <namedTypedValue>
            <name>trainingId</name>
            <type>
                <name>int</name>
                <namespace>http://www.w3.org/2001/XMLSchema</namespace>
            </type>
        </namedTypedValue>
        <namedTypedValue>
            <name>userId</name>
            <type>
                <name>int</name>
                <namespace>http://www.w3.org/2001/XMLSchema</namespace>
            </type>
        </namedTypedValue>
        <namedTypedValue>
            <name>userString</name>
            <type>
                <name>string</name>
                <namespace>http://www.w3.org/2001/XMLSchema</namespace>
            </type>
            <value/>
        </namedTypedValue>
        <namedTypedValue>
            <name>fromDatetime</name>
            <type>
                <name>dateTime</name>
                <namespace>http://www.w3.org/2001/XMLSchema</namespace>
            </type>
        </namedTypedValue>
        <namedTypedValue>
            <name>toDatetime</name>
            <type>
                <name>dateTime</name>
                <namespace>http://www.w3.org/2001/XMLSchema</namespace>
            </type>
        </namedTypedValue>
        <namedTypedValue>
            <name>completionStatus</name>
            <type>
                <name>int</name>
                <namespace>http://www.w3.org/2001/XMLSchema</namespace>
            </type>
        </namedTypedValue>
        <preferredEditor>legacy</preferredEditor>
        <offlineEnabled>false</offlineEnabled>
    </rule>
    <roleMap public="true">
        <role allowForAll="false" inherit="true" name="readers">
            <users/>
            <groups/>
        </role>
        <role allowForAll="false" inherit="true" name="authors">
            <users/>
            <groups/>
        </role>
        <role allowForAll="false" inherit="true" name="administrators">
            <users/>
            <groups/>
        </role>
        <role allowForAll="false" inherit="false" name="denyReaders">
            <users/>
            <groups/>
        </role>
        <role allowForAll="false" inherit="false" name="denyAuthors">
            <users/>
            <groups/>
        </role>
        <role allowForAll="false" inherit="false" name="denyAdministrators">
            <users/>
            <groups/>
        </role>
    </roleMap>
</contentHaul>
