<?xml version="1.0" encoding="UTF-8" standalone="yes"?>
<contentHaul xmlns:a="http://www.appian.com/ae/types/2009">
    <rule>
        <name>HR_SCT_Position_additionalDetails</name>
        <uuid>_a-0000dd0d-462c-8000-9ba2-011c48011c48_4355</uuid>
        <description>Reusable section for additional details for a position</description>
        <parentUuid>_a-0000dd0d-462c-8000-9ba2-011c48011c48_3551</parentUuid>
        <visibility>
            <advertise>false</advertise>
            <hierarchy>true</hierarchy>
            <indexable>true</indexable>
            <quota>false</quota>
            <searchable>true</searchable>
            <system>false</system>
            <unlogged>false</unlogged>
        </visibility>
        <definition>load(
  local!department: #&quot;_a-0000dd0d-462c-8000-9ba2-011c48011c48_4745&quot;(
    columns: {
      &quot;departmentId&quot;,
      &quot;departmentName&quot;
    }
  ).data,
  local!agency: #&quot;3af0f2e5-5c7f-4f1b-b92a-7b2b087a2287&quot;(
    columns: {
      &quot;id&quot;,
      &quot;label&quot;
    },
    type: #&quot;_a-0000dd0d-462c-8000-9ba2-011c48011c48_4342&quot;,
    isActive: true
  ).data,
  local!promotionPotential: enumerate(
    #&quot;_a-0000dd0d-462c-8000-9ba2-011c48011c48_4180&quot;
  ) + 1,
  #&quot;SYSTEM_SYSRULES_sectionLayout&quot;(
    label: &quot;Additional Details&quot;,
    firstColumnContents: {
      #&quot;_a-0000dd0d-462c-8000-9ba2-011c48011c48_3690&quot;(
        label: &quot;Series&quot;,
        readOnly: ri!readOnly,
        required: true,
        value: ri!position.positionSeries,
        saveInto: ri!position.positionSeries
      ),
      #&quot;_a-0000dd0d-462c-8000-9ba2-011c48011c48_3690&quot;(
        label: &quot;Grade&quot;,
        readOnly: ri!readOnly,
        required: true,
        value: ri!position.positionGrade,
        saveInto: ri!position.positionGrade
      ),
      #&quot;_a-0000dd0d-462c-8000-9ba2-011c48011c48_3690&quot;(
        label: &quot;Announcement Number&quot;,
        readOnly: ri!readOnly,
        required: true,
        value: ri!position.positionAnnouncement,
        saveInto: ri!position.positionAnnouncement
      ),
      #&quot;_a-0000dd0d-462c-8000-9ba2-011c48011c48_3692&quot;(
        label: &quot;Supervisory Status&quot;,
        readOnly: ri!readOnly,
       required: true,
        choiceLabels: {
          &quot;Yes&quot;,
          &quot;No&quot;
        },
        choiceValues: {
          true,
          false
        },
        value: ri!position.positionSupervisoryStatus,
        saveInto: ri!position.positionSupervisoryStatus,
        choiceLayout: &quot;COMPACT&quot;
      ),
      #&quot;_a-0000dd0d-462c-8000-9ba2-011c48011c48_3690&quot;(
        label: &quot;Control Number&quot;,
        readOnly: ri!readOnly,
       required: true,
        value: ri!position.positionControlNumber,
        saveInto: ri!position.positionControlNumber
      )
    },
    secondColumnContents: {
      #&quot;_a-0000dd0d-462c-8000-9ba2-011c48011c48_3685&quot;(
        label: &quot;Department&quot;,
        readOnly: ri!readOnly,
        required: true,
        choiceLabels: local!department.departmentName,
        choiceValues: local!department.departmentId,
        placeholderLabel: #&quot;_a-0000dd0d-462c-8000-9ba2-011c48011c48_4728&quot;,
        value: ri!position.positionDeptId,
        saveInto: ri!position.positionDeptId
      ),
      #&quot;_a-0000dd0d-462c-8000-9ba2-011c48011c48_3685&quot;(
        label: &quot;Agency&quot;,
        readOnly: ri!readOnly,
        required: true,
        choiceLabels: local!agency.label,
        choiceValues: local!agency.id,
        value: ri!position.positionAgencyId,
        saveInto: ri!position.positionAgencyId
      ),
      #&quot;_a-0000dd0d-462c-8000-9ba2-011c48011c48_3685&quot;(
        label: &quot;Promotion Potential&quot;,
        readOnly: ri!readOnly,
    required: true,
        choiceLabels: local!promotionPotential,
        choiceValues: local!promotionPotential,
        value: ri!position.positionPromotionPotential,
        saveInto: ri!position.positionPromotionPotential
      )
    },
    isCollapsible: ri!readOnly
  )
)</definition>
        <namedTypedValue>
            <name>readOnly</name>
            <type>
                <name>boolean</name>
                <namespace>http://www.w3.org/2001/XMLSchema</namespace>
            </type>
        </namedTypedValue>
        <namedTypedValue>
            <name>position</name>
            <type>
                <name>HR_Position</name>
                <namespace>urn:com:appian:types:HR</namespace>
            </type>
        </namedTypedValue>
        <preferredEditor>interface</preferredEditor>
        <offlineEnabled>false</offlineEnabled>
    </rule>
    <roleMap public="true">
        <role allowForAll="false" inherit="true" name="readers">
            <users/>
            <groups/>
        </role>
        <role allowForAll="false" inherit="true" name="authors">
            <users/>
            <groups/>
        </role>
        <role allowForAll="false" inherit="true" name="administrators">
            <users>
                <userUuid>ben.siegel</userUuid>
            </users>
            <groups/>
        </role>
        <role allowForAll="false" inherit="false" name="denyReaders">
            <users/>
            <groups/>
        </role>
        <role allowForAll="false" inherit="false" name="denyAuthors">
            <users/>
            <groups/>
        </role>
        <role allowForAll="false" inherit="false" name="denyAdministrators">
            <users/>
            <groups/>
        </role>
    </roleMap>
</contentHaul>
