<?xml version="1.0" encoding="UTF-8" standalone="yes"?>
<contentHaul xmlns:a="http://www.appian.com/ae/types/2009">
    <rule>
        <name>HR_FRM_ItEquipment_AddNew</name>
        <uuid>_a-0000dd0d-462c-8000-9ba2-011c48011c48_5302</uuid>
        <description>Form to add new IT Equipment records</description>
        <parentUuid>_a-0000dd0d-462c-8000-9ba2-011c48011c48_3563</parentUuid>
        <visibility>
            <advertise>false</advertise>
            <hierarchy>true</hierarchy>
            <indexable>true</indexable>
            <quota>false</quota>
            <searchable>true</searchable>
            <system>false</system>
            <unlogged>false</unlogged>
        </visibility>
        <definition>=#&quot;SYSTEM_SYSRULES_formLayout&quot;(
  label: &quot;Add New IT Equipment&quot;,
  firstColumnContents: {
    #&quot;SYSTEM_SYSRULES_sectionLayout&quot;(
      
    ),
    #&quot;_a-0000dd0d-462c-8000-9ba2-011c48011c48_5128&quot;(
      itEquipment: ri!itEquipment,     
      readOnly: ri!readOnly,
      purchaseStatus: ri!purchaseStatus,
      assignedUser: ri!assignedUser
    )},
  secondColumnContents: {},
  buttons:           #&quot;SYSTEM_SYSRULES_ButtonLayout&quot;(
  primaryButtons:
#&quot;SYSTEM_SYSRULES_ButtonWidgetSubmit&quot;(
    label: &quot;Submit&quot;,
    style: &quot;PRIMARY&quot;,
    value: #&quot;_a-0000dd0d-462c-8000-9ba2-011c48011c48_5544&quot;,
    saveInto: {ri!buttonValue, if(isnull(ri!assignedUser), {}, a!save(ri!itEquipment.assignedUserId, #&quot;_a-0000dd0d-462c-8000-9ba2-011c48011c48_6001&quot;(columns: {&quot;userId&quot;}, userName: ri!assignedUser).data[1].userId))},
    confirmMessage: &quot;Are you sure you wish to request the new IT Equipment? The request will be reviewed.&quot;
    ),
  secondaryButtons: {#&quot;SYSTEM_SYSRULES_ButtonWidget&quot;(
    label: &quot;Cancel&quot;,
    submit: true,
    validate: false,
    confirmMessage: &quot;Are you sure you wish to cancel?&quot;,
    value: #&quot;_a-0000dd0d-462c-8000-9ba2-011c48011c48_5426&quot;,
    saveInto: ri!buttonValue),
  }
  ),
  validations: {}
)</definition>
        <namedTypedValue>
            <name>itEquipment</name>
            <type>
                <name>HR_ItEquipment</name>
                <namespace>urn:com:appian:types:HR</namespace>
            </type>
        </namedTypedValue>
        <namedTypedValue>
            <name>readOnly</name>
            <type>
                <name>boolean</name>
                <namespace>http://www.w3.org/2001/XMLSchema</namespace>
            </type>
        </namedTypedValue>
        <namedTypedValue>
            <name>purchaseStatus</name>
            <type>
                <name>boolean</name>
                <namespace>http://www.w3.org/2001/XMLSchema</namespace>
            </type>
        </namedTypedValue>
        <namedTypedValue>
            <name>buttonValue</name>
            <type>
                <name>string</name>
                <namespace>http://www.w3.org/2001/XMLSchema</namespace>
            </type>
            <value/>
        </namedTypedValue>
        <namedTypedValue>
            <name>assignedUser</name>
            <type>
                <name>User</name>
                <namespace>http://www.appian.com/ae/types/2009</namespace>
            </type>
        </namedTypedValue>
        <preferredEditor>interface</preferredEditor>
        <offlineEnabled>false</offlineEnabled>
    </rule>
    <roleMap public="true">
        <role allowForAll="false" inherit="true" name="readers">
            <users/>
            <groups/>
        </role>
        <role allowForAll="false" inherit="true" name="authors">
            <users/>
            <groups/>
        </role>
        <role allowForAll="false" inherit="true" name="administrators">
            <users/>
            <groups/>
        </role>
        <role allowForAll="false" inherit="false" name="denyReaders">
            <users/>
            <groups/>
        </role>
        <role allowForAll="false" inherit="false" name="denyAuthors">
            <users/>
            <groups/>
        </role>
        <role allowForAll="false" inherit="false" name="denyAdministrators">
            <users/>
            <groups/>
        </role>
    </roleMap>
    <typedValue>
        <type>
            <name>RuleTestConfig?list</name>
            <namespace>http://www.appian.com/ae/types/2009</namespace>
        </type>
        <value>
            <el>
                <a:name/>
                <a:ruleInputTestConfigs>
                    <a:value xmlns:n1="urn:com:appian:types:HR" xmlns:xsi="http://www.w3.org/2001/XMLSchema-instance" xsi:nil="true" xsi:type="n1:HR_ItEquipment"/>
                    <a:nameRef>itEquipment</a:nameRef>
                    <a:id/>
                </a:ruleInputTestConfigs>
                <a:ruleInputTestConfigs>
                    <a:value xmlns:xsd="http://www.w3.org/2001/XMLSchema" xmlns:xsi="http://www.w3.org/2001/XMLSchema-instance" xsi:nil="true" xsi:type="xsd:boolean"/>
                    <a:nameRef>readOnly</a:nameRef>
                    <a:id/>
                </a:ruleInputTestConfigs>
                <a:ruleInputTestConfigs>
                    <a:value xmlns:xsd="http://www.w3.org/2001/XMLSchema" xmlns:xsi="http://www.w3.org/2001/XMLSchema-instance" xsi:nil="true" xsi:type="xsd:boolean"/>
                    <a:nameRef>purchaseStatus</a:nameRef>
                    <a:id/>
                </a:ruleInputTestConfigs>
                <a:ruleInputTestConfigs>
                    <a:value xmlns:xsd="http://www.w3.org/2001/XMLSchema" xmlns:xsi="http://www.w3.org/2001/XMLSchema-instance" xsi:type="xsd:string"/>
                    <a:nameRef>buttonValue</a:nameRef>
                    <a:id/>
                </a:ruleInputTestConfigs>
                <a:ruleInputTestConfigs>
                    <a:value xmlns:xsi="http://www.w3.org/2001/XMLSchema-instance" xsi:nil="true" xsi:type="a:User"/>
                    <a:nameRef>assignedUser</a:nameRef>
                    <a:id/>
                </a:ruleInputTestConfigs>
                <a:assertions xmlns:xsi="http://www.w3.org/2001/XMLSchema-instance" xsi:nil="true"/>
            </el>
        </value>
    </typedValue>
</contentHaul>
