<?xml version="1.0" encoding="UTF-8" standalone="yes"?>
<contentHaul xmlns:a="http://www.appian.com/ae/types/2009">
    <rule>
        <name>HR_SCT_Occupancy_occupiedGrid</name>
        <uuid>_a-0000dd0d-462c-8000-9ba2-011c48011c48_6382</uuid>
        <description>Grid that displays who is currently occupying a space.</description>
        <parentUuid>_a-0000dd0d-462c-8000-9ba2-011c48011c48_3551</parentUuid>
        <visibility>
            <advertise>false</advertise>
            <hierarchy>true</hierarchy>
            <indexable>true</indexable>
            <quota>false</quota>
            <searchable>true</searchable>
            <system>false</system>
            <unlogged>false</unlogged>
        </visibility>
        <definition>/*load(*/
/*    local!pagingInfo: a!pagingInfo(startIndex: 1, batchSize: -1),*/
/*    local!spacedatasubset: rule!HR_QRY_V_getSpace(columns: {&quot;spaceId&quot;, &quot;spaceName&quot;}, pagingInfo: local!pagingInfo),*/
/*    a!sectionLayout(*/
/*      label: &quot;Spaces Occupied as of &quot; &amp; todate(*/
/*        now()*/
/*      ) &amp; &quot; at &quot; &amp; text(now(), &quot;hh:mm AM/PM&quot;), */
/*      firstColumnContents: {*/
/*        a!gridField(*/
/*          labelposition: &quot;ABOVE&quot;,*/
/*          totalCount: local!spacedatasubset.totalCount,*/
/*          columns: {*/
/*            a!gridTextColumn(*/
/*              label: &quot;ID&quot;,*/
/*              field: &quot;id&quot;,*/
/*              data: index(*/
/*                local!spacedatasubset.data,*/
/*                &quot;spaceId&quot;,*/
/*                {}*/
/*              )*/
/*            ),*/
/*            a!gridTextColumn(*/
/*              label: &quot;Space&quot;,*/
/*              field: &quot;space&quot;,*/
/*              data: index(*/
/*                local!spacedatasubset.data,*/
/*                &quot;spaceName&quot;,*/
/*                {}*/
/*              )*/
/*            ),*/
/*            a!gridTextColumn(*/
/*              label: &quot;Reserved By&quot;,*/
/*              field: &quot;reservedBy&quot;,*/
/*              data: a!applyComponents(rule!HR_QRY_checkCurrentOccupancyUser, local!spacedatasubset.data.spaceId)*/
/*            ),*/
/*            a!gridTextColumn(*/
/*              label: &quot;Reserved From&quot;,*/
/*              field: &quot;reservedFrom&quot;,*/
/*              data: a!applyComponents(rule!HR_QRY_checkCurrentOccupancy, local!spacedatasubset.data.spaceId)*/
/*            ),*/
/*            a!gridTextColumn(*/
/*              label: &quot;Reserved To&quot;,*/
/*              field: &quot;reservedTo&quot;,*/
/*              data: a!applyComponents(rule!HR_QRY_checkCurrentOccupancyEnd, local!spacedatasubset.data.spaceId)*/
/*            ),*/
/*            a!gridTextColumn(*/
/*              label: &quot;Reservation Duration&quot;,*/
/*              field: &quot;reservedDuration&quot;,*/
/*              data: a!applyComponents(rule!HR_QRY_checkCurrentOccupancyDuration, local!spacedatasubset.data.spaceId)*/
/*            )*/
/*          },*/
/*          value: local!pagingInfo,*/
/*          saveInto: local!pagingInfo,*/
/*          selection: false,*/
/*          validations: {}*/
/*        )*/
/*      }*/
/*    )*/
/*)*/
load(
  local!pagingInfo: #&quot;SYSTEM_SYSRULES_pagingInfo&quot;(startIndex: 1, batchSize: -1, sort: #&quot;SYSTEM_SYSRULES_sortInfo&quot;(field: &quot;id&quot;)),
  local!reservations: #&quot;_a-0000dd0d-462c-8000-9ba2-011c48011c48_6628&quot;(columns: {&quot;spaceId&quot;, &quot;reservationFrom&quot;, &quot;reservationTo&quot;, &quot;reservationUserName&quot;}),
  local!spaces: #&quot;_a-0000dd0d-462c-8000-9ba2-011c48011c48_4973&quot;(columns: {&quot;spaceId&quot;, &quot;spaceName&quot;}),
  #&quot;SYSTEM_SYSRULES_sectionLayout&quot;(
    label: &quot;Spaces Occupied as of &quot; &amp; todate(
        now()
      ) &amp; &quot; at &quot; &amp; text(now(), &quot;hh:mm AM/PM&quot;), 
    firstColumnContents: {
        #&quot;SYSTEM_SYSRULES_gridField&quot;(
          totalCount: local!spaces.totalCount,
          columns: {
            #&quot;SYSTEM_SYSRULES_gridTextColumn&quot;(
              label: &quot;Space ID&quot;,
              field: &quot;id&quot;,
              data: index(local!spaces.data, &quot;spaceId&quot;)
            ),
            #&quot;SYSTEM_SYSRULES_gridTextColumn&quot;(
              label: &quot;Space Name&quot;,
              field: &quot;name&quot;,
              data: index(local!spaces.data, &quot;spaceName&quot;)
            ),
            #&quot;SYSTEM_SYSRULES_gridImageColumn&quot;(
              label: &quot;Occupied?&quot;,
              field: &quot;occupied&quot;,
              data: if(local!spaces.data.spaceId = local!reservations.data.spaceId, {#&quot;SYSTEM_SYSRULES_documentImage&quot;(
                document: #&quot;SYSTEM_SYSRULES_iconIndicator&quot;(
                  icon: &quot;STATUS_OK&quot;
                  )
              )}, {#&quot;SYSTEM_SYSRULES_documentImage&quot;(
                document: #&quot;SYSTEM_SYSRULES_iconIndicator&quot;(
                  icon: &quot;STATUS_NOTDONE&quot;
                  )
              )}),
              size: &quot;ICON&quot;
            ),
            #&quot;SYSTEM_SYSRULES_gridTextColumn&quot;(
              label: &quot;Reserved By&quot;,
              field: &quot;reservationTo&quot;,
              data: if(local!spaces.data.spaceId = local!reservations.data.spaceId, local!reservations.data.reservationUserName, &quot;&quot;)
            ),
            #&quot;SYSTEM_SYSRULES_gridTextColumn&quot;(
              label: &quot;Reservation From&quot;,
              field: &quot;reservationFrom&quot;,
              data: if(local!spaces.data.spaceId = local!reservations.data.spaceId, local!reservations.data.reservationFrom, &quot;&quot;)
            ),
            #&quot;SYSTEM_SYSRULES_gridTextColumn&quot;(
              label: &quot;Reservation To&quot;,
              field: &quot;reservationTo&quot;,
              data: if(local!spaces.data.spaceId = local!reservations.data.spaceId, local!reservations.data.reservationTo, &quot;&quot;)
            ),
            
          },
          value: local!pagingInfo,
          saveInto: local!pagingInfo
        )
      }
  )
)</definition>
        <preferredEditor>interface</preferredEditor>
        <offlineEnabled>false</offlineEnabled>
    </rule>
    <roleMap public="true">
        <role allowForAll="false" inherit="true" name="readers">
            <users/>
            <groups/>
        </role>
        <role allowForAll="false" inherit="true" name="authors">
            <users/>
            <groups/>
        </role>
        <role allowForAll="false" inherit="true" name="administrators">
            <users/>
            <groups/>
        </role>
        <role allowForAll="false" inherit="false" name="denyReaders">
            <users/>
            <groups/>
        </role>
        <role allowForAll="false" inherit="false" name="denyAuthors">
            <users/>
            <groups/>
        </role>
        <role allowForAll="false" inherit="false" name="denyAdministrators">
            <users/>
            <groups/>
        </role>
    </roleMap>
</contentHaul>
