<?xml version="1.0" encoding="UTF-8" standalone="yes"?>
<contentHaul xmlns:a="http://www.appian.com/ae/types/2009">
    <rule>
        <name>HR_SCT_Space_availability_weeklyGridRow</name>
        <uuid>_a-0000dd0d-462c-8000-9ba2-011c48011c48_6641</uuid>
        <description>Individual row in space's availability grid - weekly view</description>
        <parentUuid>_a-0000dd0d-462c-8000-9ba2-011c48011c48_3551</parentUuid>
        <visibility>
            <advertise>false</advertise>
            <hierarchy>true</hierarchy>
            <indexable>true</indexable>
            <quota>false</quota>
            <searchable>true</searchable>
            <system>false</system>
            <unlogged>false</unlogged>
        </visibility>
        <definition>#&quot;SYSTEM_SYSRULES_gridRowLayout&quot;(
  contents:{
    #&quot;SYSTEM_SYSRULES_richTextDisplayField&quot;(
        label: &quot;Time &quot;,
        readOnly: true,
        value: #&quot;SYSTEM_SYSRULES_richTextItem&quot;(text:ri!time, style:&quot;NORMAL&quot;)
    ),
    if(ri!day1Availability,
      #&quot;SYSTEM_SYSRULES_textField&quot;(
        label: &quot;Time &quot;,
        readOnly: true,
        value: &quot;&quot;
      ),
      #&quot;SYSTEM_SYSRULES_imageField&quot;(
        images: {#&quot;SYSTEM_SYSRULES_documentImage&quot;(document: todocument(4618))}
      )
    ),
    if(ri!day2Availability,
      #&quot;SYSTEM_SYSRULES_textField&quot;(
        label: &quot;Time &quot;,
        readOnly: true,
        value: &quot;&quot;
      ),
      #&quot;SYSTEM_SYSRULES_imageField&quot;(
        images: {#&quot;SYSTEM_SYSRULES_documentImage&quot;(document: todocument(4618))}
      )
    ),
    if(ri!day3Availability,
      #&quot;SYSTEM_SYSRULES_textField&quot;(
        label: &quot;Time &quot;,
        readOnly: true,
        value: &quot;&quot;
      ),
      #&quot;SYSTEM_SYSRULES_imageField&quot;(
        images: {#&quot;SYSTEM_SYSRULES_documentImage&quot;(document: todocument(4618))}
      )
    ),
    if(ri!day4Availability,
      #&quot;SYSTEM_SYSRULES_textField&quot;(
        label: &quot;Time &quot;,
        readOnly: true,
        value: &quot;&quot;
      ),
      #&quot;SYSTEM_SYSRULES_imageField&quot;(
        images: {#&quot;SYSTEM_SYSRULES_documentImage&quot;(document: todocument(4618))}
      )
    ),
    if(ri!day5Availability,
      #&quot;SYSTEM_SYSRULES_textField&quot;(
        label: &quot;Time &quot;,
        readOnly: true,
        value: &quot;&quot;
      ),
      #&quot;SYSTEM_SYSRULES_imageField&quot;(
        images: {#&quot;SYSTEM_SYSRULES_documentImage&quot;(document: todocument(4618))}
      )
    )
  }
)</definition>
        <namedTypedValue>
            <name>time</name>
            <type>
                <name>string</name>
                <namespace>http://www.w3.org/2001/XMLSchema</namespace>
            </type>
            <value/>
        </namedTypedValue>
        <namedTypedValue>
            <name>day1Availability</name>
            <type>
                <name>Boolean?list</name>
                <namespace>http://www.appian.com/ae/types/2009</namespace>
            </type>
        </namedTypedValue>
        <namedTypedValue>
            <name>day2Availability</name>
            <type>
                <name>Boolean?list</name>
                <namespace>http://www.appian.com/ae/types/2009</namespace>
            </type>
        </namedTypedValue>
        <namedTypedValue>
            <name>day3Availability</name>
            <type>
                <name>Boolean?list</name>
                <namespace>http://www.appian.com/ae/types/2009</namespace>
            </type>
        </namedTypedValue>
        <namedTypedValue>
            <name>day4Availability</name>
            <type>
                <name>Boolean?list</name>
                <namespace>http://www.appian.com/ae/types/2009</namespace>
            </type>
        </namedTypedValue>
        <namedTypedValue>
            <name>day5Availability</name>
            <type>
                <name>Boolean?list</name>
                <namespace>http://www.appian.com/ae/types/2009</namespace>
            </type>
        </namedTypedValue>
        <preferredEditor>interface</preferredEditor>
        <offlineEnabled>false</offlineEnabled>
    </rule>
    <roleMap public="true">
        <role allowForAll="false" inherit="true" name="readers">
            <users/>
            <groups/>
        </role>
        <role allowForAll="false" inherit="true" name="authors">
            <users/>
            <groups/>
        </role>
        <role allowForAll="false" inherit="true" name="administrators">
            <users>
                <userUuid>justin.watts</userUuid>
            </users>
            <groups/>
        </role>
        <role allowForAll="false" inherit="false" name="denyReaders">
            <users/>
            <groups/>
        </role>
        <role allowForAll="false" inherit="false" name="denyAuthors">
            <users/>
            <groups/>
        </role>
        <role allowForAll="false" inherit="false" name="denyAdministrators">
            <users/>
            <groups/>
        </role>
    </roleMap>
    <typedValue>
        <type>
            <name>RuleTestConfig?list</name>
            <namespace>http://www.appian.com/ae/types/2009</namespace>
        </type>
        <value>
            <el>
                <a:name/>
                <a:ruleInputTestConfigs>
                    <a:value xmlns:xsd="http://www.w3.org/2001/XMLSchema" xmlns:xsi="http://www.w3.org/2001/XMLSchema-instance" xsi:type="xsd:string"/>
                    <a:nameRef>time</a:nameRef>
                    <a:id/>
                </a:ruleInputTestConfigs>
                <a:ruleInputTestConfigs>
                    <a:nameRef>day1Availability</a:nameRef>
                    <a:id/>
                </a:ruleInputTestConfigs>
                <a:ruleInputTestConfigs>
                    <a:nameRef>day2Availability</a:nameRef>
                    <a:id/>
                </a:ruleInputTestConfigs>
                <a:ruleInputTestConfigs>
                    <a:nameRef>day3Availability</a:nameRef>
                    <a:id/>
                </a:ruleInputTestConfigs>
                <a:ruleInputTestConfigs>
                    <a:nameRef>day4Availability</a:nameRef>
                    <a:id/>
                </a:ruleInputTestConfigs>
                <a:ruleInputTestConfigs>
                    <a:nameRef>day5Availability</a:nameRef>
                    <a:id/>
                </a:ruleInputTestConfigs>
                <a:assertions xmlns:xsi="http://www.w3.org/2001/XMLSchema-instance" xsi:nil="true"/>
            </el>
        </value>
    </typedValue>
</contentHaul>
