<?xml version="1.0" encoding="UTF-8" standalone="yes"?>
<contentHaul xmlns:a="http://www.appian.com/ae/types/2009">
    <rule>
        <name>HR_FRM_Select_And_Reserve_Space</name>
        <uuid>_a-0000dd0d-462c-8000-9ba2-011c48011c48_6896</uuid>
        <description>Site Action to select and reserve a space.</description>
        <parentUuid>_a-0000dd0d-462c-8000-9ba2-011c48011c48_3563</parentUuid>
        <visibility>
            <advertise>false</advertise>
            <hierarchy>true</hierarchy>
            <indexable>true</indexable>
            <quota>false</quota>
            <searchable>true</searchable>
            <system>false</system>
            <unlogged>false</unlogged>
        </visibility>
        <definition>with(
  /*local!validReservation:true,*/
  local!step:if(#&quot;2168a5de-fb70-4d66-8b97-b547e3ac6e57&quot;(ri!space.spaceId),1,2),
  #&quot;SYSTEM_SYSRULES_formLayout&quot;(
    label: &quot;Reserve an Available Space&quot;,
    firstColumnContents: {
      #&quot;SYSTEM_SYSRULES_milestoneField&quot;(
        label: &quot;&quot;,
        labelPosition: &quot;ABOVE&quot;,
        steps: {&quot;Select Space&quot;, &quot;Request Reservation&quot;},
        links: {},
        active: local!step
      ),
    if(local!step=1,{
      #&quot;_a-0000dd0d-462c-8000-9ba2-011c48011c48_5694&quot;(false,ri!space)
    },
    {#&quot;_a-0000dd0d-462c-8000-9ba2-011c48011c48_5354&quot;(
        space: ri!space,
        readOnly: true
      ),
      #&quot;_a-0000dd0d-462c-8000-9ba2-011c48011c48_5412&quot;(
        reservation: ri!reservation,
        readOnly: false,
        space: ri!space,
        isRecurringReservation: ri!isRecurringReservation,
        recurFrom: ri!recurFrom,
        recurTo: ri!recurTo,
        recurFrequency: ri!recurFrequency,
        recurOn: ri!recurOn
      )})
    },
    secondColumnContents: {},
    buttons: #&quot;SYSTEM_SYSRULES_ButtonLayout&quot;(
      primaryButtons: {
        #&quot;SYSTEM_SYSRULES_ButtonWidgetSubmit&quot;(
          label: &quot;Submit&quot;,
          style: &quot;PRIMARY&quot;,
          value: #&quot;_a-0000dd0d-462c-8000-9ba2-011c48011c48_5544&quot;,
          saveInto: {ri!buttonClicked,
            a!save(ri!isRecurringReservation, if(isnull(ri!isRecurringReservation), false, ri!isRecurringReservation)),
            a!save(ri!reservation.reservationDuration, hour(ri!reservation.reservationTo-ri!reservation.reservationFrom) + minute(ri!reservation.reservationTo-ri!reservation.reservationFrom)/60),
            a!save(ri!reservation.spaceId, ri!space.spaceId),
            a!save(ri!reservation.reservationUserId, index(#&quot;_a-0000dd0d-462c-8000-9ba2-011c48011c48_3612&quot;(columns: {&quot;userId&quot;}, appianUsername: loggedInUser()).data, &quot;userId&quot;, null))
          }
        )
      },
      secondaryButtons: {
       if(local!step=1, #&quot;SYSTEM_SYSRULES_ButtonWidgetSubmit&quot;(
          label: &quot;Cancel&quot;,
          style: &quot;NORMAL&quot;,
          value: #&quot;_a-0000dd0d-462c-8000-9ba2-011c48011c48_5426&quot;,
          saveInto: ri!buttonClicked,
          skipValidation: true
        ),
        #&quot;SYSTEM_SYSRULES_ButtonWidget&quot;(
          label: &quot;Back&quot;,
          style: &quot;NORMAL&quot;,
          value: 1,
          saveInto: {
            a!save(ri!space,null)
          },
          skipValidation: true
        ))
      }
    ),
    validations: {
      if(ri!isRecurringReservation, &quot;&quot;, if(or(isnull(ri!reservation.reservationFrom), isnull(ri!reservation.reservationTo)), &quot;&quot;, if(#&quot;_a-0000dd0d-462c-8000-9ba2-011c48011c48_5290&quot;(
        reservationFrom: ri!reservation.reservationFrom,
        reservationTo: ri!reservation.reservationTo,
        spaceId: ri!space.spaceId
      ), &quot;&quot;, &quot;Requested reservation time is not available. Please choose another time, or reserve another space.&quot;)))
    }
  )
)</definition>
        <namedTypedValue>
            <name>buttonClicked</name>
            <type>
                <name>string</name>
                <namespace>http://www.w3.org/2001/XMLSchema</namespace>
            </type>
            <value/>
        </namedTypedValue>
        <namedTypedValue>
            <name>reservation</name>
            <type>
                <name>HR_Reservation</name>
                <namespace>urn:com:appian:types:HR</namespace>
            </type>
        </namedTypedValue>
        <namedTypedValue>
            <name>space</name>
            <type>
                <name>HR_V_Space_Record?list</name>
                <namespace>urn:com:appian:types:HR</namespace>
            </type>
        </namedTypedValue>
        <namedTypedValue>
            <name>isRecurringReservation</name>
            <type>
                <name>boolean</name>
                <namespace>http://www.w3.org/2001/XMLSchema</namespace>
            </type>
        </namedTypedValue>
        <namedTypedValue>
            <name>recurFrom</name>
            <type>
                <name>date</name>
                <namespace>http://www.w3.org/2001/XMLSchema</namespace>
            </type>
        </namedTypedValue>
        <namedTypedValue>
            <name>recurTo</name>
            <type>
                <name>date</name>
                <namespace>http://www.w3.org/2001/XMLSchema</namespace>
            </type>
        </namedTypedValue>
        <namedTypedValue>
            <name>recurFrequency</name>
            <type>
                <name>int</name>
                <namespace>http://www.w3.org/2001/XMLSchema</namespace>
            </type>
        </namedTypedValue>
        <namedTypedValue>
            <name>recurOn</name>
            <type>
                <name>Integer?list</name>
                <namespace>http://www.appian.com/ae/types/2009</namespace>
            </type>
        </namedTypedValue>
        <preferredEditor>interface</preferredEditor>
        <offlineEnabled>false</offlineEnabled>
    </rule>
    <roleMap public="true">
        <role allowForAll="false" inherit="true" name="readers">
            <users/>
            <groups/>
        </role>
        <role allowForAll="false" inherit="true" name="authors">
            <users/>
            <groups/>
        </role>
        <role allowForAll="false" inherit="true" name="administrators">
            <users>
                <userUuid>maneval@appian.com</userUuid>
            </users>
            <groups/>
        </role>
        <role allowForAll="false" inherit="false" name="denyReaders">
            <users/>
            <groups/>
        </role>
        <role allowForAll="false" inherit="false" name="denyAuthors">
            <users/>
            <groups/>
        </role>
        <role allowForAll="false" inherit="false" name="denyAdministrators">
            <users/>
            <groups/>
        </role>
    </roleMap>
    <typedValue>
        <type>
            <name>RuleTestConfig?list</name>
            <namespace>http://www.appian.com/ae/types/2009</namespace>
        </type>
        <value>
            <el>
                <a:name/>
                <a:ruleInputTestConfigs>
                    <a:value xmlns:xsd="http://www.w3.org/2001/XMLSchema" xmlns:xsi="http://www.w3.org/2001/XMLSchema-instance" xsi:type="xsd:string"/>
                    <a:nameRef>buttonClicked</a:nameRef>
                    <a:id/>
                </a:ruleInputTestConfigs>
                <a:ruleInputTestConfigs>
                    <a:value xmlns:n1="urn:com:appian:types:HR" xmlns:xsi="http://www.w3.org/2001/XMLSchema-instance" xsi:nil="true" xsi:type="n1:HR_Reservation"/>
                    <a:nameRef>reservation</a:nameRef>
                    <a:id/>
                </a:ruleInputTestConfigs>
                <a:ruleInputTestConfigs>
                    <a:nameRef>space</a:nameRef>
                    <a:id/>
                </a:ruleInputTestConfigs>
                <a:ruleInputTestConfigs>
                    <a:value xmlns:xsd="http://www.w3.org/2001/XMLSchema" xmlns:xsi="http://www.w3.org/2001/XMLSchema-instance" xsi:nil="true" xsi:type="xsd:boolean"/>
                    <a:nameRef>isRecurringReservation</a:nameRef>
                    <a:id/>
                </a:ruleInputTestConfigs>
                <a:ruleInputTestConfigs>
                    <a:value xmlns:xsd="http://www.w3.org/2001/XMLSchema" xmlns:xsi="http://www.w3.org/2001/XMLSchema-instance" xsi:nil="true" xsi:type="xsd:date"/>
                    <a:nameRef>recurFrom</a:nameRef>
                    <a:id/>
                </a:ruleInputTestConfigs>
                <a:ruleInputTestConfigs>
                    <a:value xmlns:xsd="http://www.w3.org/2001/XMLSchema" xmlns:xsi="http://www.w3.org/2001/XMLSchema-instance" xsi:nil="true" xsi:type="xsd:date"/>
                    <a:nameRef>recurTo</a:nameRef>
                    <a:id/>
                </a:ruleInputTestConfigs>
                <a:ruleInputTestConfigs>
                    <a:value xmlns:xsd="http://www.w3.org/2001/XMLSchema" xmlns:xsi="http://www.w3.org/2001/XMLSchema-instance" xsi:nil="true" xsi:type="xsd:int"/>
                    <a:nameRef>recurFrequency</a:nameRef>
                    <a:id/>
                </a:ruleInputTestConfigs>
                <a:ruleInputTestConfigs>
                    <a:nameRef>recurOn</a:nameRef>
                    <a:id/>
                </a:ruleInputTestConfigs>
                <a:assertions xmlns:xsi="http://www.w3.org/2001/XMLSchema-instance" xsi:nil="true"/>
            </el>
        </value>
    </typedValue>
</contentHaul>
