<?xml version="1.0" encoding="UTF-8" standalone="yes"?>
<contentHaul xmlns:a="http://www.appian.com/ae/types/2009">
    <rule>
        <name>HR_REPORT_PositionDetails</name>
        <uuid>_a-0000dd0d-462c-8000-9ba2-011c48011c48_3787</uuid>
        <description>Allow the user to enter filter criteria for the type of position records they want to retrieve.   Display position details information.</description>
        <parentUuid>_a-0000dd0a-5e76-8000-aae2-01ef9001ef90_3752</parentUuid>
        <visibility>
            <advertise>false</advertise>
            <hierarchy>true</hierarchy>
            <indexable>true</indexable>
            <quota>false</quota>
            <searchable>true</searchable>
            <system>false</system>
            <unlogged>false</unlogged>
        </visibility>
        <definition>/*load(*/
/*  local!positionId,*/
/*  local!positionName,*/
/*  local!positionSalaryUpper,*/
/*  local!positionSalaryLower,*/
/*  local!positionSeries,*/
/*  local!positionGrade,*/
/*  local!positionLocation,*/
/*  local!positionOpenDate,*/
/*  local!positionCloseDate,*/
/*  local!positionDept,*/
/*  local!positionAgencyName,*/
/*  local!userName,*/
/*  local!positionStatus,*/
/*  local!deptId,*/
/*  local!agencyId,*/
/*  local!department: rule!HR_QRY_R_getData(*/
/*        type: cons!HR_TEXT_REF_DEPARTMENT*/
/*    ).data,*/
/*   local!agency: rule!HR_QRY_R_getData(*/
/*      type: cons!HR_TEXT_REF_AGENCY*/
/*    ).data,*/
/*  local!pagingInfo: a!pagingInfo(*/
/*    startIndex: 1,*/
/*    batchSize: 20,*/
/*    sort: a!sortInfo(*/
/*      field: &quot;positionName&quot;,*/
/*      ascending: true*/
/*      )*/
/*    ),*/
/*  with(*/
/*    local!dataSubset: rule!HR_QRY_V_getPosition(*/
/*      positionId: local!positionId,      */
/*      positionName: local!positionName,*/
/*      positionSalaryLower: local!positionSalaryLower,*/
/*      positionSalaryUpper: local!positionSalaryUpper,*/
/*      positionSeries: local!positionSeries,*/
/*      positionGrade: local!positionGrade,*/
/*      positionLocation: local!positionLocation,*/
/*      positionOpenDate: local!positionOpenDate,*/
/*      positionCloseDate: local!positionCloseDate,      */
/*      positionDept: local!positionDept, */
/*      positionAgencyName: local!positionAgencyName, */
/*      positionuserName: local!userName,*/
/*      positionStatus: local!positionStatus   */
/*    ),*/

/*    a!dashboardLayout(*/
/*      firstColumnContents: {*/
/*        a!sectionLayout(*/
/*          label: &quot;Position Filters&quot;,*/
/*          firstColumnContents: {*/
/*            a!textField(*/
/*              label: &quot;Name&quot;,*/
/*              value: local!positionName,*/
/*              saveInto: local!positionName,*/
/*              readOnly: false */
/*            ),*/
/*            a!textField(*/
/*              label: &quot;Salary Upper&quot;,*/
/*              value: local!positionSalaryUpper,*/
/*              saveInto: rule!AF_RULE_General_fixed(local!positionSalaryUpper),*/
/*              readOnly: false */
/*            ),*/
/*            a!textField(*/
/*              label: &quot;Salary Lower&quot;,*/
/*              value: local!positionSalaryLower,*/
/*              saveInto: rule!AF_RULE_General_fixed(local!positionSalaryLower),*/
/*              readOnly: false */
/*            ),            */
/*            a!textField(*/
/*              label: &quot;Series&quot;,*/
/*              value: local!positionSeries,*/
/*              saveInto: local!positionSeries,*/
/*              readOnly: false*/
/*            ),*/
/*            a!textField(*/
/*              label: &quot;Grade:&quot;,*/
/*              value: local!positionGrade,*/
/*              saveInto: local!positionGrade,*/
/*              readOnly: false*/
/*            ),*/
/*            a!textField(*/
/*              label: &quot;Location&quot;,*/
/*              value: local!positionLocation,*/
/*              saveInto: local!positionLocation,*/
/*              readOnly: false*/
/*            )*/

/*          },*/
/*          secondColumnContents: {*/
/*            a!dateField(*/
/*              label: &quot;Open From&quot;,*/
/*              value: local!positionOpenDate,*/
/*              saveInto: local!positionOpenDate,*/
/*              readOnly: false*/
/*            ),*/
/*            a!dateField(*/
/*              label: &quot;Open To&quot;,*/
/*              value: local!positionCloseDate,*/
/*              saveInto: local!positionCloseDate,*/
/*              readOnly: false*/
/*            ),*/
/*            a!dropdownField(*/
/*              label: &quot;Department&quot;,*/
/*              labelPosition: &quot;ABOVE&quot;,*/
/*              placeholderLabel: &quot;--- Select a Value ---&quot;,*/
/*              choiceLabels: index(local!department, &quot;label&quot;, {}),*/
/*              choiceValues: index(local!department, &quot;label&quot;, {}),*/
/*              saveInto: local!deptId,*/
/*              validations: {}*/
/*            ),*/
/*            a!dropdownField(*/
/*              label: &quot;Agency&quot;,*/
/*              labelPosition: &quot;ABOVE&quot;,*/
/*              placeholderLabel: &quot;--- Select a Value ---&quot;,*/
/*              choiceLabels: index(local!agency, &quot;label&quot;, {}),*/
/*              choiceValues: index(local!agency, &quot;label&quot;, {}),*/
/*              saveInto: local!agencyId,*/
/*              validations: {}*/
/*            ),*/
/*            a!textField(*/
/*              label: &quot;Status&quot;,*/
/*              value: local!positionStatus,*/
/*              saveInto: local!positionStatus,*/
/*              readOnly: false*/
/*            ),*/
/*            a!pickerFieldUsers(*/
/*              label: &quot;Filled By&quot;,*/
/*              labelPosition: &quot;ABOVE&quot;,*/
/*              groupfilter: cons!HR_GRP_ALL_USERS,*/
/*              value: local!userName,*/
/*              saveInto: local!userName,*/
/*              validations: {}*/
/*            )  */
/*          }*/
/*        ),*/
/*  a!sectionLayout(*/
/*    label: &quot;Position Details&quot;,*/
/*    firstColumnContents: {*/
/*  a!gridField(*/
/*    totalCount: local!datasubset.totalCount,*/
/*      columns: {*/
/*        a!gridTextColumn(*/
/*          label: &quot;Name&quot;,*/
/*          field: &quot;positionName&quot;,*/
/*          data: index(local!datasubset.data, &quot;positionName&quot;, null)*/
/*        ),*/
/*        a!gridTextColumn(*/
/*          label: &quot;Salary Lower&quot;,*/
/*          field: &quot;positionSalaryLower&quot;,*/
/*          data: dollar(index(local!datasubset.data, &quot;positionSalaryLower&quot;, null),2,0)),*/
/*        a!gridTextColumn(*/
/*          label: &quot;Salary Upper&quot;,*/
/*          field: &quot;positionSalaryUpper&quot;,*/
/*          data: dollar(index(local!datasubset.data, &quot;positionSalaryUpper&quot;, null),2,0)),*/
/*        a!gridTextColumn(*/
/*          label: &quot;Series&quot;,*/
/*          field: &quot;positionSeries&quot;,*/
/*          data: index(local!datasubset.data, &quot;positionSeries&quot;, null)*/
/*        ),*/
/*        a!gridTextColumn(*/
/*          label: &quot;Grade&quot;,*/
/*          field: &quot;positionGrade&quot;,*/
/*          data: index(local!datasubset.data, &quot;positionGrade&quot;, null)*/
/*        ),*/
/*        a!gridTextColumn(*/
/*          label: &quot;Location&quot;,*/
/*          field: &quot;positionLocation&quot;,*/
/*          data: index(local!datasubset.data, &quot;positionLocation&quot;, null)*/
/*        ),*/
/*        a!gridTextColumn(*/
/*          label: &quot;Open Date&quot;,*/
/*          field: &quot;positionOpenDate&quot;,*/
/*          data: index(local!datasubset.data, &quot;positionOpenDate&quot;, null)*/
/*        ),*/
/*        a!gridTextColumn(*/
/*          label: &quot;Close Date&quot;,*/
/*          field: &quot;positionCloseDate&quot;,*/
/*          data: index(local!datasubset.data, &quot;positionCloseDate&quot;, null)*/
/*        ),*/
/*        a!gridTextColumn(*/
/*          label: &quot;Department&quot;,*/
/*          field: &quot;positionDept&quot;,*/
/*          data: index(local!datasubset.data, &quot;positionDept&quot;, null)*/
/*        ),*/
/*        a!gridTextColumn(*/
/*          label: &quot;Agency&quot;,*/
/*          field: &quot;positionAgencyName&quot;,*/
/*          data: index(local!datasubset.data, &quot;positionAgencyName&quot;, null)*/
/*        ),*/
/*        a!gridTextColumn(*/
/*          label: &quot;Filled By&quot;,*/
/*          field: &quot;userName&quot;,*/
/*          data: index(local!datasubset.data, &quot;userName&quot;, null)*/
/*        ),*/
/*        a!gridTextColumn(*/
/*          label: &quot;Status&quot;,*/
/*          field: &quot;positionStatus&quot;,*/
/*          data: index(local!datasubset.data, &quot;positionStatus&quot;, null)*/
/*        )*/
/*      },*/
/*      value: local!pagingInfo,*/
/*      saveInto: local!pagingInfo*/
/*    )*/
/*    }*/
/*  )}*/
/*  )*/
/*)*/
/*)*/</definition>
        <preferredEditor>interface</preferredEditor>
        <offlineEnabled>false</offlineEnabled>
    </rule>
    <roleMap public="true">
        <role allowForAll="false" inherit="true" name="readers">
            <users/>
            <groups/>
        </role>
        <role allowForAll="false" inherit="true" name="authors">
            <users/>
            <groups/>
        </role>
        <role allowForAll="false" inherit="true" name="administrators">
            <users/>
            <groups/>
        </role>
        <role allowForAll="false" inherit="false" name="denyReaders">
            <users/>
            <groups/>
        </role>
        <role allowForAll="false" inherit="false" name="denyAuthors">
            <users/>
            <groups/>
        </role>
        <role allowForAll="false" inherit="false" name="denyAdministrators">
            <users/>
            <groups/>
        </role>
    </roleMap>
</contentHaul>
