<?xml version="1.0" encoding="UTF-8" standalone="yes"?>
<contentHaul xmlns:a="http://www.appian.com/ae/types/2009">
    <rule>
        <name>HR_RULE_Utility_Position_mapRefDataToDisplayFromActionIdandValue</name>
        <uuid>_a-0000dd0d-462c-8000-9ba2-011c48011c48_6661</uuid>
        <description>TEST</description>
        <parentUuid>_a-0000dd0d-462c-8000-9ba2-011c48011c48_3791</parentUuid>
        <visibility>
            <advertise>false</advertise>
            <hierarchy>true</hierarchy>
            <indexable>true</indexable>
            <quota>false</quota>
            <searchable>true</searchable>
            <system>false</system>
            <unlogged>false</unlogged>
        </visibility>
        <definition>with(
    local!deptData: #&quot;_a-0000dd0d-462c-8000-9ba2-011c48011c48_4745&quot;(
    columns: {
      &quot;departmentId&quot;,
      &quot;departmentName&quot;
    }
  ).data,
  local!refData: #&quot;3af0f2e5-5c7f-4f1b-b92a-7b2b087a2287&quot;(
    columns: {
      &quot;id&quot;,
      &quot;type&quot;,
      &quot;label&quot;
    },
    type: {
      #&quot;_a-0000dd0d-462c-8000-9ba2-011c48011c48_4453&quot;,
      #&quot;_a-0000dd0d-462c-8000-9ba2-011c48011c48_4794&quot;,
      #&quot;_a-0000dd0d-462c-8000-9ba2-011c48011c48_4342&quot;,
      #&quot;_a-0000dd0d-462c-8000-9ba2-011c48011c48_4787&quot;,
      #&quot;_a-0000dd0d-462c-8000-9ba2-011c48011c48_6696&quot;
      
      
    },
    isActive: true
  ).data,
  local!positionEligibility: local!refData[wherecontains(
    #&quot;_a-0000dd0d-462c-8000-9ba2-011c48011c48_4453&quot;, touniformstring(
      local!refData.type
    )
  )],
  local!positionSalaryFrequency: local!refData[wherecontains(
    #&quot;_a-0000dd0d-462c-8000-9ba2-011c48011c48_4794&quot;, touniformstring(
      local!refData.type
    )
  )],
  local!positionAgency: local!refData[wherecontains(
    #&quot;_a-0000dd0d-462c-8000-9ba2-011c48011c48_4342&quot;, touniformstring(
      local!refData.type
    )
  )],
    local!positionSecurityClearance: local!refData[wherecontains(
    #&quot;_a-0000dd0d-462c-8000-9ba2-011c48011c48_4787&quot;, touniformstring(
      local!refData.type
    )
  )],
      local!positionStatus: local!refData[wherecontains(
    #&quot;_a-0000dd0d-462c-8000-9ba2-011c48011c48_6696&quot;, touniformstring(
      local!refData.type
    )
  )],
  choose(
  ri!actionId,
  {},
  { ri!value},
  { ri!value},
  { ri!value},
  { ri!value},
  { ri!value},
  { ri!value},
  /* dept */
  tostring(displayvalue(ri!value, tointeger(index(ri!deptData,&quot;departmentId&quot;, &quot;&quot;)), index(ri!deptData, &quot;departmentName&quot;, &quot;&quot;), null)),
  { ri!value},
  { ri!value},
  /* salary freq */{ 
    displayvalue(ri!value, tointeger(local!positionSalaryFrequency.id), local!positionSalaryFrequency.label, null)
  },
  { ri!value},
  { ri!value},
  { /* agency */
  displayvalue(ri!value, tointeger(local!positionAgency.id), local!positionAgency.label, null)
  },
  { ri!value},
  { /* eligibility */
  displayvalue(ri!value, tointeger(local!positionEligibility.id), local!positionEligibility.label, null)
  },
  { /* supervisory status */
  #&quot;99fc9f72-2b5f-43d3-8e3d-bf567a682b82&quot;(toboolean(ri!value))
  },
  { ri!value},
  { ri!value},
  { ri!value},
  { ri!value},
  { ri!value},
  { /* relocation authorized - yes no} */
  #&quot;99fc9f72-2b5f-43d3-8e3d-bf567a682b82&quot;(toboolean(ri!value))
  },
  { ri!value},
  { ri!value},
  {  /* security clearance */
  displayvalue(ri!value, tointeger(local!positionSecurityClearance.id), local!positionSecurityClearance.label, null)
  },
  { ri!value},
  { ri!value},
  { ri!value},
  { /* status */
  displayvalue(ri!value, tointeger(local!positionStatus.id), local!positionStatus.label, null)
  }
  ))
  
</definition>
        <namedTypedValue>
            <name>actionId</name>
            <type>
                <name>int</name>
                <namespace>http://www.w3.org/2001/XMLSchema</namespace>
            </type>
        </namedTypedValue>
        <namedTypedValue>
            <name>value</name>
            <type>
                <name>string</name>
                <namespace>http://www.w3.org/2001/XMLSchema</namespace>
            </type>
            <value/>
        </namedTypedValue>
        <preferredEditor>legacy</preferredEditor>
        <offlineEnabled>false</offlineEnabled>
    </rule>
    <roleMap public="true">
        <role allowForAll="false" inherit="true" name="readers">
            <users/>
            <groups/>
        </role>
        <role allowForAll="false" inherit="true" name="authors">
            <users/>
            <groups/>
        </role>
        <role allowForAll="false" inherit="true" name="administrators">
            <users/>
            <groups/>
        </role>
        <role allowForAll="false" inherit="false" name="denyReaders">
            <users/>
            <groups/>
        </role>
        <role allowForAll="false" inherit="false" name="denyAuthors">
            <users/>
            <groups/>
        </role>
        <role allowForAll="false" inherit="false" name="denyAdministrators">
            <users/>
            <groups/>
        </role>
    </roleMap>
</contentHaul>
