<?xml version="1.0" encoding="UTF-8" standalone="yes"?>
<contentHaul xmlns:a="http://www.appian.com/ae/types/2009">
    <rule>
        <name>HR_QRY_getUserPreference</name>
        <uuid>_a-0000dd0d-462c-8000-9ba2-011c48011c48_5757</uuid>
        <description>Gets all instances of an HR_User_Preference based on the filters</description>
        <parentUuid>_a-0000dd0d-462c-8000-9ba2-011c48011c48_3807</parentUuid>
        <visibility>
            <advertise>false</advertise>
            <hierarchy>true</hierarchy>
            <indexable>true</indexable>
            <quota>false</quota>
            <searchable>true</searchable>
            <system>false</system>
            <unlogged>false</unlogged>
        </visibility>
        <definition>#&quot;SYSTEM_SYSRULES_queryEntity&quot;(
  entity: #&quot;_a-0000dd0d-462c-8000-9ba2-011c48011c48_5753&quot;,
  query: #&quot;SYSTEM_SYSRULES_query&quot;(
    selection: if(#&quot;2168a5de-fb70-4d66-8b97-b547e3ac6e57&quot;(ri!columns), null,
      #&quot;SYSTEM_SYSRULES_querySelection&quot;(
        columns: apply(#&quot;SYSTEM_SYSRULES_queryColumn&quot;(field: _), ri!columns)
      )
    ),
    logicalExpression: 
      #&quot;SYSTEM_SYSRULES_queryLogicalExpression&quot;(
        operator: &quot;AND&quot;,
        filters: {
          if(#&quot;2168a5de-fb70-4d66-8b97-b547e3ac6e57&quot;(ri!id), 
          {},
            #&quot;SYSTEM_SYSRULES_queryFilter&quot;(
              field: &quot;id&quot;,
              operator: &quot;=&quot;,
              value: ri!id
            )
          ),
          if(#&quot;2168a5de-fb70-4d66-8b97-b547e3ac6e57&quot;(ri!userId), 
          {},
            #&quot;SYSTEM_SYSRULES_queryFilter&quot;(
              field: &quot;userId&quot;,
              operator: &quot;=&quot;,
              value: ri!userId
            )
          ),
          if(#&quot;2168a5de-fb70-4d66-8b97-b547e3ac6e57&quot;(ri!preferenceTypeId), 
          {},
            #&quot;SYSTEM_SYSRULES_queryFilter&quot;(
              field: &quot;preferenceTypeId&quot;,
              operator: &quot;=&quot;,
              value: ri!preferenceTypeId
            )
          )
      }
    ),
    pagingInfo: if(#&quot;2168a5de-fb70-4d66-8b97-b547e3ac6e57&quot;(ri!pagingInfo),
      #&quot;SYSTEM_SYSRULES_pagingInfo&quot;(
        startIndex: 1,
        batchSize: -1,
        sort: #&quot;SYSTEM_SYSRULES_sortInfo&quot;(
          field: &quot;id&quot;,
          ascending: true
        )
      ),
      ri!pagingInfo)
  )
)</definition>
        <namedTypedValue>
            <name>columns</name>
            <type>
                <name>Text?list</name>
                <namespace>http://www.appian.com/ae/types/2009</namespace>
            </type>
        </namedTypedValue>
        <namedTypedValue>
            <name>pagingInfo</name>
            <type>
                <name>PagingInfo</name>
                <namespace>http://www.appian.com/ae/types/2009</namespace>
            </type>
        </namedTypedValue>
        <namedTypedValue>
            <name>id</name>
            <type>
                <name>int</name>
                <namespace>http://www.w3.org/2001/XMLSchema</namespace>
            </type>
        </namedTypedValue>
        <namedTypedValue>
            <name>userId</name>
            <type>
                <name>int</name>
                <namespace>http://www.w3.org/2001/XMLSchema</namespace>
            </type>
        </namedTypedValue>
        <namedTypedValue>
            <name>preferenceTypeId</name>
            <type>
                <name>int</name>
                <namespace>http://www.w3.org/2001/XMLSchema</namespace>
            </type>
        </namedTypedValue>
        <preferredEditor>legacy</preferredEditor>
        <offlineEnabled>false</offlineEnabled>
    </rule>
    <roleMap public="true">
        <role allowForAll="false" inherit="true" name="readers">
            <users/>
            <groups/>
        </role>
        <role allowForAll="false" inherit="true" name="authors">
            <users/>
            <groups/>
        </role>
        <role allowForAll="false" inherit="true" name="administrators">
            <users/>
            <groups/>
        </role>
        <role allowForAll="false" inherit="false" name="denyReaders">
            <users/>
            <groups/>
        </role>
        <role allowForAll="false" inherit="false" name="denyAuthors">
            <users/>
            <groups/>
        </role>
        <role allowForAll="false" inherit="false" name="denyAdministrators">
            <users/>
            <groups/>
        </role>
    </roleMap>
</contentHaul>
