<?xml version="1.0" encoding="UTF-8" standalone="yes"?>
<contentHaul xmlns:a="http://www.appian.com/ae/types/2009">
    <rule>
        <name>HR_DASH_Building_Summary</name>
        <uuid>_a-0000dd0d-462c-8000-9ba2-011c48011c48_4581</uuid>
        <description>Building Record Summary Interface</description>
        <parentUuid>_a-0000dd0a-80c8-8000-aae2-01ef9001ef90_3769</parentUuid>
        <visibility>
            <advertise>false</advertise>
            <hierarchy>true</hierarchy>
            <indexable>true</indexable>
            <quota>false</quota>
            <searchable>true</searchable>
            <system>false</system>
            <unlogged>false</unlogged>
        </visibility>
        <definition>#&quot;SYSTEM_SYSRULES_dashboardLayout&quot;(
  firstColumnContents: {
    #&quot;SYSTEM_SYSRULES_sectionLayout&quot;(
      label: &quot;Building Details&quot;,
      firstColumnContents: {
        #&quot;_a-0000dd0d-462c-8000-9ba2-011c48011c48_3690&quot;(
          label: &quot;Campus&quot;,
          readOnly: true,
          value: rf!campusName
        ),
        #&quot;_a-0000dd0d-462c-8000-9ba2-011c48011c48_3690&quot;(
          label: &quot;Address&quot;,
          readOnly: true,
          value: #&quot;_a-0000dd0d-462c-8000-9ba2-011c48011c48_4720&quot;(
            addressLine1: rf!addressLine1,
            addressLine2: rf!addressLine2,
            addressLine3: rf!addressLine3,
            city: rf!city,
            state: rf!state,
            zip: rf!zip
          )
        ),
        #&quot;_a-0000dd0d-462c-8000-9ba2-011c48011c48_3690&quot;(
          label: &quot;Phone Number&quot;,
          readOnly: true,
          value: #&quot;_a-0000dd0d-462c-8000-9ba2-011c48011c48_4714&quot;(
            phoneNumber: rf!phoneNumber
          )
        ),
        #&quot;_a-0000dd0d-462c-8000-9ba2-011c48011c48_3690&quot;(
          label: &quot;Occupied Floors&quot;,
          readOnly: true,
          value: if(
            #&quot;_a-0000dd0d-462c-8000-9ba2-011c48011c48_5505&quot;(
              buildingId: rf!buildingId
            ).totalCount = 0,
            {},
            #&quot;_a-0000dd0d-462c-8000-9ba2-011c48011c48_5505&quot;(
              buildingId: rf!buildingId
            ).data.floorName
          )
        ),
        if(
          isnull(
            rf!purchaseDate
          ),
          {
            #&quot;_a-0000dd0d-462c-8000-9ba2-011c48011c48_3690&quot;(
              label: &quot;Lease Start Date&quot;,
              readOnly: true,
              value: rf!leaseFromDate
            ),
            #&quot;_a-0000dd0d-462c-8000-9ba2-011c48011c48_3690&quot;(
              label: &quot;Lease End Date&quot;,
              readOnly: true,
              value: rf!leaseToDate
            )
          },
          {
            #&quot;_a-0000dd0d-462c-8000-9ba2-011c48011c48_3690&quot;(
              label: &quot;Purchase Date&quot;,
              readOnly: true,
              value: rf!purchaseDate
            ),
            #&quot;_a-0000dd0d-462c-8000-9ba2-011c48011c48_3690&quot;(
              label: &quot;Sold Date&quot;,
              readOnly: true,
              value: rf!sellDate
            )
          }
        )
      },
      secondColumnContents: {
        #&quot;SYSTEM_SYSRULES_imageField&quot;(
              images: #&quot;SYSTEM_SYSRULES_documentImage&quot;(
                document: if(
                  isnull(
                    rf!buildingPhoto
                  ),
                  {},
                  rf!buildingPhoto
                )
              )
            )
      }
    )
  }
)</definition>
        <preferredEditor>interface</preferredEditor>
        <offlineEnabled>false</offlineEnabled>
    </rule>
    <roleMap public="true">
        <role allowForAll="false" inherit="true" name="readers">
            <users/>
            <groups/>
        </role>
        <role allowForAll="false" inherit="true" name="authors">
            <users/>
            <groups/>
        </role>
        <role allowForAll="false" inherit="true" name="administrators">
            <users/>
            <groups/>
        </role>
        <role allowForAll="false" inherit="false" name="denyReaders">
            <users/>
            <groups/>
        </role>
        <role allowForAll="false" inherit="false" name="denyAuthors">
            <users/>
            <groups/>
        </role>
        <role allowForAll="false" inherit="false" name="denyAdministrators">
            <users/>
            <groups/>
        </role>
    </roleMap>
</contentHaul>
