<?xml version="1.0" encoding="UTF-8" standalone="yes"?>
<contentHaul xmlns:a="http://www.appian.com/ae/types/2009">
    <rule>
        <name>HR_FRM_Position_reviewNewPosition</name>
        <uuid>_a-0000dd0d-462c-8000-9ba2-011c48011c48_7061</uuid>
        <description>Main form for approving/rejecting a new position</description>
        <parentUuid>_a-0000dd0d-462c-8000-9ba2-011c48011c48_3563</parentUuid>
        <visibility>
            <advertise>false</advertise>
            <hierarchy>true</hierarchy>
            <indexable>true</indexable>
            <quota>false</quota>
            <searchable>true</searchable>
            <system>false</system>
            <unlogged>false</unlogged>
        </visibility>
        <definition>#&quot;SYSTEM_SYSRULES_formLayout&quot;(
  label: ri!formLabel,
  firstColumnContents: {
    #&quot;_a-0000dd0d-462c-8000-9ba2-011c48011c48_4354&quot;(readOnly: true, position: ri!position),
    #&quot;_a-0000dd0d-462c-8000-9ba2-011c48011c48_4355&quot;(readOnly: true, position: ri!position),
    #&quot;_a-0000dd0d-462c-8000-9ba2-011c48011c48_4330&quot;(readOnly: true, position: ri!position),
    #&quot;_a-0000dd0d-462c-8000-9ba2-011c48011c48_4356&quot;(readOnly: true, position: ri!position),
    #&quot;_a-0000dd0d-462c-8000-9ba2-011c48011c48_4357&quot;(readOnly: true, position: ri!position),
    #&quot;SYSTEM_SYSRULES_sectionLayout&quot;(
      label: &quot;Decision&quot;,
      firstColumnContents: {
        #&quot;SYSTEM_SYSRULES_radioButtonField&quot;(
          required: true,
          choiceLabels: {&quot;Approve&quot;, &quot;Reject&quot;},
          choiceValues: {true, false},
          value: ri!isApproved,
          saveInto: ri!isApproved,
          labelPosition: &quot;COLLAPSED&quot;,
          choiceLayout: &quot;COMPACT&quot;
        )
      }
    )
  },
  buttons: #&quot;SYSTEM_SYSRULES_ButtonLayout&quot;(
    primaryButtons: #&quot;SYSTEM_SYSRULES_ButtonWidgetSubmit&quot;(
      label: &quot;Submit&quot;,
      style: &quot;PRIMARY&quot;,
      disabled: isnull(ri!isApproved),
      confirmMessage: if(ri!isApproved,
        &quot;Are you sure you wish to approve the new position?&quot;,
        &quot;Are you sure you wish to reject the new position?&quot;
      )
    )
  )
)</definition>
        <namedTypedValue>
            <name>position</name>
            <type>
                <name>HR_Position</name>
                <namespace>urn:com:appian:types:HR</namespace>
            </type>
        </namedTypedValue>
        <namedTypedValue>
            <name>isApproved</name>
            <type>
                <name>boolean</name>
                <namespace>http://www.w3.org/2001/XMLSchema</namespace>
            </type>
        </namedTypedValue>
        <namedTypedValue>
            <name>formLabel</name>
            <type>
                <name>string</name>
                <namespace>http://www.w3.org/2001/XMLSchema</namespace>
            </type>
            <value/>
        </namedTypedValue>
        <preferredEditor>interface</preferredEditor>
        <offlineEnabled>false</offlineEnabled>
    </rule>
    <roleMap public="true">
        <role allowForAll="false" inherit="true" name="readers">
            <users/>
            <groups/>
        </role>
        <role allowForAll="false" inherit="true" name="authors">
            <users/>
            <groups/>
        </role>
        <role allowForAll="false" inherit="true" name="administrators">
            <users>
                <userUuid>ben.siegel</userUuid>
            </users>
            <groups/>
        </role>
        <role allowForAll="false" inherit="false" name="denyReaders">
            <users/>
            <groups/>
        </role>
        <role allowForAll="false" inherit="false" name="denyAuthors">
            <users/>
            <groups/>
        </role>
        <role allowForAll="false" inherit="false" name="denyAdministrators">
            <users/>
            <groups/>
        </role>
    </roleMap>
    <typedValue>
        <type>
            <name>RuleTestConfig?list</name>
            <namespace>http://www.appian.com/ae/types/2009</namespace>
        </type>
        <value>
            <el>
                <a:name/>
                <a:ruleInputTestConfigs>
                    <a:value xmlns:n1="urn:com:appian:types:HR" xmlns:xsi="http://www.w3.org/2001/XMLSchema-instance" xsi:nil="true" xsi:type="n1:HR_Position"/>
                    <a:nameRef>position</a:nameRef>
                    <a:id/>
                </a:ruleInputTestConfigs>
                <a:ruleInputTestConfigs>
                    <a:value xmlns:xsd="http://www.w3.org/2001/XMLSchema" xmlns:xsi="http://www.w3.org/2001/XMLSchema-instance" xsi:nil="true" xsi:type="xsd:boolean"/>
                    <a:nameRef>isApproved</a:nameRef>
                    <a:id/>
                </a:ruleInputTestConfigs>
                <a:ruleInputTestConfigs>
                    <a:value xmlns:xsd="http://www.w3.org/2001/XMLSchema" xmlns:xsi="http://www.w3.org/2001/XMLSchema-instance" xsi:type="xsd:string"/>
                    <a:nameRef>formLabel</a:nameRef>
                    <a:id/>
                </a:ruleInputTestConfigs>
                <a:assertions xmlns:xsi="http://www.w3.org/2001/XMLSchema-instance" xsi:nil="true"/>
            </el>
        </value>
    </typedValue>
</contentHaul>
