<?xml version="1.0" encoding="UTF-8" standalone="yes"?>
<contentHaul xmlns:a="http://www.appian.com/ae/types/2009">
    <rule>
        <name>HR_RPT_Floor_utilization</name>
        <uuid>_a-0000dd0d-462c-8000-9ba2-011c48011c48_5800</uuid>
        <description>Floor utilization report</description>
        <parentUuid>_a-0000dd0a-5e76-8000-aae2-01ef9001ef90_3752</parentUuid>
        <visibility>
            <advertise>false</advertise>
            <hierarchy>true</hierarchy>
            <indexable>true</indexable>
            <quota>false</quota>
            <searchable>true</searchable>
            <system>false</system>
            <unlogged>false</unlogged>
        </visibility>
        <definition>=load(
  local!campusId,
  local!buildingId,
  local!floorId,
  
  #&quot;SYSTEM_SYSRULES_dashboardLayout&quot;(
    firstColumnContents: {
      #&quot;_a-0000dd0d-462c-8000-9ba2-011c48011c48_5801&quot;(
        campusId: local!campusId,
        buildingId: local!buildingId,
        floorId: local!floorId,
        finalDrillDownLevel: 3,
        finalLabel:&quot;Utilization&quot;
      ),
      if(#&quot;2168a5de-fb70-4d66-8b97-b547e3ac6e57&quot;(local!floorId), {}, 
        {#&quot;_a-0000dd0d-462c-8000-9ba2-011c48011c48_5773&quot;(
          floorId: local!floorId
        ),
        #&quot;_a-0000dd0d-462c-8000-9ba2-011c48011c48_5780&quot;(
          floorId: local!floorId
        )})
    },
    secondColumnContents: {}
  )
)</definition>
        <preferredEditor>interface</preferredEditor>
        <offlineEnabled>false</offlineEnabled>
    </rule>
    <roleMap public="true">
        <role allowForAll="false" inherit="true" name="readers">
            <users/>
            <groups/>
        </role>
        <role allowForAll="false" inherit="true" name="authors">
            <users/>
            <groups/>
        </role>
        <role allowForAll="false" inherit="true" name="administrators">
            <users>
                <userUuid>katie.hsu</userUuid>
            </users>
            <groups/>
        </role>
        <role allowForAll="false" inherit="false" name="denyReaders">
            <users/>
            <groups/>
        </role>
        <role allowForAll="false" inherit="false" name="denyAuthors">
            <users/>
            <groups/>
        </role>
        <role allowForAll="false" inherit="false" name="denyAdministrators">
            <users/>
            <groups/>
        </role>
    </roleMap>
</contentHaul>
