<?xml version="1.0" encoding="UTF-8" standalone="yes"?>
<contentHaul xmlns:a="http://www.appian.com/ae/types/2009">
    <rule>
        <name>HR_SCT_ItEquipment_generalRequestInformation</name>
        <uuid>_a-0000dd0d-462c-8000-9ba2-011c48011c48_5128</uuid>
        <description>Reusable section for general request information for IT Equipment</description>
        <parentUuid>_a-0000dd0d-462c-8000-9ba2-011c48011c48_3551</parentUuid>
        <visibility>
            <advertise>false</advertise>
            <hierarchy>true</hierarchy>
            <indexable>true</indexable>
            <quota>false</quota>
            <searchable>true</searchable>
            <system>false</system>
            <unlogged>false</unlogged>
        </visibility>
        <definition>load(&#xD;
  local!equipmentType: #&quot;3af0f2e5-5c7f-4f1b-b92a-7b2b087a2287&quot;(&#xD;
    columns: {&quot;id&quot;, &quot;label&quot;},&#xD;
    type: #&quot;_a-0000dd0d-462c-8000-9ba2-011c48011c48_5291&quot;,&#xD;
    isActive: true&#xD;
  ).data,&#xD;
#&quot;SYSTEM_SYSRULES_sectionLayout&quot;(&#xD;
    label: &quot;General Information&quot;,&#xD;
    firstColumnContents: {&#xD;
      #&quot;_a-0000dd0d-462c-8000-9ba2-011c48011c48_3685&quot;(&#xD;
        label: &quot;Equipment Type&quot;,&#xD;
        required: true,&#xD;
        readOnly: ri!readOnly,&#xD;
        choiceLabels: local!equipmentType.label,&#xD;
        choiceValues: local!equipmentType.id,&#xD;
        placeholderLabel: #&quot;_a-0000dd0d-462c-8000-9ba2-011c48011c48_4728&quot;,&#xD;
        value: ri!itEquipment.equipmentTypeId,&#xD;
        saveInto: ri!itEquipment.equipmentTypeId&#xD;
      )&#xD;
    ,&#xD;
      #&quot;_a-0000dd0d-462c-8000-9ba2-011c48011c48_3690&quot;(&#xD;
        label: &quot;Serial Number&quot;,&#xD;
        required: true,&#xD;
        readOnly: ri!readOnly,&#xD;
        value: ri!itEquipment.serialNumber,&#xD;
        saveInto: ri!itEquipment.serialNumber&#xD;
      ),&#xD;
      #&quot;_a-0000dd0d-462c-8000-9ba2-011c48011c48_3690&quot;(&#xD;
        label: &quot;Make&quot;,&#xD;
        required: true,&#xD;
        readOnly: ri!readOnly,&#xD;
        value: ri!itEquipment.make,&#xD;
        saveInto: ri!itEquipment.make&#xD;
      ),&#xD;
      #&quot;_a-0000dd0d-462c-8000-9ba2-011c48011c48_3690&quot;(&#xD;
        label: &quot;Model&quot;,&#xD;
        required: true,&#xD;
        readOnly: ri!readOnly,&#xD;
        value: ri!itEquipment.model,&#xD;
        saveInto: ri!itEquipment.model&#xD;
      )&#xD;
    },&#xD;
    secondColumnContents: {&#xD;
      if(ri!readOnly,&#xD;
        #&quot;_a-0000dd0d-462c-8000-9ba2-011c48011c48_3690&quot;(&#xD;
          label: &quot;Current Assignee&quot;,&#xD;
          readOnly: ri!readOnly,&#xD;
          value: if(isnull(ri!itEquipment.assignedUserId), &quot;&quot;, #&quot;64f07310-4544-413c-96ea-2bd500ad735e&quot;(user: #&quot;_a-0000dd0d-462c-8000-9ba2-011c48011c48_6001&quot;(columns: {&quot;userName&quot;}, userId: ri!itEquipment.assignedUserId).data[1].userName))&#xD;
        ),&#xD;
                #&quot;SYSTEM_SYSRULES_pickerFieldUsers&quot;(&#xD;
                  maxSelections: 1,&#xD;
          label: &quot;Current Assignee&quot;,&#xD;
          readOnly: ri!readOnly,&#xD;
          value: ri!assignedUser,&#xD;
          saveInto: ri!assignedUser)&#xD;
          &#xD;
        ),&#xD;
      #&quot;_a-0000dd0d-462c-8000-9ba2-011c48011c48_3692&quot;(&#xD;
        label: &quot;Purchase Status&quot;,&#xD;
        required: true,&#xD;
        readOnly: ri!readOnly, &#xD;
        choiceLabels: {&quot;Purchase&quot;, &quot;Lease&quot;},&#xD;
        choiceValues: {true, false},&#xD;
        value: ri!purchaseStatus,&#xD;
        saveInto: ri!purchaseStatus,&#xD;
        choiceLayout: &quot;COMPACT&quot;&#xD;
        ),&#xD;
      if(&#xD;
        ri!purchaseStatus,&#xD;
        #&quot;fa8d3278-99cb-48cb-b4c8-5602158660a9&quot;(&#xD;
        label: &quot;Purchase Date&quot;,&#xD;
        readOnly: ri!readOnly,&#xD;
        value: ri!itEquipment.purchaseDate,&#xD;
        saveInto: ri!itEquipment.purchaseDate&#xD;
        ),&#xD;
        #&quot;fa8d3278-99cb-48cb-b4c8-5602158660a9&quot;(&#xD;
          label: &quot;Lease Begin Date&quot;,&#xD;
          readOnly: ri!readOnly,&#xD;
          value: ri!itEquipment.leaseFromDate,&#xD;
          saveInto: ri!itEquipment.leaseFromDate&#xD;
        )&#xD;
        ),&#xD;
      if(&#xD;
        ri!purchaseStatus,&#xD;
        #&quot;fa8d3278-99cb-48cb-b4c8-5602158660a9&quot;(&#xD;
          label: &quot;End of Life Date&quot;,&#xD;
          readOnly: ri!readOnly,&#xD;
          value: ri!itEquipment.endOfLifeDate,&#xD;
          saveInto: ri!itEquipment.endOfLifeDate,&#xD;
&#xD;
                              validations: {&#xD;
          if(&#xD;
            or(&#xD;
              isnull(&#xD;
                ri!itEquipment.purchaseDate&#xD;
              ),&#xD;
              isnull(&#xD;
                ri!itEquipment.endOfLifeDate&#xD;
              )&#xD;
            ),&#xD;
            {},&#xD;
            if(&#xD;
              ri!itEquipment.purchaseDate &gt; ri!itEquipment.endOfLifeDate,&#xD;
              &quot;End of Life Date must be on or after Purchase Date&quot;,&#xD;
              {}&#xD;
            )&#xD;
          )&#xD;
        }&#xD;
          &#xD;
        ),&#xD;
        #&quot;fa8d3278-99cb-48cb-b4c8-5602158660a9&quot;(&#xD;
          label: &quot;Lease End Date&quot;,&#xD;
          readOnly: ri!readOnly,&#xD;
          value: ri!itEquipment.leaseToDate,&#xD;
          saveInto: ri!itEquipment.leaseToDate,&#xD;
                                        validations: {&#xD;
          if(&#xD;
            or(&#xD;
              isnull(&#xD;
                ri!itEquipment.leaseFromDate&#xD;
              ),&#xD;
              isnull(&#xD;
                ri!itEquipment.leaseToDate&#xD;
              )&#xD;
            ),&#xD;
            {},&#xD;
            if(&#xD;
              ri!itEquipment.leaseFromDate &gt; ri!itEquipment.leaseToDate,&#xD;
              &quot;Lease From Date must be on or after Lease To Date.&quot;,&#xD;
              {}&#xD;
            )&#xD;
          )&#xD;
        }&#xD;
        )&#xD;
        )&#xD;
    },&#xD;
          &#xD;
    isCollapsible: true&#xD;
    )&#xD;
    )</definition>
        <namedTypedValue>
            <name>itEquipment</name>
            <type>
                <name>HR_ItEquipment</name>
                <namespace>urn:com:appian:types:HR</namespace>
            </type>
        </namedTypedValue>
        <namedTypedValue>
            <name>readOnly</name>
            <type>
                <name>boolean</name>
                <namespace>http://www.w3.org/2001/XMLSchema</namespace>
            </type>
        </namedTypedValue>
        <namedTypedValue>
            <name>purchaseStatus</name>
            <type>
                <name>boolean</name>
                <namespace>http://www.w3.org/2001/XMLSchema</namespace>
            </type>
        </namedTypedValue>
        <namedTypedValue>
            <name>assignedUser</name>
            <type>
                <name>User</name>
                <namespace>http://www.appian.com/ae/types/2009</namespace>
            </type>
        </namedTypedValue>
        <preferredEditor>interface</preferredEditor>
        <offlineEnabled>false</offlineEnabled>
    </rule>
    <roleMap public="true">
        <role allowForAll="false" inherit="true" name="readers">
            <users/>
            <groups/>
        </role>
        <role allowForAll="false" inherit="true" name="authors">
            <users/>
            <groups/>
        </role>
        <role allowForAll="false" inherit="true" name="administrators">
            <users/>
            <groups/>
        </role>
        <role allowForAll="false" inherit="false" name="denyReaders">
            <users/>
            <groups/>
        </role>
        <role allowForAll="false" inherit="false" name="denyAuthors">
            <users/>
            <groups/>
        </role>
        <role allowForAll="false" inherit="false" name="denyAdministrators">
            <users/>
            <groups/>
        </role>
    </roleMap>
    <typedValue>
        <type>
            <name>RuleTestConfig?list</name>
            <namespace>http://www.appian.com/ae/types/2009</namespace>
        </type>
        <value>
            <el>
                <a:name/>
                <a:ruleInputTestConfigs>
                    <a:value xmlns:n1="urn:com:appian:types:HR" xmlns:xsi="http://www.w3.org/2001/XMLSchema-instance" xsi:nil="true" xsi:type="n1:HR_ItEquipment"/>
                    <a:nameRef>itEquipment</a:nameRef>
                    <a:id/>
                </a:ruleInputTestConfigs>
                <a:ruleInputTestConfigs>
                    <a:value xmlns:xsd="http://www.w3.org/2001/XMLSchema" xmlns:xsi="http://www.w3.org/2001/XMLSchema-instance" xsi:nil="true" xsi:type="xsd:boolean"/>
                    <a:nameRef>readOnly</a:nameRef>
                    <a:id/>
                </a:ruleInputTestConfigs>
                <a:ruleInputTestConfigs>
                    <a:value xmlns:xsd="http://www.w3.org/2001/XMLSchema" xmlns:xsi="http://www.w3.org/2001/XMLSchema-instance" xsi:nil="true" xsi:type="xsd:boolean"/>
                    <a:nameRef>purchaseStatus</a:nameRef>
                    <a:id/>
                </a:ruleInputTestConfigs>
                <a:ruleInputTestConfigs>
                    <a:value xmlns:xsi="http://www.w3.org/2001/XMLSchema-instance" xsi:nil="true" xsi:type="a:User"/>
                    <a:nameRef>assignedUser</a:nameRef>
                    <a:id/>
                </a:ruleInputTestConfigs>
                <a:assertions xmlns:xsi="http://www.w3.org/2001/XMLSchema-instance" xsi:nil="true"/>
            </el>
        </value>
    </typedValue>
</contentHaul>
