<?xml version="1.0" encoding="UTF-8" standalone="yes"?>
<contentHaul xmlns:a="http://www.appian.com/ae/types/2009">
    <rule>
        <name>HR_DASH_Position_Summary</name>
        <uuid>_a-0000dd0d-462c-8000-9ba2-011c48011c48_3746</uuid>
        <description>Position Record Summary Interface</description>
        <parentUuid>_a-0000dd0a-80c8-8000-aae2-01ef9001ef90_3769</parentUuid>
        <visibility>
            <advertise>false</advertise>
            <hierarchy>true</hierarchy>
            <indexable>true</indexable>
            <quota>false</quota>
            <searchable>true</searchable>
            <system>false</system>
            <unlogged>false</unlogged>
        </visibility>
        <definition>#&quot;SYSTEM_SYSRULES_dashboardLayout&quot;(
  firstColumnContents: {
    #&quot;SYSTEM_SYSRULES_sectionLayout&quot;(
      label: &quot;General Information&quot;,
      firstColumnContents: {
        #&quot;_a-0000dd0d-462c-8000-9ba2-011c48011c48_3690&quot;(
          label: &quot;Name&quot;,
          readOnly: true,
          value: rf!positionName
        ),
        #&quot;_a-0000dd0d-462c-8000-9ba2-011c48011c48_3690&quot;(
          label: &quot;Description&quot;,
          readOnly: true,
          value: rf!positionDesc
        ),
        #&quot;_a-0000dd0d-462c-8000-9ba2-011c48011c48_3690&quot;(
          label: &quot;Salary&quot;,
          readonly: true,
          value: #&quot;e3a37a1b-0acc-46d5-a7bc-42eec7fb6691&quot;(
            number: rf!positionSalaryLower
          ) &amp; &quot; to &quot; &amp; #&quot;e3a37a1b-0acc-46d5-a7bc-42eec7fb6691&quot;(
            number: rf!positionSalaryUpper
          ) &amp; &quot; &quot; &amp; rf!positionSalaryFrequency
        ),
        #&quot;_a-0000dd0d-462c-8000-9ba2-011c48011c48_3690&quot;(
          label: &quot;Who May Apply&quot;,
          readonly: true,
          value: rf!positionEligibilityName
        )
      },
      secondColumnContents: {
        #&quot;_a-0000dd0d-462c-8000-9ba2-011c48011c48_3690&quot;(
          label: &quot;Location&quot;,
          readonly: true,
          value: rf!positionLocation
        ),
        #&quot;_a-0000dd0d-462c-8000-9ba2-011c48011c48_3690&quot;(
          label: &quot;Open Period&quot;,
          readonly: true,
          value: rf!positionOpenDate &amp; &quot; to &quot; &amp; rf!positionCloseDate
        ),
        #&quot;_a-0000dd0d-462c-8000-9ba2-011c48011c48_3690&quot;(
          label: &quot;Position Info&quot;,
          readonly: true,
          value: rf!positionInfo
        ),
        {
          if(
            isnull(
              rf!userName
            ),
            #&quot;_a-0000dd0d-462c-8000-9ba2-011c48011c48_3690&quot;(
              label: &quot;Filled By&quot;,
              readOnly: true,
              value: #&quot;_a-0000dd0d-462c-8000-9ba2-011c48011c48_4158&quot;
            ),
            #&quot;SYSTEM_SYSRULES_linkField&quot;(
              label: &quot;Filled By&quot;,
              labelPosition: &quot;ADJACENT&quot;,
              links: #&quot;SYSTEM_SYSRULES_recordLink&quot;(
                label: rf!userName,
                recordType: #&quot;_a-0000dd0d-462c-8000-9ba2-011c48011c48_3992&quot;,
                identifier: rf!userId
              )
            )
          )
        }
      },
      isCollapsible: true
    ),
    #&quot;SYSTEM_SYSRULES_sectionLayout&quot;(
      label: &quot;Additional Details&quot;,
      firstColumnContents: {
        #&quot;_a-0000dd0d-462c-8000-9ba2-011c48011c48_3690&quot;(
          label: &quot;Series &amp; Grade&quot;,
          readonly: true,
          value: rf!positionSeries &amp; &quot;/&quot; &amp; rf!positionGrade
        ),
        #&quot;_a-0000dd0d-462c-8000-9ba2-011c48011c48_3690&quot;(
          label: &quot;Announcement Number&quot;,
          readonly: true,
          value: rf!positionAnnouncement
        ),
        #&quot;SYSTEM_SYSRULES_richTextDisplayField&quot;(
          label: &quot;Supervisory Status&quot;,
          labelPosition: &quot;ADJACENT&quot;,
          value: if(
            isnull(
              rf!positionSupervisoryStatus
            ),
            {},
            if(
              rf!positionSupervisoryStatus,
              {
                #&quot;SYSTEM_SYSRULES_richTextItem&quot;(
                  text: &quot;Yes &quot;
                ),
                #&quot;SYSTEM_SYSRULES_richTextImage&quot;(
                  image: #&quot;SYSTEM_SYSRULES_documentImage&quot;(
                    document: #&quot;SYSTEM_SYSRULES_iconIndicator&quot;(
                      icon: &quot;STATUS_OK&quot;
                    )
                  )
                )
              },
              {
                #&quot;SYSTEM_SYSRULES_richTextItem&quot;(
                  text: &quot;No &quot;
                ),
                #&quot;SYSTEM_SYSRULES_richTextImage&quot;(
                  image: #&quot;SYSTEM_SYSRULES_documentImage&quot;(
                    document: #&quot;SYSTEM_SYSRULES_iconIndicator&quot;(
                      icon: &quot;STATUS_NOTDONE&quot;
                    )
                  )
                )
              }
            )
          )
        ),
        #&quot;_a-0000dd0d-462c-8000-9ba2-011c48011c48_3690&quot;(
          label: &quot;Control Number&quot;,
          readonly: true,
          value: rf!positionControlNumber
        )
      },
      secondColumnContents: {
        #&quot;_a-0000dd0d-462c-8000-9ba2-011c48011c48_3690&quot;(
          label: &quot;Department&quot;,
          readonly: true,
          value: rf!positionDept
        ),
        #&quot;_a-0000dd0d-462c-8000-9ba2-011c48011c48_3690&quot;(
          label: &quot;Agency&quot;,
          readonly: true,
          value: rf!positionAgencyName
        ),
        #&quot;_a-0000dd0d-462c-8000-9ba2-011c48011c48_3690&quot;(
          label: &quot;Promotion Potential&quot;,
          readonly: true,
          value: if(isnull(rf!positionPromotionPotential), rf!positionPromotionPotential, rf!positionPromotionPotential &amp; &quot;/&quot; &amp; #&quot;_a-0000dd0d-462c-8000-9ba2-011c48011c48_4180&quot;)
        ),
        if(isnull(rf!positionPromotionPotential), {}, #&quot;SYSTEM_SYSRULES_progressBarField&quot;(
          labelPosition: &quot;ADJACENT&quot;,
          percentage: #&quot;e3a37a1b-0acc-46d5-a7bc-42eec7fb6691&quot;(
            number: rf!positionPromotionPotential / #&quot;_a-0000dd0d-462c-8000-9ba2-011c48011c48_4180&quot;
          ) * 100
        ))
      },
      isCollapsible: true
    )
  }
)</definition>
        <preferredEditor>interface</preferredEditor>
        <offlineEnabled>false</offlineEnabled>
    </rule>
    <roleMap public="true">
        <role allowForAll="false" inherit="true" name="readers">
            <users/>
            <groups/>
        </role>
        <role allowForAll="false" inherit="true" name="authors">
            <users/>
            <groups/>
        </role>
        <role allowForAll="false" inherit="true" name="administrators">
            <users/>
            <groups/>
        </role>
        <role allowForAll="false" inherit="false" name="denyReaders">
            <users/>
            <groups/>
        </role>
        <role allowForAll="false" inherit="false" name="denyAuthors">
            <users/>
            <groups/>
        </role>
        <role allowForAll="false" inherit="false" name="denyAdministrators">
            <users/>
            <groups/>
        </role>
    </roleMap>
</contentHaul>
