<?xml version="1.0" encoding="UTF-8" standalone="yes"?>
<contentHaul xmlns:a="http://www.appian.com/ae/types/2009">
    <rule>
        <name>HR_SCT_Floor_currentUtilization</name>
        <uuid>_a-0000dd0d-462c-8000-9ba2-011c48011c48_5773</uuid>
        <description>Utilization for a floor for the current week</description>
        <parentUuid>_a-0000dd0d-462c-8000-9ba2-011c48011c48_3551</parentUuid>
        <visibility>
            <advertise>false</advertise>
            <hierarchy>true</hierarchy>
            <indexable>true</indexable>
            <quota>false</quota>
            <searchable>true</searchable>
            <system>false</system>
            <unlogged>false</unlogged>
        </visibility>
        <definition>=load(
  /*Week is Monday-Sunday*/
  local!pagingInfo: 
    #&quot;SYSTEM_SYSRULES_pagingInfo&quot;(
      startIndex: 1,
      batchSize: -1,
      sort: #&quot;SYSTEM_SYSRULES_sortInfo&quot;(
        field: &quot;floorId&quot;,
        ascending: true
      )
    ),
  local!numberOfSpaces: #&quot;_a-0000dd0d-462c-8000-9ba2-011c48011c48_4973&quot;(columns:{&quot;spaceId&quot;}, floorId: ri!floorId).totalCount, 
  local!totalBusinessHours: 40*local!numberOfSpaces,
  local!thisMonday: today()-fn!weekday(today(), 3),
  with(
    local!totalDuration:
      #&quot;SYSTEM_SYSRULES_queryEntity&quot;(
        entity: #&quot;_a-0000dd0d-462c-8000-9ba2-011c48011c48_4999&quot;,
        query: #&quot;SYSTEM_SYSRULES_query&quot;(
          logicalExpression: #&quot;SYSTEM_SYSRULES_queryLogicalExpression&quot;(
            operator: &quot;AND&quot;,
            filters: {
              #&quot;SYSTEM_SYSRULES_queryFilter&quot;(field: &quot;floorId&quot;, operator: &quot;=&quot;, value: ri!floorId),
              #&quot;SYSTEM_SYSRULES_queryFilter&quot;(field: &quot;reservationFrom&quot;, operator: &quot;&gt;=&quot;, value: todatetime(local!thisMonday)),
              #&quot;SYSTEM_SYSRULES_queryFilter&quot;(field: &quot;reservationTo&quot;, operator: &quot;&lt;=&quot;, value: todatetime(local!thisMonday+7))
            }
          ),
          aggregation: #&quot;SYSTEM_SYSRULES_queryAggregation&quot;(
            aggregationColumns: {
              #&quot;SYSTEM_SYSRULES_queryAggregationColumn&quot;(field: &quot;floorId&quot;, isGrouping: true),
              #&quot;SYSTEM_SYSRULES_queryAggregationColumn&quot;(field: &quot;reservationDuration&quot;, aggregationFunction: &quot;SUM&quot;)
            }
          ),
          pagingInfo: local!pagingInfo
        )
      ).data,
    
    #&quot;SYSTEM_SYSRULES_progressBarField&quot;(
      label: &quot;Current Utilization&quot;,
      instructions: if(#&quot;2168a5de-fb70-4d66-8b97-b547e3ac6e57&quot;(local!totalDuration), 0, todecimal(index(local!totalDuration, &quot;reservationDuration&quot;, null))) &amp; &quot; of &quot; &amp; todecimal(local!totalBusinessHours) &amp; &quot; business hours utilized&quot;, /*example: 20 of 40 business hours utilized*/
      percentage: (if(#&quot;2168a5de-fb70-4d66-8b97-b547e3ac6e57&quot;(local!totalDuration), 0, todecimal(index(local!totalDuration, &quot;reservationDuration&quot;, null))) / todecimal(local!totalBusinessHours)) * 100
    )
  )
  
  
)</definition>
        <namedTypedValue>
            <name>floorId</name>
            <type>
                <name>int</name>
                <namespace>http://www.w3.org/2001/XMLSchema</namespace>
            </type>
        </namedTypedValue>
        <preferredEditor>interface</preferredEditor>
        <offlineEnabled>false</offlineEnabled>
    </rule>
    <roleMap public="true">
        <role allowForAll="false" inherit="true" name="readers">
            <users/>
            <groups/>
        </role>
        <role allowForAll="false" inherit="true" name="authors">
            <users/>
            <groups/>
        </role>
        <role allowForAll="false" inherit="true" name="administrators">
            <users>
                <userUuid>katie.hsu</userUuid>
            </users>
            <groups/>
        </role>
        <role allowForAll="false" inherit="false" name="denyReaders">
            <users/>
            <groups/>
        </role>
        <role allowForAll="false" inherit="false" name="denyAuthors">
            <users/>
            <groups/>
        </role>
        <role allowForAll="false" inherit="false" name="denyAdministrators">
            <users/>
            <groups/>
        </role>
    </roleMap>
</contentHaul>
