<?xml version="1.0" encoding="UTF-8" standalone="yes"?>
<contentHaul xmlns:a="http://www.appian.com/ae/types/2009">
    <rule>
        <name>HR_QRY_checkCurrentOccupancyEnd</name>
        <uuid>_a-0000dd0d-462c-8000-9ba2-011c48011c48_6506</uuid>
        <description>poc</description>
        <parentUuid>_a-0000dd0d-462c-8000-9ba2-011c48011c48_3807</parentUuid>
        <visibility>
            <advertise>false</advertise>
            <hierarchy>true</hierarchy>
            <indexable>true</indexable>
            <quota>false</quota>
            <searchable>true</searchable>
            <system>false</system>
            <unlogged>false</unlogged>
        </visibility>
        <definition>load(&#xD;
  local!result:&#xD;
#&quot;SYSTEM_SYSRULES_queryEntity&quot;(&#xD;
  entity: #&quot;_a-0000dd0d-462c-8000-9ba2-011c48011c48_4999&quot;,&#xD;
  query: #&quot;SYSTEM_SYSRULES_query&quot;(&#xD;
    selection: #&quot;SYSTEM_SYSRULES_querySelection&quot;(&#xD;
      columns:{#&quot;SYSTEM_SYSRULES_queryColumn&quot;(&#xD;
        field: &quot;reservationFrom&quot;&#xD;
      ),&#xD;
      #&quot;SYSTEM_SYSRULES_queryColumn&quot;(&#xD;
        field: &quot;reservationTo&quot;&#xD;
      )&#xD;
      }&#xD;
    ),&#xD;
    logicalExpression: #&quot;SYSTEM_SYSRULES_queryLogicalExpression&quot;(&#xD;
      operator: &quot;AND&quot;,&#xD;
      logicalExpressions: #&quot;SYSTEM_SYSRULES_queryLogicalExpression&quot;(&#xD;
        operator: &quot;AND&quot;,&#xD;
        filters: {&#xD;
          #&quot;SYSTEM_SYSRULES_queryFilter&quot;(&#xD;
            field: &quot;reservationFrom&quot;,&#xD;
            operator: &quot;&lt;&quot;,&#xD;
            value: now()&#xD;
          ),&#xD;
          #&quot;SYSTEM_SYSRULES_queryFilter&quot;(&#xD;
            field: &quot;reservationTo&quot;,&#xD;
            operator: &quot;&gt;&quot;,&#xD;
            value: now()&#xD;
          ),&#xD;
          #&quot;SYSTEM_SYSRULES_queryFilter&quot;(&#xD;
            field: &quot;spaceId&quot;,&#xD;
            operator: &quot;=&quot;,&#xD;
            value: ri!spaceId&#xD;
          )&#xD;
        }&#xD;
      )&#xD;
    ),&#xD;
    pagingInfo: #&quot;SYSTEM_SYSRULES_pagingInfo&quot;(&#xD;
        startIndex: 1,&#xD;
        batchSize: -1&#xD;
        )&#xD;
  )&#xD;
).data,&#xD;
if(#&quot;2168a5de-fb70-4d66-8b97-b547e3ac6e57&quot;(local!result), {&quot;&quot;}, local!result.reservationTo)&#xD;
)</definition>
        <namedTypedValue>
            <name>spaceId</name>
            <type>
                <name>int</name>
                <namespace>http://www.w3.org/2001/XMLSchema</namespace>
            </type>
        </namedTypedValue>
        <preferredEditor>legacy</preferredEditor>
        <offlineEnabled>false</offlineEnabled>
    </rule>
    <roleMap public="true">
        <role allowForAll="false" inherit="true" name="readers">
            <users/>
            <groups/>
        </role>
        <role allowForAll="false" inherit="true" name="authors">
            <users/>
            <groups/>
        </role>
        <role allowForAll="false" inherit="true" name="administrators">
            <users/>
            <groups/>
        </role>
        <role allowForAll="false" inherit="false" name="denyReaders">
            <users/>
            <groups/>
        </role>
        <role allowForAll="false" inherit="false" name="denyAuthors">
            <users/>
            <groups/>
        </role>
        <role allowForAll="false" inherit="false" name="denyAdministrators">
            <users/>
            <groups/>
        </role>
    </roleMap>
</contentHaul>
