<?xml version="1.0" encoding="UTF-8" standalone="yes"?>
<contentHaul xmlns:a="http://www.appian.com/ae/types/2009">
    <rule>
        <name>HR_SCT_Position_displayEditsInGrid</name>
        <uuid>_a-0000dd0d-462c-8000-9ba2-011c48011c48_6594</uuid>
        <description>Test</description>
        <parentUuid>_a-0000dd0d-462c-8000-9ba2-011c48011c48_3551</parentUuid>
        <visibility>
            <advertise>false</advertise>
            <hierarchy>true</hierarchy>
            <indexable>true</indexable>
            <quota>false</quota>
            <searchable>true</searchable>
            <system>false</system>
            <unlogged>false</unlogged>
        </visibility>
        <definition>load(
      local!deptData: #&quot;_a-0000dd0d-462c-8000-9ba2-011c48011c48_4745&quot;(
    columns: {
      &quot;departmentId&quot;,
      &quot;departmentName&quot;
    }
  ).data,
  local!refData: #&quot;3af0f2e5-5c7f-4f1b-b92a-7b2b087a2287&quot;(
    columns: {
      &quot;id&quot;,
      &quot;type&quot;,
      &quot;label&quot;
    },
    type: {
      #&quot;_a-0000dd0d-462c-8000-9ba2-011c48011c48_4453&quot;,
      #&quot;_a-0000dd0d-462c-8000-9ba2-011c48011c48_4794&quot;,
      #&quot;_a-0000dd0d-462c-8000-9ba2-011c48011c48_4342&quot;,
      #&quot;_a-0000dd0d-462c-8000-9ba2-011c48011c48_4787&quot;,
      #&quot;_a-0000dd0d-462c-8000-9ba2-011c48011c48_6696&quot;
      
      
    },
    isActive: true
  ).data,
  local!pagingInfo: #&quot;SYSTEM_SYSRULES_pagingInfo&quot;(
    startIndex: 1,
    batchSize: 10
  ),
  local!positionAudits: #&quot;_a-0000dd0d-462c-8000-9ba2-011c48011c48_6266&quot;(
    oldPosition: ri!oldValue,
    newPosition: ri!newValue,
    positionAuditDatetime: now()
  ),
      
  with(
    local!dataset: todatasubset(
      local!positionAudits,
      local!pagingInfo
    ),
    #&quot;SYSTEM_SYSRULES_sectionLayout&quot;(
      label: &quot;Changes&quot;,
      firstColumnContents: {
        #&quot;SYSTEM_SYSRULES_gridField&quot;(
          totalCount: local!dataset.totalCount,
          value: local!pagingInfo,
          saveInto: local!pagingInfo,
          columns: {
            #&quot;SYSTEM_SYSRULES_gridTextColumn&quot;(
              label: &quot;Field&quot;,
              field: &quot;positionAuditActionId&quot;,
              data: apply(
                #&quot;_a-0000dd0d-462c-8000-9ba2-011c48011c48_6658&quot;,
                index(
                  local!dataset.data,
                  &quot;positionAuditActionId&quot;,
                  {}
                )
              )
            ),
            #&quot;SYSTEM_SYSRULES_gridTextColumn&quot;(
              label: &quot;New Value&quot;,
              field: &quot;positionAuditNewValue&quot;,
              data: index(local!dataset.data, &quot;positionAuditNewValue&quot;, {})
              /*data: apply(*/
              /*  rule!HR_RULE_Utility_Position_mapRefDataToDisplayFromActionIdandValue,*/
              /*  merge(*/
              /*  index(*/
              /*    local!dataset.data,*/
              /*    &quot;positionAuditActionId&quot;,*/
              /*    {}*/
              /*  ), index(local!dataset.data,*/
              /*  &quot;positionAuditNewValue&quot;,*/
              /*  {}*/
              /*)))*/
            ),
            #&quot;SYSTEM_SYSRULES_gridTextColumn&quot;(
              label: &quot;Old Value&quot;,
              field: &quot;positionAuditOldValue&quot;,
              data: index(
                local!dataset.data,
                &quot;positionAuditOldValue&quot;,
                {}
              )
            )
          }
        )
        /*,*/
        /*a!textField(*/
        /*  label:    merge(*/
        /*        index(*/
        /*          local!dataset.data,*/
        /*          &quot;positionAuditActionId&quot;,*/
        /*          {}*/
        /*        ), index(local!dataset.data,*/
        /*        &quot;positionAuditNewValue&quot;,*/
        /*        {}*/
        /*      ), local!refData, local!deptData)[1],*/
        /*      readOnly: true,*/
        /*      value: local!refData &amp; local!deptData*/
        /*)*/
      }
    )
  )
  
)</definition>
        <namedTypedValue>
            <name>oldValue</name>
            <type>
                <name>HR_Position</name>
                <namespace>urn:com:appian:types:HR</namespace>
            </type>
        </namedTypedValue>
        <namedTypedValue>
            <name>newValue</name>
            <type>
                <name>HR_Position</name>
                <namespace>urn:com:appian:types:HR</namespace>
            </type>
        </namedTypedValue>
        <namedTypedValue>
            <name>workflowId</name>
            <type>
                <name>int</name>
                <namespace>http://www.w3.org/2001/XMLSchema</namespace>
            </type>
        </namedTypedValue>
        <preferredEditor>interface</preferredEditor>
        <offlineEnabled>false</offlineEnabled>
    </rule>
    <roleMap public="true">
        <role allowForAll="false" inherit="true" name="readers">
            <users/>
            <groups/>
        </role>
        <role allowForAll="false" inherit="true" name="authors">
            <users/>
            <groups/>
        </role>
        <role allowForAll="false" inherit="true" name="administrators">
            <users/>
            <groups/>
        </role>
        <role allowForAll="false" inherit="false" name="denyReaders">
            <users/>
            <groups/>
        </role>
        <role allowForAll="false" inherit="false" name="denyAuthors">
            <users/>
            <groups/>
        </role>
        <role allowForAll="false" inherit="false" name="denyAdministrators">
            <users/>
            <groups/>
        </role>
    </roleMap>
    <typedValue>
        <type>
            <name>RuleTestConfig?list</name>
            <namespace>http://www.appian.com/ae/types/2009</namespace>
        </type>
        <value>
            <el>
                <a:name/>
                <a:ruleInputTestConfigs>
                    <a:value xmlns:xsi="http://www.w3.org/2001/XMLSchema-instance" xsi:type="a:Expression">#&quot;_a-0000dd0d-462c-8000-9ba2-011c48011c48_4253&quot;(positionId: 6).data[1]</a:value>
                    <a:nameRef>oldValue</a:nameRef>
                    <a:id/>
                </a:ruleInputTestConfigs>
                <a:ruleInputTestConfigs>
                    <a:value xmlns:xsi="http://www.w3.org/2001/XMLSchema-instance" xsi:type="a:Expression">#&quot;_a-0000dd0d-462c-8000-9ba2-011c48011c48_4253&quot;(positionId: 20).data[1]</a:value>
                    <a:nameRef>newValue</a:nameRef>
                    <a:id/>
                </a:ruleInputTestConfigs>
                <a:ruleInputTestConfigs>
                    <a:value xmlns:xsi="http://www.w3.org/2001/XMLSchema-instance" xsi:type="a:Expression">5</a:value>
                    <a:nameRef>workflowId</a:nameRef>
                    <a:id/>
                </a:ruleInputTestConfigs>
                <a:assertions xmlns:xsi="http://www.w3.org/2001/XMLSchema-instance" xsi:nil="true"/>
            </el>
        </value>
    </typedValue>
</contentHaul>
