<?xml version="1.0" encoding="UTF-8" standalone="yes"?>
<contentHaul xmlns:a="http://www.appian.com/ae/types/2009">
    <rule>
        <name>HR_QRY_V_getUser</name>
        <uuid>_a-0000dd0d-462c-8000-9ba2-011c48011c48_3612</uuid>
        <description>Gets all instances of an HR_V_User_Record based on the filters</description>
        <parentUuid>_a-0000dd0d-462c-8000-9ba2-011c48011c48_3808</parentUuid>
        <visibility>
            <advertise>false</advertise>
            <hierarchy>true</hierarchy>
            <indexable>true</indexable>
            <quota>false</quota>
            <searchable>true</searchable>
            <system>false</system>
            <unlogged>false</unlogged>
        </visibility>
        <definition>#&quot;SYSTEM_SYSRULES_queryEntity&quot;(
  entity: #&quot;_a-0000dcfd-5663-8000-aae2-01ef9001ef90_3619&quot;,
  query: #&quot;SYSTEM_SYSRULES_query&quot;(
    selection: if(length({ri!columns}) = 0,
      {},
      #&quot;SYSTEM_SYSRULES_querySelection&quot;(
        columns: #&quot;SYSTEM_SYSRULES_applyComponents&quot;(
          function: #&quot;SYSTEM_SYSRULES_queryColumn&quot;(field: _),
          array: ri!columns
        )
      )
    ),
    logicalExpression: #&quot;SYSTEM_SYSRULES_queryLogicalExpression&quot;(
      operator: &quot;AND&quot;,
      filters: {
        if(isnull(ri!appianUsername), {}, #&quot;SYSTEM_SYSRULES_queryFilter&quot;(field: &quot;appianUsername&quot;, operator: &quot;=&quot;, value: ri!appianUsername)),
        if(isnull(ri!userName), {}, #&quot;SYSTEM_SYSRULES_queryFilter&quot;(field: &quot;userName&quot;, operator: &quot;includes&quot;, value: ri!userName)),
            if(isnull(ri!userName), {}, #&quot;SYSTEM_SYSRULES_queryFilter&quot;(field: &quot;userId&quot;, operator: &quot;=&quot;, value: ri!userId))
      }
    ),
    pagingInfo: if(isnull(ri!pagingInfo),
      #&quot;SYSTEM_SYSRULES_pagingInfo&quot;(
        startIndex: 1,
        batchSize: -1
      ),
      ri!pagingInfo
    )
  )
)</definition>
        <namedTypedValue>
            <name>columns</name>
            <type>
                <name>Text?list</name>
                <namespace>http://www.appian.com/ae/types/2009</namespace>
            </type>
        </namedTypedValue>
        <namedTypedValue>
            <name>pagingInfo</name>
            <type>
                <name>PagingInfo</name>
                <namespace>http://www.appian.com/ae/types/2009</namespace>
            </type>
        </namedTypedValue>
        <namedTypedValue>
            <name>appianUsername</name>
            <type>
                <name>string</name>
                <namespace>http://www.w3.org/2001/XMLSchema</namespace>
            </type>
            <value/>
        </namedTypedValue>
        <namedTypedValue>
            <name>userName</name>
            <type>
                <name>string</name>
                <namespace>http://www.w3.org/2001/XMLSchema</namespace>
            </type>
            <value/>
        </namedTypedValue>
        <namedTypedValue>
            <name>userId</name>
            <type>
                <name>int</name>
                <namespace>http://www.w3.org/2001/XMLSchema</namespace>
            </type>
        </namedTypedValue>
        <preferredEditor>legacy</preferredEditor>
        <offlineEnabled>false</offlineEnabled>
    </rule>
    <roleMap public="true">
        <role allowForAll="false" inherit="true" name="readers">
            <users/>
            <groups/>
        </role>
        <role allowForAll="false" inherit="true" name="authors">
            <users/>
            <groups/>
        </role>
        <role allowForAll="false" inherit="true" name="administrators">
            <users/>
            <groups/>
        </role>
        <role allowForAll="false" inherit="false" name="denyReaders">
            <users/>
            <groups/>
        </role>
        <role allowForAll="false" inherit="false" name="denyAuthors">
            <users/>
            <groups/>
        </role>
        <role allowForAll="false" inherit="false" name="denyAdministrators">
            <users/>
            <groups/>
        </role>
    </roleMap>
</contentHaul>
