<?xml version="1.0" encoding="UTF-8" standalone="yes"?>
<contentHaul xmlns:a="http://www.appian.com/ae/types/2009">
    <rule>
        <name>HR_RULE_Utility_generatePositionAudit</name>
        <uuid>_a-0000dd0d-462c-8000-9ba2-011c48011c48_6266</uuid>
        <description>Rule used for generating a position audit based on old and new HR_Position</description>
        <parentUuid>_a-0000dd0d-462c-8000-9ba2-011c48011c48_3791</parentUuid>
        <visibility>
            <advertise>false</advertise>
            <hierarchy>true</hierarchy>
            <indexable>true</indexable>
            <quota>false</quota>
            <searchable>true</searchable>
            <system>false</system>
            <unlogged>false</unlogged>
        </visibility>
        <definition>load(&#xD;
  /* ORDER OF CDT FIELDS MUST MATCH ORDER OF ACTIONS IN ACTION REF TABLE */&#xD;
  local!fields:#&quot;_a-0000dd0d-462c-8000-9ba2-011c48011c48_6267&quot;('type!{urn:com:appian:types:HR}HR_Position'()),&#xD;
  local!trimFields: intersection(ldrop(local!fields,1), rdrop(local!fields, 7)), /* Trim the fields that don't have a valid audit action */&#xD;
  local!fieldIds:where(&#xD;
    not(&#xD;
      apply(&#xD;
        #&quot;_a-0000dd0d-462c-8000-9ba2-011c48011c48_6270&quot;(oldValue:_,newValue:_),&#xD;
        merge(&#xD;
          apply(&#xD;
            index(ri!oldPosition, _, null),&#xD;
            local!trimFields&#xD;
          ),&#xD;
          apply(&#xD;
            index(ri!newPosition, _, null),&#xD;
            local!trimFields&#xD;
          )&#xD;
        )&#xD;
      )&#xD;
    )&#xD;
  ),&#xD;
  if(#&quot;2168a5de-fb70-4d66-8b97-b547e3ac6e57&quot;(local!fieldIds),{},&#xD;
    apply(&#xD;
      'type!{urn:com:appian:types:HR}HR_Position_Audit'(&#xD;
        positionId:ri!newPosition.positionId,&#xD;
        workflowId:ri!workflowId,&#xD;
        positionAuditActionId:_,&#xD;
        positionAuditOldValue:_,&#xD;
        positionAuditNewValue:_,&#xD;
        positionAuditDatetime:ri!positionAuditDatetime&#xD;
      ),&#xD;
      merge(&#xD;
        local!fieldIds + 1, /* The action id needs to line up with the action id in the ref table. +1 here because update position user is the first id in the ref action table, but is not a field in the position CDT */&#xD;
          apply(&#xD;
            index(ri!oldPosition,_,null),&#xD;
            apply(&#xD;
              index(local!trimFields,_,{}),&#xD;
              local!fieldIds&#xD;
            )&#xD;
        ),&#xD;
          apply(&#xD;
            index(ri!newPosition,_,null),&#xD;
            apply(&#xD;
              index(local!trimFields,_,{}),&#xD;
              local!fieldIds&#xD;
            )&#xD;
          )&#xD;
      )&#xD;
    )&#xD;
  )&#xD;
)</definition>
        <namedTypedValue>
            <name>oldPosition</name>
            <type>
                <name>HR_Position</name>
                <namespace>urn:com:appian:types:HR</namespace>
            </type>
        </namedTypedValue>
        <namedTypedValue>
            <name>newPosition</name>
            <type>
                <name>HR_Position</name>
                <namespace>urn:com:appian:types:HR</namespace>
            </type>
        </namedTypedValue>
        <namedTypedValue>
            <name>positionAuditDatetime</name>
            <type>
                <name>dateTime</name>
                <namespace>http://www.w3.org/2001/XMLSchema</namespace>
            </type>
        </namedTypedValue>
        <namedTypedValue>
            <name>workflowId</name>
            <type>
                <name>int</name>
                <namespace>http://www.w3.org/2001/XMLSchema</namespace>
            </type>
        </namedTypedValue>
        <preferredEditor>legacy</preferredEditor>
        <offlineEnabled>false</offlineEnabled>
    </rule>
    <roleMap public="true">
        <role allowForAll="false" inherit="true" name="readers">
            <users/>
            <groups/>
        </role>
        <role allowForAll="false" inherit="true" name="authors">
            <users/>
            <groups/>
        </role>
        <role allowForAll="false" inherit="true" name="administrators">
            <users/>
            <groups/>
        </role>
        <role allowForAll="false" inherit="false" name="denyReaders">
            <users/>
            <groups/>
        </role>
        <role allowForAll="false" inherit="false" name="denyAuthors">
            <users/>
            <groups/>
        </role>
        <role allowForAll="false" inherit="false" name="denyAdministrators">
            <users/>
            <groups/>
        </role>
    </roleMap>
</contentHaul>
