<?xml version="1.0" encoding="UTF-8" standalone="yes"?>
<contentHaul xmlns:a="http://www.appian.com/ae/types/2009">
    <rule>
        <name>HR_DASH_Spaces_Summary</name>
        <uuid>_a-0000dd0d-462c-8000-9ba2-011c48011c48_5034</uuid>
        <description>Spaces record summary interface.</description>
        <parentUuid>_a-0000dd0a-80c8-8000-aae2-01ef9001ef90_3769</parentUuid>
        <visibility>
            <advertise>false</advertise>
            <hierarchy>true</hierarchy>
            <indexable>true</indexable>
            <quota>false</quota>
            <searchable>true</searchable>
            <system>false</system>
            <unlogged>false</unlogged>
        </visibility>
        <definition>load(
  local!space: 'type!{urn:com:appian:types:HR}HR_V_Space_Record'(
    spaceName: rf!spaceName,
    spaceId: rf!spaceId,
    spaceTypeId: rf!spaceTypeId,
    spaceTypeLabel: rf!spaceTypeLabel,
    isTempSpace: rf!isTempSpace,
    isFurnished: rf!isFurnished,
    capacity: rf!capacity,
    buildingName: rf!buildingName,
    buildingId: rf!buildingId,
    campusName: rf!campusName,
    campusId: rf!campusId,
    floorName: rf!floorName,
    floorId: rf!floorId,
    floorPlan: rf!floorPlan,
    needsApproval: rf!needsApproval,
    addressLine1: rf!addressLine1,
    addressLine2: rf!addressLine2,
    addressLine3: rf!addressLine3,
    city: rf!city,
    state: rf!state,
    zip: rf!zip,
    phoneNumber: rf!phoneNumber
  ),
  #&quot;SYSTEM_SYSRULES_dashboardLayout&quot;(
    firstColumnContents: {
      #&quot;_a-0000dd0d-462c-8000-9ba2-011c48011c48_5354&quot;(
        space: local!space,
        readOnly:true
      ),
      #&quot;_a-0000dd0d-462c-8000-9ba2-011c48011c48_6162&quot;(
        space: local!space
      )
    }
  )
)</definition>
        <preferredEditor>interface</preferredEditor>
        <offlineEnabled>false</offlineEnabled>
    </rule>
    <roleMap public="true">
        <role allowForAll="false" inherit="true" name="readers">
            <users/>
            <groups/>
        </role>
        <role allowForAll="false" inherit="true" name="authors">
            <users/>
            <groups/>
        </role>
        <role allowForAll="false" inherit="true" name="administrators">
            <users/>
            <groups/>
        </role>
        <role allowForAll="false" inherit="false" name="denyReaders">
            <users/>
            <groups/>
        </role>
        <role allowForAll="false" inherit="false" name="denyAuthors">
            <users/>
            <groups/>
        </role>
        <role allowForAll="false" inherit="false" name="denyAdministrators">
            <users/>
            <groups/>
        </role>
    </roleMap>
</contentHaul>
