<?xml version="1.0" encoding="UTF-8" standalone="yes"?>
<contentHaul xmlns:a="http://www.appian.com/ae/types/2009">
    <rule>
        <name>HR_SCT_Position_generalInformation</name>
        <uuid>_a-0000dd0d-462c-8000-9ba2-011c48011c48_4354</uuid>
        <description>Reusable section for general information for a position</description>
        <parentUuid>_a-0000dd0d-462c-8000-9ba2-011c48011c48_3551</parentUuid>
        <visibility>
            <advertise>false</advertise>
            <hierarchy>true</hierarchy>
            <indexable>true</indexable>
            <quota>false</quota>
            <searchable>true</searchable>
            <system>false</system>
            <unlogged>false</unlogged>
        </visibility>
        <definition>load(
  local!refData: #&quot;3af0f2e5-5c7f-4f1b-b92a-7b2b087a2287&quot;(
    columns: {
      &quot;id&quot;,
      &quot;type&quot;,
      &quot;label&quot;
    },
    type: {
      #&quot;_a-0000dd0d-462c-8000-9ba2-011c48011c48_4453&quot;,
      #&quot;_a-0000dd0d-462c-8000-9ba2-011c48011c48_4794&quot;,
      #&quot;_a-0000dd0d-462c-8000-9ba2-011c48011c48_7091&quot;
    },
    isActive: true
  ).data,
  local!positionEligibility: local!refData[wherecontains(
    #&quot;_a-0000dd0d-462c-8000-9ba2-011c48011c48_4453&quot;, touniformstring(
      local!refData.type
    )
  )],
  local!positionSalaryFrequency: local!refData[wherecontains(
    #&quot;_a-0000dd0d-462c-8000-9ba2-011c48011c48_4794&quot;, touniformstring(
      local!refData.type
    )
  )],
    local!positionStatus: local!refData[wherecontains(
    #&quot;_a-0000dd0d-462c-8000-9ba2-011c48011c48_7091&quot;, touniformstring(
      local!refData.type
    )
  )],
  #&quot;SYSTEM_SYSRULES_sectionLayout&quot;(
    label: &quot;General Information&quot;,
    firstColumnContents: {
      #&quot;_a-0000dd0d-462c-8000-9ba2-011c48011c48_3690&quot;(
        label: &quot;Name&quot;,
       required: true,
        readOnly: ri!readOnly,
        value: ri!position.positionName,
        saveInto: ri!position.positionName
      ),
      #&quot;_a-0000dd0d-462c-8000-9ba2-011c48011c48_3687&quot;(
        label: &quot;Description&quot;,
       required: true,
        readOnly: ri!readOnly,
        value: ri!position.positionDesc,
        saveInto: ri!position.positionDesc
      ),
      #&quot;_a-0000dd0d-462c-8000-9ba2-011c48011c48_3690&quot;(
        label: &quot;Salary From&quot;,
       required: true,
        readOnly: ri!readOnly,
        value: #&quot;e3a37a1b-0acc-46d5-a7bc-42eec7fb6691&quot;(
          number: ri!position.positionSalaryLower
        ),
        saveInto: a!save(
          ri!position.positionSalaryLower,
          cleanwith(
            save!value,
            &quot;0123456789&quot;
          )
        )
      ),
      #&quot;_a-0000dd0d-462c-8000-9ba2-011c48011c48_3690&quot;(
        label: &quot;Salary To&quot;,
        required: true,
        readOnly: ri!readOnly,
        value: #&quot;e3a37a1b-0acc-46d5-a7bc-42eec7fb6691&quot;(
          number: ri!position.positionSalaryUpper
        ),
        validations: {
          if(
            or(
              isnull(
                ri!position.positionSalaryUpper
              ),
              isnull(
                ri!position.positionSalaryLower
              )
            ),
            {},
            if(
              ri!position.positionSalaryLower &gt; ri!position.positionSalaryUpper,
              &quot;Salary To must be greater than or equal to Salary From&quot;,
              {}
            )
          )
        },
        saveInto: a!save(
          ri!position.positionSalaryUpper,
          cleanwith(
            save!value,
            &quot;0123456789&quot;
          )
        )
      ),
      #&quot;_a-0000dd0d-462c-8000-9ba2-011c48011c48_3685&quot;(
        label: &quot;Salary Frequency&quot;,
        required: true,
        readOnly: ri!readOnly,
        choiceLabels: local!positionSalaryFrequency.label,
        choiceValues: local!positionSalaryFrequency.id,
        placeholderLabel: #&quot;_a-0000dd0d-462c-8000-9ba2-011c48011c48_4728&quot;,
        value: ri!position.salaryFrequencyId,
        saveInto: ri!position.salaryFrequencyId
      ),
      #&quot;_a-0000dd0d-462c-8000-9ba2-011c48011c48_3685&quot;(
        label: &quot;Who May Apply&quot;,
      required: true,
        readOnly: ri!readOnly,
        choiceLabels: local!positionEligibility.label,
        choiceValues: local!positionEligibility.id,
        placeholderLabel: #&quot;_a-0000dd0d-462c-8000-9ba2-011c48011c48_4728&quot;,
        value: ri!position.positionEligibilityId,
        saveInto: ri!position.positionEligibilityId
      )
    },
    secondColumnContents: {
      #&quot;_a-0000dd0d-462c-8000-9ba2-011c48011c48_3690&quot;(
        label: &quot;Location&quot;,
       required: true,
        readOnly: ri!readOnly,
        value: ri!position.positionLocation,
        saveInto: ri!position.positionLocation
      ),
      #&quot;fa8d3278-99cb-48cb-b4c8-5602158660a9&quot;(
        label: &quot;Open From&quot;,
        required: true,
        readOnly: ri!readOnly,
        value: ri!position.positionOpenDate,
        saveInto: ri!position.positionOpenDate
      ),
      #&quot;fa8d3278-99cb-48cb-b4c8-5602158660a9&quot;(
        label: &quot;Open To&quot;,
        required: true,
        readOnly: ri!readOnly,
        value: ri!position.positionCloseDate,
                  validations: {
          if(
            or(
              isnull(
                ri!position.positionOpenDate
              ),
              isnull(
                ri!position.positionCloseDate
              )
            ),
            {},
            if(
              ri!position.positionOpenDate &gt; ri!position.positionCloseDate,
              &quot;Open To must be on or after Open From&quot;,
              {}
            )
          )
        },
        saveInto: ri!position.positionCloseDate
        
      ),
      #&quot;_a-0000dd0d-462c-8000-9ba2-011c48011c48_3687&quot;(
        label: &quot;Position Info&quot;,
        required: true,
        readOnly: ri!readOnly,
        value: ri!position.positionInfo,
        saveInto: ri!position.positionInfo
      ),
      #&quot;_a-0000dd0d-462c-8000-9ba2-011c48011c48_3685&quot;(
        label: &quot;Status&quot;,
        required: true,
        readOnly: ri!readOnly,
        choiceLabels: local!positionStatus.label,
        choiceValues: local!positionStatus.id,
        value: ri!position.positionStatusId,
        validations: if(isnull(ri!position.positionStatusId), {}, if(and(not(isnull(ri!assignedUser)), ri!position.positionStatusId &lt;&gt; #&quot;_a-0000dd0d-462c-8000-9ba2-011c48011c48_7100&quot;), &quot;Positions that are filled by user must be Active.&quot;, {})),
        saveInto: ri!position.positionStatusId
      ),
      if(
        #&quot;2168a5de-fb70-4d66-8b97-b547e3ac6e57&quot;(
          ri!assignedUser.userId
        ),
        #&quot;_a-0000dd0d-462c-8000-9ba2-011c48011c48_3690&quot;(
          label: &quot;Filled By&quot;,
          readOnly: true,
          value: #&quot;_a-0000dd0d-462c-8000-9ba2-011c48011c48_4158&quot;,
          labelPosition: #&quot;7515f385-6042-4961-b666-89d55ce8534e&quot;(
            readOnly: ri!readOnly
          )
        ),
        #&quot;SYSTEM_SYSRULES_linkField&quot;(
          label: &quot;Filled By&quot;,
          labelPosition: #&quot;7515f385-6042-4961-b666-89d55ce8534e&quot;(
            readOnly: ri!readOnly
          ),
          links: #&quot;SYSTEM_SYSRULES_recordLink&quot;(
            label: ri!assignedUser.userFirstName &amp; &quot; &quot; &amp; ri!assignedUser.userLastName,
            recordType: #&quot;_a-0000dd0d-462c-8000-9ba2-011c48011c48_3992&quot;,
            identifier: ri!assignedUser.userId
          )
        )
      )
    },
    isCollapsible: ri!readOnly
  )
)</definition>
        <namedTypedValue>
            <name>readOnly</name>
            <type>
                <name>boolean</name>
                <namespace>http://www.w3.org/2001/XMLSchema</namespace>
            </type>
        </namedTypedValue>
        <namedTypedValue>
            <name>position</name>
            <type>
                <name>HR_Position</name>
                <namespace>urn:com:appian:types:HR</namespace>
            </type>
        </namedTypedValue>
        <namedTypedValue>
            <name>assignedUser</name>
            <type>
                <name>HR_User</name>
                <namespace>urn:com:appian:types:HR</namespace>
            </type>
        </namedTypedValue>
        <preferredEditor>interface</preferredEditor>
        <offlineEnabled>false</offlineEnabled>
    </rule>
    <roleMap public="true">
        <role allowForAll="false" inherit="true" name="readers">
            <users/>
            <groups/>
        </role>
        <role allowForAll="false" inherit="true" name="authors">
            <users/>
            <groups/>
        </role>
        <role allowForAll="false" inherit="true" name="administrators">
            <users/>
            <groups/>
        </role>
        <role allowForAll="false" inherit="false" name="denyReaders">
            <users/>
            <groups/>
        </role>
        <role allowForAll="false" inherit="false" name="denyAuthors">
            <users/>
            <groups/>
        </role>
        <role allowForAll="false" inherit="false" name="denyAdministrators">
            <users/>
            <groups/>
        </role>
    </roleMap>
</contentHaul>
