<?xml version="1.0" encoding="UTF-8" standalone="yes"?>
<contentHaul xmlns:a="http://www.appian.com/ae/types/2009">
    <rule>
        <name>HR_GRID_positionUserHistory</name>
        <uuid>_a-0000dd0d-462c-8000-9ba2-011c48011c48_4012</uuid>
        <description>Grid to display the user history of a position</description>
        <parentUuid>_a-0000dd0d-462c-8000-9ba2-011c48011c48_3789</parentUuid>
        <visibility>
            <advertise>false</advertise>
            <hierarchy>true</hierarchy>
            <indexable>true</indexable>
            <quota>false</quota>
            <searchable>true</searchable>
            <system>false</system>
            <unlogged>false</unlogged>
        </visibility>
        <definition>with(
  #&quot;SYSTEM_SYSRULES_gridField&quot;(
    totalCount: ri!positionHistory.totalCount,
    columns: {
      #&quot;SYSTEM_SYSRULES_gridTextColumn&quot;(
        label: &quot;Taken Over By&quot;,
        field: &quot;newUserName&quot;,
        data: 
          index(
            ri!positionHistory.data,
            &quot;newUserName&quot;,
            {}
          )
        ,
        links: #&quot;SYSTEM_SYSRULES_applyComponents&quot;(function:#&quot;SYSTEM_SYSRULES_recordLink&quot;(label: _, recordType: #&quot;_a-0000dd0d-462c-8000-9ba2-011c48011c48_3992&quot;, identifier: _), array: merge(index(
            ri!positionHistory.data,
            &quot;newUserName&quot;,
            {}
          ),index(ri!positionHistory.data, &quot;newUserId&quot;, {})))
      ),
      #&quot;SYSTEM_SYSRULES_gridTextColumn&quot;(
        label: &quot;Previously Filled By&quot;,
        field: &quot;oldUserName&quot;,
        data: 
          index(
            ri!positionHistory.data,
            &quot;oldUserName&quot;,
            {}),
   links: #&quot;SYSTEM_SYSRULES_applyComponents&quot;(function:#&quot;SYSTEM_SYSRULES_recordLink&quot;(label: _, recordType: #&quot;_a-0000dd0d-462c-8000-9ba2-011c48011c48_3992&quot;, identifier: _), array: merge(index(
            ri!positionHistory.data,
            &quot;oldUserName&quot;,
            {}
          ),index(ri!positionHistory.data, &quot;oldUserId&quot;, {})))
      ),
      #&quot;SYSTEM_SYSRULES_gridTextColumn&quot;(
        label: &quot;Transition Date&quot;,
        field: &quot;positionAuditDatetime&quot;,
        data: 
          todate(
          index(
            ri!positionHistory.data,
            &quot;positionAuditDatetime&quot;,
            {}
          )
        )
      )
    },
    value: ri!pagingInfo,
    saveInto: ri!pagingInfo
  )
)</definition>
        <namedTypedValue>
            <name>positionHistory</name>
            <type>
                <name>Variant</name>
                <namespace>http://www.appian.com/ae/types/2009</namespace>
            </type>
        </namedTypedValue>
        <namedTypedValue>
            <name>pagingInfo</name>
            <type>
                <name>PagingInfo</name>
                <namespace>http://www.appian.com/ae/types/2009</namespace>
            </type>
        </namedTypedValue>
        <preferredEditor>interface</preferredEditor>
        <offlineEnabled>false</offlineEnabled>
    </rule>
    <roleMap public="true">
        <role allowForAll="false" inherit="true" name="readers">
            <users/>
            <groups/>
        </role>
        <role allowForAll="false" inherit="true" name="authors">
            <users/>
            <groups/>
        </role>
        <role allowForAll="false" inherit="true" name="administrators">
            <users/>
            <groups/>
        </role>
        <role allowForAll="false" inherit="false" name="denyReaders">
            <users/>
            <groups/>
        </role>
        <role allowForAll="false" inherit="false" name="denyAuthors">
            <users/>
            <groups/>
        </role>
        <role allowForAll="false" inherit="false" name="denyAdministrators">
            <users/>
            <groups/>
        </role>
    </roleMap>
    <typedValue>
        <type>
            <name>RuleTestConfig?list</name>
            <namespace>http://www.appian.com/ae/types/2009</namespace>
        </type>
        <value>
            <el>
                <a:name/>
                <a:ruleInputTestConfigs>
                    <a:value xmlns:xsd="http://www.w3.org/2001/XMLSchema" xmlns:xsi="http://www.w3.org/2001/XMLSchema-instance" xsi:type="xsd:string"/>
                    <a:nameRef>positionHistory</a:nameRef>
                    <a:id/>
                </a:ruleInputTestConfigs>
                <a:ruleInputTestConfigs>
                    <a:value xmlns:xsi="http://www.w3.org/2001/XMLSchema-instance" xsi:nil="true" xsi:type="a:PagingInfo"/>
                    <a:nameRef>pagingInfo</a:nameRef>
                    <a:id/>
                </a:ruleInputTestConfigs>
                <a:assertions xmlns:xsi="http://www.w3.org/2001/XMLSchema-instance" xsi:nil="true"/>
            </el>
        </value>
    </typedValue>
</contentHaul>
