<?xml version="1.0" encoding="UTF-8" standalone="yes"?>
<contentHaul xmlns:a="http://www.appian.com/ae/types/2009">
    <rule>
        <name>HR_SCT_Space_searchAvailableSpace</name>
        <uuid>_a-0000dd0d-462c-8000-9ba2-011c48011c48_5694</uuid>
        <description>Search for open/available spaces</description>
        <parentUuid>_a-0000dd0d-462c-8000-9ba2-011c48011c48_3551</parentUuid>
        <visibility>
            <advertise>false</advertise>
            <hierarchy>true</hierarchy>
            <indexable>true</indexable>
            <quota>false</quota>
            <searchable>true</searchable>
            <system>false</system>
            <unlogged>false</unlogged>
        </visibility>
        <definition>=load(
  local!userId: index(#&quot;_a-0000dd0d-462c-8000-9ba2-011c48011c48_3612&quot;(columns: {&quot;userId&quot;}, appianUsername: loggedInUser()).data, &quot;userId&quot;, null),
  local!searchPreferences: #&quot;_a-0000dd0d-462c-8000-9ba2-011c48011c48_5757&quot;(userId: local!userId, preferenceTypeId: #&quot;_a-0000dd0d-462c-8000-9ba2-011c48011c48_5741&quot;).data, 
  local!spaceTypes: #&quot;3af0f2e5-5c7f-4f1b-b92a-7b2b087a2287&quot;(isActive: true, type: #&quot;_a-0000dd0d-462c-8000-9ba2-011c48011c48_4971&quot;).data,
  local!campuses: #&quot;_a-0000dd0d-462c-8000-9ba2-011c48011c48_5501&quot;(
    columns: {&quot;campusId&quot;, &quot;campusName&quot;},
    pagingInfo: #&quot;SYSTEM_SYSRULES_pagingInfo&quot;(
      startIndex: 1,
      batchSize: -1,
      sort: #&quot;SYSTEM_SYSRULES_sortInfo&quot;(
        field: &quot;campusName&quot;,
        ascending: true
      )
    )
  ).data,
  local!buildings: if(#&quot;2168a5de-fb70-4d66-8b97-b547e3ac6e57&quot;(local!searchPreferences), {}, #&quot;_a-0000dd0d-462c-8000-9ba2-011c48011c48_5503&quot;(campusId: local!searchPreferences.campusId).data),
  local!floors: if(#&quot;2168a5de-fb70-4d66-8b97-b547e3ac6e57&quot;(local!searchPreferences), {}, #&quot;_a-0000dd0d-462c-8000-9ba2-011c48011c48_5505&quot;(buildingId: local!searchPreferences.buildingId).data),
  local!spaceId,
  local!spaceName,
  local!spaceTypeId,
  local!campusId,
  local!buildingId,
  local!floorId,
  local!isFurnished,
  local!reservationFrom,
  local!reservationTo,
  local!campusId_search: if(#&quot;2168a5de-fb70-4d66-8b97-b547e3ac6e57&quot;(local!searchPreferences), null, local!searchPreferences.campusId),
  local!buildingId_search: if(#&quot;2168a5de-fb70-4d66-8b97-b547e3ac6e57&quot;(local!searchPreferences), null, local!searchPreferences.buildingId),
  local!floorId_search: if(#&quot;2168a5de-fb70-4d66-8b97-b547e3ac6e57&quot;(local!searchPreferences), null, local!searchPreferences.floorId),
  local!spaceId_search: if(#&quot;2168a5de-fb70-4d66-8b97-b547e3ac6e57&quot;(local!searchPreferences), null, local!searchPreferences.spaceId),
  local!spaceName_search: if(#&quot;2168a5de-fb70-4d66-8b97-b547e3ac6e57&quot;(local!searchPreferences), null, local!searchPreferences.spaceName),
  local!spaceTypeId_search: if(#&quot;2168a5de-fb70-4d66-8b97-b547e3ac6e57&quot;(local!searchPreferences), null, local!searchPreferences.spaceTypeId),
  local!isFurnished_search: if(#&quot;2168a5de-fb70-4d66-8b97-b547e3ac6e57&quot;(local!searchPreferences), null, local!searchPreferences.isFurnished),
  local!reservationFrom_search,
  local!reservationTo_search,
  local!searchButtonClicked: false,
  local!gridSelection: #&quot;SYSTEM_SYSRULES_gridSelection&quot;(
    selected: index( ri!selections, &quot;spaceId&quot;, {}),
    pagingInfo: #&quot;SYSTEM_SYSRULES_pagingInfo&quot;(
      startIndex: 1,
      batchSize: #&quot;_a-0000dd0d-462c-8000-9ba2-011c48011c48_4972&quot;,
      sort: #&quot;SYSTEM_SYSRULES_sortInfo&quot;(
        field: &quot;spaceId&quot;,
        ascending: true
      )
    )
  ),
  local!choiceLabels: {&quot;Name&quot;, &quot;Floor&quot;, &quot;Building&quot;, &quot;Campus&quot;, &quot;Space Type&quot;, &quot;Temporary Space?&quot;, &quot;Furnished?&quot;},
  local!showColumn: local!choiceLabels[{1,2,3,4,5}],
  
  {
    #&quot;SYSTEM_SYSRULES_sectionLayout&quot;(
    label: &quot;Filters&quot;,
    validations: {if(and(or(#&quot;2168a5de-fb70-4d66-8b97-b547e3ac6e57&quot;(local!reservationFrom), #&quot;2168a5de-fb70-4d66-8b97-b547e3ac6e57&quot;(local!reservationTo)), local!searchButtonClicked), &quot;Available time search fields are required&quot;, &quot;&quot;)},
    isCollapsible: true,
    isInitiallyCollapsed: false,
    firstColumnContents: {
      /*Need to make edit preferences work*/
     #&quot;_a-0000dd0d-462c-8000-9ba2-011c48011c48_3685&quot;(
       label: &quot;Campus&quot;,
       readOnly: false,
       required: false,
       choiceLabels: index(local!campuses, &quot;campusName&quot;, {}),
       choiceValues: index(local!campuses, &quot;campusId&quot;, {}),
       value: if(#&quot;2168a5de-fb70-4d66-8b97-b547e3ac6e57&quot;(local!campusId_search), local!campusId_search, index(local!searchPreferences, &quot;campusId&quot;, local!campusId_search)),
       saveInto: {local!campusId_search, 
        a!save(local!buildings, #&quot;_a-0000dd0d-462c-8000-9ba2-011c48011c48_5503&quot;(campusId: save!value).data),
        a!save(local!floors, {}),
        if(#&quot;2168a5de-fb70-4d66-8b97-b547e3ac6e57&quot;(local!searchPreferences), 
          a!save({local!buildingId_search, local!floorId_search}, null), 
          a!save({local!searchPreferences.buildingId, local!searchPreferences.floorId, local!buildingId_search, local!floorId_search}, null))
        }
     ),
     #&quot;_a-0000dd0d-462c-8000-9ba2-011c48011c48_3685&quot;(
       label: &quot;Building&quot;,
       readOnly: false,
       required: false,
       disabled: #&quot;2168a5de-fb70-4d66-8b97-b547e3ac6e57&quot;(local!campusId_search),
       choiceLabels: index(local!buildings, &quot;buildingName&quot;, {}),
       choiceValues: index(local!buildings, &quot;buildingId&quot;, {}),
       value: index(local!searchPreferences, &quot;buildingId&quot;, local!buildingId_search),
       saveInto: {local!buildingId_search, 
        a!save(local!floors, #&quot;_a-0000dd0d-462c-8000-9ba2-011c48011c48_5505&quot;(buildingId: save!value).data),
        a!save({local!floorId_search}, null)
        }
     ),
     #&quot;_a-0000dd0d-462c-8000-9ba2-011c48011c48_3685&quot;(
       label: &quot;Floor&quot;,
       readOnly: false,
       required: false,
       disabled: #&quot;2168a5de-fb70-4d66-8b97-b547e3ac6e57&quot;(local!buildingId_search),
       choiceLabels: index(local!floors, &quot;floorName&quot;, {}),
       choiceValues: index(local!floors, &quot;floorId&quot;, {}),
       value: index(local!searchPreferences, &quot;floorId&quot;, local!floorId_search),
       saveInto: local!floorId_search
     ),
     #&quot;_a-0000dd0d-462c-8000-9ba2-011c48011c48_3685&quot;(
        label: &quot;Type&quot;,
        readOnly: false,
        required: false,
        choiceLabels: index(local!spaceTypes, &quot;label&quot;, {}),
        choiceValues: index(local!spaceTypes, &quot;id&quot;, {}),
        value: index(local!searchPreferences, &quot;spaceTypeId&quot;, local!spaceTypeId_search),
        saveInto: local!spaceTypeId_search
      ),
    #&quot;_a-0000dd0d-462c-8000-9ba2-011c48011c48_5748&quot;(
      label: &quot;Search Preferences&quot;,
      align: &quot;LEFT&quot;,
      saveValues: {
        {entity:#&quot;_a-0000dd0d-462c-8000-9ba2-011c48011c48_5753&quot;, data:{
          'type!{urn:com:appian:types:HR}HR_User_Preference'(
            id: index(local!searchPreferences, &quot;id&quot;, null),
            preferenceTypeId: #&quot;_a-0000dd0d-462c-8000-9ba2-011c48011c48_5741&quot;,
            userId: local!userId,
            campusId: local!campusId_search,
            buildingId: local!buildingId_search,
            floorId: local!floorId_search,
            spaceId: local!spaceId_search,
            spaceTypeId: local!spaceTypeId_search,
            spaceName:local!spaceName_search,
            isFurnished: local!isFurnished_search)}}    
      },
      saveInto: local!searchPreferences,
      /*Need to make delete work*/
      deleteValues: {{entity:#&quot;_a-0000dd0d-462c-8000-9ba2-011c48011c48_5753&quot;, identifiers: index(local!searchPreferences, &quot;id&quot;, null)}},
      deleteSaveInto: local!searchPreferences
    )
    },
    secondColumnContents: {
       #&quot;SYSTEM_SYSRULES_integerField&quot;(
        label: &quot;Space ID&quot;,
        labelPosition: #&quot;7515f385-6042-4961-b666-89d55ce8534e&quot;(readOnly: false),
        value: index(local!searchPreferences, &quot;spaceId&quot;, local!spaceId_search),
        saveInto: local!spaceId_search
      ),
      #&quot;_a-0000dd0d-462c-8000-9ba2-011c48011c48_3690&quot;(
        label: &quot;Name&quot;,
        readOnly: false,
        required: false,
        value: index(local!searchPreferences, &quot;spaceName&quot;, local!spaceName_search),
        saveInto: local!spaceName_search
      ),
      #&quot;_a-0000dd0d-462c-8000-9ba2-011c48011c48_3692&quot;(
        label: &quot;Is Furnished?&quot;,
        labelPosition: &quot;COLLAPSED&quot;,
        readOnly: false,
        choiceLabels: {&quot;Furnished&quot;},
        choiceValues: {true},
        value: index(local!searchPreferences, &quot;isFurnished&quot;, local!isFurnished_search),
        saveInto: local!isFurnished_search
      ),
      #&quot;_a-0000dd0d-462c-8000-9ba2-011c48011c48_5711&quot;(
        dateLabel: &quot;Available&quot;,
        required: true,
        fromDatetime: local!reservationFrom_search,
        toDatetime: local!reservationTo_search
      ),
      
      #&quot;_a-0000dd0d-462c-8000-9ba2-011c48011c48_5659&quot;(
        resetSaveInto: {
          a!save({
            ri!selections, 
            local!buildings,
            local!floors,}, {}),
          a!save({
           local!spaceId,
           local!spaceName,
           local!spaceTypeId,
           local!campusId,
           local!buildingId,
           local!floorId,
           local!isFurnished,
           local!reservationFrom,
           local!reservationTo,
           local!campusId_search,
           local!buildingId_search,
           local!floorId_search,
           local!spaceId_search,
           local!spaceName_search,
           local!spaceTypeId_search,
           local!isFurnished_search,
           local!reservationFrom_search,
           local!reservationTo_search
            }, null),
          a!save(local!searchButtonClicked, false),  
          a!save(local!gridSelection, #&quot;SYSTEM_SYSRULES_gridSelection&quot;(
            selected: index( ri!selections, &quot;spaceId&quot;, {}),
            pagingInfo: #&quot;SYSTEM_SYSRULES_pagingInfo&quot;(
              startIndex: 1,
              batchSize: #&quot;_a-0000dd0d-462c-8000-9ba2-011c48011c48_4972&quot;,
              sort: #&quot;SYSTEM_SYSRULES_sortInfo&quot;(
                field: &quot;spaceId&quot;,
                ascending: true
              )
            )))  
        },
        searchSaveInto: {
          a!save(ri!selections, {}),
          a!save(local!campusId, local!campusId_search),
          a!save(local!buildingId, local!buildingId_search),
          a!save(local!floorId, local!floorId_search),
          a!save(local!spaceTypeId, local!spaceTypeId_search),
          a!save(local!spaceId, local!spaceId_search),
          a!save(local!spaceName, local!spaceName_search),
          a!save(local!isFurnished, local!isFurnished_search),
          a!save(local!reservationFrom, local!reservationFrom_search),
          a!save(local!reservationTo, local!reservationTo_search),
          a!save(local!searchButtonClicked, true),
          a!save(local!gridSelection, #&quot;SYSTEM_SYSRULES_gridSelection&quot;(
            selected: index( ri!selections, &quot;spaceId&quot;, {}),
            pagingInfo: #&quot;SYSTEM_SYSRULES_pagingInfo&quot;(
              startIndex: 1,
              batchSize: #&quot;_a-0000dd0d-462c-8000-9ba2-011c48011c48_4972&quot;,
              sort: #&quot;SYSTEM_SYSRULES_sortInfo&quot;(
                field: &quot;spaceId&quot;,
                ascending: true
              )
            )))
        }
      )
    }
  ),
  
  load(
    with(
      /*** TEMPORARY LOGIC ***/
      /*** As of 6/15/2016, currently using two separate queries to return available spaces ***/
      /*** Long term should utilize a more optimized query ***/
      local!notInIds: 
        if(or(#&quot;2168a5de-fb70-4d66-8b97-b547e3ac6e57&quot;(local!reservationFrom), #&quot;2168a5de-fb70-4d66-8b97-b547e3ac6e57&quot;(local!reservationTo)), {}, index(#&quot;SYSTEM_SYSRULES_queryEntity&quot;(
          entity: #&quot;_a-0000dd0d-462c-8000-9ba2-011c48011c48_4999&quot;,
          query: #&quot;SYSTEM_SYSRULES_query&quot;(
            selection: 
              #&quot;SYSTEM_SYSRULES_querySelection&quot;(
                columns: #&quot;SYSTEM_SYSRULES_queryColumn&quot;(field: &quot;spaceId&quot;)
              ),
            logicalExpression: 
              #&quot;SYSTEM_SYSRULES_queryLogicalExpression&quot;(
                operator: &quot;OR&quot;,
                logicalExpressions:{
                  #&quot;SYSTEM_SYSRULES_queryLogicalExpression&quot;(
                    operator: &quot;AND&quot;,
                    filters: {
                      #&quot;SYSTEM_SYSRULES_queryFilter&quot;(
                        field: &quot;reservationFrom&quot;,
                        operator: &quot;&lt;=&quot;,
                        value: local!reservationFrom
                      ),
                      #&quot;SYSTEM_SYSRULES_queryFilter&quot;(
                        field: &quot;reservationTo&quot;,
                        operator: &quot;&gt;=&quot;,
                        value: local!reservationFrom
                      )
                    }
                  ),
                  #&quot;SYSTEM_SYSRULES_queryLogicalExpression&quot;(
                    operator: &quot;AND&quot;,
                    filters: {
                      #&quot;SYSTEM_SYSRULES_queryFilter&quot;(
                        field: &quot;reservationFrom&quot;,
                        operator: &quot;&lt;=&quot;,
                        value: local!reservationTo
                      ),
                      #&quot;SYSTEM_SYSRULES_queryFilter&quot;(
                        field: &quot;reservationTo&quot;,
                        operator: &quot;&gt;=&quot;,
                        value: local!reservationTo
                      )
                    }
                  )
                }  
              ),
              pagingInfo: 
                #&quot;SYSTEM_SYSRULES_pagingInfo&quot;(
                  startIndex: 1,
                  batchSize: -1,
                  sort: #&quot;SYSTEM_SYSRULES_sortInfo&quot;(
                    field: &quot;spaceId&quot;,
                    ascending: true
                  )
                )
          )
        ).data, &quot;spaceId&quot;, {})),
      local!datasubset: 
        #&quot;_a-0000dd0d-462c-8000-9ba2-011c48011c48_4973&quot;(
          pagingInfo: local!gridSelection.pagingInfo,
          spaceId: local!spaceId,
          spaceName: local!spaceName,
          spaceTypeId: local!spaceTypeId,
          isTempSpace: true,
          isFurnished: local!isFurnished,
          floorId: local!floorId,
          buildingId: local!buildingId,
          campusId: local!campusId,
          notInIds: local!notInIds
      ),
      if(or(#&quot;2168a5de-fb70-4d66-8b97-b547e3ac6e57&quot;(local!reservationFrom), #&quot;2168a5de-fb70-4d66-8b97-b547e3ac6e57&quot;(local!reservationTo)), {}, 
        #&quot;SYSTEM_SYSRULES_sectionLayout&quot;(
          label: &quot;Spaces&quot;,
          firstColumnContents: {
          #&quot;SYSTEM_SYSRULES_gridField&quot;(
              labelPosition: &quot;COLLAPSED&quot;,
              totalCount: local!datasubset.totalCount,
              columns: {
                with(local!links: apply(#&quot;SYSTEM_SYSRULES_recordLink&quot;(label:_, identifier:_, recordType: #&quot;_a-0000dd0d-462c-8000-9ba2-011c48011c48_4983&quot;), 
                  merge(
                    index(local!datasubset.data, &quot;spaceId&quot;, {}),
                    index(local!datasubset.data, &quot;spaceId&quot;, {}))),
                    #&quot;SYSTEM_SYSRULES_gridTextColumn&quot;(
                      label: &quot;Id&quot;,
                      field: &quot;spaceId&quot;,
                      data: index(local!links, &quot;label&quot;, {}),
                      links: local!links
                    )
                  ),
                if(contains(local!showColumn, &quot;Name&quot;),
                #&quot;SYSTEM_SYSRULES_gridTextColumn&quot;(
                  label: &quot;Name&quot;,
                  field: &quot;spaceName&quot;,
                  data: index(local!datasubset.data, &quot;spaceName&quot;, {})
                ), {}),
                if(contains(local!showColumn, &quot;Floor&quot;),
                #&quot;SYSTEM_SYSRULES_gridTextColumn&quot;(
                  label: &quot;Floor&quot;,
                  field: &quot;floorName&quot;,
                  data: index(local!datasubset.data, &quot;floorName&quot;, {})
                ), {}),
                if(contains(local!showColumn, &quot;Building&quot;),
                #&quot;SYSTEM_SYSRULES_gridTextColumn&quot;(
                  label: &quot;Building&quot;,
                  field: &quot;buildingName&quot;,
                  data: index(local!datasubset.data, &quot;buildingName&quot;, {})
                ), {}),
                if(contains(local!showColumn, &quot;Campus&quot;),
                #&quot;SYSTEM_SYSRULES_gridTextColumn&quot;(
                  label: &quot;Campus&quot;,
                  field: &quot;campusName&quot;,
                  data: index(local!datasubset.data, &quot;campusName&quot;, {})
                ), {}),
                if(contains(local!showColumn, &quot;Space Type&quot;),
                #&quot;SYSTEM_SYSRULES_gridTextColumn&quot;(
                  label: &quot;Space Type&quot;,
                  field: &quot;spaceTypeLabel&quot;,
                  data: index(local!datasubset.data, &quot;spaceTypeLabel&quot;, {})
                ), {}),
                if(contains(local!showColumn, &quot;Temporary Space?&quot;),
                #&quot;SYSTEM_SYSRULES_gridTextColumn&quot;(
                  label: &quot;Temporary Space?&quot;,
                  field: &quot;isTempSpace&quot;,
                  data: apply(
                    #&quot;99fc9f72-2b5f-43d3-8e3d-bf567a682b82&quot;,
                    index(local!datasubset.data, &quot;isTempSpace&quot;, {})
                  )
                ), {}),
                if(contains(local!showColumn, &quot;Furnished?&quot;),
                #&quot;SYSTEM_SYSRULES_gridTextColumn&quot;(
                  label: &quot;Furnished?&quot;,
                  field: &quot;isFurnished&quot;,
                  data: apply(
                    #&quot;99fc9f72-2b5f-43d3-8e3d-bf567a682b82&quot;,
                    index(local!datasubset.data, &quot;isFurnished&quot;, {})
                  )
                ), {})
              },
              identifiers: index(local!datasubset.data,&quot;spaceId&quot;,{}),
              selection: not(ri!readOnly),
              value: local!gridSelection,
              saveInto: {local!gridSelection,
                a!save(ri!selections, index( local!datasubset.data, wherecontains(tointeger(save!value.selected), tointeger(local!datasubset.data.spaceId)), null) )
              }
            ),
            load(
            local!showColumns: false,
              {#&quot;SYSTEM_SYSRULES_richTextDisplayField&quot;(
                labelPosition: &quot;COLLAPSED&quot;,
                value: #&quot;SYSTEM_SYSRULES_richTextItem&quot;(
                  text: if(local!showColumns, &quot;- Hide &quot;, &quot;+ Show &quot;) &amp; &quot;Columns&quot;,
                  style: &quot;EMPHASIS&quot;,
                  link: #&quot;SYSTEM_SYSRULES_dynamicLink&quot;(
                    value: not(local!showColumns),
                    saveInto: local!showColumns
                  )
                )
              ),
              if(local!showColumns,
                {#&quot;SYSTEM_SYSRULES_checkboxField&quot;(
                  labelPosition: &quot;COLLAPSED&quot;,
                  choiceLabels: local!choiceLabels,
                  choiceValues: local!choiceLabels,
                  value: local!showColumn,
                  saveInto: local!showColumn
                ),
                #&quot;SYSTEM_SYSRULES_richTextDisplayField&quot;(
                  labelPosition: &quot;COLLAPSED&quot;,
                  value: {#&quot;SYSTEM_SYSRULES_richTextItem&quot;(
                    text: char(9745) &amp; &quot; All&quot;,
                    link: #&quot;SYSTEM_SYSRULES_dynamicLink&quot;(
                      value: local!choiceLabels,
                      saveInto: local!showColumn
                    )
                  ), &quot;   |  &quot;,
                  #&quot;SYSTEM_SYSRULES_richTextItem&quot;(
                    text: char(9744) &amp; &quot; All&quot;,
                    link: #&quot;SYSTEM_SYSRULES_dynamicLink&quot;(
                      value: tostring({}),
                      saveInto: local!showColumn
                    )
                  )
                  }
                )
              }, {})}
            )
          }
        )
      )
    )
  )
  }
)</definition>
        <namedTypedValue>
            <name>readOnly</name>
            <type>
                <name>boolean</name>
                <namespace>http://www.w3.org/2001/XMLSchema</namespace>
            </type>
        </namedTypedValue>
        <namedTypedValue>
            <name>selections</name>
            <type>
                <name>HR_V_Space_Record?list</name>
                <namespace>urn:com:appian:types:HR</namespace>
            </type>
        </namedTypedValue>
        <preferredEditor>interface</preferredEditor>
        <offlineEnabled>false</offlineEnabled>
    </rule>
    <roleMap public="true">
        <role allowForAll="false" inherit="true" name="readers">
            <users/>
            <groups/>
        </role>
        <role allowForAll="false" inherit="true" name="authors">
            <users/>
            <groups/>
        </role>
        <role allowForAll="false" inherit="true" name="administrators">
            <users>
                <userUuid>katie.hsu</userUuid>
            </users>
            <groups/>
        </role>
        <role allowForAll="false" inherit="false" name="denyReaders">
            <users/>
            <groups/>
        </role>
        <role allowForAll="false" inherit="false" name="denyAuthors">
            <users/>
            <groups/>
        </role>
        <role allowForAll="false" inherit="false" name="denyAdministrators">
            <users/>
            <groups/>
        </role>
    </roleMap>
    <typedValue>
        <type>
            <name>RuleTestConfig?list</name>
            <namespace>http://www.appian.com/ae/types/2009</namespace>
        </type>
        <value>
            <el>
                <a:name/>
                <a:ruleInputTestConfigs>
                    <a:value xmlns:xsd="http://www.w3.org/2001/XMLSchema" xmlns:xsi="http://www.w3.org/2001/XMLSchema-instance" xsi:type="xsd:boolean">false</a:value>
                    <a:nameRef>readOnly</a:nameRef>
                    <a:id/>
                </a:ruleInputTestConfigs>
                <a:ruleInputTestConfigs>
                    <a:nameRef>selections</a:nameRef>
                    <a:id/>
                </a:ruleInputTestConfigs>
                <a:assertions xmlns:xsi="http://www.w3.org/2001/XMLSchema-instance" xsi:nil="true"/>
            </el>
        </value>
    </typedValue>
</contentHaul>
