<?xml version="1.0" encoding="UTF-8" standalone="yes"?>
<contentHaul xmlns:a="http://www.appian.com/ae/types/2009">
    <rule>
        <name>HR_GRID_trainingParticipation</name>
        <uuid>_a-0000dd0d-462c-8000-9ba2-011c48011c48_5122</uuid>
        <description>Grid used to display participation information about the trainings</description>
        <parentUuid>_a-0000dd0d-462c-8000-9ba2-011c48011c48_3789</parentUuid>
        <visibility>
            <advertise>false</advertise>
            <hierarchy>true</hierarchy>
            <indexable>true</indexable>
            <quota>false</quota>
            <searchable>true</searchable>
            <system>false</system>
            <unlogged>false</unlogged>
        </visibility>
        <definition>with(&#xD;
  local!trainingParticipation: #&quot;_a-0000dd0d-462c-8000-9ba2-011c48011c48_5144&quot;(&#xD;
    columns: {&#xD;
      &quot;userId&quot;,&#xD;
      &quot;userFullName&quot;,&#xD;
      &quot;completedDatetime&quot;&#xD;
    },&#xD;
    pagingInfo: ri!pagingInfo,&#xD;
    trainingId: ri!trainingId,&#xD;
    userString: ri!userString,&#xD;
    fromDatetime: todatetime(ri!fromDate),&#xD;
    toDatetime: if(isnull(ri!toDate), null, todatetime(ri!toDate + 1)),&#xD;
    completionStatus: ri!completionStatus&#xD;
  ),&#xD;
  #&quot;SYSTEM_SYSRULES_gridField&quot;(&#xD;
    totalCount: local!trainingParticipation.totalCount,&#xD;
    columns: {&#xD;
      #&quot;SYSTEM_SYSRULES_gridTextColumn&quot;(&#xD;
        label: &quot;User&quot;,&#xD;
        field: &quot;userFullName&quot;,&#xD;
        data: index(&#xD;
          local!trainingParticipation.data,&#xD;
          &quot;userFullName&quot;,&#xD;
          {}&#xD;
        ),&#xD;
        links: #&quot;SYSTEM_SYSRULES_applyComponents&quot;(function:#&quot;SYSTEM_SYSRULES_recordLink&quot;(label: _, recordType: #&quot;_a-0000dd0d-462c-8000-9ba2-011c48011c48_3992&quot;, identifier: _), array: merge(index(&#xD;
            local!trainingParticipation.data,&#xD;
            &quot;userFullName&quot;,&#xD;
            {}&#xD;
          ),index(local!trainingParticipation.data, &quot;userId&quot;, {})))&#xD;
      ),&#xD;
&#xD;
      #&quot;SYSTEM_SYSRULES_gridTextColumn&quot;(&#xD;
        label: &quot;Date Completed&quot;,&#xD;
        field: &quot;completedDatetime&quot;,&#xD;
        data: index(&#xD;
          local!trainingParticipation.data,&#xD;
          &quot;completedDatetime&quot;,&#xD;
          {}&#xD;
        )&#xD;
      )&#xD;
    },&#xD;
    value: ri!pagingInfo,&#xD;
    saveInto: {&#xD;
      ri!pagingInfo&#xD;
    }&#xD;
  )&#xD;
)</definition>
        <namedTypedValue>
            <name>pagingInfo</name>
            <type>
                <name>PagingInfo</name>
                <namespace>http://www.appian.com/ae/types/2009</namespace>
            </type>
        </namedTypedValue>
        <namedTypedValue>
            <name>trainingId</name>
            <type>
                <name>int</name>
                <namespace>http://www.w3.org/2001/XMLSchema</namespace>
            </type>
        </namedTypedValue>
        <namedTypedValue>
            <name>userString</name>
            <type>
                <name>string</name>
                <namespace>http://www.w3.org/2001/XMLSchema</namespace>
            </type>
            <value/>
        </namedTypedValue>
        <namedTypedValue>
            <name>fromDate</name>
            <type>
                <name>date</name>
                <namespace>http://www.w3.org/2001/XMLSchema</namespace>
            </type>
        </namedTypedValue>
        <namedTypedValue>
            <name>toDate</name>
            <type>
                <name>date</name>
                <namespace>http://www.w3.org/2001/XMLSchema</namespace>
            </type>
        </namedTypedValue>
        <namedTypedValue>
            <name>completionStatus</name>
            <type>
                <name>int</name>
                <namespace>http://www.w3.org/2001/XMLSchema</namespace>
            </type>
        </namedTypedValue>
        <preferredEditor>interface</preferredEditor>
        <offlineEnabled>false</offlineEnabled>
    </rule>
    <roleMap public="true">
        <role allowForAll="false" inherit="true" name="readers">
            <users/>
            <groups/>
        </role>
        <role allowForAll="false" inherit="true" name="authors">
            <users/>
            <groups/>
        </role>
        <role allowForAll="false" inherit="true" name="administrators">
            <users>
                <userUuid>ben.siegel</userUuid>
            </users>
            <groups/>
        </role>
        <role allowForAll="false" inherit="false" name="denyReaders">
            <users/>
            <groups/>
        </role>
        <role allowForAll="false" inherit="false" name="denyAuthors">
            <users/>
            <groups/>
        </role>
        <role allowForAll="false" inherit="false" name="denyAdministrators">
            <users/>
            <groups/>
        </role>
    </roleMap>
    <typedValue>
        <type>
            <name>RuleTestConfig?list</name>
            <namespace>http://www.appian.com/ae/types/2009</namespace>
        </type>
        <value>
            <el>
                <a:name/>
                <a:ruleInputTestConfigs>
                    <a:value xmlns:xsi="http://www.w3.org/2001/XMLSchema-instance" xsi:type="a:Expression">#&quot;SYSTEM_SYSRULES_pagingInfo&quot;(1,5)</a:value>
                    <a:nameRef>pagingInfo</a:nameRef>
                    <a:id/>
                </a:ruleInputTestConfigs>
                <a:ruleInputTestConfigs>
                    <a:value xmlns:xsi="http://www.w3.org/2001/XMLSchema-instance" xsi:type="a:Expression">2</a:value>
                    <a:nameRef>trainingId</a:nameRef>
                    <a:id/>
                </a:ruleInputTestConfigs>
                <a:ruleInputTestConfigs>
                    <a:value xmlns:xsd="http://www.w3.org/2001/XMLSchema" xmlns:xsi="http://www.w3.org/2001/XMLSchema-instance" xsi:type="xsd:string"/>
                    <a:nameRef>userString</a:nameRef>
                    <a:id/>
                </a:ruleInputTestConfigs>
                <a:ruleInputTestConfigs>
                    <a:value xmlns:xsd="http://www.w3.org/2001/XMLSchema" xmlns:xsi="http://www.w3.org/2001/XMLSchema-instance" xsi:nil="true" xsi:type="xsd:date"/>
                    <a:nameRef>fromDate</a:nameRef>
                    <a:id/>
                </a:ruleInputTestConfigs>
                <a:ruleInputTestConfigs>
                    <a:value xmlns:xsd="http://www.w3.org/2001/XMLSchema" xmlns:xsi="http://www.w3.org/2001/XMLSchema-instance" xsi:nil="true" xsi:type="xsd:date"/>
                    <a:nameRef>toDate</a:nameRef>
                    <a:id/>
                </a:ruleInputTestConfigs>
                <a:ruleInputTestConfigs>
                    <a:value xmlns:xsd="http://www.w3.org/2001/XMLSchema" xmlns:xsi="http://www.w3.org/2001/XMLSchema-instance" xsi:nil="true" xsi:type="xsd:int"/>
                    <a:nameRef>completionStatus</a:nameRef>
                    <a:id/>
                </a:ruleInputTestConfigs>
                <a:assertions xmlns:xsi="http://www.w3.org/2001/XMLSchema-instance" xsi:nil="true"/>
            </el>
        </value>
    </typedValue>
</contentHaul>
