<?xml version="1.0" encoding="UTF-8" standalone="yes"?>
<contentHaul xmlns:a="http://www.appian.com/ae/types/2009">
    <rule>
        <name>HR_QRY_checkCurrentOccupancy</name>
        <uuid>_a-0000dd0d-462c-8000-9ba2-011c48011c48_6409</uuid>
        <description>Used to return a list of spaces that are currently occupied.</description>
        <parentUuid>_a-0000dd0d-462c-8000-9ba2-011c48011c48_3807</parentUuid>
        <visibility>
            <advertise>false</advertise>
            <hierarchy>true</hierarchy>
            <indexable>true</indexable>
            <quota>false</quota>
            <searchable>true</searchable>
            <system>false</system>
            <unlogged>false</unlogged>
        </visibility>
        <definition>load(
  local!result:
#&quot;SYSTEM_SYSRULES_queryEntity&quot;(
  entity: #&quot;_a-0000dd0d-462c-8000-9ba2-011c48011c48_4999&quot;,
  query: #&quot;SYSTEM_SYSRULES_query&quot;(
    selection: #&quot;SYSTEM_SYSRULES_querySelection&quot;(
      columns:{#&quot;SYSTEM_SYSRULES_queryColumn&quot;(
        field: &quot;reservationFrom&quot;
      ),
      #&quot;SYSTEM_SYSRULES_queryColumn&quot;(
        field: &quot;reservationTo&quot;
      )
      }
    ),
    logicalExpression: #&quot;SYSTEM_SYSRULES_queryLogicalExpression&quot;(
      operator: &quot;AND&quot;,
      logicalExpressions: #&quot;SYSTEM_SYSRULES_queryLogicalExpression&quot;(
        operator: &quot;AND&quot;,
        filters: {
          #&quot;SYSTEM_SYSRULES_queryFilter&quot;(
            field: &quot;reservationFrom&quot;,
            operator: &quot;&lt;&quot;,
            value: now()
          ),
          #&quot;SYSTEM_SYSRULES_queryFilter&quot;(
            field: &quot;reservationTo&quot;,
            operator: &quot;&gt;&quot;,
            value: now()
          ),
          #&quot;SYSTEM_SYSRULES_queryFilter&quot;(
            field: &quot;spaceId&quot;,
            operator: &quot;=&quot;,
            value: ri!spaceId
          )
        }
      )
    ),
    pagingInfo: #&quot;SYSTEM_SYSRULES_pagingInfo&quot;(
        startIndex: 1,
        batchSize: -1
        )
  )
).data,
if(#&quot;2168a5de-fb70-4d66-8b97-b547e3ac6e57&quot;(local!result), {&quot;&quot;}, local!result.reservationFrom)
)</definition>
        <namedTypedValue>
            <name>spaceId</name>
            <type>
                <name>int</name>
                <namespace>http://www.w3.org/2001/XMLSchema</namespace>
            </type>
        </namedTypedValue>
        <preferredEditor>legacy</preferredEditor>
        <offlineEnabled>false</offlineEnabled>
    </rule>
    <roleMap public="true">
        <role allowForAll="false" inherit="true" name="readers">
            <users/>
            <groups/>
        </role>
        <role allowForAll="false" inherit="true" name="authors">
            <users/>
            <groups/>
        </role>
        <role allowForAll="false" inherit="true" name="administrators">
            <users/>
            <groups/>
        </role>
        <role allowForAll="false" inherit="false" name="denyReaders">
            <users/>
            <groups/>
        </role>
        <role allowForAll="false" inherit="false" name="denyAuthors">
            <users/>
            <groups/>
        </role>
        <role allowForAll="false" inherit="false" name="denyAdministrators">
            <users/>
            <groups/>
        </role>
    </roleMap>
</contentHaul>
