<?xml version="1.0" encoding="UTF-8" standalone="yes"?>
<contentHaul xmlns:a="http://www.appian.com/ae/types/2009">
    <rule>
        <name>HR_SCT_Campus_spaceDrillDown</name>
        <uuid>_a-0000dd0d-462c-8000-9ba2-011c48011c48_5801</uuid>
        <description>Reusable section for drilling down into the spaces within a campus</description>
        <parentUuid>_a-0000dd0d-462c-8000-9ba2-011c48011c48_3551</parentUuid>
        <visibility>
            <advertise>false</advertise>
            <hierarchy>true</hierarchy>
            <indexable>true</indexable>
            <quota>false</quota>
            <searchable>true</searchable>
            <system>false</system>
            <unlogged>false</unlogged>
        </visibility>
        <definition>=load(&#xD;
  /*Local Variables*/&#xD;
  local!campusPagingInfo: #&quot;SYSTEM_SYSRULES_pagingInfo&quot;(&#xD;
    startIndex: 1,&#xD;
    batchSize: #&quot;_a-0000dd0d-462c-8000-9ba2-011c48011c48_4972&quot;,&#xD;
    sort: #&quot;SYSTEM_SYSRULES_sortInfo&quot;(&#xD;
      field: &quot;campusId&quot;,&#xD;
      ascending: true)),&#xD;
  local!buildingPagingInfo: #&quot;SYSTEM_SYSRULES_pagingInfo&quot;(&#xD;
    startIndex: 1,&#xD;
    batchSize: #&quot;_a-0000dd0d-462c-8000-9ba2-011c48011c48_4972&quot;,&#xD;
    sort: #&quot;SYSTEM_SYSRULES_sortInfo&quot;(&#xD;
      field: &quot;buildingId&quot;,&#xD;
      ascending: true)),&#xD;
  local!floorPagingInfo: #&quot;SYSTEM_SYSRULES_pagingInfo&quot;(&#xD;
    startIndex: 1,&#xD;
    batchSize: #&quot;_a-0000dd0d-462c-8000-9ba2-011c48011c48_4972&quot;,&#xD;
    sort: #&quot;SYSTEM_SYSRULES_sortInfo&quot;(&#xD;
      field: &quot;floorId&quot;,&#xD;
      ascending: true)),&#xD;
  local!spacePagingInfo: #&quot;SYSTEM_SYSRULES_pagingInfo&quot;(&#xD;
    startIndex: 1,&#xD;
    batchSize: #&quot;_a-0000dd0d-462c-8000-9ba2-011c48011c48_4972&quot;,&#xD;
    sort: #&quot;SYSTEM_SYSRULES_sortInfo&quot;(&#xD;
      field: &quot;spaceId&quot;,&#xD;
      ascending: true)),&#xD;
  local!campusDataSubset: #&quot;_a-0000dd0d-462c-8000-9ba2-011c48011c48_5501&quot;(pagingInfo: local!campusPagingInfo),&#xD;
  local!buildingDataSubset,&#xD;
  local!floorDataSubset,&#xD;
  local!spaceDataSubset,&#xD;
  local!gridToShow: 1,&#xD;
  &#xD;
  {&#xD;
  /*Bread Crumbs*/&#xD;
  #&quot;SYSTEM_SYSRULES_richTextDisplayField&quot;(&#xD;
    labelPosition: &quot;COLLAPSED&quot;,&#xD;
    value: {&#xD;
      if(local!gridToShow &gt; 1,&#xD;
        {#&quot;SYSTEM_SYSRULES_richTextItem&quot;(&#xD;
          text: displayvalue(ri!campusId,index(local!campusDataSubset.data,&quot;campusId&quot;,{}),index(local!campusDataSubset.data,&quot;campusName&quot;,{}),&quot;&quot;),&#xD;
          link: #&quot;SYSTEM_SYSRULES_dynamicLink&quot;(value: 1, saveInto: {local!gridToShow,&#xD;
            a!save({ri!campusId, ri!buildingId, ri!floorId, ri!spaceId}, null)&#xD;
          })&#xD;
        ),&#xD;
        &quot; / &quot;,&#xD;
        if(local!gridToShow &gt; 2,&#xD;
          {#&quot;SYSTEM_SYSRULES_richTextItem&quot;(&#xD;
            text: displayvalue(ri!buildingId,index(local!buildingDataSubset.data,&quot;buildingId&quot;,{}),index(local!buildingDataSubset.data,&quot;buildingName&quot;,{}),&quot;&quot;),&#xD;
            link: #&quot;SYSTEM_SYSRULES_dynamicLink&quot;(value: 2, saveInto: {local!gridToShow,&#xD;
              a!save({ri!buildingId, ri!floorId, ri!spaceId}, null)&#xD;
            })&#xD;
          ),&#xD;
          &quot; / &quot;,&#xD;
          if(local!gridToShow &gt; 3,&#xD;
            {#&quot;SYSTEM_SYSRULES_richTextItem&quot;(&#xD;
              text: displayvalue(ri!floorId,index(local!floorDataSubset.data,&quot;floorId&quot;,{}),index(local!floorDataSubset.data,&quot;floorName&quot;,{}),&quot;&quot;),              &#xD;
              link: #&quot;SYSTEM_SYSRULES_dynamicLink&quot;(value: 3, saveInto: {local!gridToShow,&#xD;
                a!save({ri!floorId, ri!spaceId}, null)&#xD;
              })&#xD;
            ),&#xD;
            &quot; / &quot;&amp;if(ri!finalDrillDownLevel+1=4,ri!finalLabel,&quot;Spaces&quot;)&#xD;
            },&#xD;
            {if(ri!finalDrillDownLevel+1=3,ri!finalLabel,&quot;Floors&quot;)})&#xD;
          },&#xD;
          {if(ri!finalDrillDownLevel+1=2,ri!finalLabel,&quot;Buildings&quot;)})&#xD;
        }, {})&#xD;
    }&#xD;
  ),&#xD;
  &#xD;
  with(&#xD;
    choose(local!gridToShow,&#xD;
      /*1 - Campus Grid*/&#xD;
      #&quot;SYSTEM_SYSRULES_gridField&quot;(&#xD;
        totalCount: local!campusDataSubset.totalCount,&#xD;
        columns: {&#xD;
          #&quot;SYSTEM_SYSRULES_gridTextColumn&quot;(&#xD;
            label: &quot;Campus Name&quot;,&#xD;
            field: &quot;campusName&quot;,&#xD;
            data: index(local!campusDataSubset.data,&quot;campusName&quot;,{}),&#xD;
            links:{&#xD;
              apply(&#xD;
                #&quot;SYSTEM_SYSRULES_dynamicLink&quot;(label:&quot;Select&quot;, value:_, saveInto: {&#xD;
                      a!save(ri!campusId, save!value),&#xD;
                      a!save(local!buildingDataSubset, #&quot;_a-0000dd0d-462c-8000-9ba2-011c48011c48_5503&quot;(campusId: save!value, pagingInfo: local!buildingPagingInfo)),&#xD;
                      a!save({local!floorDataSubset, local!spaceDataSubset}, {}),&#xD;
                      a!save({ri!buildingId, ri!floorId, ri!spaceId}, null),&#xD;
                      a!save(local!gridToShow, if(ri!finalDrillDownLevel = 1, 5, 2))&#xD;
                    }),&#xD;
                  index(local!campusDataSubset.data,&quot;campusId&quot;,{})&#xD;
              )&#xD;
            }&#xD;
          ),&#xD;
          #&quot;SYSTEM_SYSRULES_gridTextColumn&quot;(&#xD;
            label: &quot;City&quot;,&#xD;
            field: &quot;city&quot;,&#xD;
            data: index(local!campusDataSubset.data, &quot;city&quot;, {})&#xD;
          ),&#xD;
          #&quot;SYSTEM_SYSRULES_gridTextColumn&quot;(&#xD;
            label: &quot;State&quot;,&#xD;
            field: &quot;state&quot;,&#xD;
            data: index(local!campusDataSubset.data, &quot;state&quot;, {})&#xD;
          ),&#xD;
          #&quot;SYSTEM_SYSRULES_gridTextColumn&quot;(&#xD;
            label: &quot;Zip&quot;,&#xD;
            field: &quot;zip&quot;,&#xD;
            data: index(local!campusDataSubset.data, &quot;zip&quot;, {})&#xD;
          )&#xD;
        },&#xD;
      value: local!campusPagingInfo,&#xD;
      saveInto: local!campusPagingInfo&#xD;
      ),&#xD;
    /*2 - Building Grid*/&#xD;
    #&quot;SYSTEM_SYSRULES_gridField&quot;(&#xD;
        totalCount: local!buildingDataSubset.totalCount,&#xD;
        columns: {&#xD;
          #&quot;SYSTEM_SYSRULES_gridTextColumn&quot;(&#xD;
            label: &quot;Building Name&quot;,&#xD;
            field: &quot;buildingName&quot;,&#xD;
            data: index(local!buildingDataSubset.data,&quot;buildingName&quot;,{}),&#xD;
            links:{&#xD;
              apply(&#xD;
                #&quot;SYSTEM_SYSRULES_dynamicLink&quot;(label:&quot;Select&quot;, value:_, saveInto: {&#xD;
                      a!save(ri!buildingId, save!value),&#xD;
                      a!save(local!floorDataSubset, #&quot;_a-0000dd0d-462c-8000-9ba2-011c48011c48_5505&quot;(buildingId: save!value, pagingInfo: local!floorPagingInfo)),&#xD;
                      a!save(local!spaceDataSubset, {}),&#xD;
                      a!save({ri!floorId, ri!spaceId}, null),&#xD;
                      a!save(local!gridToShow, if(ri!finalDrillDownLevel = 2, 5, 3))&#xD;
                    }),&#xD;
                  index(local!buildingDataSubset.data,&quot;buildingId&quot;,{})&#xD;
              )&#xD;
            }&#xD;
          ),&#xD;
          #&quot;SYSTEM_SYSRULES_gridTextColumn&quot;(&#xD;
            label: &quot;Phone Number&quot;,&#xD;
            field: &quot;phoneNumber&quot;,&#xD;
            data: index(local!buildingDataSubset.data, &quot;phoneNumber&quot;, {})&#xD;
          ),&#xD;
          #&quot;SYSTEM_SYSRULES_gridTextColumn&quot;(&#xD;
            label: &quot;Code&quot;,&#xD;
            field: &quot;code&quot;,&#xD;
            data: index(local!buildingDataSubset.data, &quot;code&quot;, {})&#xD;
          ),&#xD;
          #&quot;SYSTEM_SYSRULES_gridTextColumn&quot;(&#xD;
            label: &quot;Square Feet&quot;,&#xD;
            field: &quot;squareFeet&quot;,&#xD;
            data: index(local!buildingDataSubset.data, &quot;squareFeet&quot;, {})&#xD;
          )&#xD;
        },&#xD;
      value: local!buildingPagingInfo,&#xD;
      saveInto: local!buildingPagingInfo&#xD;
      ),&#xD;
    /*3 - Floor Grid*/&#xD;
    #&quot;SYSTEM_SYSRULES_gridField&quot;(&#xD;
        totalCount: local!floorDataSubset.totalCount,&#xD;
        columns: {&#xD;
          #&quot;SYSTEM_SYSRULES_gridTextColumn&quot;(&#xD;
            label: &quot;Floor Name&quot;,&#xD;
            field: &quot;floorName&quot;,&#xD;
            data: index(local!floorDataSubset.data,&quot;floorName&quot;,{}),&#xD;
            links:{&#xD;
              apply(&#xD;
                #&quot;SYSTEM_SYSRULES_dynamicLink&quot;(label:&quot;Select&quot;, value:_, saveInto: {&#xD;
                      a!save(ri!floorId, save!value),&#xD;
                      a!save(local!spaceDataSubset, #&quot;_a-0000dd0d-462c-8000-9ba2-011c48011c48_4973&quot;(floorId: save!value, pagingInfo: local!spacePagingInfo)),&#xD;
                      a!save(ri!spaceId, null),&#xD;
                      a!save(local!gridToShow, if(ri!finalDrillDownLevel = 3, 5, 4))&#xD;
                    }),&#xD;
                  index(local!floorDataSubset.data,&quot;floorId&quot;,{})&#xD;
              )&#xD;
            }&#xD;
          )&#xD;
        },&#xD;
      value: local!floorPagingInfo,&#xD;
      saveInto: local!floorPagingInfo&#xD;
      ),&#xD;
    /*4 - Space Grid*/&#xD;
    #&quot;SYSTEM_SYSRULES_gridField&quot;(&#xD;
        totalCount: local!spaceDataSubset.totalCount,&#xD;
        columns: {&#xD;
          #&quot;SYSTEM_SYSRULES_gridTextColumn&quot;(&#xD;
            label: &quot;Space Name&quot;,&#xD;
            field: &quot;spaceName&quot;,&#xD;
            data: index(local!spaceDataSubset.data,&quot;spaceName&quot;,{}),&#xD;
            links:{&#xD;
              apply(&#xD;
                #&quot;SYSTEM_SYSRULES_dynamicLink&quot;(label:&quot;Select&quot;, value:_, saveInto: {&#xD;
                      a!save(ri!spaceId, save!value),&#xD;
                      a!save(local!gridToShow, 5)&#xD;
                    }),&#xD;
                  index(local!spaceDataSubset.data,&quot;spaceId&quot;,{})&#xD;
              )&#xD;
            }&#xD;
          ),&#xD;
          #&quot;SYSTEM_SYSRULES_gridTextColumn&quot;(&#xD;
            label: &quot;Type&quot;,&#xD;
            field: &quot;spaceTypeLabel&quot;,&#xD;
            data: index(local!spaceDataSubset.data, &quot;spaceTypeLabel&quot;, {})&#xD;
          ),&#xD;
          #&quot;SYSTEM_SYSRULES_gridTextColumn&quot;(&#xD;
            label: &quot;Temporary Space?&quot;,&#xD;
            field: &quot;isTempSpace&quot;,&#xD;
            data: apply(fn!displayvalue(_,{true,false},{&quot;Yes&quot;,&quot;No&quot;},&quot;&quot;),index(local!spaceDataSubset.data, &quot;isTempSpace&quot;, {}))&#xD;
          ),&#xD;
          #&quot;SYSTEM_SYSRULES_gridTextColumn&quot;(&#xD;
            label: &quot;Furnished?&quot;,&#xD;
            field: &quot;isFurnished&quot;,&#xD;
            data: apply(fn!displayvalue(_,{true,false},{&quot;Yes&quot;,&quot;No&quot;},&quot;&quot;),index(local!spaceDataSubset.data, &quot;isFurnished&quot;, {}))&#xD;
          )&#xD;
        },&#xD;
      value: local!spacePagingInfo,&#xD;
      saveInto: local!spacePagingInfo&#xD;
      ),&#xD;
    /*5 - Exit*/&#xD;
    {}&#xD;
    )&#xD;
  )&#xD;
  }&#xD;
)&#xD;
</definition>
        <namedTypedValue>
            <name>campusId</name>
            <type>
                <name>int</name>
                <namespace>http://www.w3.org/2001/XMLSchema</namespace>
            </type>
        </namedTypedValue>
        <namedTypedValue>
            <name>buildingId</name>
            <type>
                <name>int</name>
                <namespace>http://www.w3.org/2001/XMLSchema</namespace>
            </type>
        </namedTypedValue>
        <namedTypedValue>
            <name>floorId</name>
            <type>
                <name>int</name>
                <namespace>http://www.w3.org/2001/XMLSchema</namespace>
            </type>
        </namedTypedValue>
        <namedTypedValue>
            <name>spaceId</name>
            <type>
                <name>int</name>
                <namespace>http://www.w3.org/2001/XMLSchema</namespace>
            </type>
        </namedTypedValue>
        <namedTypedValue>
            <name>finalDrillDownLevel</name>
            <type>
                <name>int</name>
                <namespace>http://www.w3.org/2001/XMLSchema</namespace>
            </type>
        </namedTypedValue>
        <namedTypedValue>
            <name>finalLabel</name>
            <type>
                <name>string</name>
                <namespace>http://www.w3.org/2001/XMLSchema</namespace>
            </type>
            <value/>
        </namedTypedValue>
        <preferredEditor>interface</preferredEditor>
        <offlineEnabled>false</offlineEnabled>
    </rule>
    <roleMap public="true">
        <role allowForAll="false" inherit="true" name="readers">
            <users/>
            <groups/>
        </role>
        <role allowForAll="false" inherit="true" name="authors">
            <users/>
            <groups/>
        </role>
        <role allowForAll="false" inherit="true" name="administrators">
            <users/>
            <groups/>
        </role>
        <role allowForAll="false" inherit="false" name="denyReaders">
            <users/>
            <groups/>
        </role>
        <role allowForAll="false" inherit="false" name="denyAuthors">
            <users/>
            <groups/>
        </role>
        <role allowForAll="false" inherit="false" name="denyAdministrators">
            <users/>
            <groups/>
        </role>
    </roleMap>
    <typedValue>
        <type>
            <name>RuleTestConfig?list</name>
            <namespace>http://www.appian.com/ae/types/2009</namespace>
        </type>
        <value>
            <el>
                <a:name/>
                <a:ruleInputTestConfigs>
                    <a:value xmlns:xsd="http://www.w3.org/2001/XMLSchema" xmlns:xsi="http://www.w3.org/2001/XMLSchema-instance" xsi:nil="true" xsi:type="xsd:int"/>
                    <a:nameRef>campusId</a:nameRef>
                    <a:id/>
                </a:ruleInputTestConfigs>
                <a:ruleInputTestConfigs>
                    <a:value xmlns:xsd="http://www.w3.org/2001/XMLSchema" xmlns:xsi="http://www.w3.org/2001/XMLSchema-instance" xsi:nil="true" xsi:type="xsd:int"/>
                    <a:nameRef>buildingId</a:nameRef>
                    <a:id/>
                </a:ruleInputTestConfigs>
                <a:ruleInputTestConfigs>
                    <a:value xmlns:xsd="http://www.w3.org/2001/XMLSchema" xmlns:xsi="http://www.w3.org/2001/XMLSchema-instance" xsi:nil="true" xsi:type="xsd:int"/>
                    <a:nameRef>floorId</a:nameRef>
                    <a:id/>
                </a:ruleInputTestConfigs>
                <a:ruleInputTestConfigs>
                    <a:value xmlns:xsd="http://www.w3.org/2001/XMLSchema" xmlns:xsi="http://www.w3.org/2001/XMLSchema-instance" xsi:nil="true" xsi:type="xsd:int"/>
                    <a:nameRef>spaceId</a:nameRef>
                    <a:id/>
                </a:ruleInputTestConfigs>
                <a:ruleInputTestConfigs>
                    <a:value xmlns:xsd="http://www.w3.org/2001/XMLSchema" xmlns:xsi="http://www.w3.org/2001/XMLSchema-instance" xsi:nil="true" xsi:type="xsd:int"/>
                    <a:nameRef>finalDrillDownLevel</a:nameRef>
                    <a:id/>
                </a:ruleInputTestConfigs>
                <a:ruleInputTestConfigs>
                    <a:value xmlns:xsd="http://www.w3.org/2001/XMLSchema" xmlns:xsi="http://www.w3.org/2001/XMLSchema-instance" xsi:type="xsd:string"/>
                    <a:nameRef>finalLabel</a:nameRef>
                    <a:id/>
                </a:ruleInputTestConfigs>
                <a:assertions xmlns:xsi="http://www.w3.org/2001/XMLSchema-instance" xsi:nil="true"/>
            </el>
        </value>
    </typedValue>
</contentHaul>
