<?xml version="1.0" encoding="UTF-8" standalone="yes"?>
<contentHaul xmlns:a="http://www.appian.com/ae/types/2009">
    <rule>
        <name>HR_GRID_trainingStatistics</name>
        <uuid>_a-0000dd0d-462c-8000-9ba2-011c48011c48_5296</uuid>
        <description>Grid used to display summary statistics about trainings</description>
        <parentUuid>_a-0000dd0d-462c-8000-9ba2-011c48011c48_3789</parentUuid>
        <visibility>
            <advertise>false</advertise>
            <hierarchy>true</hierarchy>
            <indexable>true</indexable>
            <quota>false</quota>
            <searchable>true</searchable>
            <system>false</system>
            <unlogged>false</unlogged>
        </visibility>
        <definition>load(
  local!choiceLabels: {
    &quot;Mandatory&quot;,
    &quot;Average Rating&quot;,
    &quot;Completion Percentage&quot;,
    &quot;Date Available&quot;,
    &quot;Due Date&quot;
  },
  local!showColumn: local!choiceLabels[{
    1, 2, 3, 4, 5
  }],
  local!showColumns: false,
  with(
    local!trainingStatistics: #&quot;_a-0000dd0d-462c-8000-9ba2-011c48011c48_5294&quot;(
      columns: {
        &quot;trainingId&quot;,
        &quot;name&quot;,
        &quot;isMandatory&quot;,
        &quot;avgRating&quot;,
        &quot;completionPercentage&quot;,
        &quot;availableDate&quot;,
        &quot;dueDate&quot;
      },
      pagingInfo: ri!pagingInfo,
      minCompletion: ri!minCompletion,
      maxCompletion: ri!maxCompletion,
      isMandatoryStatus: ri!isMandatoryStatus,
      name: ri!name,
      availableFrom: ri!availableDateFrom,
      availableTo: ri!availableDateTo,
      dueFrom: ri!dueDateFrom,
      dueTo: ri!dueDateTo,
      minAvgRating: ri!minAvgRating,
      maxAvgRating: ri!maxAvgRating
    ),
    {
      #&quot;SYSTEM_SYSRULES_gridField&quot;(
        totalCount: local!trainingStatistics.totalCount,
        columns: {
          #&quot;SYSTEM_SYSRULES_gridTextColumn&quot;(
            label: &quot;Name&quot;,
            field: &quot;name&quot;,
            data: index(
              local!trainingStatistics.data,
              &quot;name&quot;,
              {}
            ),
            links: #&quot;SYSTEM_SYSRULES_applyComponents&quot;(
              function: #&quot;SYSTEM_SYSRULES_recordLink&quot;(
                label: _,
                recordType: #&quot;_a-0000dd04-1e13-8000-aae2-01ef9001ef90_3688&quot;, identifier: _
              ),
              array: merge(
                index(local!trainingStatistics.data, &quot;name&quot;, {}),
                index(local!trainingStatistics.data, &quot;trainingId&quot;, {})
              )
            )
          ),
          if(
            contains(
              local!showColumn,
              &quot;Mandatory&quot;
            ),
            #&quot;SYSTEM_SYSRULES_gridTextColumn&quot;(
              label: &quot;Mandatory&quot;,
              field: &quot;isMandatory&quot;,
              data: apply(
                #&quot;_a-0000dd0d-462c-8000-9ba2-011c48011c48_5334&quot;,
                index(
                  local!trainingStatistics.data,
                  &quot;isMandatory&quot;,
                  {}
                )
              )
            ),
            {}
          ),
          if(
            contains(
              local!showColumn,
              &quot;Average Rating&quot;
            ),
            #&quot;SYSTEM_SYSRULES_gridTextColumn&quot;(
              label: &quot;Average Rating&quot;,
              field: &quot;avgRating&quot;,
              data: index(
                local!trainingStatistics.data,
                &quot;avgRating&quot;,
                {}
              )
            ),
            {}
          ),
          if(
            contains(
              local!showColumn,
              &quot;Completion Percentage&quot;
            ),
            #&quot;SYSTEM_SYSRULES_gridTextColumn&quot;(
              label: &quot;Completion Percentage&quot;,
              field: &quot;completionPercentage&quot;,
              data: apply(
                #&quot;_a-0000dd0d-462c-8000-9ba2-011c48011c48_5609&quot;,
                index(
                  local!trainingStatistics.data,
                  &quot;completionPercentage&quot;,
                  {}
                )
              )
            ),
            {}
          ),
          if(
            contains(
              local!showColumn,
              &quot;Date Available&quot;
            ),
            #&quot;SYSTEM_SYSRULES_gridTextColumn&quot;(
              label: &quot;Date Available&quot;,
              field: &quot;availableDate&quot;,
              data: index(
                local!trainingStatistics.data,
                &quot;availableDate&quot;,
                {}
              )
            ),
            {}
          ),
          if(
            contains(
              local!showColumn,
              &quot;Due Date&quot;
            ),
            #&quot;SYSTEM_SYSRULES_gridTextColumn&quot;(
              label: &quot;Due Date&quot;,
              field: &quot;dueDate&quot;,
              data: index(
                local!trainingStatistics.data,
                &quot;dueDate&quot;,
                {}
              )
            ),
            {}
          )
        },
        value: ri!pagingInfo,
        saveInto: {
          ri!pagingInfo
        }
      ),
      #&quot;2d786626-f8a4-4c46-a2a6-c0c8fe96a4ad&quot;(showColumns: local!showColumns, choiceLabels: local!choiceLabels, showColumn: local!showColumn)
    }
  ))
</definition>
        <namedTypedValue>
            <name>pagingInfo</name>
            <type>
                <name>PagingInfo</name>
                <namespace>http://www.appian.com/ae/types/2009</namespace>
            </type>
        </namedTypedValue>
        <namedTypedValue>
            <name>minCompletion</name>
            <type>
                <name>int</name>
                <namespace>http://www.w3.org/2001/XMLSchema</namespace>
            </type>
        </namedTypedValue>
        <namedTypedValue>
            <name>maxCompletion</name>
            <type>
                <name>int</name>
                <namespace>http://www.w3.org/2001/XMLSchema</namespace>
            </type>
        </namedTypedValue>
        <namedTypedValue>
            <name>minAvgRating</name>
            <type>
                <name>int</name>
                <namespace>http://www.w3.org/2001/XMLSchema</namespace>
            </type>
        </namedTypedValue>
        <namedTypedValue>
            <name>maxAvgRating</name>
            <type>
                <name>int</name>
                <namespace>http://www.w3.org/2001/XMLSchema</namespace>
            </type>
        </namedTypedValue>
        <namedTypedValue>
            <name>dueDateFrom</name>
            <type>
                <name>date</name>
                <namespace>http://www.w3.org/2001/XMLSchema</namespace>
            </type>
        </namedTypedValue>
        <namedTypedValue>
            <name>dueDateTo</name>
            <type>
                <name>date</name>
                <namespace>http://www.w3.org/2001/XMLSchema</namespace>
            </type>
        </namedTypedValue>
        <namedTypedValue>
            <name>isMandatoryStatus</name>
            <type>
                <name>int</name>
                <namespace>http://www.w3.org/2001/XMLSchema</namespace>
            </type>
        </namedTypedValue>
        <namedTypedValue>
            <name>availableDateTo</name>
            <type>
                <name>date</name>
                <namespace>http://www.w3.org/2001/XMLSchema</namespace>
            </type>
        </namedTypedValue>
        <namedTypedValue>
            <name>availableDateFrom</name>
            <type>
                <name>date</name>
                <namespace>http://www.w3.org/2001/XMLSchema</namespace>
            </type>
        </namedTypedValue>
        <namedTypedValue>
            <name>name</name>
            <type>
                <name>string</name>
                <namespace>http://www.w3.org/2001/XMLSchema</namespace>
            </type>
            <value/>
        </namedTypedValue>
        <preferredEditor>interface</preferredEditor>
        <offlineEnabled>false</offlineEnabled>
    </rule>
    <roleMap public="true">
        <role allowForAll="false" inherit="true" name="readers">
            <users/>
            <groups/>
        </role>
        <role allowForAll="false" inherit="true" name="authors">
            <users/>
            <groups/>
        </role>
        <role allowForAll="false" inherit="true" name="administrators">
            <users>
                <userUuid>ben.siegel</userUuid>
            </users>
            <groups/>
        </role>
        <role allowForAll="false" inherit="false" name="denyReaders">
            <users/>
            <groups/>
        </role>
        <role allowForAll="false" inherit="false" name="denyAuthors">
            <users/>
            <groups/>
        </role>
        <role allowForAll="false" inherit="false" name="denyAdministrators">
            <users/>
            <groups/>
        </role>
    </roleMap>
    <typedValue>
        <type>
            <name>RuleTestConfig?list</name>
            <namespace>http://www.appian.com/ae/types/2009</namespace>
        </type>
        <value>
            <el>
                <a:name/>
                <a:ruleInputTestConfigs>
                    <a:value xmlns:xsi="http://www.w3.org/2001/XMLSchema-instance" xsi:nil="true" xsi:type="a:PagingInfo"/>
                    <a:nameRef>pagingInfo</a:nameRef>
                    <a:id/>
                </a:ruleInputTestConfigs>
                <a:ruleInputTestConfigs>
                    <a:value xmlns:xsd="http://www.w3.org/2001/XMLSchema" xmlns:xsi="http://www.w3.org/2001/XMLSchema-instance" xsi:nil="true" xsi:type="xsd:int"/>
                    <a:nameRef>minCompletion</a:nameRef>
                    <a:id/>
                </a:ruleInputTestConfigs>
                <a:ruleInputTestConfigs>
                    <a:value xmlns:xsd="http://www.w3.org/2001/XMLSchema" xmlns:xsi="http://www.w3.org/2001/XMLSchema-instance" xsi:nil="true" xsi:type="xsd:int"/>
                    <a:nameRef>maxCompletion</a:nameRef>
                    <a:id/>
                </a:ruleInputTestConfigs>
                <a:ruleInputTestConfigs>
                    <a:value xmlns:xsd="http://www.w3.org/2001/XMLSchema" xmlns:xsi="http://www.w3.org/2001/XMLSchema-instance" xsi:nil="true" xsi:type="xsd:int"/>
                    <a:nameRef>minAvgRating</a:nameRef>
                    <a:id/>
                </a:ruleInputTestConfigs>
                <a:ruleInputTestConfigs>
                    <a:value xmlns:xsd="http://www.w3.org/2001/XMLSchema" xmlns:xsi="http://www.w3.org/2001/XMLSchema-instance" xsi:nil="true" xsi:type="xsd:int"/>
                    <a:nameRef>maxAvgRating</a:nameRef>
                    <a:id/>
                </a:ruleInputTestConfigs>
                <a:ruleInputTestConfigs>
                    <a:value xmlns:xsd="http://www.w3.org/2001/XMLSchema" xmlns:xsi="http://www.w3.org/2001/XMLSchema-instance" xsi:nil="true" xsi:type="xsd:date"/>
                    <a:nameRef>dueDateFrom</a:nameRef>
                    <a:id/>
                </a:ruleInputTestConfigs>
                <a:ruleInputTestConfigs>
                    <a:value xmlns:xsd="http://www.w3.org/2001/XMLSchema" xmlns:xsi="http://www.w3.org/2001/XMLSchema-instance" xsi:nil="true" xsi:type="xsd:date"/>
                    <a:nameRef>dueDateTo</a:nameRef>
                    <a:id/>
                </a:ruleInputTestConfigs>
                <a:ruleInputTestConfigs>
                    <a:value xmlns:xsd="http://www.w3.org/2001/XMLSchema" xmlns:xsi="http://www.w3.org/2001/XMLSchema-instance" xsi:nil="true" xsi:type="xsd:int"/>
                    <a:nameRef>isMandatoryStatus</a:nameRef>
                    <a:id/>
                </a:ruleInputTestConfigs>
                <a:ruleInputTestConfigs>
                    <a:value xmlns:xsd="http://www.w3.org/2001/XMLSchema" xmlns:xsi="http://www.w3.org/2001/XMLSchema-instance" xsi:nil="true" xsi:type="xsd:date"/>
                    <a:nameRef>availableDateTo</a:nameRef>
                    <a:id/>
                </a:ruleInputTestConfigs>
                <a:ruleInputTestConfigs>
                    <a:value xmlns:xsd="http://www.w3.org/2001/XMLSchema" xmlns:xsi="http://www.w3.org/2001/XMLSchema-instance" xsi:nil="true" xsi:type="xsd:date"/>
                    <a:nameRef>availableDateFrom</a:nameRef>
                    <a:id/>
                </a:ruleInputTestConfigs>
                <a:ruleInputTestConfigs>
                    <a:value xmlns:xsd="http://www.w3.org/2001/XMLSchema" xmlns:xsi="http://www.w3.org/2001/XMLSchema-instance" xsi:type="xsd:string"/>
                    <a:nameRef>name</a:nameRef>
                    <a:id/>
                </a:ruleInputTestConfigs>
                <a:assertions xmlns:xsi="http://www.w3.org/2001/XMLSchema-instance" xsi:nil="true"/>
            </el>
        </value>
    </typedValue>
</contentHaul>
