<?xml version="1.0" encoding="UTF-8" standalone="yes"?>
<contentHaul xmlns:a="http://www.appian.com/ae/types/2009">
    <rule>
        <name>HR_SCT_Reserve_spaceDetails</name>
        <uuid>_a-0000dd0d-462c-8000-9ba2-011c48011c48_5354</uuid>
        <description>Read-only section that shows details about a space</description>
        <parentUuid>_a-0000dd0d-462c-8000-9ba2-011c48011c48_3551</parentUuid>
        <visibility>
            <advertise>false</advertise>
            <hierarchy>true</hierarchy>
            <indexable>true</indexable>
            <quota>false</quota>
            <searchable>true</searchable>
            <system>false</system>
            <unlogged>false</unlogged>
        </visibility>
        <definition>load(
  local!spaceTypes: #&quot;3af0f2e5-5c7f-4f1b-b92a-7b2b087a2287&quot;(isActive: true, type: #&quot;_a-0000dd0d-462c-8000-9ba2-011c48011c48_4971&quot;).data,
  local!campuses: #&quot;_a-0000dd0d-462c-8000-9ba2-011c48011c48_5501&quot;(
    columns: {&quot;campusId&quot;, &quot;campusName&quot;},
    pagingInfo: #&quot;SYSTEM_SYSRULES_pagingInfo&quot;(
      startIndex: 1,
      batchSize: -1,
      sort: #&quot;SYSTEM_SYSRULES_sortInfo&quot;(
        field: &quot;campusName&quot;,
        ascending: true
      )
    )
  ).data,
  local!buildings: #&quot;_a-0000dd0d-462c-8000-9ba2-011c48011c48_5503&quot;(
    columns: {&quot;buildingId&quot;, &quot;buildingName&quot;},
    pagingInfo: #&quot;SYSTEM_SYSRULES_pagingInfo&quot;(
      startIndex: 1,
      batchSize: -1,
      sort: #&quot;SYSTEM_SYSRULES_sortInfo&quot;(
        field: &quot;buildingName&quot;,
        ascending: true
      )
    )
  ).data,
  local!floors: #&quot;_a-0000dd0d-462c-8000-9ba2-011c48011c48_5505&quot;(
    columns: {&quot;floorId&quot;, &quot;floorName&quot;},
    pagingInfo: #&quot;SYSTEM_SYSRULES_pagingInfo&quot;(
      startIndex: 1,
      batchSize: -1,
      sort: #&quot;SYSTEM_SYSRULES_sortInfo&quot;(
        field: &quot;floorName&quot;,
        ascending: true
      )
    )
  ).data,
  
#&quot;SYSTEM_SYSRULES_sectionLayout&quot;(
  label: &quot;Space Details&quot;,
  firstColumnContents: {
    #&quot;_a-0000dd0d-462c-8000-9ba2-011c48011c48_3690&quot;(
      label: &quot;Name&quot;,
      value: ri!space.spaceName,
      readOnly: if(#&quot;2168a5de-fb70-4d66-8b97-b547e3ac6e57&quot;(ri!readOnly), true, ri!readOnly),
      saveInto: ri!space.spaceName
    ),
    #&quot;_a-0000dd0d-462c-8000-9ba2-011c48011c48_3685&quot;(
        label: &quot;Type&quot;,
        readOnly: if(#&quot;2168a5de-fb70-4d66-8b97-b547e3ac6e57&quot;(ri!readOnly), true, ri!readOnly),
        required: false,
        choiceLabels: index(local!spaceTypes, &quot;label&quot;, {}),
        choiceValues: index(local!spaceTypes, &quot;id&quot;, {}),
        value: ri!space.spaceTypeId,
        saveInto: ri!space.spaceTypeId
      ),
    #&quot;_a-0000dd0d-462c-8000-9ba2-011c48011c48_3690&quot;(
      label: &quot;Capacity&quot;,
      value: ri!space.capacity,
      readOnly: if(#&quot;2168a5de-fb70-4d66-8b97-b547e3ac6e57&quot;(ri!readOnly), true, ri!readOnly),
      saveInto: ri!space.capacity
    ),
    /*rule!AF_CMPT_General_textField(
      label: &quot;Type&quot;,
      labelPosition: &quot;ADJACENT&quot;,
      value: ri!space.spaceTypeLabel,
      readOnly: true
    ),*/
    if(or(#&quot;2168a5de-fb70-4d66-8b97-b547e3ac6e57&quot;(ri!readOnly), ri!readOnly),
    {#&quot;_a-0000dd0d-462c-8000-9ba2-011c48011c48_3690&quot;(
      label: &quot;Permanent&quot;,
      value: if(ri!space.isTempSpace, &quot;No&quot;, &quot;Yes&quot;),
      readOnly: if(#&quot;2168a5de-fb70-4d66-8b97-b547e3ac6e57&quot;(ri!readOnly), true, ri!readOnly)
    )},
    {
      #&quot;_a-0000dd0d-462c-8000-9ba2-011c48011c48_3692&quot;(
        label: &quot;Is Temporary Space?&quot;,
        labelPosition: &quot;COLLAPSED&quot;,
        readOnly: if(#&quot;2168a5de-fb70-4d66-8b97-b547e3ac6e57&quot;(ri!readOnly), true, ri!readOnly),
        choiceLabels: {&quot;Temporary Space&quot;},
        choiceValues: {true},
        value: ri!space.isTempSpace,
        saveInto: ri!space.isTempSpace
      )
    }),
    if(or(#&quot;2168a5de-fb70-4d66-8b97-b547e3ac6e57&quot;(ri!readOnly), ri!readOnly),
    {#&quot;_a-0000dd0d-462c-8000-9ba2-011c48011c48_3690&quot;(
      label: &quot;Equipment&quot;,
      labelPosition: &quot;ADJACENT&quot;,
      value: if(ri!space.isFurnished, &quot;Yes&quot;, &quot;No&quot;),
      readOnly: if(#&quot;2168a5de-fb70-4d66-8b97-b547e3ac6e57&quot;(ri!readOnly), true, ri!readOnly)
    )},
    {
     #&quot;_a-0000dd0d-462c-8000-9ba2-011c48011c48_3692&quot;(
        label: &quot;Is Furnished?&quot;,
        labelPosition: &quot;COLLAPSED&quot;,
        readOnly: if(#&quot;2168a5de-fb70-4d66-8b97-b547e3ac6e57&quot;(ri!readOnly), true, ri!readOnly),
        choiceLabels: {&quot;Equipment&quot;},
        choiceValues: {true},
        value: ri!space.isFurnished,
        saveInto: ri!space.isFurnished
      ) 
    }),
    if(or(#&quot;2168a5de-fb70-4d66-8b97-b547e3ac6e57&quot;(ri!readOnly), ri!readOnly),
    {#&quot;_a-0000dd0d-462c-8000-9ba2-011c48011c48_3690&quot;(
      label: &quot;Approval Needed?&quot;,
      labelPosition: &quot;ADJACENT&quot;,
      value: if(ri!space.needsApproval, &quot;Yes&quot;, &quot;No&quot;),
      readOnly: if(#&quot;2168a5de-fb70-4d66-8b97-b547e3ac6e57&quot;(ri!readOnly), true, ri!readOnly)
    )},
    {
      #&quot;_a-0000dd0d-462c-8000-9ba2-011c48011c48_3692&quot;(
        label: &quot;Approval Needed?&quot;,
        labelPosition: &quot;COLLAPSED&quot;,
        readOnly: if(#&quot;2168a5de-fb70-4d66-8b97-b547e3ac6e57&quot;(ri!readOnly), true, ri!readOnly),
        choiceLabels: {&quot;Approval Needed&quot;},
        choiceValues: {true},
        value: ri!space.needsApproval,
        saveInto: ri!space.needsApproval
      ) 
    })
  },
  secondColumnContents:{
    #&quot;_a-0000dd0d-462c-8000-9ba2-011c48011c48_3685&quot;(
       label: &quot;Campus&quot;,
       readOnly: if(#&quot;2168a5de-fb70-4d66-8b97-b547e3ac6e57&quot;(ri!readOnly), true, ri!readOnly),
       required: false,
       choiceLabels: index(local!campuses, &quot;campusName&quot;, {}),
       choiceValues: index(local!campuses, &quot;campusId&quot;, {}),
       value: ri!space.campusId,
       saveInto: {ri!space.campusId, 
        a!save(local!buildings, #&quot;_a-0000dd0d-462c-8000-9ba2-011c48011c48_5503&quot;(campusId: save!value).data),
        a!save(local!floors, {}),
          a!save({ri!space.buildingId, ri!space.floorId}, null)
        }
     ),
     #&quot;_a-0000dd0d-462c-8000-9ba2-011c48011c48_3685&quot;(
       label: &quot;Building&quot;,
       readOnly: if(#&quot;2168a5de-fb70-4d66-8b97-b547e3ac6e57&quot;(ri!readOnly), true, ri!readOnly),
       required: false,
       disabled: #&quot;2168a5de-fb70-4d66-8b97-b547e3ac6e57&quot;(ri!space.campusId),
       choiceLabels: index(local!buildings, &quot;buildingName&quot;, {}),
       choiceValues: index(local!buildings, &quot;buildingId&quot;, {}),
       value: ri!space.buildingId,
       saveInto: {ri!space.buildingId, 
        a!save(local!floors, #&quot;_a-0000dd0d-462c-8000-9ba2-011c48011c48_5505&quot;(buildingId: save!value).data),
        a!save({ri!space.floorId}, null)
        }
     ),
     #&quot;_a-0000dd0d-462c-8000-9ba2-011c48011c48_3685&quot;(
       label: &quot;Floor&quot;,
       readOnly: if(#&quot;2168a5de-fb70-4d66-8b97-b547e3ac6e57&quot;(ri!readOnly), true, ri!readOnly),
       required: false,
       disabled: #&quot;2168a5de-fb70-4d66-8b97-b547e3ac6e57&quot;(ri!space.buildingId),
       choiceLabels: index(local!floors, &quot;floorName&quot;, {}),
       choiceValues: index(local!floors, &quot;floorId&quot;, {}),
       value: ri!space.floorId,
       saveInto: ri!space.floorId
     )/*,
    rule!AF_CMPT_General_textField(
      label: &quot;Campus&quot;,
      labelPosition: &quot;ADJACENT&quot;,
      value: ri!space.campusName,
      readOnly: true
    ),
    rule!AF_CMPT_General_textField(
      label: &quot;Building&quot;,
      labelPosition: &quot;ADJACENT&quot;,
      value: ri!space.buildingName,
      readOnly: true
    ),
    rule!AF_CMPT_General_textField(
      label: &quot;Floor&quot;,
      labelPosition: &quot;ADJACENT&quot;,
      value: ri!space.floorName,
      readOnly: true
    )*/
  }
))</definition>
        <namedTypedValue>
            <name>space</name>
            <type>
                <name>HR_V_Space_Record</name>
                <namespace>urn:com:appian:types:HR</namespace>
            </type>
        </namedTypedValue>
        <namedTypedValue>
            <name>readOnly</name>
            <type>
                <name>boolean</name>
                <namespace>http://www.w3.org/2001/XMLSchema</namespace>
            </type>
        </namedTypedValue>
        <preferredEditor>interface</preferredEditor>
        <offlineEnabled>false</offlineEnabled>
    </rule>
    <roleMap public="true">
        <role allowForAll="false" inherit="true" name="readers">
            <users/>
            <groups/>
        </role>
        <role allowForAll="false" inherit="true" name="authors">
            <users/>
            <groups/>
        </role>
        <role allowForAll="false" inherit="true" name="administrators">
            <users/>
            <groups/>
        </role>
        <role allowForAll="false" inherit="false" name="denyReaders">
            <users/>
            <groups/>
        </role>
        <role allowForAll="false" inherit="false" name="denyAuthors">
            <users/>
            <groups/>
        </role>
        <role allowForAll="false" inherit="false" name="denyAdministrators">
            <users/>
            <groups/>
        </role>
    </roleMap>
</contentHaul>
