<?xml version="1.0" encoding="UTF-8" standalone="yes"?>
<contentHaul xmlns:a="http://www.appian.com/ae/types/2009">
    <rule>
        <name>HR_FRM_Position_editPositionWrapper</name>
        <uuid>_a-0000dd0d-462c-8000-9ba2-011c48011c48_7058</uuid>
        <description>Wrapper interface for the edit position wizard</description>
        <parentUuid>_a-0000dd0d-462c-8000-9ba2-011c48011c48_3563</parentUuid>
        <visibility>
            <advertise>false</advertise>
            <hierarchy>true</hierarchy>
            <indexable>true</indexable>
            <quota>false</quota>
            <searchable>true</searchable>
            <system>false</system>
            <unlogged>false</unlogged>
        </visibility>
        <definition>load(
  local!assignedUserQuery: #&quot;_a-0000dd0d-462c-8000-9ba2-011c48011c48_6001&quot;(positionId: ri!position.positionId, pagingInfo: #&quot;SYSTEM_SYSRULES_pagingInfo&quot;(startIndex:1, batchSize:1)),
  local!assignedUser: if(local!assignedUserQuery.totalCount = 0, null, local!assignedUserQuery.data[1]), 
  local!page: 1,
  local!totalPages: 5,
  #&quot;SYSTEM_SYSRULES_formLayout&quot;(
    validations: if(and(ri!position = ri!oldPosition, local!page = local!totalPages), &quot;At least one edit must be made to the position in order to submit.&quot;, {}),
    label: &quot;Edit Position&quot;,
    firstColumnContents: {
      #&quot;SYSTEM_SYSRULES_sectionLayout&quot;(
        label: &quot;&quot;,
        labelPosition: &quot;COLLAPSED&quot;,
        firstColumnContents: {
          #&quot;SYSTEM_SYSRULES_milestoneField&quot;(
            label: &quot;&quot;,
            labelPosition: &quot;COLLAPSED&quot;,
            steps: #&quot;_a-0000dd0d-462c-8000-9ba2-011c48011c48_5863&quot;,
            active: local!page
          )
        }
      ),
      choose(local!page,
        #&quot;_a-0000dd0d-462c-8000-9ba2-011c48011c48_4354&quot;(readOnly: false, position: ri!position, assignedUser: local!assignedUser),
        #&quot;_a-0000dd0d-462c-8000-9ba2-011c48011c48_4355&quot;(readOnly: false, position: ri!position),
        #&quot;_a-0000dd0d-462c-8000-9ba2-011c48011c48_4330&quot;(readOnly: false, position: ri!position),
        #&quot;_a-0000dd0d-462c-8000-9ba2-011c48011c48_4356&quot;(readOnly: false, position: ri!position),
        #&quot;_a-0000dd0d-462c-8000-9ba2-011c48011c48_4357&quot;(readOnly: false, position: ri!position)
      )},
          buttons: #&quot;SYSTEM_SYSRULES_ButtonLayout&quot;(
  primaryButtons:
  if(local!page = local!totalPages, #&quot;SYSTEM_SYSRULES_ButtonWidgetSubmit&quot;(
    label: &quot;Submit&quot;,
    style: &quot;PRIMARY&quot;,
    value: #&quot;_a-0000dd0d-462c-8000-9ba2-011c48011c48_5544&quot;,
    saveInto: ri!buttonValue,
    confirmMessage: &quot;Are you sure you wish to request an edit of position? The request will be reviewed.&quot;
    ),
    #&quot;SYSTEM_SYSRULES_ButtonWidget&quot;(
    validate: true,
    label: &quot;Continue&quot;,
    value: local!page + 1,
    saveInto: local!page)
  ),
  secondaryButtons: {if(local!page = 1, {}, #&quot;SYSTEM_SYSRULES_ButtonWidget&quot;(
    label: &quot;Previous&quot;,
    value: local!page - 1,
    saveInto: local!page)),#&quot;SYSTEM_SYSRULES_ButtonWidget&quot;(
    label: &quot;Cancel&quot;,
    submit: true,
    validate: false,
    confirmMessage: &quot;Are you sure you wish to cancel?&quot;,
    value: #&quot;_a-0000dd0d-462c-8000-9ba2-011c48011c48_5426&quot;,
    saveInto: ri!buttonValue),
    }
  )
)
          
          
          
      

  
)</definition>
        <namedTypedValue>
            <name>position</name>
            <type>
                <name>HR_Position</name>
                <namespace>urn:com:appian:types:HR</namespace>
            </type>
        </namedTypedValue>
        <namedTypedValue>
            <name>buttonValue</name>
            <type>
                <name>string</name>
                <namespace>http://www.w3.org/2001/XMLSchema</namespace>
            </type>
            <value/>
        </namedTypedValue>
        <namedTypedValue>
            <name>oldPosition</name>
            <type>
                <name>HR_Position</name>
                <namespace>urn:com:appian:types:HR</namespace>
            </type>
        </namedTypedValue>
        <preferredEditor>interface</preferredEditor>
        <offlineEnabled>false</offlineEnabled>
    </rule>
    <roleMap public="true">
        <role allowForAll="false" inherit="true" name="readers">
            <users/>
            <groups/>
        </role>
        <role allowForAll="false" inherit="true" name="authors">
            <users/>
            <groups/>
        </role>
        <role allowForAll="false" inherit="true" name="administrators">
            <users>
                <userUuid>ben.siegel</userUuid>
            </users>
            <groups/>
        </role>
        <role allowForAll="false" inherit="false" name="denyReaders">
            <users/>
            <groups/>
        </role>
        <role allowForAll="false" inherit="false" name="denyAuthors">
            <users/>
            <groups/>
        </role>
        <role allowForAll="false" inherit="false" name="denyAdministrators">
            <users/>
            <groups/>
        </role>
    </roleMap>
    <typedValue>
        <type>
            <name>RuleTestConfig?list</name>
            <namespace>http://www.appian.com/ae/types/2009</namespace>
        </type>
        <value>
            <el>
                <a:name/>
                <a:ruleInputTestConfigs>
                    <a:value xmlns:n1="urn:com:appian:types:HR" xmlns:xsi="http://www.w3.org/2001/XMLSchema-instance" xsi:nil="true" xsi:type="n1:HR_Position"/>
                    <a:nameRef>position</a:nameRef>
                    <a:id/>
                </a:ruleInputTestConfigs>
                <a:ruleInputTestConfigs>
                    <a:value xmlns:xsd="http://www.w3.org/2001/XMLSchema" xmlns:xsi="http://www.w3.org/2001/XMLSchema-instance" xsi:type="xsd:string"/>
                    <a:nameRef>buttonValue</a:nameRef>
                    <a:id/>
                </a:ruleInputTestConfigs>
                <a:ruleInputTestConfigs>
                    <a:value xmlns:n1="urn:com:appian:types:HR" xmlns:xsi="http://www.w3.org/2001/XMLSchema-instance" xsi:nil="true" xsi:type="n1:HR_Position"/>
                    <a:nameRef>oldPosition</a:nameRef>
                    <a:id/>
                </a:ruleInputTestConfigs>
                <a:assertions xmlns:xsi="http://www.w3.org/2001/XMLSchema-instance" xsi:nil="true"/>
            </el>
        </value>
    </typedValue>
</contentHaul>
