<?xml version="1.0" encoding="UTF-8" standalone="yes"?>
<contentHaul xmlns:a="http://www.appian.com/ae/types/2009">
    <rule>
        <name>HR_SCT_Workflow_documents</name>
        <uuid>_a-0000dd0d-462c-8000-9ba2-011c48011c48_3956</uuid>
        <description>Section for displaying workflow documents. When readOnly is true documentDataSubset should be passed in. When readOnly is false documentData should be passed in. pagingInfo is always required.</description>
        <parentUuid>_a-0000dd0d-462c-8000-9ba2-011c48011c48_3551</parentUuid>
        <visibility>
            <advertise>false</advertise>
            <hierarchy>true</hierarchy>
            <indexable>true</indexable>
            <quota>false</quota>
            <searchable>true</searchable>
            <system>false</system>
            <unlogged>false</unlogged>
        </visibility>
        <definition>with(
  local!newDocumentIndices: where(apply(fn!isnull, index(ri!documentData, &quot;documentId&quot;, {}))),
  local!noNewDocuments: #&quot;2168a5de-fb70-4d66-8b97-b547e3ac6e57&quot;(local!newDocumentIndices),
  local!dataSubset: if(ri!readOnly,
    ri!documentDataSubset,
    todatasubset(remove(ri!documentData, local!newDocumentIndices), ri!pagingInfo)
  ),
  local!addNewLink: #&quot;SYSTEM_SYSRULES_linkField&quot;(
    links: #&quot;SYSTEM_SYSRULES_dynamicLink&quot;(
      label: &quot;+ Add New&quot;,
      saveInto: a!save(ri!documentData, append(ri!documentData, 'type!{urn:com:appian:types:HR}HR_Workflow_Document'()))
    ),
    labelPosition: &quot;COLLAPSED&quot;
  ),
  {
    #&quot;SYSTEM_SYSRULES_sectionLayout&quot;(
      label: &quot;Documents&quot;,
      firstColumnContents: {
        #&quot;SYSTEM_SYSRULES_gridField&quot;(
          columns: {
            #&quot;SYSTEM_SYSRULES_gridTextColumn&quot;(
              label: &quot;Document&quot;,
              field: #&quot;_a-0000dd0d-462c-8000-9ba2-011c48011c48_3897&quot;,
              data: apply(
                document(_, &quot;name&quot;),
                index(local!dataSubset.data, &quot;docAppianDocumentId&quot;, {})
              )
            ),
            #&quot;SYSTEM_SYSRULES_gridTextColumn&quot;(
              label: &quot;Description&quot;,
              field: #&quot;_a-0000dd0d-462c-8000-9ba2-011c48011c48_3897&quot;,
              data: index(local!dataSubset.data, &quot;docDescription&quot;, {})
            ),
            #&quot;SYSTEM_SYSRULES_gridTextColumn&quot;(
              label: &quot;Uploaded By&quot;,
              field: #&quot;_a-0000dd0d-462c-8000-9ba2-011c48011c48_3897&quot;,
              data: apply(
                #&quot;64f07310-4544-413c-96ea-2bd500ad735e&quot;(user: _),
                index(local!dataSubset.data, &quot;docUploadedBy&quot;, {})
              )
            ),
            #&quot;SYSTEM_SYSRULES_gridTextColumn&quot;(
              label: &quot;Uploaded Date&quot;,
              field: &quot;docUploadedDatetime&quot;,
              data: index(local!dataSubset.data, &quot;docUploadedDatetime&quot;, {})
            )
          },
          totalCount: local!dataSubset.totalCount,
          value: ri!pagingInfo,
          saveInto: #&quot;4c0833a9-0127-4d25-9d6d-cb881c688e7d&quot;(gridSelectionOrPagingInfo: ri!pagingInfo),
          emptyGridMessage: &quot;No documents&quot;
        ),
        if(and(not(ri!readOnly), local!noNewDocuments),
          local!addNewLink,
          {}
        )
      },
      isCollapsible: true
    ),
    if(not(local!noNewDocuments),
      #&quot;SYSTEM_SYSRULES_sectionLayout&quot;(
        label: &quot;New Documents&quot;,
        firstColumnContents: {
          #&quot;SYSTEM_SYSRULES_gridLayout&quot;(
            label: &quot;New Documents&quot;,
            headerCells: #&quot;SYSTEM_SYSRULES_applyComponents&quot;(
              function: #&quot;SYSTEM_SYSRULES_gridLayoutHeaderCell&quot;(label: _),
              array: {&quot;Document&quot;, &quot;Description&quot;, &quot;Uploaded By&quot;, &quot;Uploaded Date&quot;, null}
            ),
            columnConfigs: #&quot;SYSTEM_SYSRULES_applyComponents&quot;(
              function: #&quot;SYSTEM_SYSRULES_gridLayoutColumnConfig&quot;(weight: _),
              array: {6, 6, 3, 3, 1}
            ),
            rows: #&quot;SYSTEM_SYSRULES_applyComponents&quot;(
              function: #&quot;2895487b-4c1e-4f8b-9358-fc686af6aa4e&quot;(
                documentData: ri!documentData,
                index: _,
                targetFolder: ri!targetFolder,
                newDocumentIndices: local!newDocumentIndices
              ),
              array: enumerate(length(local!newDocumentIndices)) + 1
            )
          ),
          local!addNewLink
        },
        isCollapsible: true
      ),
      {}
    )
  }
)</definition>
        <namedTypedValue>
            <name>documentDataSubset</name>
            <type>
                <name>DataSubset</name>
                <namespace>http://www.appian.com/ae/types/2009</namespace>
            </type>
        </namedTypedValue>
        <namedTypedValue>
            <name>documentData</name>
            <type>
                <name>HR_Workflow_Document?list</name>
                <namespace>urn:com:appian:types:HR</namespace>
            </type>
        </namedTypedValue>
        <namedTypedValue>
            <name>pagingInfo</name>
            <type>
                <name>PagingInfo</name>
                <namespace>http://www.appian.com/ae/types/2009</namespace>
            </type>
        </namedTypedValue>
        <namedTypedValue>
            <name>readOnly</name>
            <type>
                <name>boolean</name>
                <namespace>http://www.w3.org/2001/XMLSchema</namespace>
            </type>
        </namedTypedValue>
        <namedTypedValue>
            <name>targetFolder</name>
            <type>
                <name>CollaborationFolder</name>
                <namespace>http://www.appian.com/ae/types/2009</namespace>
            </type>
        </namedTypedValue>
        <preferredEditor>interface</preferredEditor>
        <offlineEnabled>false</offlineEnabled>
    </rule>
    <roleMap public="true">
        <role allowForAll="false" inherit="true" name="readers">
            <users/>
            <groups/>
        </role>
        <role allowForAll="false" inherit="true" name="authors">
            <users/>
            <groups/>
        </role>
        <role allowForAll="false" inherit="true" name="administrators">
            <users>
                <userUuid>rob.turverey</userUuid>
            </users>
            <groups/>
        </role>
        <role allowForAll="false" inherit="false" name="denyReaders">
            <users/>
            <groups/>
        </role>
        <role allowForAll="false" inherit="false" name="denyAuthors">
            <users/>
            <groups/>
        </role>
        <role allowForAll="false" inherit="false" name="denyAdministrators">
            <users/>
            <groups/>
        </role>
    </roleMap>
    <typedValue>
        <type>
            <name>RuleTestConfig?list</name>
            <namespace>http://www.appian.com/ae/types/2009</namespace>
        </type>
        <value>
            <el>
                <a:name/>
                <a:ruleInputTestConfigs>
                    <a:value xmlns:xsi="http://www.w3.org/2001/XMLSchema-instance" xsi:type="a:Expression">todatasubset({}, #&quot;SYSTEM_SYSRULES_pagingInfo&quot;(startIndex: 1, batchSize: 10))</a:value>
                    <a:nameRef>documentDataSubset</a:nameRef>
                    <a:id/>
                </a:ruleInputTestConfigs>
                <a:ruleInputTestConfigs>
                    <a:nameRef>documentData</a:nameRef>
                    <a:id/>
                </a:ruleInputTestConfigs>
                <a:ruleInputTestConfigs>
                    <a:value xmlns:xsi="http://www.w3.org/2001/XMLSchema-instance" xsi:type="a:Expression">#&quot;SYSTEM_SYSRULES_pagingInfo&quot;(startIndex: 1, batchSize: 10)</a:value>
                    <a:nameRef>pagingInfo</a:nameRef>
                    <a:id/>
                </a:ruleInputTestConfigs>
                <a:ruleInputTestConfigs>
                    <a:value xmlns:xsd="http://www.w3.org/2001/XMLSchema" xmlns:xsi="http://www.w3.org/2001/XMLSchema-instance" xsi:type="xsd:boolean">false</a:value>
                    <a:nameRef>readOnly</a:nameRef>
                    <a:id/>
                </a:ruleInputTestConfigs>
                <a:ruleInputTestConfigs>
                    <a:value xmlns:xsi="http://www.w3.org/2001/XMLSchema-instance" xsi:nil="true" xsi:type="a:CollaborationFolder"/>
                    <a:nameRef>targetFolder</a:nameRef>
                    <a:id/>
                </a:ruleInputTestConfigs>
                <a:assertions xmlns:xsi="http://www.w3.org/2001/XMLSchema-instance" xsi:nil="true"/>
            </el>
        </value>
    </typedValue>
</contentHaul>
