<?xml version="1.0" encoding="UTF-8" standalone="yes"?>
<contentHaul xmlns:a="http://www.appian.com/ae/types/2009">
    <constant>
        <name>HR_INT_TRAINING_COMPLETION_PERCENTAGES</name>
        <uuid>_a-0000dd0d-462c-8000-9ba2-011c48011c48_5648</uuid>
        <description>Used for filter dropdown options: 
0, 10, 20, 30, 40, 50, 60, 70, 80, 90, 100</description>
        <parentUuid>_a-0000dd0d-462c-8000-9ba2-011c48011c48_3794</parentUuid>
        <visibility>
            <advertise>false</advertise>
            <hierarchy>true</hierarchy>
            <indexable>true</indexable>
            <quota>false</quota>
            <searchable>true</searchable>
            <system>false</system>
            <unlogged>false</unlogged>
        </visibility>
        <typedValue>
            <type>
                <name>Integer?list</name>
                <namespace>http://www.appian.com/ae/types/2009</namespace>
            </type>
            <value>
                <el>0</el>
                <el>10</el>
                <el>20</el>
                <el>30</el>
                <el>40</el>
                <el>50</el>
                <el>60</el>
                <el>70</el>
                <el>80</el>
                <el>90</el>
                <el>100</el>
            </value>
        </typedValue>
    </constant>
    <roleMap public="true">
        <role allowForAll="false" inherit="true" name="readers">
            <users/>
            <groups/>
        </role>
        <role allowForAll="false" inherit="true" name="authors">
            <users/>
            <groups/>
        </role>
        <role allowForAll="false" inherit="true" name="administrators">
            <users/>
            <groups/>
        </role>
        <role allowForAll="false" inherit="false" name="denyReaders">
            <users/>
            <groups/>
        </role>
        <role allowForAll="false" inherit="false" name="denyAuthors">
            <users/>
            <groups/>
        </role>
        <role allowForAll="false" inherit="false" name="denyAdministrators">
            <users/>
            <groups/>
        </role>
    </roleMap>
</contentHaul>
