<?xml version="1.0" encoding="UTF-8" standalone="yes"?>
<contentHaul xmlns:a="http://www.appian.com/ae/types/2009">
    <rule>
        <name>HR_RULE_Utility_updateWorkflowTask</name>
        <uuid>cc8d88ec-7aa2-40ff-ae46-027760b733d5</uuid>
        <description>Takes in a workflowAll cdt and determines the current task index. Then calls a portal report to get all the necessary task metrics to fill in the current task cdt. The result of this should save into workflow_All.workflowTasks</description>
        <parentUuid>_a-0000dd0d-462c-8000-9ba2-011c48011c48_3791</parentUuid>
        <visibility>
            <advertise>false</advertise>
            <hierarchy>true</hierarchy>
            <indexable>true</indexable>
            <quota>false</quota>
            <searchable>true</searchable>
            <system>false</system>
            <unlogged>false</unlogged>
        </visibility>
        <definition>with(
  local!portalReportData: #&quot;6dcd73ca-b91f-42fd-8716-dd7d7aafdd1b&quot;(
    contextProcessIds: ri!workflow_All.workflow.workflowAppianProcessId,
    appianTaskId: ri!workflow_All.workflowTasks[ri!currentTaskIndex].appianTaskId
  ).data,
  local!assigneeDataTypes: apply(fn!runtimetypeof, local!portalReportData.c6),
  updatearray(
    ri!workflow_All.workflowTasks,
    ri!currentTaskIndex,
    'type!{urn:com:appian:types:HR}HR_Workflow_Task'(
      workflowId: ri!workflow_All.workflowTasks[ri!currentTaskIndex].workflowId,
      taskTypeId: ri!workflow_All.workflowTasks[ri!currentTaskIndex].taskTypeId,
      appianTaskId: ri!workflow_All.workflowTasks[ri!currentTaskIndex].appianTaskId,
      taskStartDatetime: local!portalReportData.c3,
      taskAcceptDatetime: local!portalReportData.c4,
      taskEndDatetime: local!portalReportData.c5,
      taskAssigneeUsers: joinarray(index(local!portalReportData[where(local!assigneeDataTypes = 4)], &quot;c6&quot;, {}), #&quot;_a-0000dd0d-462c-8000-9ba2-011c48011c48_4238&quot;),
      taskAssigneeGroups: joinarray(index(local!portalReportData[where(local!assigneeDataTypes = 5)], &quot;c6&quot;, {}), #&quot;_a-0000dd0d-462c-8000-9ba2-011c48011c48_4238&quot;),
      taskOwner: local!portalReportData.c7
    )
  )
)</definition>
        <namedTypedValue>
            <name>currentTaskIndex</name>
            <type>
                <name>int</name>
                <namespace>http://www.w3.org/2001/XMLSchema</namespace>
            </type>
        </namedTypedValue>
        <namedTypedValue>
            <name>workflow_All</name>
            <type>
                <name>HR_Workflow_All</name>
                <namespace>urn:com:appian:types:HR</namespace>
            </type>
        </namedTypedValue>
        <preferredEditor>legacy</preferredEditor>
        <offlineEnabled>false</offlineEnabled>
    </rule>
    <roleMap public="true">
        <role allowForAll="false" inherit="true" name="readers">
            <users/>
            <groups/>
        </role>
        <role allowForAll="false" inherit="true" name="authors">
            <users/>
            <groups/>
        </role>
        <role allowForAll="false" inherit="true" name="administrators">
            <users/>
            <groups/>
        </role>
        <role allowForAll="false" inherit="false" name="denyReaders">
            <users/>
            <groups/>
        </role>
        <role allowForAll="false" inherit="false" name="denyAuthors">
            <users/>
            <groups/>
        </role>
        <role allowForAll="false" inherit="false" name="denyAdministrators">
            <users/>
            <groups/>
        </role>
    </roleMap>
</contentHaul>
