<?xml version="1.0" encoding="UTF-8" standalone="yes"?>
<contentHaul xmlns:a="http://www.appian.com/ae/types/2009">
    <rule>
        <name>HR_QRY_getAllUsersRecordBySupervisorId</name>
        <uuid>e27a98dd-726d-4959-a84c-71dddc22a8e9</uuid>
        <description>Retrieves all users that have a given supervisor</description>
        <parentUuid>_a-0000dd0d-462c-8000-9ba2-011c48011c48_3807</parentUuid>
        <visibility>
            <advertise>false</advertise>
            <hierarchy>true</hierarchy>
            <indexable>true</indexable>
            <quota>false</quota>
            <searchable>true</searchable>
            <system>false</system>
            <unlogged>false</unlogged>
        </visibility>
        <definition>#&quot;SYSTEM_SYSRULES_queryEntity&quot;(&#xD;
  entity:#&quot;_a-0000dcfd-5663-8000-aae2-01ef9001ef90_3619&quot;,&#xD;
  query:#&quot;SYSTEM_SYSRULES_query&quot;(&#xD;
    filter:&#xD;
      #&quot;SYSTEM_SYSRULES_queryFilter&quot;(&#xD;
        field:&quot;userSupervisorId&quot;,&#xD;
        operator:&quot;=&quot;,&#xD;
        value:ri!supervisorId&#xD;
      ),&#xD;
    pagingInfo:&#xD;
      if(isnull(ri!pagingInfo),&#xD;
        #&quot;SYSTEM_SYSRULES_pagingInfo&quot;(startIndex:1,batchSize:-1),&#xD;
        ri!pagingInfo&#xD;
      )&#xD;
  )&#xD;
)</definition>
        <namedTypedValue>
            <name>supervisorId</name>
            <type>
                <name>int</name>
                <namespace>http://www.w3.org/2001/XMLSchema</namespace>
            </type>
        </namedTypedValue>
        <namedTypedValue>
            <name>pagingInfo</name>
            <type>
                <name>PagingInfo</name>
                <namespace>http://www.appian.com/ae/types/2009</namespace>
            </type>
        </namedTypedValue>
        <preferredEditor>legacy</preferredEditor>
        <offlineEnabled>false</offlineEnabled>
    </rule>
    <roleMap public="true">
        <role allowForAll="false" inherit="true" name="readers">
            <users/>
            <groups/>
        </role>
        <role allowForAll="false" inherit="true" name="authors">
            <users/>
            <groups/>
        </role>
        <role allowForAll="false" inherit="true" name="administrators">
            <users/>
            <groups/>
        </role>
        <role allowForAll="false" inherit="false" name="denyReaders">
            <users/>
            <groups/>
        </role>
        <role allowForAll="false" inherit="false" name="denyAuthors">
            <users/>
            <groups/>
        </role>
        <role allowForAll="false" inherit="false" name="denyAdministrators">
            <users/>
            <groups/>
        </role>
    </roleMap>
</contentHaul>
