<?xml version="1.0" encoding="UTF-8" standalone="yes"?>
<contentHaul xmlns:a="http://www.appian.com/ae/types/2009">
    <rule>
        <name>HR_QRY_getUserTraining</name>
        <uuid>e5e734d1-e79a-4461-bfab-9c0b4df0e93d</uuid>
        <description>Gets all instances of an HR_UserTraining based on the filters</description>
        <parentUuid>_a-0000dd0d-462c-8000-9ba2-011c48011c48_3807</parentUuid>
        <visibility>
            <advertise>false</advertise>
            <hierarchy>true</hierarchy>
            <indexable>true</indexable>
            <quota>false</quota>
            <searchable>true</searchable>
            <system>false</system>
            <unlogged>false</unlogged>
        </visibility>
        <definition>#&quot;SYSTEM_SYSRULES_queryEntity&quot;(
  entity: #&quot;_a-0000dd0d-462c-8000-9ba2-011c48011c48_3587&quot;,
  query: #&quot;SYSTEM_SYSRULES_query&quot;(
    selection: if(
      #&quot;2168a5de-fb70-4d66-8b97-b547e3ac6e57&quot;(value: ri!columns) ,
      {},
      #&quot;SYSTEM_SYSRULES_querySelection&quot;(
        columns: #&quot;SYSTEM_SYSRULES_applyComponents&quot;(
          function: #&quot;SYSTEM_SYSRULES_queryColumn&quot;(
            field: _
          ),
          array: ri!columns
        )
      )
    ),
    logicalExpression: #&quot;SYSTEM_SYSRULES_queryLogicalExpression&quot;(
      operator: &quot;AND&quot;,
      filters: {
        if(
          isnull(
            ri!userId
          ),
          {},
          #&quot;SYSTEM_SYSRULES_queryFilter&quot;(
            field: &quot;userId&quot;,
            operator: &quot;=&quot;,
            value: ri!userId
          )
        ),
        if(
          isnull(
            ri!trainingId
          ),
          {},
          #&quot;SYSTEM_SYSRULES_queryFilter&quot;(
            field: &quot;trainingId&quot;,
            operator: &quot;=&quot;,
            value: ri!trainingId
          )
        ),
        if(
          isnull(
            ri!feedbackMinRating
          ),
          {},
          #&quot;SYSTEM_SYSRULES_queryFilter&quot;(
            field: &quot;feedbackRating&quot;,
            operator: &quot;&gt;=&quot;,
            value: ri!feedbackMinRating
          )
        ),
        if(
          isnull(
            ri!feedbackMaxRating
          ),
          {},
          #&quot;SYSTEM_SYSRULES_queryFilter&quot;(
            field: &quot;feedbackRating&quot;,
            operator: &quot;&lt;=&quot;,
            value: ri!feedbackMaxRating
          )
        ),
        if(
          isnull(
            ri!feedbackComment
          ),
          {},
          #&quot;SYSTEM_SYSRULES_queryFilter&quot;(
            field: &quot;feedbackComment&quot;,
            operator: &quot;includes&quot;,
            value: ri!feedbackComment
          )
        ),
        if(
          isnull(
            ri!startDatetime
          ),
          {},
          #&quot;SYSTEM_SYSRULES_queryFilter&quot;(
            field: &quot;completedDatetime&quot;,
            operator: 
              &quot;&gt;=&quot;
            ,
            value: ri!startDatetime
          )
        ),
        if(
          isnull(
            ri!endDatetime
          ),
          {},
          #&quot;SYSTEM_SYSRULES_queryFilter&quot;(
            field: &quot;completedDatetime&quot;,
            operator: 
              &quot;&lt;=&quot;
            ,
            value: ri!endDatetime
          )
        ),
        if(
          #&quot;c6f522bb-1135-4412-b313-e7f51dfaf826&quot;(
            ri!onlyCompleted,
            false
          ),
          #&quot;SYSTEM_SYSRULES_queryFilter&quot;(
            field: &quot;completedDatetime&quot;,
            operator: &quot;not null&quot;
          ),
          {}
        )
      }
    ),
    pagingInfo: if(
      isnull(
        ri!pagingInfo
      ),
      #&quot;SYSTEM_SYSRULES_pagingInfo&quot;(
        startIndex: 1,
        batchSize: - 1
      ),
      ri!pagingInfo
    )
  )
)</definition>
        <namedTypedValue>
            <name>columns</name>
            <type>
                <name>Text?list</name>
                <namespace>http://www.appian.com/ae/types/2009</namespace>
            </type>
        </namedTypedValue>
        <namedTypedValue>
            <name>pagingInfo</name>
            <type>
                <name>PagingInfo</name>
                <namespace>http://www.appian.com/ae/types/2009</namespace>
            </type>
        </namedTypedValue>
        <namedTypedValue>
            <name>userId</name>
            <type>
                <name>int</name>
                <namespace>http://www.w3.org/2001/XMLSchema</namespace>
            </type>
        </namedTypedValue>
        <namedTypedValue>
            <name>trainingId</name>
            <type>
                <name>int</name>
                <namespace>http://www.w3.org/2001/XMLSchema</namespace>
            </type>
        </namedTypedValue>
        <namedTypedValue>
            <name>feedbackMinRating</name>
            <type>
                <name>int</name>
                <namespace>http://www.w3.org/2001/XMLSchema</namespace>
            </type>
        </namedTypedValue>
        <namedTypedValue>
            <name>feedbackComment</name>
            <type>
                <name>string</name>
                <namespace>http://www.w3.org/2001/XMLSchema</namespace>
            </type>
            <value/>
        </namedTypedValue>
        <namedTypedValue>
            <name>startDatetime</name>
            <type>
                <name>dateTime</name>
                <namespace>http://www.w3.org/2001/XMLSchema</namespace>
            </type>
        </namedTypedValue>
        <namedTypedValue>
            <name>endDatetime</name>
            <type>
                <name>dateTime</name>
                <namespace>http://www.w3.org/2001/XMLSchema</namespace>
            </type>
        </namedTypedValue>
        <namedTypedValue>
            <name>onlyCompleted</name>
            <type>
                <name>boolean</name>
                <namespace>http://www.w3.org/2001/XMLSchema</namespace>
            </type>
        </namedTypedValue>
        <namedTypedValue>
            <name>feedbackMaxRating</name>
            <type>
                <name>int</name>
                <namespace>http://www.w3.org/2001/XMLSchema</namespace>
            </type>
        </namedTypedValue>
        <preferredEditor>legacy</preferredEditor>
        <offlineEnabled>false</offlineEnabled>
    </rule>
    <roleMap public="true">
        <role allowForAll="false" inherit="true" name="readers">
            <users/>
            <groups/>
        </role>
        <role allowForAll="false" inherit="true" name="authors">
            <users/>
            <groups/>
        </role>
        <role allowForAll="false" inherit="true" name="administrators">
            <users/>
            <groups/>
        </role>
        <role allowForAll="false" inherit="false" name="denyReaders">
            <users/>
            <groups/>
        </role>
        <role allowForAll="false" inherit="false" name="denyAuthors">
            <users/>
            <groups/>
        </role>
        <role allowForAll="false" inherit="false" name="denyAdministrators">
            <users/>
            <groups/>
        </role>
    </roleMap>
</contentHaul>
