<?xml version="1.0" encoding="UTF-8" standalone="yes"?>
<contentHaul xmlns:a="http://www.appian.com/ae/types/2009">
    <rule>
        <name>HR_DASH_User_Summary_OrgChart</name>
        <uuid>fb18b1b4-38f4-4336-ba08-2176145a17e3</uuid>
        <description>Org chart component for the user record</description>
        <parentUuid>_a-0000dd0a-80c8-8000-aae2-01ef9001ef90_3769</parentUuid>
        <visibility>
            <advertise>false</advertise>
            <hierarchy>true</hierarchy>
            <indexable>true</indexable>
            <quota>false</quota>
            <searchable>true</searchable>
            <system>false</system>
            <unlogged>false</unlogged>
        </visibility>
        <definition>load(
  local!path,
  local!pathSelection,
    with(
    local!supervisorsChildren:#&quot;e27a98dd-726d-4959-a84c-71dddc22a8e9&quot;(supervisorId:2,pagingInfo:#&quot;SYSTEM_SYSRULES_pagingInfo&quot;(startIndex:1,batchSize:-1)),
    local!myChildren:#&quot;e27a98dd-726d-4959-a84c-71dddc22a8e9&quot;(supervisorId:3,pagingInfo:#&quot;SYSTEM_SYSRULES_pagingInfo&quot;(startIndex:1,batchSize:-1)),
    #&quot;SYSTEM_SYSRULES_sectionLayout&quot;(
      label:&quot;Org Chart&quot;,
      firstColumnContents:{
        if(true,
        #&quot;SYSTEM_SYSRULES_hierarchyBrowserFieldColumns&quot;(
          firstColumnValues:local!supervisorsChildren.data,
          nodeConfigs:
            #&quot;SYSTEM_SYSRULES_hierarchyBrowserFieldColumnsNode&quot;(
              id: fv!nodeValue.userId,
              label: fv!nodeValue.userName,
              image: if(fv!nodeValue.userName=rf!userName,
              #&quot;SYSTEM_SYSRULES_documentImage&quot;(document: #&quot;SYSTEM_SYSRULES_iconIndicator&quot;(&quot;STATUS_OK&quot;)),
              #&quot;SYSTEM_SYSRULES_documentImage&quot;(document: #&quot;SYSTEM_SYSRULES_iconIndicator&quot;(&quot;HARVEY_0&quot;))
              )
            ),
          nextColumnValues:#&quot;e27a98dd-726d-4959-a84c-71dddc22a8e9&quot;(supervisorId:fv!nodeValue.userId,pagingInfo:#&quot;SYSTEM_SYSRULES_pagingInfo&quot;(startIndex:1,batchSize:-1)).data,
          
          pathValue:if(isnull(local!path),index(local!supervisorsChildren.data,wherecontains(rf!userSupervisorId,tointeger(local!supervisorsChildren.data.userId))),local!path),
          pathSaveInto:local!path
        ),
          #&quot;SYSTEM_SYSRULES_orgChartField&quot;(
            labelPosition:&quot;COLLAPSED&quot;,
            value:lower(substitute(rf!userName,&quot; &quot;,&quot;.&quot;))
          )
        )
      }
    )
  )
)</definition>
        <namedTypedValue>
            <name>userId</name>
            <type>
                <name>int</name>
                <namespace>http://www.w3.org/2001/XMLSchema</namespace>
            </type>
        </namedTypedValue>
        <preferredEditor>interface</preferredEditor>
        <offlineEnabled>false</offlineEnabled>
    </rule>
    <roleMap public="true">
        <role allowForAll="false" inherit="true" name="readers">
            <users/>
            <groups/>
        </role>
        <role allowForAll="false" inherit="true" name="authors">
            <users/>
            <groups/>
        </role>
        <role allowForAll="false" inherit="true" name="administrators">
            <users/>
            <groups/>
        </role>
        <role allowForAll="false" inherit="false" name="denyReaders">
            <users/>
            <groups/>
        </role>
        <role allowForAll="false" inherit="false" name="denyAuthors">
            <users/>
            <groups/>
        </role>
        <role allowForAll="false" inherit="false" name="denyAdministrators">
            <users/>
            <groups/>
        </role>
    </roleMap>
</contentHaul>
