<?xml version="1.0" encoding="UTF-8" standalone="yes"?>
<groupHaul xmlns:a="http://www.appian.com/ae/types/2009">
    <group>
        <name>HR All Users</name>
        <securityMap>SECURITYMAP_PUBLIC</securityMap>
        <uuid>_e-0000dd0a-93c8-8000-9aee-01075c01075c_10</uuid>
        <groupTypeUuid>SYSTEM_GROUP_TYPE_CUSTOM</groupTypeUuid>
        <description></description>
        <delegatedCreation>false</delegatedCreation>
        <memberPolicy>MEMBERPOLICY_CLOSED</memberPolicy>
        <viewingPolicy>VIEWINGPOLICY_LOW</viewingPolicy>
        <attributes/>
    </group>
    <members>
        <users/>
        <groups>
            <groupUuid>_e-0000dd0a-93c8-8000-9aee-01075c01075c_11</groupUuid>
            <groupUuid>_e-0000dd16-72b4-8000-9aee-01075c01075c_15</groupUuid>
            <groupUuid>_e-0000dd16-72b4-8000-9aee-01075c01075c_16</groupUuid>
            <groupUuid>_e-0000dd0a-93c8-8000-9aee-01075c01075c_12</groupUuid>
            <groupUuid>_e-0000dd16-72b4-8000-9aee-01075c01075c_18</groupUuid>
            <groupUuid>_e-0000dd16-72b4-8000-9aee-01075c01075c_14</groupUuid>
        </groups>
    </members>
    <admins>
        <users>
            <userUuid>rob.turverey</userUuid>
        </users>
        <groups/>
    </admins>
    <ruleSet/>
</groupHaul>
