<?xml version="1.0" encoding="UTF-8" standalone="yes"?>
<dataStoreHaul xmlns:a="http://www.appian.com/ae/types/2009">
    <dataStore>
        <uuid>_a-0000dd4b-0482-8000-9ba2-011c48011c48_16761</uuid>
        <name>SYS Transactional</name>
        <description></description>
        <dataSourceKey>java:/jdbc/Appian</dataSourceKey>
        <adaptingExplicitSqlNames>false</adaptingExplicitSqlNames>
        <autoUpdateSchema>true</autoUpdateSchema>
        <entities>
            <entity>
                <uuid>0f92610d-9c8d-45ab-a5ac-3a2b151857a6</uuid>
                <name>SYS_System</name>
                <type>{urn:com:appian:types:SYS}SYS_System</type>
            </entity>
            <entity>
                <uuid>e2105ab0-5097-4678-b83e-f2ad31efd092</uuid>
                <name>SYS_Hardware</name>
                <type>{urn:com:appian:types:SYS}SYS_Hardware</type>
            </entity>
            <entity>
                <uuid>d672f3b0-cbd7-4a4b-bde1-41bd1ae960cc</uuid>
                <name>SYS_Issue</name>
                <type>{urn:com:appian:types:SYS}SYS_Issue</type>
            </entity>
            <entity>
                <uuid>4e271a7f-a3a4-4def-bf7d-1c7f92efe6e8</uuid>
                <name>SYS_Integration</name>
                <type>{urn:com:appian:types:SYS}SYS_Integration</type>
            </entity>
            <entity>
                <uuid>b28e573f-a921-4c19-af65-228d7e6f1853</uuid>
                <name>SYS_Poam</name>
                <type>{urn:com:appian:types:SYS}SYS_Poam</type>
            </entity>
            <entity>
                <uuid>821659af-ac29-4ee8-b766-4ea9c5ad5a01</uuid>
                <name>SYS_Release</name>
                <type>{urn:com:appian:types:SYS}SYS_Release</type>
            </entity>
            <entity>
                <uuid>d5b63480-7fdc-48f4-8d23-bf27c74f0ab9</uuid>
                <name>SYS_DailyUsage</name>
                <type>{urn:com:appian:types:SYS}SYS_DailyUsage</type>
            </entity>
            <entity>
                <uuid>96febcff-0c7b-4526-856f-bcfccd7f31e4</uuid>
                <name>SYS_Outage</name>
                <type>{urn:com:appian:types:SYS}SYS_Outage</type>
            </entity>
            <entity>
                <uuid>6b13b42e-fabc-4dd4-a953-a85b2fe876fc</uuid>
                <name>SYS_Audit</name>
                <type>{urn:com:appian:types:SYS}SYS_Audit</type>
            </entity>
            <entity>
                <uuid>70b6a4da-5c6a-4982-b2c4-04f8b3484cf9</uuid>
                <name>SYS_Outage_Comment</name>
                <type>{urn:com:appian:types:SYS}SYS_Outage_Comment</type>
            </entity>
            <entity>
                <uuid>8c25898e-5044-498f-8a85-f9e5e5031e45</uuid>
                <name>SYS_Outage_Document</name>
                <type>{urn:com:appian:types:SYS}SYS_Outage_Document</type>
            </entity>
            <entity>
                <uuid>879c8aa0-c837-4ce0-aee1-f448b314faac</uuid>
                <name>SYS_Document</name>
                <type>{urn:com:appian:types:SYS}SYS_Document</type>
            </entity>
            <entity>
                <uuid>f2be2c6e-16d6-4c09-be6e-8b75c07a6086</uuid>
                <name>SYS_Environment</name>
                <type>{urn:com:appian:types:SYS}SYS_Environment</type>
            </entity>
        </entities>
    </dataStore>
    <isPublished>true</isPublished>
    <roleMap>
        <role allowForAll="false" inherit="false" name="administrators">
            <users/>
            <groups>
                <groupUuid>_e-0000dd3b-5dde-8000-9aee-01075c01075c_103</groupUuid>
            </groups>
        </role>
        <role allowForAll="false" inherit="false" name="authors">
            <users/>
            <groups/>
        </role>
        <role allowForAll="false" inherit="false" name="denyAdministrators">
            <users/>
            <groups/>
        </role>
        <role allowForAll="false" inherit="false" name="denyAuthors">
            <users/>
            <groups/>
        </role>
        <role allowForAll="false" inherit="false" name="denyReaders">
            <users/>
            <groups/>
        </role>
        <role allowForAll="false" inherit="false" name="readers">
            <users/>
            <groups>
                <groupUuid>_e-0000dd3b-5dde-8000-9aee-01075c01075c_102</groupUuid>
            </groups>
        </role>
    </roleMap>
</dataStoreHaul>
