<?xml version="1.0" encoding="UTF-8" standalone="yes"?>
<groupHaul xmlns:a="http://www.appian.com/ae/types/2009">
    <group>
        <name>CTS Concurror</name>
        <securityMap>SECURITYMAP_PUBLIC</securityMap>
        <uuid>_e-0000dcf6-b054-8000-9aee-01075c01075c_98</uuid>
        <groupTypeUuid>_f-0000dcf6-b054-8000-9aee-01075c01075c_1</groupTypeUuid>
        <parentUuid>_e-0000dcf6-b054-8000-9aee-01075c01075c_97</parentUuid>
        <description>After the QCO grants his or her approval to the response document, the QCO may direct the folder to a series of concurring individuals. Should all concurrences be granted, the folder shall be routed to the Signator for final signature. If concurrence is denied, the folder shall be directed back to the Tasker to resolve the issue. </description>
        <delegatedCreation>false</delegatedCreation>
        <memberPolicy>MEMBERPOLICY_CLOSED</memberPolicy>
        <viewingPolicy>VIEWINGPOLICY_LOW</viewingPolicy>
        <attributes/>
    </group>
    <members>
        <users/>
        <groups>
            <groupUuid>_e-0000dcf6-b054-8000-9aee-01075c01075c_110</groupUuid>
            <groupUuid>_e-0000dcf6-b054-8000-9aee-01075c01075c_111</groupUuid>
            <groupUuid>_e-0000dcf6-b054-8000-9aee-01075c01075c_109</groupUuid>
            <groupUuid>_e-0000dcf6-b054-8000-9aee-01075c01075c_108</groupUuid>
            <groupUuid>_e-0000dcf6-b054-8000-9aee-01075c01075c_112</groupUuid>
        </groups>
    </members>
    <admins>
        <users/>
        <groups/>
    </admins>
    <ruleSet/>
</groupHaul>
