<?xml version="1.0" encoding="UTF-8" standalone="yes"?>
<groupHaul xmlns:a="http://www.appian.com/ae/types/2009">
    <group>
        <name>CTS HQEXS Office of the Executive Secretariat</name>
        <securityMap>SECURITYMAP_PUBLIC</securityMap>
        <uuid>_e-0000dcf6-b054-8000-9aee-01075c01075c_153</uuid>
        <groupTypeUuid>_f-0000dcf6-b054-8000-9aee-01075c01075c_2</groupTypeUuid>
        <parentUuid>_e-0000dcf6-b054-8000-9aee-01075c01075c_96</parentUuid>
        <description>1</description>
        <delegatedCreation>false</delegatedCreation>
        <memberPolicy>MEMBERPOLICY_CLOSED</memberPolicy>
        <viewingPolicy>VIEWINGPOLICY_LOW</viewingPolicy>
        <attributes/>
    </group>
    <members>
        <users/>
        <groups>
            <groupUuid>_e-0000dcf6-b054-8000-9aee-01075c01075c_143</groupUuid>
            <groupUuid>_e-0000dcf6-b054-8000-9aee-01075c01075c_138</groupUuid>
            <groupUuid>_e-0000dcf6-b054-8000-9aee-01075c01075c_128</groupUuid>
            <groupUuid>_e-0000dcf6-b054-8000-9aee-01075c01075c_158</groupUuid>
            <groupUuid>_e-0000dcf6-b054-8000-9aee-01075c01075c_148</groupUuid>
            <groupUuid>_e-0000dcf6-b054-8000-9aee-01075c01075c_159</groupUuid>
        </groups>
    </members>
    <admins>
        <users/>
        <groups/>
    </admins>
    <ruleSet/>
</groupHaul>
