<?xml version="1.0" encoding="UTF-8" standalone="yes"?>
<groupHaul xmlns:a="http://www.appian.com/ae/types/2009">
    <group>
        <name>CTS ASTSECY Office of the Assistant Secretary</name>
        <securityMap>SECURITYMAP_PUBLIC</securityMap>
        <uuid>_e-0000dcf6-b054-8000-9aee-01075c01075c_156</uuid>
        <groupTypeUuid>_f-0000dcf6-b054-8000-9aee-01075c01075c_2</groupTypeUuid>
        <parentUuid>_e-0000dcf6-b054-8000-9aee-01075c01075c_96</parentUuid>
        <description>4</description>
        <delegatedCreation>false</delegatedCreation>
        <memberPolicy>MEMBERPOLICY_CLOSED</memberPolicy>
        <viewingPolicy>VIEWINGPOLICY_LOW</viewingPolicy>
        <attributes/>
    </group>
    <members>
        <users/>
        <groups>
            <groupUuid>_e-0000dcf6-b054-8000-9aee-01075c01075c_141</groupUuid>
            <groupUuid>_e-0000dcf6-b054-8000-9aee-01075c01075c_131</groupUuid>
            <groupUuid>_e-0000dcf6-b054-8000-9aee-01075c01075c_164</groupUuid>
            <groupUuid>_e-0000dcf6-b054-8000-9aee-01075c01075c_165</groupUuid>
            <groupUuid>_e-0000dcf6-b054-8000-9aee-01075c01075c_151</groupUuid>
            <groupUuid>_e-0000dcf6-b054-8000-9aee-01075c01075c_146</groupUuid>
        </groups>
    </members>
    <admins>
        <users/>
        <groups/>
    </admins>
    <ruleSet/>
</groupHaul>
