<?xml version="1.0" encoding="UTF-8" standalone="yes"?>
<groupHaul xmlns:a="http://www.appian.com/ae/types/2009">
    <group>
        <name>CTS Appian System Administrators</name>
        <securityMap>SECURITYMAP_TEAM</securityMap>
        <uuid>_e-0000dc7a-bc14-8000-9aee-01075c01075c_37</uuid>
        <groupTypeUuid>SYSTEM_GROUP_TYPE_CUSTOM</groupTypeUuid>
        <parentUuid>_e-0000dc7a-bc14-8000-9aee-01075c01075c_35</parentUuid>
        <description>Appian CTS users with system administrator access</description>
        <delegatedCreation>false</delegatedCreation>
        <memberPolicy>MEMBERPOLICY_CLOSED</memberPolicy>
        <viewingPolicy>VIEWINGPOLICY_LOW</viewingPolicy>
        <attributes/>
    </group>
    <members>
        <users/>
        <groups/>
    </members>
    <admins>
        <users/>
        <groups/>
    </admins>
    <ruleSet>
        <expressions>
            <entityTypeName>u</entityTypeName>
            <conditions>
                <attributeName>userTypeName</attributeName>
                <operatorId>1</operatorId>
                <value>System Administrator</value>
            </conditions>
        </expressions>
    </ruleSet>
</groupHaul>
