<?xml version="1.0" encoding="UTF-8" standalone="yes"?>
<groupHaul xmlns:a="http://www.appian.com/ae/types/2009">
    <group>
        <name>CTS Roles</name>
        <securityMap>SECURITYMAP_PUBLIC</securityMap>
        <uuid>_e-0000dcf6-b054-8000-9aee-01075c01075c_95</uuid>
        <groupTypeUuid>SYSTEM_GROUP_TYPE_CUSTOM</groupTypeUuid>
        <parentUuid>_e-0000dcf6-b054-8000-9aee-01075c01075c_93</parentUuid>
        <description>Parent-level group for all business user roles within CTS</description>
        <delegatedCreation>false</delegatedCreation>
        <memberPolicy>MEMBERPOLICY_CLOSED</memberPolicy>
        <viewingPolicy>VIEWINGPOLICY_LOW</viewingPolicy>
        <attributes/>
    </group>
    <members>
        <users/>
        <groups>
            <groupUuid>_e-0000dcf6-b054-8000-9aee-01075c01075c_105</groupUuid>
            <groupUuid>_e-0000dcf6-b054-8000-9aee-01075c01075c_106</groupUuid>
            <groupUuid>_e-0000dcf6-b054-8000-9aee-01075c01075c_107</groupUuid>
            <groupUuid>_e-0000dcf6-b054-8000-9aee-01075c01075c_97</groupUuid>
            <groupUuid>_e-0000dcf6-b054-8000-9aee-01075c01075c_102</groupUuid>
            <groupUuid>_e-0000dcf6-b054-8000-9aee-01075c01075c_104</groupUuid>
        </groups>
    </members>
    <admins>
        <users/>
        <groups/>
    </admins>
    <ruleSet/>
</groupHaul>
