<?xml version="1.0" encoding="UTF-8" standalone="yes"?>
<groupHaul xmlns:a="http://www.appian.com/ae/types/2009">
    <group>
        <name>CTS HQDRO Office of Detention and Removal Operations</name>
        <securityMap>SECURITYMAP_PUBLIC</securityMap>
        <uuid>_e-0000dcf6-b054-8000-9aee-01075c01075c_154</uuid>
        <groupTypeUuid>_f-0000dcf6-b054-8000-9aee-01075c01075c_2</groupTypeUuid>
        <parentUuid>_e-0000dcf6-b054-8000-9aee-01075c01075c_96</parentUuid>
        <description>2</description>
        <delegatedCreation>false</delegatedCreation>
        <memberPolicy>MEMBERPOLICY_CLOSED</memberPolicy>
        <viewingPolicy>VIEWINGPOLICY_LOW</viewingPolicy>
        <attributes/>
    </group>
    <members>
        <users/>
        <groups>
            <groupUuid>_e-0000dcf6-b054-8000-9aee-01075c01075c_144</groupUuid>
            <groupUuid>_e-0000dcf6-b054-8000-9aee-01075c01075c_160</groupUuid>
            <groupUuid>_e-0000dcf6-b054-8000-9aee-01075c01075c_161</groupUuid>
            <groupUuid>_e-0000dcf6-b054-8000-9aee-01075c01075c_149</groupUuid>
            <groupUuid>_e-0000dcf6-b054-8000-9aee-01075c01075c_139</groupUuid>
            <groupUuid>_e-0000dcf6-b054-8000-9aee-01075c01075c_129</groupUuid>
        </groups>
    </members>
    <admins>
        <users/>
        <groups/>
    </admins>
    <ruleSet/>
</groupHaul>
