<?xml version="1.0" encoding="UTF-8" standalone="yes"?>
<groupHaul xmlns:a="http://www.appian.com/ae/types/2009">
    <group>
        <name>CTS Correspondence Management Officer Administrator</name>
        <securityMap>SECURITYMAP_PUBLIC</securityMap>
        <uuid>_e-0000dcf6-b054-8000-9aee-01075c01075c_103</uuid>
        <groupTypeUuid>_f-0000dcf6-b054-8000-9aee-01075c01075c_1</groupTypeUuid>
        <parentUuid>_e-0000dcf6-b054-8000-9aee-01075c01075c_102</parentUuid>
        <description>The Correspondence Management Officer Administrators (CMOADMIN) group consists of a smaller subset of the CMO group and has the same rights as the CMO plus additional system rights. Currently, this includes the editing and deleting of notes relating to a folder.</description>
        <delegatedCreation>false</delegatedCreation>
        <memberPolicy>MEMBERPOLICY_CLOSED</memberPolicy>
        <viewingPolicy>VIEWINGPOLICY_LOW</viewingPolicy>
        <attributes/>
    </group>
    <members>
        <users/>
        <groups>
            <groupUuid>_e-0000dcf6-b054-8000-9aee-01075c01075c_133</groupUuid>
            <groupUuid>_e-0000dcf6-b054-8000-9aee-01075c01075c_134</groupUuid>
            <groupUuid>_e-0000dcf6-b054-8000-9aee-01075c01075c_135</groupUuid>
            <groupUuid>_e-0000dcf6-b054-8000-9aee-01075c01075c_136</groupUuid>
            <groupUuid>_e-0000dcf6-b054-8000-9aee-01075c01075c_137</groupUuid>
        </groups>
    </members>
    <admins>
        <users/>
        <groups/>
    </admins>
    <ruleSet/>
</groupHaul>
