<?xml version="1.0" encoding="UTF-8" standalone="yes"?>
<groupHaul xmlns:a="http://www.appian.com/ae/types/2009">
    <group>
        <name>CTS Group Manager</name>
        <securityMap>SECURITYMAP_TEAM</securityMap>
        <uuid>_e-0000dcf6-b054-8000-9aee-01075c01075c_106</uuid>
        <groupTypeUuid>_f-0000dcf6-b054-8000-9aee-01075c01075c_1</groupTypeUuid>
        <parentUuid>_e-0000dcf6-b054-8000-9aee-01075c01075c_95</parentUuid>
        <description>The Group Manager group consists of a subset of CMO users who have the rights and privileges to create groups within the system and edit their memberships</description>
        <delegatedCreation>false</delegatedCreation>
        <memberPolicy>MEMBERPOLICY_CLOSED</memberPolicy>
        <viewingPolicy>VIEWINGPOLICY_LOW</viewingPolicy>
        <attributes/>
    </group>
    <members>
        <users/>
        <groups>
            <groupUuid>_e-0000dcf6-b054-8000-9aee-01075c01075c_143</groupUuid>
            <groupUuid>_e-0000dcf6-b054-8000-9aee-01075c01075c_144</groupUuid>
            <groupUuid>_e-0000dcf6-b054-8000-9aee-01075c01075c_145</groupUuid>
            <groupUuid>_e-0000dcf6-b054-8000-9aee-01075c01075c_146</groupUuid>
            <groupUuid>_e-0000dcf6-b054-8000-9aee-01075c01075c_147</groupUuid>
        </groups>
    </members>
    <admins>
        <users/>
        <groups/>
    </admins>
    <ruleSet/>
</groupHaul>
