<?xml version="1.0" encoding="UTF-8" standalone="yes"?>
<groupHaul xmlns:a="http://www.appian.com/ae/types/2009">
    <group>
        <name>CTS HQEXOPS Reporting Coordination Center Tasking</name>
        <securityMap>SECURITYMAP_PUBLIC</securityMap>
        <uuid>_e-0000dcf6-b054-8000-9aee-01075c01075c_155</uuid>
        <groupTypeUuid>_f-0000dcf6-b054-8000-9aee-01075c01075c_2</groupTypeUuid>
        <parentUuid>_e-0000dcf6-b054-8000-9aee-01075c01075c_96</parentUuid>
        <description>3</description>
        <delegatedCreation>false</delegatedCreation>
        <memberPolicy>MEMBERPOLICY_CLOSED</memberPolicy>
        <viewingPolicy>VIEWINGPOLICY_LOW</viewingPolicy>
        <attributes/>
    </group>
    <members>
        <users/>
        <groups>
            <groupUuid>_e-0000dcf6-b054-8000-9aee-01075c01075c_130</groupUuid>
            <groupUuid>_e-0000dcf6-b054-8000-9aee-01075c01075c_163</groupUuid>
            <groupUuid>_e-0000dcf6-b054-8000-9aee-01075c01075c_150</groupUuid>
            <groupUuid>_e-0000dcf6-b054-8000-9aee-01075c01075c_140</groupUuid>
            <groupUuid>_e-0000dcf6-b054-8000-9aee-01075c01075c_162</groupUuid>
            <groupUuid>_e-0000dcf6-b054-8000-9aee-01075c01075c_145</groupUuid>
        </groups>
    </members>
    <admins>
        <users/>
        <groups/>
    </admins>
    <ruleSet/>
</groupHaul>
