<?xml version="1.0" encoding="UTF-8" standalone="yes"?>
<groupHaul xmlns:a="http://www.appian.com/ae/types/2009">
    <group>
        <name>CTS Director</name>
        <securityMap>SECURITYMAP_PUBLIC</securityMap>
        <uuid>_e-0000dcf6-b054-8000-9aee-01075c01075c_104</uuid>
        <groupTypeUuid>_f-0000dcf6-b054-8000-9aee-01075c01075c_1</groupTypeUuid>
        <parentUuid>_e-0000dcf6-b054-8000-9aee-01075c01075c_95</parentUuid>
        <description>Director who provides input and reviews response in the basic tasking process. </description>
        <delegatedCreation>false</delegatedCreation>
        <memberPolicy>MEMBERPOLICY_CLOSED</memberPolicy>
        <viewingPolicy>VIEWINGPOLICY_LOW</viewingPolicy>
        <attributes/>
    </group>
    <members>
        <users/>
        <groups>
            <groupUuid>_e-0000dcf6-b054-8000-9aee-01075c01075c_141</groupUuid>
            <groupUuid>_e-0000dcf6-b054-8000-9aee-01075c01075c_142</groupUuid>
            <groupUuid>_e-0000dcf6-b054-8000-9aee-01075c01075c_140</groupUuid>
            <groupUuid>_e-0000dcf6-b054-8000-9aee-01075c01075c_138</groupUuid>
            <groupUuid>_e-0000dcf6-b054-8000-9aee-01075c01075c_139</groupUuid>
        </groups>
    </members>
    <admins>
        <users/>
        <groups/>
    </admins>
    <ruleSet/>
</groupHaul>
