<?xml version="1.0" encoding="UTF-8" standalone="yes"?>
<groupHaul xmlns:a="http://www.appian.com/ae/types/2009">
    <group>
        <name>CTS Writer</name>
        <securityMap>SECURITYMAP_PUBLIC</securityMap>
        <uuid>_e-0000dcf6-b054-8000-9aee-01075c01075c_101</uuid>
        <groupTypeUuid>_f-0000dcf6-b054-8000-9aee-01075c01075c_1</groupTypeUuid>
        <parentUuid>_e-0000dcf6-b054-8000-9aee-01075c01075c_97</parentUuid>
        <description>The Writer drafts the response to the inquiry and shall have the ability to catalog his or her document into the system, as well as link the document to the folder. The Writer may assign the folder to additional individuals for input or preliminary review. </description>
        <delegatedCreation>false</delegatedCreation>
        <memberPolicy>MEMBERPOLICY_CLOSED</memberPolicy>
        <viewingPolicy>VIEWINGPOLICY_LOW</viewingPolicy>
        <attributes/>
    </group>
    <members>
        <users/>
        <groups>
            <groupUuid>_e-0000dcf6-b054-8000-9aee-01075c01075c_127</groupUuid>
            <groupUuid>_e-0000dcf6-b054-8000-9aee-01075c01075c_123</groupUuid>
            <groupUuid>_e-0000dcf6-b054-8000-9aee-01075c01075c_124</groupUuid>
            <groupUuid>_e-0000dcf6-b054-8000-9aee-01075c01075c_125</groupUuid>
            <groupUuid>_e-0000dcf6-b054-8000-9aee-01075c01075c_126</groupUuid>
        </groups>
    </members>
    <admins>
        <users/>
        <groups/>
    </admins>
    <ruleSet/>
</groupHaul>
