<?xml version="1.0" encoding="UTF-8" standalone="yes"?>
<groupHaul xmlns:a="http://www.appian.com/ae/types/2009">
    <group>
        <name>CTS Quality Control Officer</name>
        <securityMap>SECURITYMAP_PUBLIC</securityMap>
        <uuid>_e-0000dcf6-b054-8000-9aee-01075c01075c_99</uuid>
        <groupTypeUuid>_f-0000dcf6-b054-8000-9aee-01075c01075c_1</groupTypeUuid>
        <parentUuid>_e-0000dcf6-b054-8000-9aee-01075c01075c_97</parentUuid>
        <description>Upon receipt of a folder, the QCO shall review the draft responses. If any error is detected, the folder shall be directed to the Tasker to assign the corrections to a Writer. Should the response document be approved, the QCO shall shift the folder to the next level of review -- normally the concurring individuals. </description>
        <delegatedCreation>false</delegatedCreation>
        <memberPolicy>MEMBERPOLICY_CLOSED</memberPolicy>
        <viewingPolicy>VIEWINGPOLICY_LOW</viewingPolicy>
        <attributes/>
    </group>
    <members>
        <users/>
        <groups>
            <groupUuid>_e-0000dcf6-b054-8000-9aee-01075c01075c_116</groupUuid>
            <groupUuid>_e-0000dcf6-b054-8000-9aee-01075c01075c_117</groupUuid>
            <groupUuid>_e-0000dcf6-b054-8000-9aee-01075c01075c_113</groupUuid>
            <groupUuid>_e-0000dcf6-b054-8000-9aee-01075c01075c_114</groupUuid>
            <groupUuid>_e-0000dcf6-b054-8000-9aee-01075c01075c_115</groupUuid>
        </groups>
    </members>
    <admins>
        <users/>
        <groups/>
    </admins>
    <ruleSet/>
</groupHaul>
