<?xml version="1.0" encoding="UTF-8" standalone="yes"?>
<tempoReportHaul xmlns:a="http://www.appian.com/ae/types/2009">
    <tempoReport name="System Health" a:uuid="080cf186-4153-4c16-a185-701238a6a8c4">
        <a:description>A high level report of each system's health</a:description>
        <a:uiExpr>=#&quot;_a-0000dd4b-0482-8000-9ba2-011c48011c48_17783&quot;()</a:uiExpr>
        <a:urlStub>uliZbg</a:urlStub>
    </tempoReport>
    <roleMap>
        <role name="report_administrator">
            <users/>
            <groups>
                <groupUuid>_e-0000dd3b-5dde-8000-9aee-01075c01075c_103</groupUuid>
            </groups>
        </role>
        <role name="report_viewer">
            <users/>
            <groups>
                <groupUuid>_e-0000dd3b-5dde-8000-9aee-01075c01075c_102</groupUuid>
            </groups>
        </role>
    </roleMap>
</tempoReportHaul>
