<?xml version="1.0" encoding="UTF-8" standalone="yes"?>
<tempoReportHaul xmlns:a="http://www.appian.com/ae/types/2009">
    <tempoReport name="Outages" a:uuid="d38f1127-a78c-4abc-9c02-173060c48166">
        <a:description>All outages that have occured in the system</a:description>
        <a:uiExpr>=#&quot;_a-0000dd4b-0482-8000-9ba2-011c48011c48_17860&quot;()</a:uiExpr>
        <a:urlStub>ajY8Vw</a:urlStub>
    </tempoReport>
    <roleMap>
        <role name="report_administrator">
            <users/>
            <groups>
                <groupUuid>_e-0000dd3b-5dde-8000-9aee-01075c01075c_103</groupUuid>
            </groups>
        </role>
        <role name="report_viewer">
            <users/>
            <groups>
                <groupUuid>_e-0000dd3b-5dde-8000-9aee-01075c01075c_102</groupUuid>
            </groups>
        </role>
    </roleMap>
</tempoReportHaul>
