<?xml version="1.0" encoding="UTF-8" standalone="yes"?>
<tempoReportHaul xmlns:a="http://www.appian.com/ae/types/2009">
    <tempoReport name="Outage Duration" a:uuid="fd3d4ccd-cd94-4e75-b1fc-c811d6c0c826">
        <a:description>Outages grouped by duration</a:description>
        <a:uiExpr>=#&quot;_a-0000dd4b-0482-8000-9ba2-011c48011c48_17897&quot;()</a:uiExpr>
        <a:urlStub>yUE1UQ</a:urlStub>
    </tempoReport>
    <roleMap>
        <role name="report_administrator">
            <users/>
            <groups>
                <groupUuid>_e-0000dd3b-5dde-8000-9aee-01075c01075c_103</groupUuid>
            </groups>
        </role>
        <role name="report_viewer">
            <users/>
            <groups>
                <groupUuid>_e-0000dd3b-5dde-8000-9aee-01075c01075c_102</groupUuid>
            </groups>
        </role>
    </roleMap>
</tempoReportHaul>
