<?xml version="1.0" encoding="UTF-8" standalone="yes"?>
<dataStoreHaul xmlns:a="http://www.appian.com/ae/types/2009">
    <dataStore>
        <uuid>_a-0000dc7a-bcb3-8000-9ba2-011c48011c48_6142</uuid>
        <name>CTS</name>
        <description>CTS Datastore</description>
        <dataSourceKey>java:/jdbc/Appian</dataSourceKey>
        <adaptingExplicitSqlNames>false</adaptingExplicitSqlNames>
        <autoUpdateSchema>false</autoUpdateSchema>
        <entities>
            <entity>
                <uuid>7891c58a-030b-4fd7-a55d-b7fc42e7c044</uuid>
                <name>Workflow_Task</name>
                <type>{urn:com:appian:types:CTS}CTS_Workflow_Task</type>
            </entity>
            <entity>
                <uuid>4da9d3d8-f981-40ce-b4db-0820fd6aecb8</uuid>
                <name>Doc_Tag</name>
                <type>{urn:com:appian:types:CTS}CTS_Doc_Tag</type>
            </entity>
            <entity>
                <uuid>0d1ee9ba-2f2f-4afb-98ae-4c8a8ed2356a</uuid>
                <name>R_Doc_Type</name>
                <type>{urn:com:appian:types:CTS}CTS_R_Doc_Type</type>
            </entity>
            <entity>
                <uuid>9f066c30-a6c3-4075-af3c-9180bb3358a2</uuid>
                <name>Doc</name>
                <type>{urn:com:appian:types:CTS}CTS_Doc</type>
            </entity>
            <entity>
                <uuid>3a23746f-ed6d-4d6f-85c7-e3793ef351ea</uuid>
                <name>R_Folder_Category</name>
                <type>{urn:com:appian:types:CTS}CTS_R_Folder_Category</type>
            </entity>
            <entity>
                <uuid>8c84b3ad-18e2-4b44-b521-a2dfd983fab9</uuid>
                <name>R_Folder_CloseReason</name>
                <type>{urn:com:appian:types:CTS}CTS_R_Folder_CloseReason</type>
            </entity>
            <entity>
                <uuid>bbbf631f-d8e9-4efa-a9a2-42a11bcf0578</uuid>
                <name>R_Folder_FileSeries</name>
                <type>{urn:com:appian:types:CTS}CTS_R_Folder_FileSeries</type>
            </entity>
            <entity>
                <uuid>eeb0a26e-faa4-45ed-abd1-793b2325f0de</uuid>
                <name>R_Office_InternalOriginating</name>
                <type>{urn:com:appian:types:CTS}CTS_R_Office_InternalOriginating</type>
            </entity>
            <entity>
                <uuid>5b7cb3e9-2927-430d-b01f-e7a68baedfed</uuid>
                <name>Folder_CarbonCopyAddressee</name>
                <type>{urn:com:appian:types:CTS}CTS_Folder_CarbonCopyAddressee</type>
            </entity>
            <entity>
                <uuid>0485792c-4365-434e-a966-a7c6527107d9</uuid>
                <name>Folder</name>
                <type>{urn:com:appian:types:CTS}CTS_Folder</type>
            </entity>
            <entity>
                <uuid>35b34218-d415-4b51-958d-ecebdf7bdae1</uuid>
                <name>Assign</name>
                <type>{urn:com:appian:types:CTS}CTS_Assign</type>
            </entity>
            <entity>
                <uuid>ff54c06a-cfb9-45d6-9294-acba1e037abd</uuid>
                <name>R_Assign_ApprovalType</name>
                <type>{urn:com:appian:types:CTS}CTS_R_Assign_ApprovalType</type>
            </entity>
            <entity>
                <uuid>3f240311-559d-4d6a-a04f-7dafdc061a99</uuid>
                <name>Bulletin_Message</name>
                <type>{urn:com:appian:types:CTS}CTS_Bulletin_Message</type>
            </entity>
            <entity>
                <uuid>79521ffa-3b36-4897-9026-a5b53f5fd2ec</uuid>
                <name>Workflow</name>
                <type>{urn:com:appian:types:CTS}CTS_Workflow</type>
            </entity>
            <entity>
                <uuid>2f615954-5c61-4f75-b6de-d446600a743c</uuid>
                <name>Folder_Note</name>
                <type>{urn:com:appian:types:CTS}CTS_Folder_Note</type>
            </entity>
            <entity>
                <uuid>b487902a-c1c5-4dca-aafb-681b59bde7a1</uuid>
                <name>Email</name>
                <type>{urn:com:appian:types:CTS}CTS_Email</type>
            </entity>
            <entity>
                <uuid>90d385e0-d2fa-44bb-8a80-7d335f20a924</uuid>
                <name>L_Folder_Doc</name>
                <type>{urn:com:appian:types:CTS}CTS_L_Folder_Doc</type>
            </entity>
            <entity>
                <uuid>810c2287-131b-4390-a52a-a146d0fc83d9</uuid>
                <name>V_Folder_ListView</name>
                <type>{urn:com:appian:types:CTS}CTS_V_Folder_ListView</type>
            </entity>
            <entity>
                <uuid>b49fe2e9-f307-415f-bd70-2186a6bb0b61</uuid>
                <name>R_Assign_Priority</name>
                <type>{urn:com:appian:types:CTS}CTS_R_Assign_Priority</type>
            </entity>
            <entity>
                <uuid>ae6cc8b1-3a45-45a8-ba11-1c23449ae4db</uuid>
                <name>R_Assign_Status</name>
                <type>{urn:com:appian:types:CTS}CTS_R_Assign_Status</type>
            </entity>
            <entity>
                <uuid>e32c4808-c450-49d2-b8c9-51442a68dcef</uuid>
                <name>R_Folder_Stage</name>
                <type>{urn:com:appian:types:CTS}CTS_R_Folder_Stage</type>
            </entity>
            <entity>
                <uuid>6adcdb6c-48bd-4bf2-9a7e-db9b3f4ad690</uuid>
                <name>R_Signature_Type</name>
                <type>{urn:com:appian:types:CTS}CTS_R_Signature_Type</type>
            </entity>
            <entity>
                <uuid>ddb97588-befe-4534-9b30-6b86b7550887</uuid>
                <name>R_Folder_SecondaryType</name>
                <type>{urn:com:appian:types:CTS}CTS_R_Folder_SecondaryType</type>
            </entity>
            <entity>
                <uuid>0c90ce3e-c840-4d3e-98f8-e4b49c994955</uuid>
                <name>R_Office_Signature</name>
                <type>{urn:com:appian:types:CTS}CTS_R_Office_Signature</type>
            </entity>
            <entity>
                <uuid>4a0292ad-86e7-44e9-bc19-68419a0bfd27</uuid>
                <name>R_Office_Referred</name>
                <type>{urn:com:appian:types:CTS}CTS_R_Office_Referred</type>
            </entity>
            <entity>
                <uuid>31f6aeb8-1e65-4b94-ae21-ad7579bbfb5c</uuid>
                <name>R_Office_Start</name>
                <type>{urn:com:appian:types:CTS}CTS_R_Office_Start</type>
            </entity>
            <entity>
                <uuid>62b321e5-3920-47e0-884d-97834555512a</uuid>
                <name>R_OriginatorTitle</name>
                <type>{urn:com:appian:types:CTS}CTS_R_OriginatorTitle</type>
            </entity>
            <entity>
                <uuid>a6d9d186-5a00-4480-9d8a-258489f39944</uuid>
                <name>R_Folder_Type</name>
                <type>{urn:com:appian:types:CTS}CTS_R_Folder_Type</type>
            </entity>
            <entity>
                <uuid>8fcc3449-851d-476f-83ac-f122207364ca</uuid>
                <name>R_Folder_Subtype</name>
                <type>{urn:com:appian:types:CTS}CTS_R_Folder_Subtype</type>
            </entity>
            <entity>
                <uuid>4a12bd2f-9fe8-4506-a1ef-52d8c55136fe</uuid>
                <name>R_Folder_DueDate</name>
                <type>{urn:com:appian:types:CTS}CTS_R_Folder_DueDate</type>
            </entity>
            <entity>
                <uuid>9c2fce70-7016-4b65-9401-7fd91e2ab507</uuid>
                <name>R_Workflow_Type</name>
                <type>{urn:com:appian:types:CTS}CTS_R_Workflow_Type</type>
            </entity>
            <entity>
                <uuid>1c94d767-518f-4251-b6ca-833a5257d267</uuid>
                <name>V_Workflow_Task</name>
                <type>{urn:com:appian:types:CTS}CTS_V_Workflow_Task</type>
            </entity>
            <entity>
                <uuid>e94ca69b-a0de-496f-84a1-8cc40e478dd3</uuid>
                <name>V_Workflow_Metrics</name>
                <type>{urn:com:appian:types:CTS}CTS_V_Workflow_Metrics</type>
            </entity>
            <entity>
                <uuid>06aa6454-704c-414e-b456-e034f99f7e29</uuid>
                <name>V_Doc</name>
                <type>{urn:com:appian:types:CTS}CTS_V_Doc</type>
            </entity>
            <entity>
                <uuid>c1ae538e-f76c-4f4d-a686-26a9cbb24b07</uuid>
                <name>Doc_ListView</name>
                <type>{urn:com:appian:types:CTS}CTS_Doc_ListView</type>
            </entity>
            <entity>
                <uuid>1c7eeac4-efe4-4b94-b35d-e31f2eb15e39</uuid>
                <name>V_Link_FolderDoc</name>
                <type>{urn:com:appian:types:CTS}CTS_V_Link_FolderDoc</type>
            </entity>
            <entity>
                <uuid>9f7cba24-69fb-4148-8e4e-12945bca8891</uuid>
                <name>V_Link_DocFolder</name>
                <type>{urn:com:appian:types:CTS}CTS_V_Link_DocFolder</type>
            </entity>
            <entity>
                <uuid>cf2cb4e1-e92f-4bd5-b1c5-02dac6b46ced</uuid>
                <name>V_Folder_Assignments</name>
                <type>{urn:com:appian:types:CTS}CTS_V_Folder_Assignments</type>
            </entity>
            <entity>
                <uuid>5c5a4cee-0c0a-4fd4-944c-2aab2fa8c2bc</uuid>
                <name>V_Doc_Template</name>
                <type>{urn:com:appian:types:CTS}CTS_V_Doc_Tmplt</type>
            </entity>
            <entity>
                <uuid>7601b36d-443e-49cf-a52b-5f1930ad7429</uuid>
                <name>Folder_updateStage</name>
                <type>{urn:com:appian:types:CTS}CTS_Folder_updateStage</type>
            </entity>
            <entity>
                <uuid>a1a03018-302e-42cb-89d3-2699c3777c1d</uuid>
                <name>Task_Metric</name>
                <type>{urn:com:appian:types:CTS}CTS_Task_Metric</type>
            </entity>
            <entity>
                <uuid>a96d321d-88ff-40c0-a19c-9ea85843c846</uuid>
                <name>Doc_Audit</name>
                <type>{urn:com:appian:types:CTS}CTS_Doc_Audit</type>
            </entity>
            <entity>
                <uuid>daa91e94-653b-4d33-b4b5-9cd89b99ca52</uuid>
                <name>Folder_Audit</name>
                <type>{urn:com:appian:types:CTS}CTS_Folder_Audit</type>
            </entity>
            <entity>
                <uuid>4416e55a-0528-466d-90fa-433c0725925f</uuid>
                <name>Assign_Audit</name>
                <type>{urn:com:appian:types:CTS}CTS_Assign_Audit</type>
            </entity>
            <entity>
                <uuid>a3400dd3-5820-4bf0-b253-0f450c77d86d</uuid>
                <name>R_Doc_AuditAction</name>
                <type>{urn:com:appian:types:CTS}CTS_R_Doc_Audit_Action</type>
            </entity>
            <entity>
                <uuid>f0805282-8a14-4f2b-aedd-655d7430ab1a</uuid>
                <name>R_Folder_AuditAction</name>
                <type>{urn:com:appian:types:CTS}CTS_R_Folder_Audit_Action</type>
            </entity>
            <entity>
                <uuid>25ad985c-4968-47b2-8c12-8b0456e84f60</uuid>
                <name>R_Assign_AuditAction</name>
                <type>{urn:com:appian:types:CTS}CTS_R_Assign_Audit_Action</type>
            </entity>
            <entity>
                <uuid>ee10c97f-66c6-4a6d-8fc8-09549f6fbacd</uuid>
                <name>User_Audit</name>
                <type>{urn:com:appian:types:CTS}CTS_User_Audit</type>
            </entity>
            <entity>
                <uuid>b0d3cd82-0337-4e89-a328-bd47116e46db</uuid>
                <name>R_User_AuditAction</name>
                <type>{urn:com:appian:types:CTS}CTS_R_User_Audit_Action</type>
            </entity>
            <entity>
                <uuid>c571bf05-4f6f-425e-84d5-0ce11ae24cbe</uuid>
                <name>R_Task_Type</name>
                <type>{urn:com:appian:types:CTS}CTS_R_Task_Type</type>
            </entity>
            <entity>
                <uuid>152a9a32-9e09-44fd-a718-4fb248b3b316</uuid>
                <name>Saved_Workflow_Assignment</name>
                <type>{urn:com:appian:types:CTS}CTS_Saved_Workflow_Assignment</type>
            </entity>
            <entity>
                <uuid>61401975-eef8-4b0e-8c97-46982b78b8d2</uuid>
                <name>Saved_Workflow</name>
                <type>{urn:com:appian:types:CTS}CTS_Saved_Workflow</type>
            </entity>
        </entities>
    </dataStore>
    <isPublished>true</isPublished>
    <roleMap>
        <role allowForAll="false" inherit="false" name="administrators">
            <users/>
            <groups>
                <groupUuid>_e-0000dc7a-bc14-8000-9aee-01075c01075c_35</groupUuid>
            </groups>
        </role>
        <role allowForAll="false" inherit="false" name="authors">
            <users/>
            <groups/>
        </role>
        <role allowForAll="false" inherit="false" name="denyAdministrators">
            <users/>
            <groups/>
        </role>
        <role allowForAll="false" inherit="false" name="denyAuthors">
            <users/>
            <groups/>
        </role>
        <role allowForAll="false" inherit="false" name="denyReaders">
            <users/>
            <groups/>
        </role>
        <role allowForAll="false" inherit="false" name="readers">
            <users/>
            <groups>
                <groupUuid>_e-0000dc7a-bc14-8000-9aee-01075c01075c_36</groupUuid>
            </groups>
        </role>
    </roleMap>
</dataStoreHaul>
