<?xml version="1.0" encoding="UTF-8"?>
<processModelHaul>
  <folderUuid>_g-0000dd3a-8e6c-8000-f92f-7f0000014e7a_64</folderUuid>
  <roleMap>
    <role name="ADMIN_OWNER">
      <users/>
      <groups>
        <groupUuid>_e-0000dd71-43cb-8000-9aee-01075c01075c_111</groupUuid>
      </groups>
    </role>
    <role name="EDITOR">
      <users/>
      <groups/>
    </role>
    <role name="EXPLICIT_NONMEMBER">
      <users/>
      <groups/>
    </role>
    <role name="VIEWER">
      <users/>
      <groups>
        <groupUuid>_e-0000dd3b-5dde-8000-9aee-01075c01075c_107</groupUuid>
      </groups>
    </role>
    <role name="MANAGER">
      <users/>
      <groups/>
    </role>
    <role name="INITIATOR">
      <users/>
      <groups/>
    </role>
  </roleMap>
  <process_model_port schemaVersion="007.000.001"
    xmlns="http://www.appian.com/ae/types/2009"
    xmlns:a="http://www.appian.com/ae/types/2009"
    xmlns:xsd="http://www.w3.org/2001/XMLSchema" xmlns:xsi="http://www.w3.org/2001/XMLSchema-instance">
    <pm>
      <meta>
        <uuid><![CDATA[0002dd6e-ed51-8000-f92f-7f0000014e7a]]></uuid>
        <name>
          <string-map>
            <pair>
              <locale country="US" lang="en" variant=""/>
              <value><![CDATA[HELP_Util_deleteDocuments]]></value>
            </pair>
          </string-map>
        </name>
        <desc>
          <string-map>
            <pair>
              <locale country="US" lang="en" variant=""/>
              <value><![CDATA[Utility model that will be used to delete documents from Appian system. Will also remove folder, knowledge center if necessary as well as deleting Files from the table]]></value>
            </pair>
          </string-map>
        </desc>
        <versionStatus>2</versionStatus>
        <process-name>
          <string-map>
            <pair>
              <locale country="US" lang="en" variant=""/>
              <value><![CDATA[HELP_Util_deleteDocuments]]></value>
            </pair>
          </string-map>
        </process-name>
        <deadline>
          <enabled>false</enabled>
          <type>0</type>
          <units>0</units>
          <rex/>
          <aex/>
        </deadline>
        <pm-notification-settings>
          <custom-settings>true</custom-settings>
          <notify-initiator>false</notify-initiator>
          <notify-owner>false</notify-owner>
          <usersandgroups/>
          <recipients-exp><![CDATA[=#"_a-0000dd70-fb56-8000-9ba2-011c48011c48_23317"]]></recipients-exp>
        </pm-notification-settings>
        <cleanup-action>1</cleanup-action>
        <auto-archive-delay>3</auto-archive-delay>
        <auto-delete-delay>1</auto-delete-delay>
        <timeZoneId/>
        <useProcessInitiatorTimeZone>false</useProcessInitiatorTimeZone>
      </meta>
      <pvs>
        <pv name="documentIndex">
          <a:value xmlns="" xsi:type="xsd:int">1</a:value>
          <parameter>false</parameter>
          <required>false</required>
          <hidden>false</hidden>
        </pv>
        <pv name="documentsToDelete">
          <a:value xmlns="" xsi:type="a:CollaborationDocument?list"/>
          <parameter>true</parameter>
          <required>false</required>
          <hidden>false</hidden>
        </pv>
        <pv name="fileIdsToDelete">
          <a:value xmlns="" xsi:type="a:Integer?list"/>
          <parameter>true</parameter>
          <required>false</required>
          <hidden>false</hidden>
        </pv>
        <pv name="folderToDelete">
          <a:value xsi:nil="true" xsi:type="a:CollaborationFolder"/>
          <parameter>true</parameter>
          <required>false</required>
          <hidden>false</hidden>
        </pv>
        <pv name="resource_File_cdt">
          <a:value xmlns:n1="urn:com:appian:types:HELP" xsi:nil="true" xsi:type="n1:HELP_Resource_File"/>
          <parameter>true</parameter>
          <required>false</required>
          <hidden>false</hidden>
        </pv>
      </pvs>
      <nodes>
        <node uuid="0000dd6e-ed51-8000-f92f-7f0000014e7a">
          <guiId>0</guiId>
          <owner/>
          <icon id="50"/>
          <picon id="0"/>
          <fname>
            <string-map>
              <pair>
                <locale country="US" lang="en" variant=""/>
                <value><![CDATA[Start Node]]></value>
              </pair>
            </string-map>
          </fname>
          <x>112</x>
          <y>308</y>
          <display>
            <string-map>
              <pair>
                <locale country="US" lang="en" variant=""/>
                <value><![CDATA[Start Node]]></value>
              </pair>
            </string-map>
          </display>
          <desc>
            <string-map>
              <pair>
                <locale country="US" lang="en" variant=""/>
                <value/>
              </pair>
            </string-map>
          </desc>
          <notify>false</notify>
          <confirmation-url/>
          <lane>0</lane>
          <overrideLaneAssignment>false</overrideLaneAssignment>
          <ac>
            <local-id>core.0</local-id>
            <name><![CDATA[Start Node]]></name>
            <acps/>
            <custom-params/>
            <output-exprs/>
            <requires-user-interaction>true</requires-user-interaction>
            <run-as>
              <performer id="0"/>
            </run-as>
            <form-map/>
            <helper-class/>
          </ac>
          <multiple-instance/>
          <escalations/>
          <connections>
            <connection>
              <guiId>1</guiId>
              <to>6</to>
              <toObjectType>ap.gui.Node</toObjectType>
              <fromAnchor>1</fromAnchor>
              <toAnchor>3</toAnchor>
              <showArrowhead>true</showArrowhead>
              <flowLabel/>
              <label>
                <fontColor>#000000</fontColor>
                <fontFamily>Arial, Helvetica, Sans-Serif</fontFamily>
                <fontSize>12</fontSize>
                <bold>false</bold>
                <italics>false</italics>
                <underline>false</underline>
              </label>
              <associations/>
              <chained>true</chained>
              <overridesAssignment>true</overridesAssignment>
              <synchronizeData>false</synchronizeData>
            </connection>
          </connections>
          <associations/>
          <target-completion>5.0</target-completion>
          <target-lag>1.0</target-lag>
          <attachments/>
          <notes/>
          <lingering>false</lingering>
          <on-create-ignore-if-active>false</on-create-ignore-if-active>
          <on-create-delete-previous-active>false</on-create-delete-previous-active>
          <on-complete-delete-previous-completed>false</on-complete-delete-previous-completed>
          <pre-triggers/>
          <post-triggers/>
          <event-producers/>
          <exception-flow/>
          <label>
            <fontColor>#000000</fontColor>
            <fontFamily>Arial, Helvetica, Sans-Serif</fontFamily>
            <fontSize>12</fontSize>
            <bold>false</bold>
            <italics>false</italics>
            <underline>false</underline>
          </label>
          <deadline>
            <enabled>false</enabled>
            <type>0</type>
            <units>0</units>
            <rex/>
            <aex/>
          </deadline>
          <allowsBack>false</allowsBack>
          <refreshDefaultValues>false</refreshDefaultValues>
          <on-complete-keep-form-data>false</on-complete-keep-form-data>
        </node>
        <node uuid="0001dd6e-ed51-8000-f92f-7f0000014e7a">
          <guiId>1</guiId>
          <owner/>
          <icon id="51"/>
          <picon id="0"/>
          <fname>
            <string-map>
              <pair>
                <locale country="US" lang="en" variant=""/>
                <value><![CDATA[End Node]]></value>
              </pair>
            </string-map>
          </fname>
          <x>1288</x>
          <y>308</y>
          <display>
            <string-map>
              <pair>
                <locale country="US" lang="en" variant=""/>
                <value><![CDATA[End Node]]></value>
              </pair>
            </string-map>
          </display>
          <desc>
            <string-map>
              <pair>
                <locale country="US" lang="en" variant=""/>
                <value/>
              </pair>
            </string-map>
          </desc>
          <notify>false</notify>
          <confirmation-url/>
          <lane>0</lane>
          <overrideLaneAssignment>false</overrideLaneAssignment>
          <ac>
            <local-id>core.1</local-id>
            <name><![CDATA[End Node]]></name>
            <acps>
              <acp name="pmID">
                <a:value xsi:nil="true" xsi:type="a:ProcessModel"/>
                <a:local-id>0</a:local-id>
                <a:expr/>
                <a:required>0</a:required>
                <a:editable>0</a:editable>
                <a:assign-to-pv/>
                <a:input-to-activity-class>true</a:input-to-activity-class>
                <a:hidden-from-designer>false</a:hidden-from-designer>
                <a:generated>false</a:generated>
                <a:enumeration/>
                <a:customDisplayReference/>
              </acp>
              <acp name="inMap">
                <a:value xsi:nil="true" xsi:type="a:Bean?list"/>
                <a:local-id>1</a:local-id>
                <a:expr/>
                <a:required>0</a:required>
                <a:editable>1</a:editable>
                <a:assign-to-pv/>
                <a:input-to-activity-class>true</a:input-to-activity-class>
                <a:hidden-from-designer>false</a:hidden-from-designer>
                <a:generated>false</a:generated>
                <a:enumeration/>
                <a:customDisplayReference/>
              </acp>
              <acp name="procInheritsPriority">
                <a:value xmlns="" xsi:type="xsd:int">1</a:value>
                <a:local-id>5</a:local-id>
                <a:expr/>
                <a:required>0</a:required>
                <a:editable>1</a:editable>
                <a:assign-to-pv/>
                <a:input-to-activity-class>false</a:input-to-activity-class>
                <a:hidden-from-designer>false</a:hidden-from-designer>
                <a:generated>false</a:generated>
                <a:enumeration/>
                <a:customDisplayReference/>
              </acp>
              <acp name="pmUUID">
                <a:value xsi:nil="true" xsi:type="xsd:string"/>
                <a:local-id>6</a:local-id>
                <a:expr/>
                <a:required>0</a:required>
                <a:editable>1</a:editable>
                <a:assign-to-pv/>
                <a:input-to-activity-class>true</a:input-to-activity-class>
                <a:hidden-from-designer>false</a:hidden-from-designer>
                <a:generated>false</a:generated>
                <a:enumeration/>
                <a:customDisplayReference/>
              </acp>
              <acp name="isAsynchronous">
                <a:value xmlns="" xsi:type="xsd:boolean">true</a:value>
                <a:local-id>7</a:local-id>
                <a:expr/>
                <a:required>1</a:required>
                <a:editable>0</a:editable>
                <a:assign-to-pv/>
                <a:input-to-activity-class>true</a:input-to-activity-class>
                <a:hidden-from-designer>true</a:hidden-from-designer>
                <a:generated>false</a:generated>
                <a:enumeration/>
                <a:customDisplayReference/>
              </acp>
              <acp name="isTransparent">
                <a:value xmlns="" xsi:type="xsd:boolean">true</a:value>
                <a:local-id>14</a:local-id>
                <a:expr/>
                <a:required>1</a:required>
                <a:editable>1</a:editable>
                <a:assign-to-pv/>
                <a:input-to-activity-class>true</a:input-to-activity-class>
                <a:hidden-from-designer>true</a:hidden-from-designer>
                <a:generated>false</a:generated>
                <a:enumeration/>
                <a:customDisplayReference/>
              </acp>
              <acp name="inheritSecurity">
                <a:value xmlns="" xsi:type="xsd:boolean">false</a:value>
                <a:local-id>15</a:local-id>
                <a:expr/>
                <a:required>1</a:required>
                <a:editable>1</a:editable>
                <a:assign-to-pv/>
                <a:input-to-activity-class>true</a:input-to-activity-class>
                <a:hidden-from-designer>true</a:hidden-from-designer>
                <a:generated>false</a:generated>
                <a:enumeration/>
                <a:customDisplayReference/>
              </acp>
            </acps>
            <custom-params/>
            <output-exprs/>
            <requires-user-interaction>true</requires-user-interaction>
            <run-as>
              <performer id="0"/>
            </run-as>
            <form-map/>
            <helper-class/>
          </ac>
          <multiple-instance/>
          <escalations/>
          <connections/>
          <associations/>
          <target-completion>5.0</target-completion>
          <target-lag>1.0</target-lag>
          <attachments/>
          <notes/>
          <lingering>false</lingering>
          <on-create-ignore-if-active>false</on-create-ignore-if-active>
          <on-create-delete-previous-active>false</on-create-delete-previous-active>
          <on-complete-delete-previous-completed>false</on-complete-delete-previous-completed>
          <pre-triggers/>
          <post-triggers/>
          <event-producers/>
          <exception-flow/>
          <label>
            <fontColor>#000000</fontColor>
            <fontFamily>Arial, Helvetica, Sans-Serif</fontFamily>
            <fontSize>12</fontSize>
            <bold>false</bold>
            <italics>false</italics>
            <underline>false</underline>
          </label>
          <deadline>
            <enabled>false</enabled>
            <type>0</type>
            <units>0</units>
            <rex/>
            <aex/>
          </deadline>
          <allowsBack>false</allowsBack>
          <refreshDefaultValues>false</refreshDefaultValues>
          <on-complete-keep-form-data>false</on-complete-keep-form-data>
        </node>
        <node uuid="0000dd79-7e17-8000-f92f-7f0000014e7a">
          <guiId>5</guiId>
          <owner/>
          <icon id="106"/>
          <picon id="106"/>
          <fname>
            <string-map>
              <pair>
                <locale country="US" lang="en" variant=""/>
                <value><![CDATA[Delete Folder]]></value>
              </pair>
            </string-map>
          </fname>
          <x>616</x>
          <y>308</y>
          <display>
            <string-map>
              <pair>
                <locale country="US" lang="en" variant=""/>
                <value><![CDATA[Delete Folder]]></value>
              </pair>
            </string-map>
          </display>
          <desc>
            <string-map>
              <pair>
                <locale country="US" lang="en" variant=""/>
                <value/>
              </pair>
            </string-map>
          </desc>
          <notify>false</notify>
          <confirmation-url/>
          <lane>0</lane>
          <overrideLaneAssignment>false</overrideLaneAssignment>
          <ac>
            <local-id>internal2.deletefolder</local-id>
            <name><![CDATA[DeleteFolder]]></name>
            <acps>
              <acp name="Content">
                <a:value xsi:nil="true" xsi:type="a:CollaborationFolder"/>
                <a:local-id>content</a:local-id>
                <a:expr><![CDATA[=pv!folderToDelete]]></a:expr>
                <a:required>1</a:required>
                <a:editable>1</a:editable>
                <a:assign-to-pv/>
                <a:input-to-activity-class>true</a:input-to-activity-class>
                <a:hidden-from-designer>false</a:hidden-from-designer>
                <a:generated>false</a:generated>
                <a:enumeration/>
                <a:customDisplayReference/>
              </acp>
              <acp name="ContentType">
                <a:value xmlns="" xsi:type="xsd:string">folder</a:value>
                <a:local-id>contenttype</a:local-id>
                <a:expr/>
                <a:required>1</a:required>
                <a:editable>0</a:editable>
                <a:assign-to-pv/>
                <a:input-to-activity-class>true</a:input-to-activity-class>
                <a:hidden-from-designer>true</a:hidden-from-designer>
                <a:generated>false</a:generated>
                <a:enumeration/>
                <a:customDisplayReference/>
              </acp>
              <acp name="DeleteChildren">
                <a:value xmlns="" xsi:type="xsd:int">1</a:value>
                <a:local-id>deletechildren</a:local-id>
                <a:expr/>
                <a:required>1</a:required>
                <a:editable>1</a:editable>
                <a:assign-to-pv/>
                <a:input-to-activity-class>true</a:input-to-activity-class>
                <a:hidden-from-designer>false</a:hidden-from-designer>
                <a:generated>false</a:generated>
                <a:enumeration>BOOLEAN</a:enumeration>
                <a:customDisplayReference/>
              </acp>
            </acps>
            <custom-params/>
            <output-exprs/>
            <requires-user-interaction>true</requires-user-interaction>
            <run-as>
              <performer id="0"/>
            </run-as>
            <form-map>
              <pair>
                <locale country="US" lang="en" variant=""/>
                <form-config>
                  <form>
                    <type>0</type>
                    <enabled>true</enabled>
                    <dynamic-form>
                      <form-elements>
                        <form-element>
                          <label><![CDATA[Delete Folder]]></label>
                          <instructions/>
                          <editable>true</editable>
                          <hidden>false</hidden>
                          <multiple>false</multiple>
                          <required>false</required>
                          <type>17</type>
                          <options/>
                          <name><![CDATA[Message1]]></name>
                          <value/>
                          <extra><![CDATA[{}]]></extra>
                        </form-element>
                        <form-element>
                          <label><![CDATA[Folder]]></label>
                          <instructions><![CDATA[Choose the folder you want to delete]]></instructions>
                          <editable>true</editable>
                          <hidden>false</hidden>
                          <multiple>false</multiple>
                          <required>true</required>
                          <type>11</type>
                          <options/>
                          <name><![CDATA[Question2]]></name>
                          <mapped-to><![CDATA[Content]]></mapped-to>
                          <value/>
                          <extra><![CDATA[{}]]></extra>
                        </form-element>
                        <form-element>
                          <label><![CDATA[Delete Subfolders]]></label>
                          <instructions/>
                          <editable>true</editable>
                          <hidden>false</hidden>
                          <multiple>false</multiple>
                          <required>true</required>
                          <type>14</type>
                          <options>
                            <option default="1" id="0" value="No"/>
                            <option default="0" id="1" value="Yes"/>
                          </options>
                          <name><![CDATA[Question3]]></name>
                          <mapped-to><![CDATA[DeleteChildren]]></mapped-to>
                          <value/>
                          <extra><![CDATA[{}]]></extra>
                        </form-element>
                      </form-elements>
                    </dynamic-form>
                    <hiddenSections>0</hiddenSections>
                  </form>
                </form-config>
              </pair>
            </form-map>
            <helper-class/>
          </ac>
          <multiple-instance/>
          <escalations/>
          <connections>
            <connection>
              <guiId>11</guiId>
              <to>2</to>
              <toObjectType>ap.gui.Node</toObjectType>
              <fromAnchor>1</fromAnchor>
              <toAnchor>3</toAnchor>
              <showArrowhead>true</showArrowhead>
              <flowLabel/>
              <label>
                <fontColor>#000000</fontColor>
                <fontFamily>Arial, Helvetica, Sans-Serif</fontFamily>
                <fontSize>12</fontSize>
                <bold>false</bold>
                <italics>false</italics>
                <underline>false</underline>
              </label>
              <associations/>
              <chained>true</chained>
              <overridesAssignment>true</overridesAssignment>
              <synchronizeData>false</synchronizeData>
            </connection>
          </connections>
          <associations/>
          <target-completion>5.0</target-completion>
          <target-lag>1.0</target-lag>
          <attachments/>
          <notes/>
          <lingering>false</lingering>
          <on-create-ignore-if-active>false</on-create-ignore-if-active>
          <on-create-delete-previous-active>false</on-create-delete-previous-active>
          <on-complete-delete-previous-completed>false</on-complete-delete-previous-completed>
          <pre-triggers/>
          <post-triggers/>
          <event-producers/>
          <exception-flow/>
          <label>
            <fontColor>#000000</fontColor>
            <fontFamily>Arial, Helvetica, Sans-Serif</fontFamily>
            <fontSize>12</fontSize>
            <bold>false</bold>
            <italics>false</italics>
            <underline>false</underline>
          </label>
          <deadline>
            <enabled>false</enabled>
            <type>0</type>
            <units>0</units>
            <rex/>
            <aex/>
          </deadline>
          <allowsBack>false</allowsBack>
          <refreshDefaultValues>false</refreshDefaultValues>
          <on-complete-keep-form-data>false</on-complete-keep-form-data>
        </node>
        <node uuid="0000dd6e-f042-8000-f92f-7f0000014e7a">
          <guiId>3</guiId>
          <owner/>
          <icon id="106"/>
          <picon id="106"/>
          <fname>
            <string-map>
              <pair>
                <locale country="US" lang="en" variant=""/>
                <value><![CDATA[Delete Document]]></value>
              </pair>
            </string-map>
          </fname>
          <x>924</x>
          <y>308</y>
          <display>
            <string-map>
              <pair>
                <locale country="US" lang="en" variant=""/>
                <value><![CDATA[Delete Document]]></value>
              </pair>
            </string-map>
          </display>
          <desc>
            <string-map>
              <pair>
                <locale country="US" lang="en" variant=""/>
                <value/>
              </pair>
            </string-map>
          </desc>
          <notify>false</notify>
          <confirmation-url/>
          <lane>0</lane>
          <overrideLaneAssignment>true</overrideLaneAssignment>
          <ac>
            <local-id>internal2.deletedocument</local-id>
            <name><![CDATA[DeleteDocument]]></name>
            <acps>
              <acp name="Content">
                <a:value xsi:nil="true" xsi:type="a:CollaborationDocument"/>
                <a:local-id>content</a:local-id>
                <a:expr><![CDATA[=pv!documentsToDelete[pv!documentIndex]]]></a:expr>
                <a:required>1</a:required>
                <a:editable>1</a:editable>
                <a:assign-to-pv/>
                <a:input-to-activity-class>true</a:input-to-activity-class>
                <a:hidden-from-designer>false</a:hidden-from-designer>
                <a:generated>false</a:generated>
                <a:enumeration/>
                <a:customDisplayReference/>
              </acp>
              <acp name="ContentType">
                <a:value xmlns="" xsi:type="xsd:string">document</a:value>
                <a:local-id>contenttype</a:local-id>
                <a:expr/>
                <a:required>1</a:required>
                <a:editable>0</a:editable>
                <a:assign-to-pv/>
                <a:input-to-activity-class>true</a:input-to-activity-class>
                <a:hidden-from-designer>true</a:hidden-from-designer>
                <a:generated>false</a:generated>
                <a:enumeration/>
                <a:customDisplayReference/>
              </acp>
            </acps>
            <custom-params/>
            <output-exprs>
              <el typeFlag="0"><![CDATA[documentIndex:pv!documentIndex+1]]></el>
            </output-exprs>
            <requires-user-interaction>true</requires-user-interaction>
            <run-as>
              <performer id="1"/>
            </run-as>
            <form-map>
              <pair>
                <locale country="US" lang="en" variant=""/>
                <form-config>
                  <form>
                    <type>0</type>
                    <enabled>true</enabled>
                    <dynamic-form>
                      <form-elements>
                        <form-element>
                          <label><![CDATA[Delete Document]]></label>
                          <instructions/>
                          <editable>true</editable>
                          <hidden>false</hidden>
                          <multiple>false</multiple>
                          <required>false</required>
                          <type>17</type>
                          <options/>
                          <name><![CDATA[Message1]]></name>
                          <value/>
                          <extra><![CDATA[{}]]></extra>
                        </form-element>
                        <form-element>
                          <label><![CDATA[Document]]></label>
                          <instructions><![CDATA[Choose the document you want to delete.]]></instructions>
                          <editable>true</editable>
                          <hidden>false</hidden>
                          <multiple>false</multiple>
                          <required>true</required>
                          <type>12</type>
                          <options/>
                          <name><![CDATA[Question2]]></name>
                          <mapped-to><![CDATA[Content]]></mapped-to>
                          <value/>
                          <extra><![CDATA[{}]]></extra>
                        </form-element>
                      </form-elements>
                    </dynamic-form>
                    <hiddenSections>0</hiddenSections>
                  </form>
                </form-config>
              </pair>
            </form-map>
            <helper-class/>
          </ac>
          <multiple-instance/>
          <escalations/>
          <connections>
            <connection>
              <guiId>8</guiId>
              <to>7</to>
              <toObjectType>ap.gui.Node</toObjectType>
              <fromAnchor>1</fromAnchor>
              <toAnchor>3</toAnchor>
              <showArrowhead>true</showArrowhead>
              <flowLabel/>
              <label>
                <fontColor>#000000</fontColor>
                <fontFamily>Arial, Helvetica, Sans-Serif</fontFamily>
                <fontSize>12</fontSize>
                <bold>false</bold>
                <italics>false</italics>
                <underline>false</underline>
              </label>
              <associations/>
              <chained>true</chained>
              <overridesAssignment>true</overridesAssignment>
              <synchronizeData>false</synchronizeData>
            </connection>
          </connections>
          <associations/>
          <target-completion>5.0</target-completion>
          <target-lag>1.0</target-lag>
          <attachments/>
          <notes/>
          <lingering>false</lingering>
          <on-create-ignore-if-active>false</on-create-ignore-if-active>
          <on-create-delete-previous-active>false</on-create-delete-previous-active>
          <on-complete-delete-previous-completed>false</on-complete-delete-previous-completed>
          <pre-triggers/>
          <post-triggers/>
          <event-producers/>
          <exception-flow/>
          <label>
            <fontColor>#000000</fontColor>
            <fontFamily>Arial, Helvetica, Sans-Serif</fontFamily>
            <fontSize>12</fontSize>
            <bold>false</bold>
            <italics>false</italics>
            <underline>false</underline>
          </label>
          <deadline>
            <enabled>false</enabled>
            <type>0</type>
            <units>0</units>
            <rex/>
            <aex/>
          </deadline>
          <allowsBack>false</allowsBack>
          <refreshDefaultValues>false</refreshDefaultValues>
          <on-complete-keep-form-data>false</on-complete-keep-form-data>
        </node>
        <node uuid="0000dd6e-f13d-8000-f92f-7f0000014e7a">
          <guiId>4</guiId>
          <owner/>
          <icon id="60"/>
          <picon id="61"/>
          <fname>
            <string-map>
              <pair>
                <locale country="US" lang="en" variant=""/>
                <value><![CDATA[Delete Files from DB]]></value>
              </pair>
            </string-map>
          </fname>
          <x>364</x>
          <y>308</y>
          <display>
            <string-map>
              <pair>
                <locale country="US" lang="en" variant=""/>
                <value><![CDATA[Delete Files from DB]]></value>
              </pair>
            </string-map>
          </display>
          <desc>
            <string-map>
              <pair>
                <locale country="US" lang="en" variant=""/>
                <value/>
              </pair>
            </string-map>
          </desc>
          <notify>false</notify>
          <confirmation-url/>
          <lane>0</lane>
          <overrideLaneAssignment>false</overrideLaneAssignment>
          <ac>
            <local-id>internal.38</local-id>
            <name><![CDATA[SUB_PROC]]></name>
            <acps>
              <acp name="Instructions">
                <a:value xsi:nil="true" xsi:type="xsd:string"/>
                <a:local-id>0</a:local-id>
                <a:expr/>
                <a:required>0</a:required>
                <a:editable>0</a:editable>
                <a:assign-to-pv/>
                <a:input-to-activity-class>true</a:input-to-activity-class>
                <a:hidden-from-designer>true</a:hidden-from-designer>
                <a:generated>false</a:generated>
                <a:enumeration/>
                <a:customDisplayReference/>
              </acp>
              <acp name="pmID">
                <a:value a:id="0002dd6e-f081-8000-f92f-7f0000014e7a"
                  xmlns="" xsi:type="a:ProcessModel"/>
                <a:local-id>1</a:local-id>
                <a:expr/>
                <a:required>1</a:required>
                <a:editable>0</a:editable>
                <a:assign-to-pv/>
                <a:input-to-activity-class>true</a:input-to-activity-class>
                <a:hidden-from-designer>true</a:hidden-from-designer>
                <a:generated>false</a:generated>
                <a:enumeration/>
                <a:customDisplayReference/>
              </acp>
              <acp name="inMap">
                <a:value xmlns="" xsi:type="a:Bean?list">
                  <a:acps>
                    <a:acp name="oneInputMap">
                      <a:value xsi:type="a:Bean">
                        <a:acps>
                          <a:acp name="sppn">
                            <a:value xsi:type="xsd:string">fileIds</a:value>
                            <a:local-id>4</a:local-id>
                            <a:expr/>
                            <a:required>1</a:required>
                            <a:editable>0</a:editable>
                            <a:assign-to-pv/>
                            <a:input-to-activity-class>true</a:input-to-activity-class>
                            <a:hidden-from-designer>false</a:hidden-from-designer>
                            <a:generated>false</a:generated>
                            <a:enumeration/>
                            <a:customDisplayReference/>
                          </a:acp>
                          <a:acp name="sppv">
                            <a:value xsi:nil="true" xsi:type="a:Integer?list"/>
                            <a:local-id>5</a:local-id>
                            <a:expr><![CDATA[=fileIdsToDelete]]></a:expr>
                            <a:required>0</a:required>
                            <a:editable>1</a:editable>
                            <a:assign-to-pv/>
                            <a:input-to-activity-class>true</a:input-to-activity-class>
                            <a:hidden-from-designer>false</a:hidden-from-designer>
                            <a:generated>false</a:generated>
                            <a:enumeration/>
                            <a:customDisplayReference/>
                          </a:acp>
                        </a:acps>
                      </a:value>
                      <a:local-id>3</a:local-id>
                      <a:expr/>
                      <a:required>1</a:required>
                      <a:editable>1</a:editable>
                      <a:assign-to-pv/>
                      <a:input-to-activity-class>true</a:input-to-activity-class>
                      <a:hidden-from-designer>false</a:hidden-from-designer>
                      <a:generated>false</a:generated>
                      <a:enumeration/>
                      <a:customDisplayReference/>
                    </a:acp>
                  </a:acps>
                </a:value>
                <a:local-id>2</a:local-id>
                <a:expr/>
                <a:required>0</a:required>
                <a:editable>1</a:editable>
                <a:assign-to-pv/>
                <a:input-to-activity-class>true</a:input-to-activity-class>
                <a:hidden-from-designer>false</a:hidden-from-designer>
                <a:generated>false</a:generated>
                <a:enumeration/>
                <a:customDisplayReference/>
              </acp>
              <acp name="outMap">
                <a:value xsi:nil="true" xsi:type="a:Bean?list"/>
                <a:local-id>6</a:local-id>
                <a:expr/>
                <a:required>0</a:required>
                <a:editable>0</a:editable>
                <a:assign-to-pv/>
                <a:input-to-activity-class>false</a:input-to-activity-class>
                <a:hidden-from-designer>false</a:hidden-from-designer>
                <a:generated>false</a:generated>
                <a:enumeration/>
                <a:customDisplayReference/>
              </acp>
              <acp name="subProcessID">
                <a:value xsi:nil="true" xsi:type="xsd:int"/>
                <a:local-id>10</a:local-id>
                <a:expr/>
                <a:required>0</a:required>
                <a:editable>0</a:editable>
                <a:assign-to-pv/>
                <a:input-to-activity-class>false</a:input-to-activity-class>
                <a:hidden-from-designer>false</a:hidden-from-designer>
                <a:generated>false</a:generated>
                <a:enumeration/>
                <a:customDisplayReference/>
              </acp>
              <acp name="procInheritsPriority">
                <a:value xmlns="" xsi:type="xsd:int">1</a:value>
                <a:local-id>11</a:local-id>
                <a:expr/>
                <a:required>0</a:required>
                <a:editable>1</a:editable>
                <a:assign-to-pv/>
                <a:input-to-activity-class>false</a:input-to-activity-class>
                <a:hidden-from-designer>false</a:hidden-from-designer>
                <a:generated>false</a:generated>
                <a:enumeration/>
                <a:customDisplayReference/>
              </acp>
              <acp name="pmUUID">
                <a:value xmlns="" xsi:type="xsd:string">0002dd6e-f081-8000-f92f-7f0000014e7a</a:value>
                <a:local-id>12</a:local-id>
                <a:expr/>
                <a:required>0</a:required>
                <a:editable>1</a:editable>
                <a:assign-to-pv/>
                <a:input-to-activity-class>true</a:input-to-activity-class>
                <a:hidden-from-designer>true</a:hidden-from-designer>
                <a:generated>false</a:generated>
                <a:enumeration/>
                <a:customDisplayReference/>
              </acp>
              <acp name="isAsynchronous">
                <a:value xmlns="" xsi:type="xsd:boolean">false</a:value>
                <a:local-id>13</a:local-id>
                <a:expr/>
                <a:required>1</a:required>
                <a:editable>1</a:editable>
                <a:assign-to-pv/>
                <a:input-to-activity-class>true</a:input-to-activity-class>
                <a:hidden-from-designer>true</a:hidden-from-designer>
                <a:generated>false</a:generated>
                <a:enumeration/>
                <a:customDisplayReference/>
              </acp>
              <acp name="isTransparent">
                <a:value xmlns="" xsi:type="xsd:boolean">true</a:value>
                <a:local-id>14</a:local-id>
                <a:expr/>
                <a:required>1</a:required>
                <a:editable>1</a:editable>
                <a:assign-to-pv/>
                <a:input-to-activity-class>true</a:input-to-activity-class>
                <a:hidden-from-designer>true</a:hidden-from-designer>
                <a:generated>false</a:generated>
                <a:enumeration/>
                <a:customDisplayReference/>
              </acp>
              <acp name="inheritSecurity">
                <a:value xmlns="" xsi:type="xsd:boolean">false</a:value>
                <a:local-id>15</a:local-id>
                <a:expr/>
                <a:required>1</a:required>
                <a:editable>1</a:editable>
                <a:assign-to-pv/>
                <a:input-to-activity-class>true</a:input-to-activity-class>
                <a:hidden-from-designer>true</a:hidden-from-designer>
                <a:generated>false</a:generated>
                <a:enumeration/>
                <a:customDisplayReference/>
              </acp>
              <acp name="chainsInto">
                <a:value xmlns="" xsi:type="xsd:boolean">false</a:value>
                <a:local-id>16</a:local-id>
                <a:expr/>
                <a:required>1</a:required>
                <a:editable>1</a:editable>
                <a:assign-to-pv/>
                <a:input-to-activity-class>true</a:input-to-activity-class>
                <a:hidden-from-designer>true</a:hidden-from-designer>
                <a:generated>false</a:generated>
                <a:enumeration/>
                <a:customDisplayReference/>
              </acp>
            </acps>
            <custom-params/>
            <output-exprs/>
            <requires-user-interaction>true</requires-user-interaction>
            <run-as>
              <performer id="1"/>
            </run-as>
            <form-map>
              <pair>
                <locale country="US" lang="en" variant=""/>
                <form-config>
                  <form>
                    <type>0</type>
                    <enabled>true</enabled>
                    <dynamic-form>
                      <form-elements>
                        <form-element>
                          <label><![CDATA[Question1]]></label>
                          <instructions/>
                          <editable>true</editable>
                          <hidden>false</hidden>
                          <multiple>true</multiple>
                          <required>false</required>
                          <type>0</type>
                          <options/>
                          <name><![CDATA[Question1]]></name>
                          <mapped-to array-index="0" bean-array="inMap"><![CDATA[sppv]]></mapped-to>
                          <value/>
                          <extra><![CDATA[{}]]></extra>
                        </form-element>
                      </form-elements>
                    </dynamic-form>
                    <hiddenSections>0</hiddenSections>
                  </form>
                </form-config>
              </pair>
            </form-map>
            <helper-class/>
          </ac>
          <multiple-instance/>
          <escalations/>
          <connections>
            <connection>
              <guiId>6</guiId>
              <to>11</to>
              <toObjectType>ap.gui.Node</toObjectType>
              <fromAnchor>1</fromAnchor>
              <toAnchor>3</toAnchor>
              <showArrowhead>true</showArrowhead>
              <flowLabel/>
              <label>
                <fontColor>#000000</fontColor>
                <fontFamily>Arial, Helvetica, Sans-Serif</fontFamily>
                <fontSize>12</fontSize>
                <bold>false</bold>
                <italics>false</italics>
                <underline>false</underline>
              </label>
              <associations/>
              <chained>true</chained>
              <overridesAssignment>true</overridesAssignment>
              <synchronizeData>false</synchronizeData>
            </connection>
          </connections>
          <associations/>
          <target-completion>5.0</target-completion>
          <target-lag>1.0</target-lag>
          <attachments/>
          <notes/>
          <lingering>false</lingering>
          <on-create-ignore-if-active>false</on-create-ignore-if-active>
          <on-create-delete-previous-active>false</on-create-delete-previous-active>
          <on-complete-delete-previous-completed>false</on-complete-delete-previous-completed>
          <pre-triggers/>
          <post-triggers/>
          <event-producers/>
          <exception-flow/>
          <label>
            <fontColor>#000000</fontColor>
            <fontFamily>Arial, Helvetica, Sans-Serif</fontFamily>
            <fontSize>12</fontSize>
            <bold>false</bold>
            <italics>false</italics>
            <underline>false</underline>
          </label>
          <deadline>
            <enabled>false</enabled>
            <type>0</type>
            <units>0</units>
            <rex/>
            <aex/>
          </deadline>
          <allowsBack>false</allowsBack>
          <refreshDefaultValues>false</refreshDefaultValues>
          <on-complete-keep-form-data>false</on-complete-keep-form-data>
        </node>
        <node uuid="0000dd81-4f08-8000-f92f-7f0000014e7a">
          <guiId>6</guiId>
          <owner/>
          <icon id="58"/>
          <picon id="59"/>
          <fname>
            <string-map>
              <pair>
                <locale country="US" lang="en" variant=""/>
                <value><![CDATA[Files To Delete?]]></value>
              </pair>
            </string-map>
          </fname>
          <x>224</x>
          <y>308</y>
          <display>
            <string-map>
              <pair>
                <locale country="US" lang="en" variant=""/>
                <value><![CDATA[Files To Delete?]]></value>
              </pair>
            </string-map>
          </display>
          <desc>
            <string-map>
              <pair>
                <locale country="US" lang="en" variant=""/>
                <value/>
              </pair>
            </string-map>
          </desc>
          <notify>false</notify>
          <confirmation-url/>
          <lane>0</lane>
          <overrideLaneAssignment>true</overrideLaneAssignment>
          <ac>
            <local-id>core.4</local-id>
            <name><![CDATA[XOR]]></name>
            <acps>
              <acp name="defaultNode">
                <a:value xmlns="" xsi:type="xsd:int">4</a:value>
                <a:local-id>0</a:local-id>
                <a:expr/>
                <a:required>1</a:required>
                <a:editable>0</a:editable>
                <a:assign-to-pv/>
                <a:input-to-activity-class>true</a:input-to-activity-class>
                <a:hidden-from-designer>false</a:hidden-from-designer>
                <a:generated>false</a:generated>
                <a:enumeration/>
                <a:customDisplayReference/>
              </acp>
              <acp name="rules">
                <a:value xmlns="" xsi:type="a:Bean?list">
                  <a:acps>
                    <a:acp name="rule">
                      <a:value xsi:type="a:Bean">
                        <a:acps>
                          <a:acp name="expression">
                            <a:value xsi:nil="true" xsi:type="xsd:boolean"/>
                            <a:local-id>3</a:local-id>
                            <a:expr><![CDATA[=#"2168a5de-fb70-4d66-8b97-b547e3ac6e57"(pv!resource_File_cdt.fileId)]]></a:expr>
                            <a:required>0</a:required>
                            <a:editable>1</a:editable>
                            <a:assign-to-pv/>
                            <a:input-to-activity-class>true</a:input-to-activity-class>
                            <a:hidden-from-designer>false</a:hidden-from-designer>
                            <a:generated>false</a:generated>
                            <a:enumeration/>
                            <a:customDisplayReference/>
                          </a:acp>
                          <a:acp name="node">
                            <a:value xsi:type="xsd:int">11</a:value>
                            <a:local-id>4</a:local-id>
                            <a:expr/>
                            <a:required>0</a:required>
                            <a:editable>0</a:editable>
                            <a:assign-to-pv/>
                            <a:input-to-activity-class>true</a:input-to-activity-class>
                            <a:hidden-from-designer>false</a:hidden-from-designer>
                            <a:generated>false</a:generated>
                            <a:enumeration/>
                            <a:customDisplayReference/>
                          </a:acp>
                          <a:acp name="label">
                            <a:value xsi:nil="true" xsi:type="xsd:string"/>
                            <a:local-id>5</a:local-id>
                            <a:expr/>
                            <a:required>0</a:required>
                            <a:editable>0</a:editable>
                            <a:assign-to-pv/>
                            <a:input-to-activity-class>true</a:input-to-activity-class>
                            <a:hidden-from-designer>false</a:hidden-from-designer>
                            <a:generated>false</a:generated>
                            <a:enumeration/>
                            <a:customDisplayReference/>
                          </a:acp>
                        </a:acps>
                      </a:value>
                      <a:local-id>2</a:local-id>
                      <a:expr/>
                      <a:required>0</a:required>
                      <a:editable>0</a:editable>
                      <a:assign-to-pv/>
                      <a:input-to-activity-class>true</a:input-to-activity-class>
                      <a:hidden-from-designer>false</a:hidden-from-designer>
                      <a:generated>false</a:generated>
                      <a:enumeration/>
                      <a:customDisplayReference/>
                    </a:acp>
                  </a:acps>
                </a:value>
                <a:local-id>1</a:local-id>
                <a:expr/>
                <a:required>0</a:required>
                <a:editable>0</a:editable>
                <a:assign-to-pv/>
                <a:input-to-activity-class>true</a:input-to-activity-class>
                <a:hidden-from-designer>false</a:hidden-from-designer>
                <a:generated>false</a:generated>
                <a:enumeration/>
                <a:customDisplayReference/>
              </acp>
              <acp name="fired">
                <a:value xmlns="" xsi:type="xsd:int">0</a:value>
                <a:local-id>6</a:local-id>
                <a:expr/>
                <a:required>0</a:required>
                <a:editable>1</a:editable>
                <a:assign-to-pv/>
                <a:input-to-activity-class>false</a:input-to-activity-class>
                <a:hidden-from-designer>false</a:hidden-from-designer>
                <a:generated>false</a:generated>
                <a:enumeration/>
                <a:customDisplayReference/>
              </acp>
              <acp name="arrivedNodes">
                <a:value xsi:nil="true" xsi:type="a:Integer?list"/>
                <a:local-id>7</a:local-id>
                <a:expr/>
                <a:required>0</a:required>
                <a:editable>0</a:editable>
                <a:assign-to-pv/>
                <a:input-to-activity-class>false</a:input-to-activity-class>
                <a:hidden-from-designer>false</a:hidden-from-designer>
                <a:generated>false</a:generated>
                <a:enumeration/>
                <a:customDisplayReference/>
              </acp>
            </acps>
            <custom-params/>
            <output-exprs/>
            <requires-user-interaction>true</requires-user-interaction>
            <run-as>
              <performer id="0"/>
            </run-as>
            <form-map/>
            <helper-class/>
          </ac>
          <multiple-instance/>
          <escalations/>
          <connections>
            <connection>
              <guiId>2</guiId>
              <to>4</to>
              <toObjectType>ap.gui.Node</toObjectType>
              <fromAnchor>1</fromAnchor>
              <toAnchor>3</toAnchor>
              <showArrowhead>true</showArrowhead>
              <flowLabel/>
              <label>
                <fontColor>#000000</fontColor>
                <fontFamily>Arial, Helvetica, Sans-Serif</fontFamily>
                <fontSize>12</fontSize>
                <bold>false</bold>
                <italics>false</italics>
                <underline>false</underline>
              </label>
              <associations/>
              <chained>true</chained>
              <overridesAssignment>true</overridesAssignment>
              <synchronizeData>false</synchronizeData>
            </connection>
            <connection>
              <guiId>7</guiId>
              <to>11</to>
              <toObjectType>ap.gui.Node</toObjectType>
              <fromAnchor>0</fromAnchor>
              <toAnchor>0</toAnchor>
              <showArrowhead>true</showArrowhead>
              <flowLabel/>
              <label>
                <fontColor>#000000</fontColor>
                <fontFamily>Arial, Helvetica, Sans-Serif</fontFamily>
                <fontSize>12</fontSize>
                <bold>false</bold>
                <italics>false</italics>
                <underline>false</underline>
              </label>
              <associations/>
              <chained>true</chained>
              <overridesAssignment>true</overridesAssignment>
              <synchronizeData>false</synchronizeData>
            </connection>
          </connections>
          <associations/>
          <target-completion>5.0</target-completion>
          <target-lag>1.0</target-lag>
          <attachments/>
          <notes/>
          <lingering>false</lingering>
          <on-create-ignore-if-active>false</on-create-ignore-if-active>
          <on-create-delete-previous-active>false</on-create-delete-previous-active>
          <on-complete-delete-previous-completed>false</on-complete-delete-previous-completed>
          <pre-triggers/>
          <post-triggers/>
          <event-producers/>
          <exception-flow/>
          <label>
            <fontColor>#000000</fontColor>
            <fontFamily>Arial, Helvetica, Sans-Serif</fontFamily>
            <fontSize>12</fontSize>
            <bold>false</bold>
            <italics>false</italics>
            <underline>false</underline>
          </label>
          <deadline>
            <enabled>false</enabled>
            <type>0</type>
            <units>0</units>
            <rex/>
            <aex/>
          </deadline>
          <allowsBack>false</allowsBack>
          <refreshDefaultValues>false</refreshDefaultValues>
          <on-complete-keep-form-data>false</on-complete-keep-form-data>
        </node>
        <node uuid="0005dd6e-f042-8000-f92f-7f0000014e7a">
          <guiId>11</guiId>
          <owner/>
          <icon id="58"/>
          <picon id="59"/>
          <fname>
            <string-map>
              <pair>
                <locale country="US" lang="en" variant=""/>
                <value><![CDATA[Folder to delete?]]></value>
              </pair>
            </string-map>
          </fname>
          <x>476</x>
          <y>308</y>
          <display>
            <string-map>
              <pair>
                <locale country="US" lang="en" variant=""/>
                <value><![CDATA[Folder to delete?]]></value>
              </pair>
            </string-map>
          </display>
          <desc>
            <string-map>
              <pair>
                <locale country="US" lang="en" variant=""/>
                <value/>
              </pair>
            </string-map>
          </desc>
          <notify>false</notify>
          <confirmation-url/>
          <lane>0</lane>
          <overrideLaneAssignment>true</overrideLaneAssignment>
          <ac>
            <local-id>core.4</local-id>
            <name><![CDATA[XOR]]></name>
            <acps>
              <acp name="defaultNode">
                <a:value xmlns="" xsi:type="xsd:int">5</a:value>
                <a:local-id>0</a:local-id>
                <a:expr/>
                <a:required>1</a:required>
                <a:editable>0</a:editable>
                <a:assign-to-pv/>
                <a:input-to-activity-class>true</a:input-to-activity-class>
                <a:hidden-from-designer>false</a:hidden-from-designer>
                <a:generated>false</a:generated>
                <a:enumeration/>
                <a:customDisplayReference/>
              </acp>
              <acp name="rules">
                <a:value xmlns="" xsi:type="a:Bean?list">
                  <a:acps>
                    <a:acp name="rule">
                      <a:value xsi:type="a:Bean">
                        <a:acps>
                          <a:acp name="expression">
                            <a:value xsi:nil="true" xsi:type="xsd:boolean"/>
                            <a:local-id>3</a:local-id>
                            <a:expr><![CDATA[=isnull(pv!folderToDelete)]]></a:expr>
                            <a:required>0</a:required>
                            <a:editable>1</a:editable>
                            <a:assign-to-pv/>
                            <a:input-to-activity-class>true</a:input-to-activity-class>
                            <a:hidden-from-designer>false</a:hidden-from-designer>
                            <a:generated>false</a:generated>
                            <a:enumeration/>
                            <a:customDisplayReference/>
                          </a:acp>
                          <a:acp name="node">
                            <a:value xsi:type="xsd:int">2</a:value>
                            <a:local-id>4</a:local-id>
                            <a:expr/>
                            <a:required>0</a:required>
                            <a:editable>0</a:editable>
                            <a:assign-to-pv/>
                            <a:input-to-activity-class>true</a:input-to-activity-class>
                            <a:hidden-from-designer>false</a:hidden-from-designer>
                            <a:generated>false</a:generated>
                            <a:enumeration/>
                            <a:customDisplayReference/>
                          </a:acp>
                          <a:acp name="label">
                            <a:value xsi:nil="true" xsi:type="xsd:string"/>
                            <a:local-id>5</a:local-id>
                            <a:expr/>
                            <a:required>0</a:required>
                            <a:editable>0</a:editable>
                            <a:assign-to-pv/>
                            <a:input-to-activity-class>true</a:input-to-activity-class>
                            <a:hidden-from-designer>false</a:hidden-from-designer>
                            <a:generated>false</a:generated>
                            <a:enumeration/>
                            <a:customDisplayReference/>
                          </a:acp>
                        </a:acps>
                      </a:value>
                      <a:local-id>2</a:local-id>
                      <a:expr/>
                      <a:required>0</a:required>
                      <a:editable>0</a:editable>
                      <a:assign-to-pv/>
                      <a:input-to-activity-class>true</a:input-to-activity-class>
                      <a:hidden-from-designer>false</a:hidden-from-designer>
                      <a:generated>false</a:generated>
                      <a:enumeration/>
                      <a:customDisplayReference/>
                    </a:acp>
                  </a:acps>
                </a:value>
                <a:local-id>1</a:local-id>
                <a:expr/>
                <a:required>0</a:required>
                <a:editable>0</a:editable>
                <a:assign-to-pv/>
                <a:input-to-activity-class>true</a:input-to-activity-class>
                <a:hidden-from-designer>false</a:hidden-from-designer>
                <a:generated>false</a:generated>
                <a:enumeration/>
                <a:customDisplayReference/>
              </acp>
              <acp name="fired">
                <a:value xmlns="" xsi:type="xsd:int">0</a:value>
                <a:local-id>6</a:local-id>
                <a:expr/>
                <a:required>0</a:required>
                <a:editable>1</a:editable>
                <a:assign-to-pv/>
                <a:input-to-activity-class>false</a:input-to-activity-class>
                <a:hidden-from-designer>false</a:hidden-from-designer>
                <a:generated>false</a:generated>
                <a:enumeration/>
                <a:customDisplayReference/>
              </acp>
              <acp name="arrivedNodes">
                <a:value xsi:nil="true" xsi:type="a:Integer?list"/>
                <a:local-id>7</a:local-id>
                <a:expr/>
                <a:required>0</a:required>
                <a:editable>0</a:editable>
                <a:assign-to-pv/>
                <a:input-to-activity-class>false</a:input-to-activity-class>
                <a:hidden-from-designer>false</a:hidden-from-designer>
                <a:generated>false</a:generated>
                <a:enumeration/>
                <a:customDisplayReference/>
              </acp>
            </acps>
            <custom-params/>
            <output-exprs/>
            <requires-user-interaction>true</requires-user-interaction>
            <run-as>
              <performer id="0"/>
            </run-as>
            <form-map/>
            <helper-class/>
          </ac>
          <multiple-instance/>
          <escalations/>
          <connections>
            <connection>
              <guiId>5</guiId>
              <to>2</to>
              <toObjectType>ap.gui.Node</toObjectType>
              <fromAnchor>0</fromAnchor>
              <toAnchor>0</toAnchor>
              <showArrowhead>true</showArrowhead>
              <flowLabel/>
              <label>
                <fontColor>#000000</fontColor>
                <fontFamily>Arial, Helvetica, Sans-Serif</fontFamily>
                <fontSize>12</fontSize>
                <bold>false</bold>
                <italics>false</italics>
                <underline>false</underline>
              </label>
              <associations/>
              <chained>true</chained>
              <overridesAssignment>true</overridesAssignment>
              <synchronizeData>false</synchronizeData>
            </connection>
            <connection>
              <guiId>10</guiId>
              <to>5</to>
              <toObjectType>ap.gui.Node</toObjectType>
              <fromAnchor>1</fromAnchor>
              <toAnchor>3</toAnchor>
              <showArrowhead>true</showArrowhead>
              <flowLabel/>
              <label>
                <fontColor>#000000</fontColor>
                <fontFamily>Arial, Helvetica, Sans-Serif</fontFamily>
                <fontSize>12</fontSize>
                <bold>false</bold>
                <italics>false</italics>
                <underline>false</underline>
              </label>
              <associations/>
              <chained>true</chained>
              <overridesAssignment>true</overridesAssignment>
              <synchronizeData>false</synchronizeData>
            </connection>
          </connections>
          <associations/>
          <target-completion>5.0</target-completion>
          <target-lag>1.0</target-lag>
          <attachments/>
          <notes/>
          <lingering>false</lingering>
          <on-create-ignore-if-active>false</on-create-ignore-if-active>
          <on-create-delete-previous-active>false</on-create-delete-previous-active>
          <on-complete-delete-previous-completed>false</on-complete-delete-previous-completed>
          <pre-triggers/>
          <post-triggers/>
          <event-producers/>
          <exception-flow/>
          <label>
            <fontColor>#000000</fontColor>
            <fontFamily>Arial, Helvetica, Sans-Serif</fontFamily>
            <fontSize>12</fontSize>
            <bold>false</bold>
            <italics>false</italics>
            <underline>false</underline>
          </label>
          <deadline>
            <enabled>false</enabled>
            <type>0</type>
            <units>0</units>
            <rex/>
            <aex/>
          </deadline>
          <allowsBack>false</allowsBack>
          <refreshDefaultValues>false</refreshDefaultValues>
          <on-complete-keep-form-data>false</on-complete-keep-form-data>
        </node>
        <node uuid="0002dd6e-f042-8000-f92f-7f0000014e7a">
          <guiId>2</guiId>
          <owner/>
          <icon id="58"/>
          <picon id="59"/>
          <fname>
            <string-map>
              <pair>
                <locale country="US" lang="en" variant=""/>
                <value><![CDATA[Documents To Delete?]]></value>
              </pair>
            </string-map>
          </fname>
          <x>812</x>
          <y>308</y>
          <display>
            <string-map>
              <pair>
                <locale country="US" lang="en" variant=""/>
                <value><![CDATA[Documents To Delete?]]></value>
              </pair>
            </string-map>
          </display>
          <desc>
            <string-map>
              <pair>
                <locale country="US" lang="en" variant=""/>
                <value/>
              </pair>
            </string-map>
          </desc>
          <notify>false</notify>
          <confirmation-url/>
          <lane>0</lane>
          <overrideLaneAssignment>true</overrideLaneAssignment>
          <ac>
            <local-id>core.4</local-id>
            <name><![CDATA[XOR]]></name>
            <acps>
              <acp name="defaultNode">
                <a:value xmlns="" xsi:type="xsd:int">3</a:value>
                <a:local-id>0</a:local-id>
                <a:expr/>
                <a:required>1</a:required>
                <a:editable>0</a:editable>
                <a:assign-to-pv/>
                <a:input-to-activity-class>true</a:input-to-activity-class>
                <a:hidden-from-designer>false</a:hidden-from-designer>
                <a:generated>false</a:generated>
                <a:enumeration/>
                <a:customDisplayReference/>
              </acp>
              <acp name="rules">
                <a:value xmlns="" xsi:type="a:Bean?list">
                  <a:acps>
                    <a:acp name="rule">
                      <a:value xsi:type="a:Bean">
                        <a:acps>
                          <a:acp name="expression">
                            <a:value xsi:nil="true" xsi:type="xsd:boolean"/>
                            <a:local-id>3</a:local-id>
                            <a:expr><![CDATA[=or(not(isnull(pv!folderToDelete)), #"2168a5de-fb70-4d66-8b97-b547e3ac6e57"(pv!documentsToDelete))]]></a:expr>
                            <a:required>0</a:required>
                            <a:editable>1</a:editable>
                            <a:assign-to-pv/>
                            <a:input-to-activity-class>true</a:input-to-activity-class>
                            <a:hidden-from-designer>false</a:hidden-from-designer>
                            <a:generated>false</a:generated>
                            <a:enumeration/>
                            <a:customDisplayReference/>
                          </a:acp>
                          <a:acp name="node">
                            <a:value xsi:type="xsd:int">1</a:value>
                            <a:local-id>4</a:local-id>
                            <a:expr/>
                            <a:required>0</a:required>
                            <a:editable>0</a:editable>
                            <a:assign-to-pv/>
                            <a:input-to-activity-class>true</a:input-to-activity-class>
                            <a:hidden-from-designer>false</a:hidden-from-designer>
                            <a:generated>false</a:generated>
                            <a:enumeration/>
                            <a:customDisplayReference/>
                          </a:acp>
                          <a:acp name="label">
                            <a:value xsi:nil="true" xsi:type="xsd:string"/>
                            <a:local-id>5</a:local-id>
                            <a:expr/>
                            <a:required>0</a:required>
                            <a:editable>0</a:editable>
                            <a:assign-to-pv/>
                            <a:input-to-activity-class>true</a:input-to-activity-class>
                            <a:hidden-from-designer>false</a:hidden-from-designer>
                            <a:generated>false</a:generated>
                            <a:enumeration/>
                            <a:customDisplayReference/>
                          </a:acp>
                        </a:acps>
                      </a:value>
                      <a:local-id>2</a:local-id>
                      <a:expr/>
                      <a:required>0</a:required>
                      <a:editable>0</a:editable>
                      <a:assign-to-pv/>
                      <a:input-to-activity-class>true</a:input-to-activity-class>
                      <a:hidden-from-designer>false</a:hidden-from-designer>
                      <a:generated>false</a:generated>
                      <a:enumeration/>
                      <a:customDisplayReference/>
                    </a:acp>
                  </a:acps>
                </a:value>
                <a:local-id>1</a:local-id>
                <a:expr/>
                <a:required>0</a:required>
                <a:editable>0</a:editable>
                <a:assign-to-pv/>
                <a:input-to-activity-class>true</a:input-to-activity-class>
                <a:hidden-from-designer>false</a:hidden-from-designer>
                <a:generated>false</a:generated>
                <a:enumeration/>
                <a:customDisplayReference/>
              </acp>
              <acp name="fired">
                <a:value xmlns="" xsi:type="xsd:int">0</a:value>
                <a:local-id>6</a:local-id>
                <a:expr/>
                <a:required>0</a:required>
                <a:editable>1</a:editable>
                <a:assign-to-pv/>
                <a:input-to-activity-class>false</a:input-to-activity-class>
                <a:hidden-from-designer>false</a:hidden-from-designer>
                <a:generated>false</a:generated>
                <a:enumeration/>
                <a:customDisplayReference/>
              </acp>
              <acp name="arrivedNodes">
                <a:value xsi:nil="true" xsi:type="a:Integer?list"/>
                <a:local-id>7</a:local-id>
                <a:expr/>
                <a:required>0</a:required>
                <a:editable>0</a:editable>
                <a:assign-to-pv/>
                <a:input-to-activity-class>false</a:input-to-activity-class>
                <a:hidden-from-designer>false</a:hidden-from-designer>
                <a:generated>false</a:generated>
                <a:enumeration/>
                <a:customDisplayReference/>
              </acp>
            </acps>
            <custom-params/>
            <output-exprs/>
            <requires-user-interaction>true</requires-user-interaction>
            <run-as>
              <performer id="0"/>
            </run-as>
            <form-map/>
            <helper-class/>
          </ac>
          <multiple-instance/>
          <escalations/>
          <connections>
            <connection>
              <guiId>3</guiId>
              <to>3</to>
              <toObjectType>ap.gui.Node</toObjectType>
              <fromAnchor>1</fromAnchor>
              <toAnchor>3</toAnchor>
              <showArrowhead>true</showArrowhead>
              <flowLabel/>
              <label>
                <fontColor>#000000</fontColor>
                <fontFamily>Arial, Helvetica, Sans-Serif</fontFamily>
                <fontSize>12</fontSize>
                <bold>false</bold>
                <italics>false</italics>
                <underline>false</underline>
              </label>
              <associations/>
              <chained>true</chained>
              <overridesAssignment>true</overridesAssignment>
              <synchronizeData>false</synchronizeData>
            </connection>
            <connection>
              <guiId>12</guiId>
              <to>1</to>
              <toObjectType>ap.gui.Node</toObjectType>
              <fromAnchor>2</fromAnchor>
              <toAnchor>2</toAnchor>
              <showArrowhead>true</showArrowhead>
              <flowLabel/>
              <label>
                <fontColor>#000000</fontColor>
                <fontFamily>Arial, Helvetica, Sans-Serif</fontFamily>
                <fontSize>12</fontSize>
                <bold>false</bold>
                <italics>false</italics>
                <underline>false</underline>
              </label>
              <associations/>
              <chained>true</chained>
              <overridesAssignment>true</overridesAssignment>
              <synchronizeData>false</synchronizeData>
            </connection>
          </connections>
          <associations/>
          <target-completion>5.0</target-completion>
          <target-lag>1.0</target-lag>
          <attachments/>
          <notes/>
          <lingering>false</lingering>
          <on-create-ignore-if-active>false</on-create-ignore-if-active>
          <on-create-delete-previous-active>false</on-create-delete-previous-active>
          <on-complete-delete-previous-completed>false</on-complete-delete-previous-completed>
          <pre-triggers/>
          <post-triggers/>
          <event-producers/>
          <exception-flow/>
          <label>
            <fontColor>#000000</fontColor>
            <fontFamily>Arial, Helvetica, Sans-Serif</fontFamily>
            <fontSize>12</fontSize>
            <bold>false</bold>
            <italics>false</italics>
            <underline>false</underline>
          </label>
          <deadline>
            <enabled>false</enabled>
            <type>0</type>
            <units>0</units>
            <rex/>
            <aex/>
          </deadline>
          <allowsBack>false</allowsBack>
          <refreshDefaultValues>false</refreshDefaultValues>
          <on-complete-keep-form-data>false</on-complete-keep-form-data>
        </node>
        <node uuid="0003dd6e-f042-8000-f92f-7f0000014e7a">
          <guiId>7</guiId>
          <owner/>
          <icon id="58"/>
          <picon id="59"/>
          <fname>
            <string-map>
              <pair>
                <locale country="US" lang="en" variant=""/>
                <value><![CDATA[More Documents?]]></value>
              </pair>
            </string-map>
          </fname>
          <x>1120</x>
          <y>308</y>
          <display>
            <string-map>
              <pair>
                <locale country="US" lang="en" variant=""/>
                <value><![CDATA[More Documents?]]></value>
              </pair>
            </string-map>
          </display>
          <desc>
            <string-map>
              <pair>
                <locale country="US" lang="en" variant=""/>
                <value/>
              </pair>
            </string-map>
          </desc>
          <notify>false</notify>
          <confirmation-url/>
          <lane>0</lane>
          <overrideLaneAssignment>true</overrideLaneAssignment>
          <ac>
            <local-id>core.4</local-id>
            <name><![CDATA[XOR]]></name>
            <acps>
              <acp name="defaultNode">
                <a:value xmlns="" xsi:type="xsd:int">3</a:value>
                <a:local-id>0</a:local-id>
                <a:expr/>
                <a:required>1</a:required>
                <a:editable>0</a:editable>
                <a:assign-to-pv/>
                <a:input-to-activity-class>true</a:input-to-activity-class>
                <a:hidden-from-designer>false</a:hidden-from-designer>
                <a:generated>false</a:generated>
                <a:enumeration/>
                <a:customDisplayReference/>
              </acp>
              <acp name="rules">
                <a:value xmlns="" xsi:type="a:Bean?list">
                  <a:acps>
                    <a:acp name="rule">
                      <a:value xsi:type="a:Bean">
                        <a:acps>
                          <a:acp name="expression">
                            <a:value xsi:nil="true" xsi:type="xsd:boolean"/>
                            <a:local-id>3</a:local-id>
                            <a:expr><![CDATA[=pv!documentIndex>length(pv!documentsToDelete)]]></a:expr>
                            <a:required>0</a:required>
                            <a:editable>1</a:editable>
                            <a:assign-to-pv/>
                            <a:input-to-activity-class>true</a:input-to-activity-class>
                            <a:hidden-from-designer>false</a:hidden-from-designer>
                            <a:generated>false</a:generated>
                            <a:enumeration/>
                            <a:customDisplayReference/>
                          </a:acp>
                          <a:acp name="node">
                            <a:value xsi:type="xsd:int">1</a:value>
                            <a:local-id>4</a:local-id>
                            <a:expr/>
                            <a:required>0</a:required>
                            <a:editable>0</a:editable>
                            <a:assign-to-pv/>
                            <a:input-to-activity-class>true</a:input-to-activity-class>
                            <a:hidden-from-designer>false</a:hidden-from-designer>
                            <a:generated>false</a:generated>
                            <a:enumeration/>
                            <a:customDisplayReference/>
                          </a:acp>
                          <a:acp name="label">
                            <a:value xsi:nil="true" xsi:type="xsd:string"/>
                            <a:local-id>5</a:local-id>
                            <a:expr/>
                            <a:required>0</a:required>
                            <a:editable>0</a:editable>
                            <a:assign-to-pv/>
                            <a:input-to-activity-class>true</a:input-to-activity-class>
                            <a:hidden-from-designer>false</a:hidden-from-designer>
                            <a:generated>false</a:generated>
                            <a:enumeration/>
                            <a:customDisplayReference/>
                          </a:acp>
                        </a:acps>
                      </a:value>
                      <a:local-id>2</a:local-id>
                      <a:expr/>
                      <a:required>0</a:required>
                      <a:editable>0</a:editable>
                      <a:assign-to-pv/>
                      <a:input-to-activity-class>true</a:input-to-activity-class>
                      <a:hidden-from-designer>false</a:hidden-from-designer>
                      <a:generated>false</a:generated>
                      <a:enumeration/>
                      <a:customDisplayReference/>
                    </a:acp>
                  </a:acps>
                </a:value>
                <a:local-id>1</a:local-id>
                <a:expr/>
                <a:required>0</a:required>
                <a:editable>0</a:editable>
                <a:assign-to-pv/>
                <a:input-to-activity-class>true</a:input-to-activity-class>
                <a:hidden-from-designer>false</a:hidden-from-designer>
                <a:generated>false</a:generated>
                <a:enumeration/>
                <a:customDisplayReference/>
              </acp>
              <acp name="fired">
                <a:value xmlns="" xsi:type="xsd:int">0</a:value>
                <a:local-id>6</a:local-id>
                <a:expr/>
                <a:required>0</a:required>
                <a:editable>1</a:editable>
                <a:assign-to-pv/>
                <a:input-to-activity-class>false</a:input-to-activity-class>
                <a:hidden-from-designer>false</a:hidden-from-designer>
                <a:generated>false</a:generated>
                <a:enumeration/>
                <a:customDisplayReference/>
              </acp>
              <acp name="arrivedNodes">
                <a:value xsi:nil="true" xsi:type="a:Integer?list"/>
                <a:local-id>7</a:local-id>
                <a:expr/>
                <a:required>0</a:required>
                <a:editable>0</a:editable>
                <a:assign-to-pv/>
                <a:input-to-activity-class>false</a:input-to-activity-class>
                <a:hidden-from-designer>false</a:hidden-from-designer>
                <a:generated>false</a:generated>
                <a:enumeration/>
                <a:customDisplayReference/>
              </acp>
            </acps>
            <custom-params/>
            <output-exprs/>
            <requires-user-interaction>true</requires-user-interaction>
            <run-as>
              <performer id="0"/>
            </run-as>
            <form-map/>
            <helper-class/>
          </ac>
          <multiple-instance/>
          <escalations/>
          <connections>
            <connection>
              <guiId>9</guiId>
              <to>3</to>
              <toObjectType>ap.gui.Node</toObjectType>
              <fromAnchor>0</fromAnchor>
              <toAnchor>0</toAnchor>
              <showArrowhead>true</showArrowhead>
              <flowLabel/>
              <label>
                <fontColor>#000000</fontColor>
                <fontFamily>Arial, Helvetica, Sans-Serif</fontFamily>
                <fontSize>12</fontSize>
                <bold>false</bold>
                <italics>false</italics>
                <underline>false</underline>
              </label>
              <associations/>
              <chained>true</chained>
              <overridesAssignment>true</overridesAssignment>
              <synchronizeData>false</synchronizeData>
            </connection>
            <connection>
              <guiId>13</guiId>
              <to>1</to>
              <toObjectType>ap.gui.Node</toObjectType>
              <fromAnchor>1</fromAnchor>
              <toAnchor>3</toAnchor>
              <showArrowhead>true</showArrowhead>
              <flowLabel/>
              <label>
                <fontColor>#000000</fontColor>
                <fontFamily>Arial, Helvetica, Sans-Serif</fontFamily>
                <fontSize>12</fontSize>
                <bold>false</bold>
                <italics>false</italics>
                <underline>false</underline>
              </label>
              <associations/>
              <chained>true</chained>
              <overridesAssignment>true</overridesAssignment>
              <synchronizeData>false</synchronizeData>
            </connection>
          </connections>
          <associations/>
          <target-completion>5.0</target-completion>
          <target-lag>1.0</target-lag>
          <attachments/>
          <notes/>
          <lingering>false</lingering>
          <on-create-ignore-if-active>false</on-create-ignore-if-active>
          <on-create-delete-previous-active>false</on-create-delete-previous-active>
          <on-complete-delete-previous-completed>false</on-complete-delete-previous-completed>
          <pre-triggers/>
          <post-triggers/>
          <event-producers/>
          <exception-flow/>
          <label>
            <fontColor>#000000</fontColor>
            <fontFamily>Arial, Helvetica, Sans-Serif</fontFamily>
            <fontSize>12</fontSize>
            <bold>false</bold>
            <italics>false</italics>
            <underline>false</underline>
          </label>
          <deadline>
            <enabled>false</enabled>
            <type>0</type>
            <units>0</units>
            <rex/>
            <aex/>
          </deadline>
          <allowsBack>false</allowsBack>
          <refreshDefaultValues>false</refreshDefaultValues>
          <on-complete-keep-form-data>false</on-complete-keep-form-data>
        </node>
      </nodes>
      <annotations/>
      <lanes>
        <lane>
          <laneLabel><![CDATA[System]]></laneLabel>
          <dimension>585</dimension>
          <color>#00CC33</color>
          <isVertical>false</isVertical>
          <isLaneAssignment>true</isLaneAssignment>
          <unattended>1</unattended>
          <runAs>1</runAs>
          <label>
            <fontColor>#000000</fontColor>
            <fontFamily>Arial, Helvetica, Sans-Serif</fontFamily>
            <fontSize>12</fontSize>
            <bold>true</bold>
            <italics>false</italics>
            <underline>false</underline>
          </label>
        </lane>
      </lanes>
      <attachments/>
      <notes/>
      <priority id="1"/>
      <form-map>
        <pair>
          <locale country="US" lang="en" variant=""/>
          <form-config>
            <form>
              <type>0</type>
              <enabled>true</enabled>
              <dynamic-form>
                <form-elements>
                  <form-element>
                    <label><![CDATA[Question1]]></label>
                    <instructions/>
                    <editable>true</editable>
                    <hidden>false</hidden>
                    <multiple>true</multiple>
                    <required>false</required>
                    <type>12</type>
                    <options/>
                    <name><![CDATA[Question1]]></name>
                    <mapped-to><![CDATA[documentsToDelete]]></mapped-to>
                    <value/>
                    <extra><![CDATA[{}]]></extra>
                  </form-element>
                  <form-element>
                    <label><![CDATA[Question3]]></label>
                    <instructions/>
                    <editable>true</editable>
                    <hidden>false</hidden>
                    <multiple>false</multiple>
                    <required>false</required>
                    <type>10</type>
                    <options/>
                    <name><![CDATA[Question3]]></name>
                    <mapped-to><![CDATA[folderToDelete]]></mapped-to>
                    <value/>
                    <extra><![CDATA[{}]]></extra>
                  </form-element>
                  <form-element>
                    <label><![CDATA[Question4]]></label>
                    <instructions/>
                    <editable>true</editable>
                    <hidden>false</hidden>
                    <multiple>true</multiple>
                    <required>false</required>
                    <type>0</type>
                    <options/>
                    <name><![CDATA[Question4]]></name>
                    <mapped-to><![CDATA[fileIdsToDelete]]></mapped-to>
                    <value/>
                    <extra><![CDATA[{}]]></extra>
                  </form-element>
                </form-elements>
              </dynamic-form>
              <hiddenSections>0</hiddenSections>
            </form>
          </form-config>
        </pair>
      </form-map>
      <isPublic>false</isPublic>
    </pm>
  </process_model_port>
  <isPublished>true</isPublished>
</processModelHaul>
