<?xml version="1.0" encoding="UTF-8" standalone="yes"?>
<applicationHaul xmlns:a="http://www.appian.com/ae/types/2009">
    <application>
        <name>Help - All Objects</name>
        <uuid>_a-0000dd4b-0482-8000-9ba2-011c48011c48_16376</uuid>
        <description>All objects for the Help framework</description>
        <parentUuid>SYSTEM_APPLICATIONS_ROOT</parentUuid>
        <visibility>
            <advertise>false</advertise>
            <hierarchy>true</hierarchy>
            <indexable>true</indexable>
            <quota>false</quota>
            <searchable>true</searchable>
            <system>false</system>
            <unlogged>false</unlogged>
        </visibility>
        <urlIdentifier>EPBTOg</urlIdentifier>
        <published>false</published>
        <public>false</public>
        <associatedObjects>
            <globalIdMap>
                <item>
                    <type>datatype</type>
                    <uuids/>
                </item>
                <item>
                    <type>dataStore</type>
                    <uuids/>
                </item>
                <item>
                    <type>user</type>
                    <uuids/>
                </item>
                <item>
                    <type>groupType</type>
                    <uuids/>
                </item>
                <item>
                    <type>group</type>
                    <uuids/>
                </item>
                <item>
                    <type>content</type>
                    <uuids>
                        <uuid>_a-0000dd4b-0482-8000-9ba2-011c48011c48_16435</uuid>
                        <uuid>_a-0000dd4b-0482-8000-9ba2-011c48011c48_16436</uuid>
                        <uuid>_a-0000dd4b-0482-8000-9ba2-011c48011c48_16437</uuid>
                        <uuid>_a-0000dd4b-0482-8000-9ba2-011c48011c48_16439</uuid>
                        <uuid>_a-0000dd4b-0482-8000-9ba2-011c48011c48_16440</uuid>
                        <uuid>_a-0000dd4b-0482-8000-9ba2-011c48011c48_16441</uuid>
                        <uuid>_a-0000dd4b-0482-8000-9ba2-011c48011c48_16442</uuid>
                        <uuid>_a-0000dd4b-0482-8000-9ba2-011c48011c48_16454</uuid>
                        <uuid>_a-0000dd4b-0482-8000-9ba2-011c48011c48_16493</uuid>
                        <uuid>_a-0000dd4b-0482-8000-9ba2-011c48011c48_16494</uuid>
                        <uuid>_a-0000dd4b-0482-8000-9ba2-011c48011c48_16675</uuid>
                        <uuid>_a-0000dd4b-0482-8000-9ba2-011c48011c48_16676</uuid>
                        <uuid>0b9424c7-6db6-4113-9120-45ad0154e82f</uuid>
                        <uuid>_a-0000dd4b-0482-8000-9ba2-011c48011c48_16700</uuid>
                        <uuid>_a-0000dd4b-0482-8000-9ba2-011c48011c48_16701</uuid>
                        <uuid>_a-0000dd4b-0482-8000-9ba2-011c48011c48_16703</uuid>
                        <uuid>_a-0000dd4b-0482-8000-9ba2-011c48011c48_16704</uuid>
                        <uuid>_a-0000dd4b-0482-8000-9ba2-011c48011c48_16705</uuid>
                        <uuid>0a0eea2a-81a2-4c39-9e5d-55f89dbd5df1</uuid>
                        <uuid>_a-0000dd4b-0482-8000-9ba2-011c48011c48_18042</uuid>
                        <uuid>_a-0000dd4b-0482-8000-9ba2-011c48011c48_18044</uuid>
                        <uuid>_a-0000dd4b-0482-8000-9ba2-011c48011c48_18045</uuid>
                        <uuid>_a-0000dd4b-0482-8000-9ba2-011c48011c48_18046</uuid>
                        <uuid>_a-0000dd4b-0482-8000-9ba2-011c48011c48_18048</uuid>
                        <uuid>_a-0000dd4b-0482-8000-9ba2-011c48011c48_18054</uuid>
                        <uuid>_a-0000dd4b-0482-8000-9ba2-011c48011c48_18134</uuid>
                        <uuid>_a-0000dd4b-0482-8000-9ba2-011c48011c48_18135</uuid>
                        <uuid>_a-0000dd4b-0482-8000-9ba2-011c48011c48_18233</uuid>
                        <uuid>_a-0000dd4b-0482-8000-9ba2-011c48011c48_18370</uuid>
                        <uuid>_a-0000dd4b-0482-8000-9ba2-011c48011c48_18371</uuid>
                        <uuid>_a-0000dd4b-0482-8000-9ba2-011c48011c48_18457</uuid>
                        <uuid>_a-0000dd4b-0482-8000-9ba2-011c48011c48_18754</uuid>
                        <uuid>_a-0000dd4b-0482-8000-9ba2-011c48011c48_19024</uuid>
                        <uuid>_a-0000dd4b-0482-8000-9ba2-011c48011c48_19025</uuid>
                        <uuid>_a-0000dd4b-0482-8000-9ba2-011c48011c48_19037</uuid>
                        <uuid>_a-0000dd4b-0482-8000-9ba2-011c48011c48_19038</uuid>
                        <uuid>_a-0000dd4b-0482-8000-9ba2-011c48011c48_19058</uuid>
                        <uuid>_a-0000dd4b-0482-8000-9ba2-011c48011c48_19066</uuid>
                        <uuid>_a-0000dd4b-0482-8000-9ba2-011c48011c48_19084</uuid>
                        <uuid>_a-0000dd4b-0482-8000-9ba2-011c48011c48_19109</uuid>
                        <uuid>_a-0000dd4b-0482-8000-9ba2-011c48011c48_19201</uuid>
                        <uuid>_a-0000dd4b-0482-8000-9ba2-011c48011c48_19236</uuid>
                        <uuid>_a-0000dd4b-0482-8000-9ba2-011c48011c48_19246</uuid>
                        <uuid>_a-0000dd4b-0482-8000-9ba2-011c48011c48_19267</uuid>
                        <uuid>_a-0000dd4b-0482-8000-9ba2-011c48011c48_19268</uuid>
                        <uuid>_a-0000dd4b-0482-8000-9ba2-011c48011c48_19427</uuid>
                        <uuid>_a-0000dd4b-0482-8000-9ba2-011c48011c48_19428</uuid>
                        <uuid>_a-0000dd4b-0482-8000-9ba2-011c48011c48_19430</uuid>
                        <uuid>_a-0000dd4b-0482-8000-9ba2-011c48011c48_19431</uuid>
                        <uuid>_a-0000dd4b-0482-8000-9ba2-011c48011c48_19569</uuid>
                        <uuid>_a-0000dd4b-0482-8000-9ba2-011c48011c48_19858</uuid>
                        <uuid>_a-0000dd4b-0482-8000-9ba2-011c48011c48_19967</uuid>
                        <uuid>_a-0000dd4b-0482-8000-9ba2-011c48011c48_20332</uuid>
                        <uuid>_a-0000dd4b-0482-8000-9ba2-011c48011c48_20333</uuid>
                        <uuid>_a-0000dd4b-0482-8000-9ba2-011c48011c48_20350</uuid>
                        <uuid>_a-0000dd4b-0482-8000-9ba2-011c48011c48_20351</uuid>
                        <uuid>_a-0000dd4b-0482-8000-9ba2-011c48011c48_20354</uuid>
                        <uuid>_a-0000dd4b-0482-8000-9ba2-011c48011c48_20384</uuid>
                        <uuid>_a-0000dd4b-0482-8000-9ba2-011c48011c48_20416</uuid>
                        <uuid>_a-0000dd4b-0482-8000-9ba2-011c48011c48_20421</uuid>
                        <uuid>_a-0000dd4b-0482-8000-9ba2-011c48011c48_20434</uuid>
                        <uuid>_a-0000dd4b-0482-8000-9ba2-011c48011c48_20435</uuid>
                        <uuid>_a-0000dd4b-0482-8000-9ba2-011c48011c48_20442</uuid>
                        <uuid>_a-0000dd4b-0482-8000-9ba2-011c48011c48_20443</uuid>
                        <uuid>_a-0000dd4b-0482-8000-9ba2-011c48011c48_20448</uuid>
                        <uuid>_a-0000dd4b-0482-8000-9ba2-011c48011c48_20449</uuid>
                        <uuid>_a-0000dd4b-0482-8000-9ba2-011c48011c48_20450</uuid>
                        <uuid>_a-0000dd4b-0482-8000-9ba2-011c48011c48_20451</uuid>
                        <uuid>_a-0000dd4b-0482-8000-9ba2-011c48011c48_20464</uuid>
                        <uuid>_a-0000dd70-fb56-8000-9ba2-011c48011c48_23291</uuid>
                        <uuid>_a-0000dd70-fb56-8000-9ba2-011c48011c48_23292</uuid>
                        <uuid>_a-0000dd70-fb56-8000-9ba2-011c48011c48_23316</uuid>
                        <uuid>_a-0000dd70-fb56-8000-9ba2-011c48011c48_23317</uuid>
                        <uuid>_a-0000dd72-ed8d-8000-9ba2-011c48011c48_23383</uuid>
                        <uuid>_a-0000dd72-ed8d-8000-9ba2-011c48011c48_23389</uuid>
                        <uuid>_a-0000dd72-ed8d-8000-9ba2-011c48011c48_23390</uuid>
                        <uuid>_a-0000dd72-ed8d-8000-9ba2-011c48011c48_23391</uuid>
                        <uuid>_a-0000dd72-ed8d-8000-9ba2-011c48011c48_23433</uuid>
                        <uuid>_a-0000dd72-ed8d-8000-9ba2-011c48011c48_23441</uuid>
                        <uuid>_a-0000dd72-ed8d-8000-9ba2-011c48011c48_23443</uuid>
                        <uuid>_a-0000dd72-ed8d-8000-9ba2-011c48011c48_23445</uuid>
                        <uuid>_a-0000dd72-ed8d-8000-9ba2-011c48011c48_23514</uuid>
                        <uuid>_a-0000dd72-ed8d-8000-9ba2-011c48011c48_23517</uuid>
                        <uuid>_a-0000dd72-ed8d-8000-9ba2-011c48011c48_23518</uuid>
                        <uuid>_a-0000dd72-ed8d-8000-9ba2-011c48011c48_23526</uuid>
                        <uuid>_a-0000dd72-ed8d-8000-9ba2-011c48011c48_23539</uuid>
                        <uuid>_a-0000dd72-ed8d-8000-9ba2-011c48011c48_23540</uuid>
                        <uuid>_a-0000dd72-ed8d-8000-9ba2-011c48011c48_23541</uuid>
                        <uuid>_a-0000dd72-ed8d-8000-9ba2-011c48011c48_23542</uuid>
                        <uuid>_a-0000dd72-ed8d-8000-9ba2-011c48011c48_23543</uuid>
                        <uuid>_a-0000dd72-ed8d-8000-9ba2-011c48011c48_23547</uuid>
                        <uuid>_a-0000dd72-ed8d-8000-9ba2-011c48011c48_23548</uuid>
                        <uuid>_a-0000dd72-ed8d-8000-9ba2-011c48011c48_23549</uuid>
                        <uuid>_a-0000dd72-ed8d-8000-9ba2-011c48011c48_23559</uuid>
                        <uuid>_a-0000dd72-ed8d-8000-9ba2-011c48011c48_23560</uuid>
                        <uuid>_a-0000dd72-ed8d-8000-9ba2-011c48011c48_23567</uuid>
                        <uuid>_a-0000dd72-ed8d-8000-9ba2-011c48011c48_23569</uuid>
                        <uuid>_a-0000dd72-ed8d-8000-9ba2-011c48011c48_23596</uuid>
                        <uuid>_a-0000dd72-ed8d-8000-9ba2-011c48011c48_23599</uuid>
                        <uuid>_a-0000dd72-ed8d-8000-9ba2-011c48011c48_23603</uuid>
                        <uuid>_a-0000dd72-ed8d-8000-9ba2-011c48011c48_23606</uuid>
                        <uuid>_a-0000dd4b-0482-8000-9ba2-011c48011c48_19056</uuid>
                        <uuid>_a-0000dd4b-0482-8000-9ba2-011c48011c48_19057</uuid>
                        <uuid>_a-0000dd4b-0482-8000-9ba2-011c48011c48_19285</uuid>
                        <uuid>_a-0000dd72-ed8d-8000-9ba2-011c48011c48_23794</uuid>
                        <uuid>_a-0000dd72-ed8d-8000-9ba2-011c48011c48_23796</uuid>
                        <uuid>_a-0000dd4b-0482-8000-9ba2-011c48011c48_19358</uuid>
                        <uuid>_a-0000dd72-ed8d-8000-9ba2-011c48011c48_23791</uuid>
                        <uuid>_a-0000dd72-ed8d-8000-9ba2-011c48011c48_23793</uuid>
                        <uuid>_a-0000dd72-ed8d-8000-9ba2-011c48011c48_23795</uuid>
                        <uuid>_a-0000dd72-ed8d-8000-9ba2-011c48011c48_24030</uuid>
                        <uuid>_a-0000dd72-ed8d-8000-9ba2-011c48011c48_24049</uuid>
                        <uuid>_a-0000dd72-ed8d-8000-9ba2-011c48011c48_24230</uuid>
                        <uuid>fcf8724a-c2cf-4385-b18c-2fb060b00684</uuid>
                        <uuid>_a-0000dd72-ed8d-8000-9ba2-011c48011c48_24694</uuid>
                    </uuids>
                </item>
                <item>
                    <type>forum</type>
                    <uuids/>
                </item>
                <item>
                    <type>processModelFolder</type>
                    <uuids>
                        <uuid>_g-0000dd3a-8e6c-8000-f92f-7f0000014e7a_54</uuid>
                        <uuid>_g-0000dd3a-8e6c-8000-f92f-7f0000014e7a_64</uuid>
                        <uuid>_g-0000dd3a-8e6c-8000-f92f-7f0000014e7a_65</uuid>
                        <uuid>_g-0000dd3a-8e6c-8000-f92f-7f0000014e7a_66</uuid>
                        <uuid>_g-0000dd3a-8e6c-8000-f92f-7f0000014e7a_67</uuid>
                    </uuids>
                </item>
                <item>
                    <type>processModel</type>
                    <uuids>
                        <uuid>0002dd69-8813-8000-f92f-7f0000014e7a</uuid>
                        <uuid>0002dd69-e691-8000-f92f-7f0000014e7a</uuid>
                        <uuid>0002dd69-e73b-8000-f92f-7f0000014e7a</uuid>
                        <uuid>0002dd6a-132d-8000-f92f-7f0000014e7a</uuid>
                        <uuid>0002dd6e-c9b9-8000-f92f-7f0000014e7a</uuid>
                        <uuid>0002dd6e-ed51-8000-f92f-7f0000014e7a</uuid>
                        <uuid>0002dd6e-f081-8000-f92f-7f0000014e7a</uuid>
                        <uuid>0004dd72-c871-8000-f92f-7f0000014e7a</uuid>
                        <uuid>0002dd72-eb21-8000-f92f-7f0000014e7a</uuid>
                        <uuid>0002dd72-f9be-8000-f92f-7f0000014e7a</uuid>
                        <uuid>0002dd72-fbdf-8000-f92f-7f0000014e7a</uuid>
                        <uuid>0003dd73-f237-8000-f92f-7f0000014e7a</uuid>
                        <uuid>0002dd73-f85c-8000-f92f-7f0000014e7a</uuid>
                        <uuid>0002dd74-01c8-8000-f92f-7f0000014e7a</uuid>
                        <uuid>0006dd74-514a-8000-f92f-7f0000014e7a</uuid>
                        <uuid>0004dd74-513e-8000-f92f-7f0000014e7a</uuid>
                        <uuid>0002dd77-02f2-8000-f92f-7f0000014e7a</uuid>
                        <uuid>0002dd77-03de-8000-f92f-7f0000014e7a</uuid>
                        <uuid>0002dd77-05b4-8000-f92f-7f0000014e7a</uuid>
                        <uuid>0002dd77-05cb-8000-f92f-7f0000014e7a</uuid>
                        <uuid>0002dd77-0a98-8000-f92f-7f0000014e7a</uuid>
                        <uuid>0002dd77-0b76-8000-f92f-7f0000014e7a</uuid>
                    </uuids>
                </item>
                <item>
                    <type>portlet</type>
                    <uuids/>
                </item>
                <item>
                    <type>page</type>
                    <uuids/>
                </item>
                <item>
                    <type>application</type>
                    <uuids/>
                </item>
                <item>
                    <type>tempoFeed</type>
                    <uuids/>
                </item>
                <item>
                    <type>recordType</type>
                    <uuids>
                        <uuid>2e428575-98ed-42f9-8c15-3b9f05e31500</uuid>
                    </uuids>
                </item>
                <item>
                    <type>tempoReport</type>
                    <uuids>
                        <uuid>6002e2a7-4b06-480a-8426-61ce399a450e</uuid>
                    </uuids>
                </item>
                <item>
                    <type>taskReport</type>
                    <uuids/>
                </item>
                <item>
                    <type>webApi</type>
                    <uuids/>
                </item>
                <item>
                    <type>site</type>
                    <uuids/>
                </item>
                <item>
                    <type>adminSetting</type>
                    <uuids/>
                </item>
                <item>
                    <type>thirdPartyCredentials</type>
                    <uuids/>
                </item>
                <item>
                    <type>dataSource</type>
                    <uuids/>
                </item>
            </globalIdMap>
        </associatedObjects>
        <applicationNavigation/>
        <applicationActions/>
        <associatedApplications>
            <globalIdMap>
                <item>
                    <type>datatype</type>
                    <uuids/>
                </item>
                <item>
                    <type>dataStore</type>
                    <uuids/>
                </item>
                <item>
                    <type>user</type>
                    <uuids/>
                </item>
                <item>
                    <type>groupType</type>
                    <uuids/>
                </item>
                <item>
                    <type>group</type>
                    <uuids/>
                </item>
                <item>
                    <type>content</type>
                    <uuids/>
                </item>
                <item>
                    <type>forum</type>
                    <uuids/>
                </item>
                <item>
                    <type>processModelFolder</type>
                    <uuids/>
                </item>
                <item>
                    <type>processModel</type>
                    <uuids/>
                </item>
                <item>
                    <type>portlet</type>
                    <uuids/>
                </item>
                <item>
                    <type>page</type>
                    <uuids/>
                </item>
                <item>
                    <type>application</type>
                    <uuids/>
                </item>
                <item>
                    <type>tempoFeed</type>
                    <uuids/>
                </item>
                <item>
                    <type>recordType</type>
                    <uuids/>
                </item>
                <item>
                    <type>tempoReport</type>
                    <uuids/>
                </item>
                <item>
                    <type>taskReport</type>
                    <uuids/>
                </item>
                <item>
                    <type>webApi</type>
                    <uuids/>
                </item>
                <item>
                    <type>site</type>
                    <uuids/>
                </item>
                <item>
                    <type>adminSetting</type>
                    <uuids/>
                </item>
                <item>
                    <type>thirdPartyCredentials</type>
                    <uuids/>
                </item>
                <item>
                    <type>dataSource</type>
                    <uuids/>
                </item>
            </globalIdMap>
        </associatedApplications>
    </application>
    <roleMap>
        <contentRoleMap public="true">
            <role allowForAll="false" inherit="false" name="readers">
                <users/>
                <groups>
                    <groupUuid>_e-0000dd3b-5dde-8000-9aee-01075c01075c_107</groupUuid>
                </groups>
            </role>
            <role allowForAll="false" inherit="false" name="authors">
                <users/>
                <groups/>
            </role>
            <role allowForAll="false" inherit="false" name="administrators">
                <users/>
                <groups>
                    <groupUuid>_e-0000dd71-43cb-8000-9aee-01075c01075c_111</groupUuid>
                </groups>
            </role>
            <role allowForAll="false" inherit="false" name="denyReaders">
                <users/>
                <groups/>
            </role>
            <role allowForAll="false" inherit="false" name="denyAuthors">
                <users/>
                <groups/>
            </role>
            <role allowForAll="false" inherit="false" name="denyAdministrators">
                <users/>
                <groups/>
            </role>
        </contentRoleMap>
    </roleMap>
</applicationHaul>
