<?xml version="1.0" encoding="UTF-8" standalone="yes"?>
<applicationHaul xmlns:a="http://www.appian.com/ae/types/2009">
    <application>
        <name>Human Resources 1.0 - All Objects</name>
        <uuid>_a-0000dcfb-fbe4-8000-aae2-01ef9001ef90_3612</uuid>
        <description>All objects for the Human Resources framework</description>
        <parentUuid>SYSTEM_APPLICATIONS_ROOT</parentUuid>
        <visibility>
            <advertise>false</advertise>
            <hierarchy>true</hierarchy>
            <indexable>true</indexable>
            <quota>false</quota>
            <searchable>true</searchable>
            <system>false</system>
            <unlogged>false</unlogged>
        </visibility>
        <urlIdentifier>2nlpYg</urlIdentifier>
        <published>false</published>
        <public>true</public>
        <associatedObjects>
            <globalIdMap>
                <item>
                    <type>datatype</type>
                    <uuids>
                        <uuid>{urn:com:appian:types:HR}HR_User</uuid>
                        <uuid>{urn:com:appian:types:HR}HR_V_User_Record</uuid>
                        <uuid>{urn:com:appian:types:HR}HR_Training</uuid>
                        <uuid>{urn:com:appian:types:HR}HR_Position</uuid>
                        <uuid>{urn:com:appian:types:HR}HR_V_Position_Record</uuid>
                        <uuid>{urn:com:appian:types:HR}HR_R_Department</uuid>
                        <uuid>{urn:com:appian:types:HR}HR_FinancialDisclosure</uuid>
                        <uuid>{urn:com:appian:types:HR}HR_Workflow</uuid>
                        <uuid>{urn:com:appian:types:HR}HR_R_Data</uuid>
                        <uuid>{urn:com:appian:types:HR}HR_V_Position_History</uuid>
                        <uuid>{urn:com:appian:types:HR}HR_Position_Audit</uuid>
                        <uuid>{urn:com:appian:types:HR}HR_Workflow_Comment</uuid>
                        <uuid>{urn:com:appian:types:HR}HR_Workflow_Document</uuid>
                        <uuid>{urn:com:appian:types:HR}HR_Workflow_Task</uuid>
                        <uuid>{urn:com:appian:types:HR}HR_Workflow_All</uuid>
                        <uuid>{urn:com:appian:types:HR}HR_R_WorkflowTaskType</uuid>
                        <uuid>{urn:com:appian:types:HR}HR_L_UserTraining</uuid>
                        <uuid>{urn:com:appian:types:HR}HR_ItEquipment</uuid>
                        <uuid>{urn:com:appian:types:HR}HR_Building</uuid>
                        <uuid>{urn:com:appian:types:HR}HR_Space</uuid>
                        <uuid>{urn:com:appian:types:HR}HR_Reservation</uuid>
                        <uuid>{urn:com:appian:types:HR}HR_Campus</uuid>
                        <uuid>{urn:com:appian:types:HR}HR_Floor</uuid>
                        <uuid>{urn:com:appian:types:HR}HR_V_User_Training_Display</uuid>
                        <uuid>{urn:com:appian:types:HR}HR_V_Training_Statistics</uuid>
                        <uuid>{urn:com:appian:types:HR}HR_V_Reservation</uuid>
                        <uuid>{urn:com:appian:types:HR}HR_Building_Audit</uuid>
                        <uuid>{urn:com:appian:types:HR}HR_Campus_Audit</uuid>
                        <uuid>{urn:com:appian:types:HR}HR_Floor_Audit</uuid>
                        <uuid>{urn:com:appian:types:HR}HR_Reservation_Audit</uuid>
                        <uuid>{urn:com:appian:types:HR}HR_Space_Audit</uuid>
                        <uuid>{urn:com:appian:types:HR}HR_Training_Audit</uuid>
                        <uuid>{urn:com:appian:types:HR}HR_User_Audit</uuid>
                        <uuid>{urn:com:appian:types:HR}HR_ItEquipment_Audit</uuid>
                        <uuid>{urn:com:appian:types:HR}HR_V_Space_Record</uuid>
                        <uuid>{urn:com:appian:types:HR}HR_V_Building_Record</uuid>
                        <uuid>{urn:com:appian:types:HR}HR_V_Campus_Record</uuid>
                        <uuid>{urn:com:appian:types:HR}HR_V_Floor_Record</uuid>
                        <uuid>{urn:com:appian:types:HR}HR_V_Util_Campus</uuid>
                        <uuid>{urn:com:appian:types:HR}HR_V_Util_Building</uuid>
                        <uuid>{urn:com:appian:types:HR}HR_V_Util_Floor</uuid>
                        <uuid>{urn:com:appian:types:HR}HR_V_Util_Space</uuid>
                        <uuid>{urn:com:appian:types:HR}HR_Reservation_CheckIn</uuid>
                        <uuid>{urn:com:appian:types:HR}HR_Reservation_CheckOut</uuid>
                        <uuid>{urn:com:appian:types:HR}HR_Generic_Audit</uuid>
                        <uuid>{urn:com:appian:types:HR}HR_V_ItEquipment_Record</uuid>
                        <uuid>{urn:com:appian:types:HR}HR_PositionDescription</uuid>
                        <uuid>{urn:com:appian:types:HR}HR_V_PositionDescription_Record</uuid>
                        <uuid>{urn:com:appian:types:HR}HR_PositionDescription_Audit</uuid>
                        <uuid>{urn:com:appian:types:HR}HR_R_Position_Audit_Action</uuid>
                        <uuid>{urn:com:appian:types:HR}HR_V_Position_Audit</uuid>
                        <uuid>{urn:com:appian:types:HR}HR_V_PositionDescription_Audit</uuid>
                        <uuid>{urn:com:appian:types:HR}HR_V_Campus_Audit</uuid>
                        <uuid>{urn:com:appian:types:HR}HR_V_Building_Audit</uuid>
                        <uuid>{urn:com:appian:types:HR}HR_V_Floor_Audit</uuid>
                        <uuid>{urn:com:appian:types:HR}HR_V_Space_Audit</uuid>
                        <uuid>{urn:com:appian:types:HR}HR_V_ItEquipment_Audit</uuid>
                        <uuid>{urn:com:appian:types:HR}HR_Hoteling_EquipmentFilters</uuid>
                        <uuid>{urn:com:appian:types:HR}HR_Hoteling_SearchRequest</uuid>
                        <uuid>{urn:com:appian:types:HR}HR_ItEquipment_SearchRequest</uuid>
                        <uuid>{urn:com:appian:types:HR}HR_Users_SearchRequest</uuid>
                        <uuid>{urn:com:appian:types:HR}HR_Training_SearchRequest</uuid>
                        <uuid>{urn:com:appian:types:HR}HR_Position_SearchRequest</uuid>
                        <uuid>{urn:com:appian:types:HR}HR_Hoteling_Space_SearchRequest</uuid>
                        <uuid>{urn:com:appian:types:HR}HR_ItEquipmentPerson</uuid>
                        <uuid>{urn:com:appian:types:HR}HR_BackgroundInvestigation</uuid>
                        <uuid>{urn:com:appian:types:HR}HR_SpacePerson</uuid>
                        <uuid>{urn:com:appian:types:HR}HR_OnboardingWorkflow_SearchRequest</uuid>
                        <uuid>{urn:com:appian:types:HR}HR_V_Workflow_Task</uuid>
                        <uuid>{urn:com:appian:types:HR}HR_V_Workflow</uuid>
                        <uuid>{urn:com:appian:types:HR}HR_V_Workflow_Workload</uuid>
                        <uuid>{urn:com:appian:types:HR}HR_V_BackgroundInvestigation</uuid>
                        <uuid>{urn:com:appian:types:HR}HR_PositionPerson</uuid>
                        <uuid>{urn:com:appian:types:HR}HR_UserOnboardingStart</uuid>
                    </uuids>
                </item>
                <item>
                    <type>dataStore</type>
                    <uuids>
                        <uuid>_a-0000dcfb-fbff-8000-aae2-01ef9001ef90_3613</uuid>
                        <uuid>_a-0000dd0d-462c-8000-9ba2-011c48011c48_3964</uuid>
                        <uuid>_a-0000dd0d-462c-8000-9ba2-011c48011c48_4084</uuid>
                    </uuids>
                </item>
                <item>
                    <type>user</type>
                    <uuids/>
                </item>
                <item>
                    <type>groupType</type>
                    <uuids/>
                </item>
                <item>
                    <type>group</type>
                    <uuids>
                        <uuid>_e-0000dd16-72b4-8000-9aee-01075c01075c_14</uuid>
                        <uuid>_e-0000dd16-72b4-8000-9aee-01075c01075c_15</uuid>
                        <uuid>_e-0000dd16-72b4-8000-9aee-01075c01075c_16</uuid>
                        <uuid>_e-0000dd16-72b4-8000-9aee-01075c01075c_18</uuid>
                        <uuid>_e-0000dd0a-93c8-8000-9aee-01075c01075c_10</uuid>
                        <uuid>_e-0000dd0a-93c8-8000-9aee-01075c01075c_11</uuid>
                        <uuid>_e-0000dd0a-93c8-8000-9aee-01075c01075c_12</uuid>
                        <uuid>_e-0000dd72-ed8c-8000-9aee-01075c01075c_119</uuid>
                        <uuid>_e-0000dd72-ed8c-8000-9aee-01075c01075c_120</uuid>
                        <uuid>_e-0000dd72-ed8c-8000-9aee-01075c01075c_121</uuid>
                        <uuid>_e-0000dd72-ed8c-8000-9aee-01075c01075c_124</uuid>
                        <uuid>_e-0000dd72-ed8c-8000-9aee-01075c01075c_125</uuid>
                    </uuids>
                </item>
                <item>
                    <type>content</type>
                    <uuids>
                        <uuid>8d0a23dd-8705-443a-8542-e5d3a24636a0</uuid>
                        <uuid>_a-0000dcfd-59a3-8000-aae2-01ef9001ef90_3622</uuid>
                        <uuid>_a-0000dcfd-5663-8000-aae2-01ef9001ef90_3617</uuid>
                        <uuid>_a-0000dcfd-5663-8000-aae2-01ef9001ef90_3619</uuid>
                        <uuid>_a-0000dd01-6759-8000-aae2-01ef9001ef90_3653</uuid>
                        <uuid>_a-0000dd01-cd0c-8000-aae2-01ef9001ef90_3665</uuid>
                        <uuid>_a-0000dd03-d615-8000-aae2-01ef9001ef90_3669</uuid>
                        <uuid>_a-0000dd04-1e13-8000-aae2-01ef9001ef90_3680</uuid>
                        <uuid>_a-0000dd04-1e13-8000-aae2-01ef9001ef90_3688</uuid>
                        <uuid>_a-0000dd0a-5e76-8000-aae2-01ef9001ef90_3752</uuid>
                        <uuid>_a-0000dd0a-80c8-8000-aae2-01ef9001ef90_3766</uuid>
                        <uuid>_a-0000dd0a-80c8-8000-aae2-01ef9001ef90_3767</uuid>
                        <uuid>_a-0000dd0a-80c8-8000-aae2-01ef9001ef90_3769</uuid>
                        <uuid>_a-0000dd0a-80c8-8000-aae2-01ef9001ef90_3765</uuid>
                        <uuid>_a-0000dd0b-e46e-8000-9ba2-011c48011c48_3493</uuid>
                        <uuid>_a-0000dd0d-462c-8000-9ba2-011c48011c48_3551</uuid>
                        <uuid>_a-0000dd0d-462c-8000-9ba2-011c48011c48_3563</uuid>
                        <uuid>_a-0000dd0d-462c-8000-9ba2-011c48011c48_3558</uuid>
                        <uuid>ed51b551-4c0d-41ac-99f6-e5146c1712a5</uuid>
                        <uuid>0848acd8-4915-43c6-b049-0ace4d4329f8</uuid>
                        <uuid>_a-0000dd0d-462c-8000-9ba2-011c48011c48_3559</uuid>
                        <uuid>_a-0000dd0d-462c-8000-9ba2-011c48011c48_3555</uuid>
                        <uuid>_a-0000dd0d-462c-8000-9ba2-011c48011c48_3556</uuid>
                        <uuid>_a-0000dd0d-462c-8000-9ba2-011c48011c48_3557</uuid>
                        <uuid>_a-0000dd0d-462c-8000-9ba2-011c48011c48_3554</uuid>
                        <uuid>_a-0000dd0d-462c-8000-9ba2-011c48011c48_3612</uuid>
                        <uuid>_a-0000dd0d-462c-8000-9ba2-011c48011c48_3746</uuid>
                        <uuid>_a-0000dd0d-462c-8000-9ba2-011c48011c48_3766</uuid>
                        <uuid>_a-0000dd0d-462c-8000-9ba2-011c48011c48_3770</uuid>
                        <uuid>_a-0000dd0d-462c-8000-9ba2-011c48011c48_3787</uuid>
                        <uuid>_a-0000dd0d-462c-8000-9ba2-011c48011c48_3956</uuid>
                        <uuid>_a-0000dd0d-462c-8000-9ba2-011c48011c48_3966</uuid>
                        <uuid>_a-0000dd0d-462c-8000-9ba2-011c48011c48_3992</uuid>
                        <uuid>_a-0000dd0d-462c-8000-9ba2-011c48011c48_4012</uuid>
                        <uuid>_a-0000dd0d-462c-8000-9ba2-011c48011c48_4065</uuid>
                        <uuid>_a-0000dd0d-462c-8000-9ba2-011c48011c48_4101</uuid>
                        <uuid>_a-0000dd0d-462c-8000-9ba2-011c48011c48_4145</uuid>
                        <uuid>90fc031c-ccd6-4453-a4c4-9574f183df33</uuid>
                        <uuid>_a-0000dd0d-462c-8000-9ba2-011c48011c48_4158</uuid>
                        <uuid>_a-0000dd0d-462c-8000-9ba2-011c48011c48_4180</uuid>
                        <uuid>_a-0000dd0d-462c-8000-9ba2-011c48011c48_4190</uuid>
                        <uuid>_a-0000dd0d-462c-8000-9ba2-011c48011c48_3621</uuid>
                        <uuid>_a-0000dd0d-462c-8000-9ba2-011c48011c48_3788</uuid>
                        <uuid>_a-0000dd0d-462c-8000-9ba2-011c48011c48_3789</uuid>
                        <uuid>_a-0000dd0d-462c-8000-9ba2-011c48011c48_3790</uuid>
                        <uuid>_a-0000dd0d-462c-8000-9ba2-011c48011c48_3791</uuid>
                        <uuid>_a-0000dd0d-462c-8000-9ba2-011c48011c48_3793</uuid>
                        <uuid>_a-0000dd0d-462c-8000-9ba2-011c48011c48_3794</uuid>
                        <uuid>_a-0000dd0d-462c-8000-9ba2-011c48011c48_3795</uuid>
                        <uuid>_a-0000dd0d-462c-8000-9ba2-011c48011c48_3796</uuid>
                        <uuid>_a-0000dd0d-462c-8000-9ba2-011c48011c48_3797</uuid>
                        <uuid>_a-0000dd0d-462c-8000-9ba2-011c48011c48_3798</uuid>
                        <uuid>_a-0000dd0d-462c-8000-9ba2-011c48011c48_3583</uuid>
                        <uuid>_a-0000dd0d-462c-8000-9ba2-011c48011c48_3584</uuid>
                        <uuid>_a-0000dd0d-462c-8000-9ba2-011c48011c48_3585</uuid>
                        <uuid>_a-0000dd0d-462c-8000-9ba2-011c48011c48_3586</uuid>
                        <uuid>_a-0000dd0d-462c-8000-9ba2-011c48011c48_3809</uuid>
                        <uuid>d13892c0-2f24-4c93-a9aa-5018ad147d58</uuid>
                        <uuid>_a-0000dd0d-462c-8000-9ba2-011c48011c48_3805</uuid>
                        <uuid>d949f782-6e3f-43a8-91d7-d1f5462c5e32</uuid>
                        <uuid>819e45fe-b5bd-41f9-8911-dc1e0f8837d7</uuid>
                        <uuid>_a-0000dd0d-462c-8000-9ba2-011c48011c48_3799</uuid>
                        <uuid>_a-0000dd0d-462c-8000-9ba2-011c48011c48_3800</uuid>
                        <uuid>_a-0000dd0d-462c-8000-9ba2-011c48011c48_3801</uuid>
                        <uuid>_a-0000dd0d-462c-8000-9ba2-011c48011c48_3803</uuid>
                        <uuid>_a-0000dd0d-462c-8000-9ba2-011c48011c48_3804</uuid>
                        <uuid>_a-0000dd0d-462c-8000-9ba2-011c48011c48_4107</uuid>
                        <uuid>_a-0000dd0d-462c-8000-9ba2-011c48011c48_4105</uuid>
                        <uuid>_a-0000dd0d-462c-8000-9ba2-011c48011c48_3806</uuid>
                        <uuid>_a-0000dd0d-462c-8000-9ba2-011c48011c48_3807</uuid>
                        <uuid>_a-0000dd0d-462c-8000-9ba2-011c48011c48_3808</uuid>
                        <uuid>2895487b-4c1e-4f8b-9358-fc686af6aa4e</uuid>
                        <uuid>_a-0000dd0d-462c-8000-9ba2-011c48011c48_4087</uuid>
                        <uuid>_a-0000dd0d-462c-8000-9ba2-011c48011c48_4100</uuid>
                        <uuid>_a-0000dd0d-462c-8000-9ba2-011c48011c48_3587</uuid>
                        <uuid>_a-0000dd0d-462c-8000-9ba2-011c48011c48_4108</uuid>
                        <uuid>3af0f2e5-5c7f-4f1b-b92a-7b2b087a2287</uuid>
                        <uuid>e5e734d1-e79a-4461-bfab-9c0b4df0e93d</uuid>
                        <uuid>_a-0000dd0d-462c-8000-9ba2-011c48011c48_4163</uuid>
                        <uuid>_a-0000dd0d-462c-8000-9ba2-011c48011c48_4166</uuid>
                        <uuid>_a-0000dd0d-462c-8000-9ba2-011c48011c48_4165</uuid>
                        <uuid>_a-0000dd0d-462c-8000-9ba2-011c48011c48_4253</uuid>
                        <uuid>_a-0000dd0d-462c-8000-9ba2-011c48011c48_4263</uuid>
                        <uuid>_a-0000dd0d-462c-8000-9ba2-011c48011c48_4330</uuid>
                        <uuid>_a-0000dd0d-462c-8000-9ba2-011c48011c48_4342</uuid>
                        <uuid>_a-0000dd0d-462c-8000-9ba2-011c48011c48_4349</uuid>
                        <uuid>_a-0000dd0d-462c-8000-9ba2-011c48011c48_4354</uuid>
                        <uuid>_a-0000dd0d-462c-8000-9ba2-011c48011c48_4355</uuid>
                        <uuid>_a-0000dd0d-462c-8000-9ba2-011c48011c48_4356</uuid>
                        <uuid>_a-0000dd0d-462c-8000-9ba2-011c48011c48_4357</uuid>
                        <uuid>_a-0000dd0d-462c-8000-9ba2-011c48011c48_4557</uuid>
                        <uuid>_a-0000dd0d-462c-8000-9ba2-011c48011c48_4559</uuid>
                        <uuid>_a-0000dd0d-462c-8000-9ba2-011c48011c48_4581</uuid>
                        <uuid>_a-0000dd0d-462c-8000-9ba2-011c48011c48_4603</uuid>
                        <uuid>_a-0000dd0d-462c-8000-9ba2-011c48011c48_4617</uuid>
                        <uuid>_a-0000dd0d-462c-8000-9ba2-011c48011c48_4633</uuid>
                        <uuid>_a-0000dd0d-462c-8000-9ba2-011c48011c48_4682</uuid>
                        <uuid>_a-0000dd0d-462c-8000-9ba2-011c48011c48_4684</uuid>
                        <uuid>_a-0000dd0d-462c-8000-9ba2-011c48011c48_4687</uuid>
                        <uuid>_a-0000dd0d-462c-8000-9ba2-011c48011c48_4714</uuid>
                        <uuid>_a-0000dd0d-462c-8000-9ba2-011c48011c48_4720</uuid>
                        <uuid>_a-0000dd0d-462c-8000-9ba2-011c48011c48_4731</uuid>
                        <uuid>_a-0000dd0d-462c-8000-9ba2-011c48011c48_4745</uuid>
                        <uuid>_a-0000dd0d-462c-8000-9ba2-011c48011c48_4824</uuid>
                        <uuid>cc8d88ec-7aa2-40ff-ae46-027760b733d5</uuid>
                        <uuid>_a-0000dd0d-462c-8000-9ba2-011c48011c48_4758</uuid>
                        <uuid>_a-0000dd0d-462c-8000-9ba2-011c48011c48_4449</uuid>
                        <uuid>_a-0000dd0d-462c-8000-9ba2-011c48011c48_4450</uuid>
                        <uuid>_a-0000dd0d-462c-8000-9ba2-011c48011c48_4451</uuid>
                        <uuid>_a-0000dd0d-462c-8000-9ba2-011c48011c48_4227</uuid>
                        <uuid>6dcd73ca-b91f-42fd-8716-dd7d7aafdd1b</uuid>
                        <uuid>_a-0000dd0d-462c-8000-9ba2-011c48011c48_4739</uuid>
                        <uuid>_a-0000dd0d-462c-8000-9ba2-011c48011c48_4814</uuid>
                        <uuid>_a-0000dd0d-462c-8000-9ba2-011c48011c48_4431</uuid>
                        <uuid>_a-0000dd0d-462c-8000-9ba2-011c48011c48_4453</uuid>
                        <uuid>_a-0000dd0d-462c-8000-9ba2-011c48011c48_4454</uuid>
                        <uuid>_a-0000dd0d-462c-8000-9ba2-011c48011c48_4455</uuid>
                        <uuid>_a-0000dd0d-462c-8000-9ba2-011c48011c48_4787</uuid>
                        <uuid>_a-0000dd0d-462c-8000-9ba2-011c48011c48_4794</uuid>
                        <uuid>0d90b91c-c053-448c-866e-6361abf08038</uuid>
                        <uuid>_a-0000dd0d-462c-8000-9ba2-011c48011c48_5034</uuid>
                        <uuid>_a-0000dd0d-462c-8000-9ba2-011c48011c48_5064</uuid>
                        <uuid>_a-0000dd0d-462c-8000-9ba2-011c48011c48_4925</uuid>
                        <uuid>_a-0000dd0d-462c-8000-9ba2-011c48011c48_4926</uuid>
                        <uuid>_a-0000dd0d-462c-8000-9ba2-011c48011c48_4983</uuid>
                        <uuid>_a-0000dd0d-462c-8000-9ba2-011c48011c48_4972</uuid>
                        <uuid>_a-0000dd0d-462c-8000-9ba2-011c48011c48_4999</uuid>
                        <uuid>_a-0000dd0d-462c-8000-9ba2-011c48011c48_4971</uuid>
                        <uuid>_a-0000dd0d-462c-8000-9ba2-011c48011c48_4973</uuid>
                        <uuid>_a-0000dd0d-462c-8000-9ba2-011c48011c48_5001</uuid>
                        <uuid>_a-0000dd0d-462c-8000-9ba2-011c48011c48_5118</uuid>
                        <uuid>_a-0000dd0d-462c-8000-9ba2-011c48011c48_5122</uuid>
                        <uuid>_a-0000dd0d-462c-8000-9ba2-011c48011c48_5123</uuid>
                        <uuid>_a-0000dd0d-462c-8000-9ba2-011c48011c48_5128</uuid>
                        <uuid>_a-0000dd0d-462c-8000-9ba2-011c48011c48_5143</uuid>
                        <uuid>_a-0000dd0d-462c-8000-9ba2-011c48011c48_5144</uuid>
                        <uuid>_a-0000dd0d-462c-8000-9ba2-011c48011c48_5289</uuid>
                        <uuid>_a-0000dd0d-462c-8000-9ba2-011c48011c48_5290</uuid>
                        <uuid>_a-0000dd0d-462c-8000-9ba2-011c48011c48_5292</uuid>
                        <uuid>_a-0000dd0d-462c-8000-9ba2-011c48011c48_5294</uuid>
                        <uuid>_a-0000dd0d-462c-8000-9ba2-011c48011c48_5296</uuid>
                        <uuid>_a-0000dd0d-462c-8000-9ba2-011c48011c48_5302</uuid>
                        <uuid>_a-0000dd0d-462c-8000-9ba2-011c48011c48_5317</uuid>
                        <uuid>_a-0000dd0d-462c-8000-9ba2-011c48011c48_5354</uuid>
                        <uuid>_a-0000dd0d-462c-8000-9ba2-011c48011c48_5412</uuid>
                        <uuid>_a-0000dd0d-462c-8000-9ba2-011c48011c48_5443</uuid>
                        <uuid>_a-0000dd0d-462c-8000-9ba2-011c48011c48_5353</uuid>
                        <uuid>99fc9f72-2b5f-43d3-8e3d-bf567a682b82</uuid>
                        <uuid>_a-0000dd0d-462c-8000-9ba2-011c48011c48_5125</uuid>
                        <uuid>_a-0000dd0d-462c-8000-9ba2-011c48011c48_5394</uuid>
                        <uuid>_a-0000dd0d-462c-8000-9ba2-011c48011c48_5291</uuid>
                        <uuid>_a-0000dd0d-462c-8000-9ba2-011c48011c48_5485</uuid>
                        <uuid>_a-0000dd0d-462c-8000-9ba2-011c48011c48_5501</uuid>
                        <uuid>_a-0000dd0d-462c-8000-9ba2-011c48011c48_5503</uuid>
                        <uuid>_a-0000dd0d-462c-8000-9ba2-011c48011c48_5505</uuid>
                        <uuid>_a-0000dd0d-462c-8000-9ba2-011c48011c48_5541</uuid>
                        <uuid>_a-0000dd0d-462c-8000-9ba2-011c48011c48_5542</uuid>
                        <uuid>_a-0000dd0d-462c-8000-9ba2-011c48011c48_5545</uuid>
                        <uuid>_a-0000dd0d-462c-8000-9ba2-011c48011c48_5546</uuid>
                        <uuid>_a-0000dd0d-462c-8000-9ba2-011c48011c48_5548</uuid>
                        <uuid>_a-0000dd0d-462c-8000-9ba2-011c48011c48_5549</uuid>
                        <uuid>_a-0000dd0d-462c-8000-9ba2-011c48011c48_5552</uuid>
                        <uuid>_a-0000dd0d-462c-8000-9ba2-011c48011c48_5554</uuid>
                        <uuid>_a-0000dd0d-462c-8000-9ba2-011c48011c48_5558</uuid>
                        <uuid>_a-0000dd0d-462c-8000-9ba2-011c48011c48_5559</uuid>
                        <uuid>_a-0000dd0d-462c-8000-9ba2-011c48011c48_5561</uuid>
                        <uuid>_a-0000dd0d-462c-8000-9ba2-011c48011c48_5632</uuid>
                        <uuid>_a-0000dd0d-462c-8000-9ba2-011c48011c48_5689</uuid>
                        <uuid>_a-0000dd0d-462c-8000-9ba2-011c48011c48_5690</uuid>
                        <uuid>_a-0000dd0d-462c-8000-9ba2-011c48011c48_5696</uuid>
                        <uuid>_a-0000dd0d-462c-8000-9ba2-011c48011c48_5697</uuid>
                        <uuid>_a-0000dd0d-462c-8000-9ba2-011c48011c48_5733</uuid>
                        <uuid>_a-0000dd0d-462c-8000-9ba2-011c48011c48_5880</uuid>
                        <uuid>_a-0000dd0d-462c-8000-9ba2-011c48011c48_5902</uuid>
                        <uuid>_a-0000dd0d-462c-8000-9ba2-011c48011c48_5928</uuid>
                        <uuid>_a-0000dd0d-462c-8000-9ba2-011c48011c48_6001</uuid>
                        <uuid>_a-0000dd0d-462c-8000-9ba2-011c48011c48_6154</uuid>
                        <uuid>_a-0000dd0d-462c-8000-9ba2-011c48011c48_6160</uuid>
                        <uuid>_a-0000dd0d-462c-8000-9ba2-011c48011c48_6161</uuid>
                        <uuid>_a-0000dd0d-462c-8000-9ba2-011c48011c48_6162</uuid>
                        <uuid>_a-0000dd0d-462c-8000-9ba2-011c48011c48_6182</uuid>
                        <uuid>_a-0000dd0d-462c-8000-9ba2-011c48011c48_6183</uuid>
                        <uuid>_a-0000dd0d-462c-8000-9ba2-011c48011c48_6267</uuid>
                        <uuid>_a-0000dd0d-462c-8000-9ba2-011c48011c48_6269</uuid>
                        <uuid>_a-0000dd0d-462c-8000-9ba2-011c48011c48_6311</uuid>
                        <uuid>_a-0000dd0d-462c-8000-9ba2-011c48011c48_6332</uuid>
                        <uuid>_a-0000dd0d-462c-8000-9ba2-011c48011c48_6360</uuid>
                        <uuid>_a-0000dd0d-462c-8000-9ba2-011c48011c48_6641</uuid>
                        <uuid>_a-0000dd0d-462c-8000-9ba2-011c48011c48_6952</uuid>
                        <uuid>_a-0000dd0d-462c-8000-9ba2-011c48011c48_6965</uuid>
                        <uuid>_a-0000dd0d-462c-8000-9ba2-011c48011c48_6969</uuid>
                        <uuid>_a-0000dd0d-462c-8000-9ba2-011c48011c48_7057</uuid>
                        <uuid>_a-0000dd0d-462c-8000-9ba2-011c48011c48_7058</uuid>
                        <uuid>_a-0000dd0d-462c-8000-9ba2-011c48011c48_7061</uuid>
                        <uuid>_a-0000dd0d-462c-8000-9ba2-011c48011c48_7080</uuid>
                        <uuid>_a-0000dd0d-462c-8000-9ba2-011c48011c48_7086</uuid>
                        <uuid>_a-0000dd0d-462c-8000-9ba2-011c48011c48_7091</uuid>
                        <uuid>_a-0000dd0d-462c-8000-9ba2-011c48011c48_7218</uuid>
                        <uuid>_a-0000dd0d-462c-8000-9ba2-011c48011c48_7226</uuid>
                        <uuid>_a-0000dd0d-462c-8000-9ba2-011c48011c48_5686</uuid>
                        <uuid>_a-0000dd0d-462c-8000-9ba2-011c48011c48_5800</uuid>
                        <uuid>2581f3de-afe7-4af4-a9c2-fbf0bbe7cc12</uuid>
                        <uuid>860dc48f-84f4-4b5b-8f73-f90dc755d833</uuid>
                        <uuid>1261a84e-08ea-49ee-86c9-769c49c9738e</uuid>
                        <uuid>2fc2886a-ea94-4be7-afe0-676eb571c8df</uuid>
                        <uuid>_a-0000dd0d-462c-8000-9ba2-011c48011c48_6450</uuid>
                        <uuid>_a-0000dd0d-462c-8000-9ba2-011c48011c48_6892</uuid>
                        <uuid>9ed7b8f3-7133-42e2-afaa-c38d8676a6fb</uuid>
                        <uuid>_a-0000dd0d-462c-8000-9ba2-011c48011c48_5495</uuid>
                        <uuid>_a-0000dd0d-462c-8000-9ba2-011c48011c48_5498</uuid>
                        <uuid>_a-0000dd0d-462c-8000-9ba2-011c48011c48_5499</uuid>
                        <uuid>_a-0000dd0d-462c-8000-9ba2-011c48011c48_5500</uuid>
                        <uuid>_a-0000dd0d-462c-8000-9ba2-011c48011c48_6202</uuid>
                        <uuid>_a-0000dd0d-462c-8000-9ba2-011c48011c48_6218</uuid>
                        <uuid>_a-0000dd0d-462c-8000-9ba2-011c48011c48_6299</uuid>
                        <uuid>_a-0000dd0d-462c-8000-9ba2-011c48011c48_6515</uuid>
                        <uuid>_a-0000dd0d-462c-8000-9ba2-011c48011c48_6519</uuid>
                        <uuid>_a-0000dd0d-462c-8000-9ba2-011c48011c48_6523</uuid>
                        <uuid>_a-0000dd0d-462c-8000-9ba2-011c48011c48_6527</uuid>
                        <uuid>_a-0000dd0d-462c-8000-9ba2-011c48011c48_6694</uuid>
                        <uuid>_a-0000dd0d-462c-8000-9ba2-011c48011c48_6717</uuid>
                        <uuid>_a-0000dd0d-462c-8000-9ba2-011c48011c48_6960</uuid>
                        <uuid>_a-0000dd0d-462c-8000-9ba2-011c48011c48_7020</uuid>
                        <uuid>_a-0000dd0d-462c-8000-9ba2-011c48011c48_6318</uuid>
                        <uuid>_a-0000dd0d-462c-8000-9ba2-011c48011c48_6319</uuid>
                        <uuid>_a-0000dd0d-462c-8000-9ba2-011c48011c48_6320</uuid>
                        <uuid>_a-0000dd0d-462c-8000-9ba2-011c48011c48_6341</uuid>
                        <uuid>_a-0000dd0d-462c-8000-9ba2-011c48011c48_6690</uuid>
                        <uuid>_a-0000dd0d-462c-8000-9ba2-011c48011c48_6707</uuid>
                        <uuid>_a-0000dd0d-462c-8000-9ba2-011c48011c48_6739</uuid>
                        <uuid>_a-0000dd0d-462c-8000-9ba2-011c48011c48_6772</uuid>
                        <uuid>_a-0000dd0d-462c-8000-9ba2-011c48011c48_6795</uuid>
                        <uuid>_a-0000dd0d-462c-8000-9ba2-011c48011c48_6799</uuid>
                        <uuid>_a-0000dd0d-462c-8000-9ba2-011c48011c48_6830</uuid>
                        <uuid>_a-0000dd0d-462c-8000-9ba2-011c48011c48_6956</uuid>
                        <uuid>_a-0000dd0d-462c-8000-9ba2-011c48011c48_7014</uuid>
                        <uuid>_a-0000dd17-9077-8000-9ba2-011c48011c48_9715</uuid>
                        <uuid>_a-0000dd17-9077-8000-9ba2-011c48011c48_10058</uuid>
                        <uuid>_a-0000dd17-9077-8000-9ba2-011c48011c48_10227</uuid>
                        <uuid>_a-0000dd17-9077-8000-9ba2-011c48011c48_10247</uuid>
                        <uuid>_a-0000dd17-9077-8000-9ba2-011c48011c48_10332</uuid>
                        <uuid>93edfb1c-0c0f-48a9-bab1-6f305d441362</uuid>
                        <uuid>66263293-9ed8-46f6-99f0-0daba43920ca</uuid>
                        <uuid>_a-0000dd17-9077-8000-9ba2-011c48011c48_10237</uuid>
                        <uuid>_a-0000dd17-9077-8000-9ba2-011c48011c48_10238</uuid>
                        <uuid>_a-0000dd17-9077-8000-9ba2-011c48011c48_10239</uuid>
                        <uuid>_a-0000dd17-9077-8000-9ba2-011c48011c48_10240</uuid>
                        <uuid>_a-0000dd17-9077-8000-9ba2-011c48011c48_10241</uuid>
                        <uuid>_a-0000dd17-9077-8000-9ba2-011c48011c48_10242</uuid>
                        <uuid>_a-0000dd17-9077-8000-9ba2-011c48011c48_10568</uuid>
                        <uuid>_a-0000dd17-9077-8000-9ba2-011c48011c48_10671</uuid>
                        <uuid>_a-0000dd17-9077-8000-9ba2-011c48011c48_10673</uuid>
                        <uuid>_a-0000dd17-9077-8000-9ba2-011c48011c48_10963</uuid>
                        <uuid>_a-0000dd17-9077-8000-9ba2-011c48011c48_11089</uuid>
                        <uuid>_a-0000dd17-9077-8000-9ba2-011c48011c48_11090</uuid>
                        <uuid>_a-0000dd17-9077-8000-9ba2-011c48011c48_11091</uuid>
                        <uuid>_a-0000dd17-9077-8000-9ba2-011c48011c48_11145</uuid>
                        <uuid>_a-0000dd17-9077-8000-9ba2-011c48011c48_11146</uuid>
                        <uuid>_a-0000dd17-9077-8000-9ba2-011c48011c48_11147</uuid>
                        <uuid>_a-0000dd17-9077-8000-9ba2-011c48011c48_11387</uuid>
                        <uuid>_a-0000dd17-9077-8000-9ba2-011c48011c48_11392</uuid>
                        <uuid>_a-0000dd17-9077-8000-9ba2-011c48011c48_11393</uuid>
                        <uuid>_a-0000dd17-9077-8000-9ba2-011c48011c48_11477</uuid>
                        <uuid>_a-0000dd17-9077-8000-9ba2-011c48011c48_11502</uuid>
                        <uuid>_a-0000dd17-9077-8000-9ba2-011c48011c48_11547</uuid>
                        <uuid>_a-0000dd3a-bcbf-8000-9ba2-011c48011c48_14247</uuid>
                        <uuid>_a-0000dd3a-bcbf-8000-9ba2-011c48011c48_14299</uuid>
                        <uuid>_a-0000dd3a-bcbf-8000-9ba2-011c48011c48_14427</uuid>
                        <uuid>_a-0000dd3a-bcbf-8000-9ba2-011c48011c48_14655</uuid>
                        <uuid>_a-0000dd3a-bcbf-8000-9ba2-011c48011c48_14667</uuid>
                        <uuid>_a-0000dd3a-bcbf-8000-9ba2-011c48011c48_14672</uuid>
                        <uuid>_a-0000dd3a-bcbf-8000-9ba2-011c48011c48_14760</uuid>
                        <uuid>_a-0000dd3a-bcbf-8000-9ba2-011c48011c48_14800</uuid>
                        <uuid>_a-0000dd3a-bcbf-8000-9ba2-011c48011c48_14801</uuid>
                        <uuid>_a-0000dd3a-bcbf-8000-9ba2-011c48011c48_14960</uuid>
                        <uuid>_a-0000dd3a-bcbf-8000-9ba2-011c48011c48_15032</uuid>
                        <uuid>3395e1ed-c161-419a-b7eb-1d86d6d0e167</uuid>
                        <uuid>_a-0000dd3a-bcbf-8000-9ba2-011c48011c48_15494</uuid>
                        <uuid>_a-0000dd3a-bcbf-8000-9ba2-011c48011c48_15519</uuid>
                        <uuid>_a-0000dd3a-bcbf-8000-9ba2-011c48011c48_15520</uuid>
                        <uuid>_a-0000dd3a-bcbf-8000-9ba2-011c48011c48_15521</uuid>
                        <uuid>c83759d1-121f-418b-a06c-54b9da0675c9</uuid>
                        <uuid>55752723-d5ed-4682-8832-e33a1ec64264</uuid>
                        <uuid>d0e7f54f-45f3-45a6-b4be-c69529c3711e</uuid>
                        <uuid>5fc2a624-999f-4e9b-9aaf-b598888142c0</uuid>
                        <uuid>8c36105e-4176-41d6-9c63-85d6cbd091f5</uuid>
                        <uuid>c88ead0f-3f50-47c5-b8ef-91d225170841</uuid>
                        <uuid>56fc3369-959b-4c15-89c5-f6a5d5c1cec3</uuid>
                        <uuid>1ea7578c-6313-49c1-a8f2-869722435891</uuid>
                        <uuid>8584b72e-99bc-4050-a366-541c0ef2a260</uuid>
                        <uuid>707d8e1c-7ac4-48ea-9aa3-4294a55b1322</uuid>
                        <uuid>a2b0edb9-8c02-4b44-8a88-1b6438fc0831</uuid>
                        <uuid>a99fbd02-5244-4f67-aaf6-5eaa592ffa11</uuid>
                        <uuid>766471eb-bb92-4cd0-b040-834d0d75913f</uuid>
                        <uuid>_a-0000dd3a-bcbf-8000-9ba2-011c48011c48_14395</uuid>
                        <uuid>_a-0000dd3a-bcbf-8000-9ba2-011c48011c48_14402</uuid>
                        <uuid>_a-0000dd3a-bcbf-8000-9ba2-011c48011c48_14434</uuid>
                        <uuid>_a-0000dd3a-bcbf-8000-9ba2-011c48011c48_14453</uuid>
                        <uuid>_a-0000dd3a-bcbf-8000-9ba2-011c48011c48_15326</uuid>
                        <uuid>_a-0000dd3a-bcbf-8000-9ba2-011c48011c48_14253</uuid>
                        <uuid>_a-0000dd3a-bcbf-8000-9ba2-011c48011c48_14254</uuid>
                        <uuid>_a-0000dd3a-bcbf-8000-9ba2-011c48011c48_14394</uuid>
                        <uuid>_a-0000dd3a-bcbf-8000-9ba2-011c48011c48_14401</uuid>
                        <uuid>_a-0000dd3a-bcbf-8000-9ba2-011c48011c48_14436</uuid>
                        <uuid>_a-0000dd3a-bcbf-8000-9ba2-011c48011c48_14454</uuid>
                        <uuid>_a-0000dd3a-bcbf-8000-9ba2-011c48011c48_15289</uuid>
                        <uuid>96ce77f5-29e9-4ee1-99e9-0705ddc3ebe8</uuid>
                        <uuid>699d3a6d-190a-4868-ba4a-4aba62334924</uuid>
                        <uuid>954818aa-7666-449d-b57e-747b93fe0ac7</uuid>
                        <uuid>_a-0000dd17-9077-8000-9ba2-011c48011c48_11052</uuid>
                        <uuid>_a-0000dd17-9077-8000-9ba2-011c48011c48_11053</uuid>
                        <uuid>_a-0000dd17-9077-8000-9ba2-011c48011c48_11054</uuid>
                        <uuid>_a-0000dd17-9077-8000-9ba2-011c48011c48_11083</uuid>
                        <uuid>_a-0000dd3a-bcbf-8000-9ba2-011c48011c48_15528</uuid>
                        <uuid>_a-0000dd3a-bcbf-8000-9ba2-011c48011c48_15529</uuid>
                        <uuid>_a-0000dd3a-bcbf-8000-9ba2-011c48011c48_15530</uuid>
                        <uuid>_a-0000dd3a-bcbf-8000-9ba2-011c48011c48_15613</uuid>
                        <uuid>_a-0000dd3a-bcbf-8000-9ba2-011c48011c48_15626</uuid>
                        <uuid>_a-0000dd3a-bcbf-8000-9ba2-011c48011c48_15627</uuid>
                        <uuid>_a-0000dd3a-bcbf-8000-9ba2-011c48011c48_15628</uuid>
                        <uuid>_a-0000dd3a-bcbf-8000-9ba2-011c48011c48_15629</uuid>
                        <uuid>_a-0000dd3a-bcbf-8000-9ba2-011c48011c48_15630</uuid>
                        <uuid>_a-0000dd3a-bcbf-8000-9ba2-011c48011c48_15651</uuid>
                        <uuid>_a-0000dd3a-bcbf-8000-9ba2-011c48011c48_15652</uuid>
                        <uuid>_a-0000dd3a-bcbf-8000-9ba2-011c48011c48_15712</uuid>
                        <uuid>35183054-05ce-4a02-ba80-da7452da4492</uuid>
                        <uuid>_a-0000dd3a-bcbf-8000-9ba2-011c48011c48_15659</uuid>
                        <uuid>_a-0000dd3a-bcbf-8000-9ba2-011c48011c48_15546</uuid>
                        <uuid>31da1a12-7bc9-4c72-a9a9-9915f1f0a757</uuid>
                        <uuid>_a-0000dd3a-bcbf-8000-9ba2-011c48011c48_15681</uuid>
                        <uuid>_a-0000dd4b-0482-8000-9ba2-011c48011c48_15736</uuid>
                        <uuid>_a-0000dd4b-0482-8000-9ba2-011c48011c48_15758</uuid>
                        <uuid>_a-0000dd4b-0482-8000-9ba2-011c48011c48_15778</uuid>
                        <uuid>_a-0000dd4b-0482-8000-9ba2-011c48011c48_15780</uuid>
                        <uuid>_a-0000dd4b-0482-8000-9ba2-011c48011c48_15787</uuid>
                        <uuid>_a-0000dd4b-0482-8000-9ba2-011c48011c48_15857</uuid>
                        <uuid>_a-0000dd4b-0482-8000-9ba2-011c48011c48_15797</uuid>
                        <uuid>_a-0000dd4b-0482-8000-9ba2-011c48011c48_15798</uuid>
                        <uuid>_a-0000dd4b-0482-8000-9ba2-011c48011c48_15892</uuid>
                        <uuid>_a-0000dd4b-0482-8000-9ba2-011c48011c48_15899</uuid>
                        <uuid>_a-0000dd4b-0482-8000-9ba2-011c48011c48_16053</uuid>
                        <uuid>_a-0000dd4b-0482-8000-9ba2-011c48011c48_16073</uuid>
                        <uuid>_a-0000dd4b-0482-8000-9ba2-011c48011c48_16074</uuid>
                        <uuid>_a-0000dd4b-0482-8000-9ba2-011c48011c48_16082</uuid>
                        <uuid>_a-0000dd4b-0482-8000-9ba2-011c48011c48_16083</uuid>
                        <uuid>6817f798-cd70-4325-8f45-cd718209b7d8</uuid>
                        <uuid>_a-0000dd4b-0482-8000-9ba2-011c48011c48_16085</uuid>
                        <uuid>_a-0000dd4b-0482-8000-9ba2-011c48011c48_15861</uuid>
                        <uuid>_a-0000dd4b-0482-8000-9ba2-011c48011c48_15862</uuid>
                        <uuid>_a-0000dd4b-0482-8000-9ba2-011c48011c48_16341</uuid>
                        <uuid>_a-0000dd4b-0482-8000-9ba2-011c48011c48_16358</uuid>
                        <uuid>_a-0000dd4b-0482-8000-9ba2-011c48011c48_16359</uuid>
                        <uuid>_a-0000dd4b-0482-8000-9ba2-011c48011c48_16371</uuid>
                        <uuid>_a-0000dd4b-0482-8000-9ba2-011c48011c48_16373</uuid>
                        <uuid>_a-0000dd4b-0482-8000-9ba2-011c48011c48_16375</uuid>
                        <uuid>_a-0000dd4b-0482-8000-9ba2-011c48011c48_16378</uuid>
                        <uuid>_a-0000dd4b-0482-8000-9ba2-011c48011c48_16414</uuid>
                        <uuid>_a-0000dd4b-0482-8000-9ba2-011c48011c48_16695</uuid>
                        <uuid>_a-0000dd4b-0482-8000-9ba2-011c48011c48_17740</uuid>
                        <uuid>_a-0000dd4b-0482-8000-9ba2-011c48011c48_17754</uuid>
                        <uuid>_a-0000dd4b-0482-8000-9ba2-011c48011c48_17763</uuid>
                        <uuid>_a-0000dd4b-0482-8000-9ba2-011c48011c48_17770</uuid>
                        <uuid>_a-0000dd4b-0482-8000-9ba2-011c48011c48_17771</uuid>
                        <uuid>_a-0000dd4b-0482-8000-9ba2-011c48011c48_17772</uuid>
                        <uuid>_a-0000dd4b-0482-8000-9ba2-011c48011c48_17773</uuid>
                        <uuid>_a-0000dd4b-0482-8000-9ba2-011c48011c48_17898</uuid>
                        <uuid>_a-0000dd4b-0482-8000-9ba2-011c48011c48_17927</uuid>
                        <uuid>_a-0000dd4b-0482-8000-9ba2-011c48011c48_17966</uuid>
                        <uuid>_a-0000dd4b-0482-8000-9ba2-011c48011c48_17967</uuid>
                        <uuid>_a-0000dd4b-0482-8000-9ba2-011c48011c48_18078</uuid>
                        <uuid>_a-0000dd4b-0482-8000-9ba2-011c48011c48_18083</uuid>
                        <uuid>_a-0000dd4b-0482-8000-9ba2-011c48011c48_18107</uuid>
                        <uuid>_a-0000dd4b-0482-8000-9ba2-011c48011c48_18108</uuid>
                        <uuid>_a-0000dd4b-0482-8000-9ba2-011c48011c48_18164</uuid>
                        <uuid>_a-0000dd4b-0482-8000-9ba2-011c48011c48_18173</uuid>
                        <uuid>_a-0000dd4b-0482-8000-9ba2-011c48011c48_18231</uuid>
                        <uuid>_a-0000dd4b-0482-8000-9ba2-011c48011c48_18232</uuid>
                        <uuid>_a-0000dd4b-0482-8000-9ba2-011c48011c48_18254</uuid>
                        <uuid>_a-0000dd4b-0482-8000-9ba2-011c48011c48_18256</uuid>
                        <uuid>_a-0000dd4b-0482-8000-9ba2-011c48011c48_18404</uuid>
                        <uuid>_a-0000dd4b-0482-8000-9ba2-011c48011c48_18406</uuid>
                        <uuid>_a-0000dd4b-0482-8000-9ba2-011c48011c48_18408</uuid>
                        <uuid>_a-0000dd4b-0482-8000-9ba2-011c48011c48_18409</uuid>
                        <uuid>_a-0000dd4b-0482-8000-9ba2-011c48011c48_18410</uuid>
                        <uuid>_a-0000dd4b-0482-8000-9ba2-011c48011c48_18411</uuid>
                        <uuid>_a-0000dd4b-0482-8000-9ba2-011c48011c48_18413</uuid>
                        <uuid>_a-0000dd4b-0482-8000-9ba2-011c48011c48_18416</uuid>
                        <uuid>_a-0000dd4b-0482-8000-9ba2-011c48011c48_18418</uuid>
                        <uuid>_a-0000dd4b-0482-8000-9ba2-011c48011c48_18420</uuid>
                        <uuid>_a-0000dd4b-0482-8000-9ba2-011c48011c48_18425</uuid>
                        <uuid>_a-0000dd4b-0482-8000-9ba2-011c48011c48_18426</uuid>
                        <uuid>ccd0a388-1469-4e7e-ae44-f43cb87f3354</uuid>
                        <uuid>_a-0000dd4b-0482-8000-9ba2-011c48011c48_18493</uuid>
                        <uuid>_a-0000dd4b-0482-8000-9ba2-011c48011c48_18494</uuid>
                        <uuid>_a-0000dd4b-0482-8000-9ba2-011c48011c48_18496</uuid>
                        <uuid>_a-0000dd4b-0482-8000-9ba2-011c48011c48_18498</uuid>
                        <uuid>_a-0000dd4b-0482-8000-9ba2-011c48011c48_18500</uuid>
                        <uuid>_a-0000dd4b-0482-8000-9ba2-011c48011c48_18502</uuid>
                        <uuid>_a-0000dd4b-0482-8000-9ba2-011c48011c48_18504</uuid>
                        <uuid>_a-0000dd4b-0482-8000-9ba2-011c48011c48_18505</uuid>
                        <uuid>_a-0000dd4b-0482-8000-9ba2-011c48011c48_18663</uuid>
                        <uuid>_a-0000dd4b-0482-8000-9ba2-011c48011c48_18719</uuid>
                        <uuid>_a-0000dd4b-0482-8000-9ba2-011c48011c48_18745</uuid>
                        <uuid>_a-0000dd4b-0482-8000-9ba2-011c48011c48_18780</uuid>
                        <uuid>_a-0000dd4b-0482-8000-9ba2-011c48011c48_18797</uuid>
                        <uuid>_a-0000dd4b-0482-8000-9ba2-011c48011c48_18938</uuid>
                        <uuid>_a-0000dd4b-0482-8000-9ba2-011c48011c48_18940</uuid>
                        <uuid>_a-0000dd4b-0482-8000-9ba2-011c48011c48_18942</uuid>
                        <uuid>_a-0000dd4b-0482-8000-9ba2-011c48011c48_18944</uuid>
                        <uuid>993035e8-3bda-43fc-bdc5-d43b038ca477</uuid>
                        <uuid>002fa3a3-4ea9-48b4-9d10-0e7f4e504eee</uuid>
                        <uuid>ed7b4c2e-bc03-4e17-aa51-6ecfb493af33</uuid>
                        <uuid>7f62a623-5366-4c78-b206-93377a4aef6b</uuid>
                        <uuid>_a-0000dd4b-0482-8000-9ba2-011c48011c48_16332</uuid>
                        <uuid>fd34b332-e9fd-4f4e-bfef-d25eee6b2945</uuid>
                        <uuid>8d132b48-1ce2-49ff-8b9a-9a2722c6a317</uuid>
                        <uuid>_a-0000dd4b-0482-8000-9ba2-011c48011c48_17903</uuid>
                        <uuid>_a-0000dd4b-0482-8000-9ba2-011c48011c48_18072</uuid>
                        <uuid>_a-0000dd72-ed8d-8000-9ba2-011c48011c48_24119</uuid>
                        <uuid>_a-0000dd72-ed8d-8000-9ba2-011c48011c48_24263</uuid>
                        <uuid>_a-0000dd72-ed8d-8000-9ba2-011c48011c48_24265</uuid>
                        <uuid>_a-0000dd72-ed8d-8000-9ba2-011c48011c48_24282</uuid>
                        <uuid>_a-0000dd72-ed8d-8000-9ba2-011c48011c48_24611</uuid>
                        <uuid>_a-0000dd72-ed8d-8000-9ba2-011c48011c48_24689</uuid>
                        <uuid>_a-0000dd72-ed8d-8000-9ba2-011c48011c48_24700</uuid>
                        <uuid>_a-0000dd72-ed8d-8000-9ba2-011c48011c48_24816</uuid>
                        <uuid>_a-0000dd72-ed8d-8000-9ba2-011c48011c48_24886</uuid>
                        <uuid>_a-0000dd72-ed8d-8000-9ba2-011c48011c48_24894</uuid>
                        <uuid>_a-0000dd72-ed8d-8000-9ba2-011c48011c48_24939</uuid>
                        <uuid>_a-0000dd72-ed8d-8000-9ba2-011c48011c48_25007</uuid>
                        <uuid>_a-0000dd72-ed8d-8000-9ba2-011c48011c48_25144</uuid>
                        <uuid>_a-0000dd72-ed8d-8000-9ba2-011c48011c48_24594</uuid>
                        <uuid>_a-0000dd72-ed8d-8000-9ba2-011c48011c48_24595</uuid>
                        <uuid>_a-0000dd72-ed8d-8000-9ba2-011c48011c48_25607</uuid>
                        <uuid>_a-0000dd72-ed8d-8000-9ba2-011c48011c48_25645</uuid>
                        <uuid>_a-0000dd72-ed8d-8000-9ba2-011c48011c48_25715</uuid>
                        <uuid>_a-0000dd72-ed8d-8000-9ba2-011c48011c48_25784</uuid>
                        <uuid>_a-0000dd72-ed8d-8000-9ba2-011c48011c48_25833</uuid>
                        <uuid>_a-0000dd72-ed8d-8000-9ba2-011c48011c48_25867</uuid>
                        <uuid>_a-0000dd8b-d239-8000-9ba2-011c48011c48_28508</uuid>
                        <uuid>_a-0000dd8b-d239-8000-9ba2-011c48011c48_28706</uuid>
                        <uuid>_a-0000dd8b-d239-8000-9ba2-011c48011c48_28721</uuid>
                        <uuid>_a-0000dd8b-d239-8000-9ba2-011c48011c48_28740</uuid>
                        <uuid>_a-0000dd8b-d239-8000-9ba2-011c48011c48_28794</uuid>
                        <uuid>_a-0000dd8b-d239-8000-9ba2-011c48011c48_28797</uuid>
                        <uuid>_a-0000dd8b-d239-8000-9ba2-011c48011c48_29081</uuid>
                        <uuid>_a-0000dd8b-d239-8000-9ba2-011c48011c48_29090</uuid>
                        <uuid>_a-0000dd8b-d239-8000-9ba2-011c48011c48_29097</uuid>
                        <uuid>_a-0000dd8b-d239-8000-9ba2-011c48011c48_29132</uuid>
                        <uuid>_a-0000dd8b-d239-8000-9ba2-011c48011c48_29135</uuid>
                        <uuid>_a-0000dd8b-d239-8000-9ba2-011c48011c48_29226</uuid>
                        <uuid>_a-0000dd8b-d239-8000-9ba2-011c48011c48_29354</uuid>
                        <uuid>_a-0000dd8b-d239-8000-9ba2-011c48011c48_29409</uuid>
                        <uuid>_a-0000dd8b-d239-8000-9ba2-011c48011c48_29449</uuid>
                        <uuid>_a-0000dd8b-d239-8000-9ba2-011c48011c48_29458</uuid>
                        <uuid>_a-0000dd8b-d239-8000-9ba2-011c48011c48_29463</uuid>
                        <uuid>_a-0000dd8b-d239-8000-9ba2-011c48011c48_29472</uuid>
                        <uuid>_a-0000dd8b-d239-8000-9ba2-011c48011c48_29521</uuid>
                        <uuid>_a-0000dd8b-d239-8000-9ba2-011c48011c48_29525</uuid>
                        <uuid>_a-0000dd8b-d239-8000-9ba2-011c48011c48_29531</uuid>
                        <uuid>_a-0000dd8b-d239-8000-9ba2-011c48011c48_29538</uuid>
                        <uuid>_a-0000dd8b-d239-8000-9ba2-011c48011c48_29569</uuid>
                        <uuid>_a-0000dd8b-d239-8000-9ba2-011c48011c48_29574</uuid>
                        <uuid>_a-0000dd8b-d239-8000-9ba2-011c48011c48_29585</uuid>
                        <uuid>_a-0000dd8b-d239-8000-9ba2-011c48011c48_29588</uuid>
                        <uuid>_a-0000dd8b-d239-8000-9ba2-011c48011c48_29643</uuid>
                        <uuid>_a-0000dd8b-d239-8000-9ba2-011c48011c48_29651</uuid>
                        <uuid>_a-0000dd8b-d239-8000-9ba2-011c48011c48_29887</uuid>
                        <uuid>_a-0000dd8b-d239-8000-9ba2-011c48011c48_29889</uuid>
                        <uuid>_a-0000dd8b-d239-8000-9ba2-011c48011c48_29896</uuid>
                        <uuid>_a-0000dd8b-d239-8000-9ba2-011c48011c48_29899</uuid>
                        <uuid>_a-0000dd8b-d239-8000-9ba2-011c48011c48_29917</uuid>
                        <uuid>_a-0000dd8b-d239-8000-9ba2-011c48011c48_29924</uuid>
                        <uuid>_a-0000dd8b-d239-8000-9ba2-011c48011c48_29959</uuid>
                        <uuid>_a-0000dd8b-d239-8000-9ba2-011c48011c48_29972</uuid>
                        <uuid>_a-0000dd8b-d239-8000-9ba2-011c48011c48_29978</uuid>
                        <uuid>_a-0000dd8b-d239-8000-9ba2-011c48011c48_29987</uuid>
                        <uuid>_a-0000dd8b-d239-8000-9ba2-011c48011c48_30009</uuid>
                        <uuid>_a-0000dd8b-d239-8000-9ba2-011c48011c48_30012</uuid>
                        <uuid>_a-0000dd8b-d239-8000-9ba2-011c48011c48_30026</uuid>
                        <uuid>_a-0000dd8b-d239-8000-9ba2-011c48011c48_30027</uuid>
                        <uuid>_a-0000dd8b-d239-8000-9ba2-011c48011c48_30048</uuid>
                        <uuid>_a-0000dd8b-d239-8000-9ba2-011c48011c48_30069</uuid>
                        <uuid>_a-0000dd8b-d239-8000-9ba2-011c48011c48_30075</uuid>
                        <uuid>_a-0000dd8b-d239-8000-9ba2-011c48011c48_30079</uuid>
                        <uuid>_a-0000dd8b-d239-8000-9ba2-011c48011c48_30080</uuid>
                        <uuid>_a-0000dd8b-d239-8000-9ba2-011c48011c48_30089</uuid>
                        <uuid>_a-0000dd8b-d239-8000-9ba2-011c48011c48_30091</uuid>
                        <uuid>_a-0000dd8b-d239-8000-9ba2-011c48011c48_30113</uuid>
                        <uuid>_a-0000dd8b-d239-8000-9ba2-011c48011c48_30126</uuid>
                        <uuid>_a-0000dd8b-d239-8000-9ba2-011c48011c48_30139</uuid>
                        <uuid>_a-0000dd8b-d239-8000-9ba2-011c48011c48_30182</uuid>
                        <uuid>_a-0000dd8b-d239-8000-9ba2-011c48011c48_30213</uuid>
                        <uuid>_a-0000dd8b-d239-8000-9ba2-011c48011c48_30265</uuid>
                        <uuid>_a-0000dd8b-d239-8000-9ba2-011c48011c48_30565</uuid>
                        <uuid>_a-0000dd8b-d239-8000-9ba2-011c48011c48_30659</uuid>
                        <uuid>_a-0000dd8b-d239-8000-9ba2-011c48011c48_30662</uuid>
                        <uuid>_a-0000dd8b-d239-8000-9ba2-011c48011c48_30664</uuid>
                        <uuid>_a-0000dd8b-d239-8000-9ba2-011c48011c48_30715</uuid>
                        <uuid>_a-0000dd8b-d239-8000-9ba2-011c48011c48_30719</uuid>
                        <uuid>_a-0000dd8b-d239-8000-9ba2-011c48011c48_30800</uuid>
                        <uuid>_a-0000dd8b-d239-8000-9ba2-011c48011c48_30801</uuid>
                        <uuid>_a-0000dd8b-d239-8000-9ba2-011c48011c48_30803</uuid>
                        <uuid>_a-0000dd8b-d239-8000-9ba2-011c48011c48_30804</uuid>
                        <uuid>_a-0000dd8b-d239-8000-9ba2-011c48011c48_30806</uuid>
                        <uuid>_a-0000dd8b-d239-8000-9ba2-011c48011c48_30807</uuid>
                        <uuid>_a-0000dd8b-d239-8000-9ba2-011c48011c48_30809</uuid>
                        <uuid>_a-0000dd8b-d239-8000-9ba2-011c48011c48_30811</uuid>
                        <uuid>_a-0000dd8b-d239-8000-9ba2-011c48011c48_30813</uuid>
                        <uuid>_a-0000dd8b-d239-8000-9ba2-011c48011c48_30824</uuid>
                        <uuid>_a-0000dd8b-d239-8000-9ba2-011c48011c48_30830</uuid>
                        <uuid>_a-0000dd8b-d239-8000-9ba2-011c48011c48_30845</uuid>
                        <uuid>_a-0000dd8b-d239-8000-9ba2-011c48011c48_30864</uuid>
                        <uuid>_a-0000dd8b-d239-8000-9ba2-011c48011c48_30884</uuid>
                        <uuid>_a-0000dd8b-d239-8000-9ba2-011c48011c48_30885</uuid>
                        <uuid>_a-0000dd8b-d239-8000-9ba2-011c48011c48_30886</uuid>
                        <uuid>_a-0000dd8b-d239-8000-9ba2-011c48011c48_30887</uuid>
                        <uuid>_a-0000dd8b-d239-8000-9ba2-011c48011c48_30888</uuid>
                        <uuid>_a-0000dd8b-d239-8000-9ba2-011c48011c48_30890</uuid>
                        <uuid>_a-0000dd8b-d239-8000-9ba2-011c48011c48_30898</uuid>
                        <uuid>_a-0000dd8b-d239-8000-9ba2-011c48011c48_30911</uuid>
                        <uuid>_a-0000dd8b-d239-8000-9ba2-011c48011c48_30913</uuid>
                        <uuid>_a-0000dd8b-d239-8000-9ba2-011c48011c48_30917</uuid>
                        <uuid>_a-0000dd8b-d239-8000-9ba2-011c48011c48_30937</uuid>
                        <uuid>_a-0000dd8b-d239-8000-9ba2-011c48011c48_30942</uuid>
                        <uuid>_a-0000dd8b-d239-8000-9ba2-011c48011c48_30589</uuid>
                        <uuid>_a-0000dd8b-d239-8000-9ba2-011c48011c48_30603</uuid>
                        <uuid>_a-0000dd8b-d239-8000-9ba2-011c48011c48_29834</uuid>
                        <uuid>_a-0000dd8b-d239-8000-9ba2-011c48011c48_30725</uuid>
                        <uuid>_a-0000dd8b-d239-8000-9ba2-011c48011c48_30951</uuid>
                        <uuid>_a-0000dd8b-d239-8000-9ba2-011c48011c48_30961</uuid>
                        <uuid>_a-0000dd8b-d239-8000-9ba2-011c48011c48_30963</uuid>
                        <uuid>_a-0000dd8b-d239-8000-9ba2-011c48011c48_30964</uuid>
                        <uuid>_a-0000dd8b-d239-8000-9ba2-011c48011c48_31014</uuid>
                        <uuid>_a-0000dd8b-d239-8000-9ba2-011c48011c48_31016</uuid>
                        <uuid>_a-0000dd8b-d239-8000-9ba2-011c48011c48_31018</uuid>
                        <uuid>_a-0000dd8b-d239-8000-9ba2-011c48011c48_31023</uuid>
                        <uuid>_a-0000dd8b-d239-8000-9ba2-011c48011c48_31030</uuid>
                        <uuid>_a-0000dd8b-d239-8000-9ba2-011c48011c48_31038</uuid>
                        <uuid>_a-0000dd8b-d239-8000-9ba2-011c48011c48_31058</uuid>
                        <uuid>_a-0000dd8b-d239-8000-9ba2-011c48011c48_31060</uuid>
                        <uuid>_a-0000dd8b-d239-8000-9ba2-011c48011c48_31096</uuid>
                        <uuid>_a-0000dd8b-d239-8000-9ba2-011c48011c48_31100</uuid>
                        <uuid>_a-0000dd8b-d239-8000-9ba2-011c48011c48_31104</uuid>
                        <uuid>_a-0000dd8b-d239-8000-9ba2-011c48011c48_31114</uuid>
                        <uuid>_a-0000dd8b-d239-8000-9ba2-011c48011c48_31125</uuid>
                        <uuid>_a-0000dd8b-d239-8000-9ba2-011c48011c48_31134</uuid>
                        <uuid>_a-0000dd8b-d239-8000-9ba2-011c48011c48_31147</uuid>
                        <uuid>_a-0000dd8b-d239-8000-9ba2-011c48011c48_31315</uuid>
                        <uuid>_a-0000dd8b-d239-8000-9ba2-011c48011c48_31316</uuid>
                        <uuid>_a-0000dd8b-d239-8000-9ba2-011c48011c48_31331</uuid>
                        <uuid>_a-0000dd8b-d239-8000-9ba2-011c48011c48_31433</uuid>
                        <uuid>_a-0000dd8b-d239-8000-9ba2-011c48011c48_31463</uuid>
                        <uuid>_a-0000dd8b-d239-8000-9ba2-011c48011c48_31466</uuid>
                        <uuid>_a-0000dd8b-d239-8000-9ba2-011c48011c48_31480</uuid>
                        <uuid>_a-0000dd8b-d239-8000-9ba2-011c48011c48_31498</uuid>
                        <uuid>_a-0000dd8b-d239-8000-9ba2-011c48011c48_31499</uuid>
                        <uuid>_a-0000dd8b-d239-8000-9ba2-011c48011c48_31502</uuid>
                        <uuid>_a-0000dd8b-d239-8000-9ba2-011c48011c48_31514</uuid>
                        <uuid>_a-0000dd8b-d239-8000-9ba2-011c48011c48_31532</uuid>
                        <uuid>_a-0000dd8b-d239-8000-9ba2-011c48011c48_31544</uuid>
                        <uuid>_a-0000dd8b-d239-8000-9ba2-011c48011c48_31688</uuid>
                        <uuid>e3905978-219d-4da1-bdc5-4ea26cc4f9d1</uuid>
                        <uuid>_a-0000dd8b-d239-8000-9ba2-011c48011c48_31725</uuid>
                        <uuid>_a-0000dd8b-d239-8000-9ba2-011c48011c48_31751</uuid>
                        <uuid>_a-0000dd8b-d239-8000-9ba2-011c48011c48_31858</uuid>
                        <uuid>_a-0000dd8b-d239-8000-9ba2-011c48011c48_28485</uuid>
                        <uuid>09cfb09c-85d4-449b-93cb-011e7d3ac478</uuid>
                        <uuid>_a-0000dd8b-d239-8000-9ba2-011c48011c48_31923</uuid>
                        <uuid>_a-0000dd8b-d239-8000-9ba2-011c48011c48_31944</uuid>
                        <uuid>_a-0000dd8b-d239-8000-9ba2-011c48011c48_31946</uuid>
                        <uuid>_a-0000dd8b-d239-8000-9ba2-011c48011c48_32018</uuid>
                        <uuid>_a-0000dd8b-d239-8000-9ba2-011c48011c48_32052</uuid>
                        <uuid>_a-0000ddb3-1b8d-8000-9ba2-011c48011c48_34797</uuid>
                        <uuid>_a-0000ddb3-1b8d-8000-9ba2-011c48011c48_34798</uuid>
                        <uuid>_a-0000dd8b-d239-8000-9ba2-011c48011c48_31687</uuid>
                        <uuid>_a-0000dd8b-d239-8000-9ba2-011c48011c48_30687</uuid>
                        <uuid>_a-0000dd8b-d239-8000-9ba2-011c48011c48_28502</uuid>
                        <uuid>_a-0000dd8b-d239-8000-9ba2-011c48011c48_28503</uuid>
                        <uuid>_a-0000dd8b-d239-8000-9ba2-011c48011c48_28504</uuid>
                        <uuid>_a-0000dd8b-d239-8000-9ba2-011c48011c48_28505</uuid>
                        <uuid>_a-0000dd8b-d239-8000-9ba2-011c48011c48_28506</uuid>
                        <uuid>_a-0000dd8b-d239-8000-9ba2-011c48011c48_28507</uuid>
                    </uuids>
                </item>
                <item>
                    <type>forum</type>
                    <uuids/>
                </item>
                <item>
                    <type>processModelFolder</type>
                    <uuids>
                        <uuid>_g-0000dd0b-a9d7-8000-f92f-7f0000014e7a_11</uuid>
                        <uuid>_g-0000dd0b-a9d7-8000-f92f-7f0000014e7a_12</uuid>
                        <uuid>_g-0000dd0b-a9d7-8000-f92f-7f0000014e7a_10</uuid>
                        <uuid>_g-0000dd0b-a9d7-8000-f92f-7f0000014e7a_13</uuid>
                        <uuid>_g-0000dd0b-a9d7-8000-f92f-7f0000014e7a_14</uuid>
                        <uuid>_g-0000dd0b-a9d7-8000-f92f-7f0000014e7a_15</uuid>
                        <uuid>_g-0000dd0b-a9d7-8000-f92f-7f0000014e7a_21</uuid>
                        <uuid>_g-0000dd0b-a9d7-8000-f92f-7f0000014e7a_23</uuid>
                        <uuid>_g-0000dd0b-a9d7-8000-f92f-7f0000014e7a_25</uuid>
                        <uuid>_g-0000dd72-96c1-8000-f92f-7f0000014e7a_94</uuid>
                    </uuids>
                </item>
                <item>
                    <type>processModel</type>
                    <uuids>
                        <uuid>0007dd0e-6940-8000-f92f-7f0000014e7a</uuid>
                        <uuid>0003dd0e-6a1d-8000-f92f-7f0000014e7a</uuid>
                        <uuid>0003dd15-711d-8000-f92f-7f0000014e7a</uuid>
                        <uuid>0003dd16-3aa7-8000-f92f-7f0000014e7a</uuid>
                        <uuid>0003dd16-3abd-8000-f92f-7f0000014e7a</uuid>
                        <uuid>0003dd16-3acc-8000-f92f-7f0000014e7a</uuid>
                        <uuid>0007dd15-7513-8000-f92f-7f0000014e7a</uuid>
                        <uuid>0009dd16-5a28-8000-f92f-7f0000014e7a</uuid>
                        <uuid>0007dd16-bb51-8000-f92f-7f0000014e7a</uuid>
                        <uuid>0007dd16-bb6d-8000-f92f-7f0000014e7a</uuid>
                        <uuid>0002dd1c-f0e1-8000-f92f-7f0000014e7a</uuid>
                        <uuid>0003dd1d-3bd8-8000-f92f-7f0000014e7a</uuid>
                        <uuid>0002dd1d-5d83-8000-f92f-7f0000014e7a</uuid>
                        <uuid>0003dd1d-66c9-8000-f92f-7f0000014e7a</uuid>
                        <uuid>0002dd1e-3ecb-8000-f92f-7f0000014e7a</uuid>
                        <uuid>0002dd1e-7b5f-8000-f92f-7f0000014e7a</uuid>
                        <uuid>0002dd1f-99c5-8000-f92f-7f0000014e7a</uuid>
                        <uuid>0002dd1f-7538-8000-f92f-7f0000014e7a</uuid>
                        <uuid>0002dd1f-cfc6-8000-f92f-7f0000014e7a</uuid>
                        <uuid>0002dd20-cc21-8000-f92f-7f0000014e7a</uuid>
                        <uuid>0002dd28-c09f-8000-f92f-7f0000014e7a</uuid>
                        <uuid>0002dd28-c615-8000-f92f-7f0000014e7a</uuid>
                        <uuid>0002dd28-cfe7-8000-f92f-7f0000014e7a</uuid>
                        <uuid>0002dd28-ba3e-8000-f92f-7f0000014e7a</uuid>
                        <uuid>0006dd28-c067-8000-f92f-7f0000014e7a</uuid>
                        <uuid>000cdd28-d2d6-8000-f92f-7f0000014e7a</uuid>
                        <uuid>0002dd29-22ff-8000-f92f-7f0000014e7a</uuid>
                        <uuid>0002dd29-2b12-8000-f92f-7f0000014e7a</uuid>
                        <uuid>0002dd2a-1af2-8000-f92f-7f0000014e7a</uuid>
                        <uuid>0002dd2a-2271-8000-f92f-7f0000014e7a</uuid>
                        <uuid>0006dd2a-41a4-8000-f92f-7f0000014e7a</uuid>
                        <uuid>0003dd2a-5433-8000-f92f-7f0000014e7a</uuid>
                        <uuid>0002dd2a-57bb-8000-f92f-7f0000014e7a</uuid>
                        <uuid>0002dd2a-68bb-8000-f92f-7f0000014e7a</uuid>
                        <uuid>0003dd1e-7012-8000-f92f-7f0000014e7a</uuid>
                        <uuid>0003dd1e-7033-8000-f92f-7f0000014e7a</uuid>
                        <uuid>0003dd1e-705e-8000-f92f-7f0000014e7a</uuid>
                        <uuid>0003dd1e-747e-8000-f92f-7f0000014e7a</uuid>
                        <uuid>0003dd1e-7499-8000-f92f-7f0000014e7a</uuid>
                        <uuid>0003dd1e-74d4-8000-f92f-7f0000014e7a</uuid>
                        <uuid>0006dd1f-b6e7-8000-f92f-7f0000014e7a</uuid>
                        <uuid>0003dd28-d910-8000-f92f-7f0000014e7a</uuid>
                        <uuid>0003dd1e-3b5d-8000-f92f-7f0000014e7a</uuid>
                        <uuid>0003dd1e-3b9e-8000-f92f-7f0000014e7a</uuid>
                        <uuid>0003dd1e-3bf1-8000-f92f-7f0000014e7a</uuid>
                        <uuid>0006dd1e-5a0e-8000-f92f-7f0000014e7a</uuid>
                        <uuid>0003dd1e-5d61-8000-f92f-7f0000014e7a</uuid>
                        <uuid>0005dd1e-6dde-8000-f92f-7f0000014e7a</uuid>
                        <uuid>0003dd1e-6e3d-8000-f92f-7f0000014e7a</uuid>
                        <uuid>0003dd1e-6ee2-8000-f92f-7f0000014e7a</uuid>
                        <uuid>0005dd1e-6f4a-8000-f92f-7f0000014e7a</uuid>
                        <uuid>0003dd1e-71f1-8000-f92f-7f0000014e7a</uuid>
                        <uuid>0005dd1e-7232-8000-f92f-7f0000014e7a</uuid>
                        <uuid>0003dd1e-728e-8000-f92f-7f0000014e7a</uuid>
                        <uuid>0005dd1e-72c5-8000-f92f-7f0000014e7a</uuid>
                        <uuid>0003dd1e-7394-8000-f92f-7f0000014e7a</uuid>
                        <uuid>0005dd1e-73de-8000-f92f-7f0000014e7a</uuid>
                        <uuid>0006dd28-d514-8000-f92f-7f0000014e7a</uuid>
                        <uuid>0003dd29-13bc-8000-f92f-7f0000014e7a</uuid>
                        <uuid>000bdd30-d33b-8000-f92f-7f0000014e7a</uuid>
                        <uuid>0004dd30-d391-8000-f92f-7f0000014e7a</uuid>
                        <uuid>0004dd30-e3a1-8000-f92f-7f0000014e7a</uuid>
                        <uuid>0004dd31-ec60-8000-f92f-7f0000014e7a</uuid>
                        <uuid>0003dd40-784f-8000-f92f-7f0000014e7a</uuid>
                        <uuid>0003dd44-ccbb-8000-f92f-7f0000014e7a</uuid>
                        <uuid>0003dd44-d293-8000-f92f-7f0000014e7a</uuid>
                        <uuid>0003dd44-d355-8000-f92f-7f0000014e7a</uuid>
                        <uuid>0003dd44-d3a5-8000-f92f-7f0000014e7a</uuid>
                        <uuid>0003dd44-d42e-8000-f92f-7f0000014e7a</uuid>
                        <uuid>0003dd44-d481-8000-f92f-7f0000014e7a</uuid>
                        <uuid>0003dd44-d4d6-8000-f92f-7f0000014e7a</uuid>
                        <uuid>0003dd44-d58a-8000-f92f-7f0000014e7a</uuid>
                        <uuid>0003dd44-d603-8000-f92f-7f0000014e7a</uuid>
                        <uuid>0005dd45-f7bc-8000-f92f-7f0000014e7a</uuid>
                        <uuid>0005dd45-f7cb-8000-f92f-7f0000014e7a</uuid>
                        <uuid>0005dd45-f7dd-8000-f92f-7f0000014e7a</uuid>
                        <uuid>0005dd45-f7f5-8000-f92f-7f0000014e7a</uuid>
                        <uuid>0005dd45-f807-8000-f92f-7f0000014e7a</uuid>
                        <uuid>0005dd45-f81a-8000-f92f-7f0000014e7a</uuid>
                        <uuid>0002dd4b-146a-8000-f92f-7f0000014e7a</uuid>
                        <uuid>0002dd4b-6722-8000-f92f-7f0000014e7a</uuid>
                        <uuid>0002dd4c-55bd-8000-f92f-7f0000014e7a</uuid>
                        <uuid>000cdd4c-6130-8000-f92f-7f0000014e7a</uuid>
                        <uuid>0007dd4c-637d-8000-f92f-7f0000014e7a</uuid>
                        <uuid>0005dd4c-656f-8000-f92f-7f0000014e7a</uuid>
                        <uuid>000bdd4c-713f-8000-f92f-7f0000014e7a</uuid>
                        <uuid>0007dd4c-737c-8000-f92f-7f0000014e7a</uuid>
                        <uuid>0005dd4c-7442-8000-f92f-7f0000014e7a</uuid>
                        <uuid>000edd4c-8ef8-8000-f92f-7f0000014e7a</uuid>
                        <uuid>000ddd4c-916d-8000-f92f-7f0000014e7a</uuid>
                        <uuid>0009dd4c-95c6-8000-f92f-7f0000014e7a</uuid>
                        <uuid>0003dd4c-a231-8000-f92f-7f0000014e7a</uuid>
                        <uuid>0002dda9-0f39-8000-f92f-7f0000014e7a</uuid>
                        <uuid>0002dda9-0f9c-8000-f92f-7f0000014e7a</uuid>
                        <uuid>0002dda9-0fd3-8000-f92f-7f0000014e7a</uuid>
                        <uuid>0002dda9-0ff1-8000-f92f-7f0000014e7a</uuid>
                        <uuid>0002dda9-1012-8000-f92f-7f0000014e7a</uuid>
                        <uuid>0002dda9-1275-8000-f92f-7f0000014e7a</uuid>
                        <uuid>0002dda9-16a1-8000-f92f-7f0000014e7a</uuid>
                        <uuid>0002ddaa-6c48-8000-f92f-7f0000014e7a</uuid>
                        <uuid>0002ddaa-6c5f-8000-f92f-7f0000014e7a</uuid>
                        <uuid>0002ddaf-6d24-8000-f92f-7f0000014e7a</uuid>
                        <uuid>0003ddaf-7bdc-8000-f92f-7f0000014e7a</uuid>
                        <uuid>0002ddaf-7e5b-8000-f92f-7f0000014e7a</uuid>
                        <uuid>0004ddaf-8218-8000-f92f-7f0000014e7a</uuid>
                        <uuid>0002ddaf-86f1-8000-f92f-7f0000014e7a</uuid>
                        <uuid>0002ddb0-83b4-8000-f92f-7f0000014e7a</uuid>
                        <uuid>0002ddb0-8887-8000-f92f-7f0000014e7a</uuid>
                        <uuid>0002ddb0-99fd-8000-f92f-7f0000014e7a</uuid>
                        <uuid>0002ddb1-d384-8000-f92f-7f0000014e7a</uuid>
                        <uuid>0003dda2-017f-8000-f92f-7f0000014e7a</uuid>
                        <uuid>0002ddb2-500d-8000-f92f-7f0000014e7a</uuid>
                        <uuid>0002ddaf-4555-8000-f92f-7f0000014e7a</uuid>
                        <uuid>0010dda6-42b3-8000-f92f-7f0000014e7a</uuid>
                        <uuid>000edda6-42eb-8000-f92f-7f0000014e7a</uuid>
                        <uuid>0003ddb0-8922-8000-f92f-7f0000014e7a</uuid>
                    </uuids>
                </item>
                <item>
                    <type>portlet</type>
                    <uuids/>
                </item>
                <item>
                    <type>page</type>
                    <uuids/>
                </item>
                <item>
                    <type>application</type>
                    <uuids/>
                </item>
                <item>
                    <type>tempoFeed</type>
                    <uuids/>
                </item>
                <item>
                    <type>recordType</type>
                    <uuids>
                        <uuid>8d2051a1-ec92-4ca1-9c16-48aa9ee134a0</uuid>
                        <uuid>f1b8a025-3c92-467b-b07a-5bbf5ecd8376</uuid>
                        <uuid>693f4155-9c1c-4ee4-920a-b110dbb48eee</uuid>
                        <uuid>fa65873b-d3b5-458b-9975-ca37b97d71dd</uuid>
                        <uuid>405c0801-6cb8-4eec-a928-3c8d25ee6455</uuid>
                        <uuid>0ed0546a-345f-4bbb-a3d6-a0ea5876907f</uuid>
                        <uuid>9ebce090-07e5-47db-9320-06be6bf47d37</uuid>
                        <uuid>e5a1a627-2594-47e8-8031-cb08251f5375</uuid>
                        <uuid>c90a298c-492f-4558-b6da-ec5e26aca807</uuid>
                        <uuid>SYSTEM_RECORD_TYPE_USER</uuid>
                    </uuids>
                </item>
                <item>
                    <type>tempoReport</type>
                    <uuids>
                        <uuid>f7437a8a-97eb-4e32-832e-dfb0a75103dd</uuid>
                        <uuid>d5884159-00a8-4771-9ff6-80e18fef6b9e</uuid>
                        <uuid>e566ef0a-e765-4a3d-a522-632304bc77d1</uuid>
                        <uuid>c40a53de-2ca3-44d4-a98c-18316b48db71</uuid>
                        <uuid>602ad4d7-51ff-48f9-957f-a4272be82a5c</uuid>
                        <uuid>2c9ba59e-f46a-41fe-8c1e-3b9d0dfbdb98</uuid>
                        <uuid>a6f15b0e-7b5b-4044-be4f-faa3cb2875e1</uuid>
                        <uuid>d8cd14b4-8505-4dd5-b8e7-a20a0f08f72d</uuid>
                        <uuid>09bad701-8086-40bb-8e2e-bba6ff4fc226</uuid>
                        <uuid>76e9b052-956a-402c-a2c1-ec068ffe090e</uuid>
                        <uuid>e044c87d-b25c-4811-ac89-ca09b2eff2c9</uuid>
                        <uuid>9f7b33a5-1cf4-4996-9441-e4c0d3c95bd0</uuid>
                        <uuid>e0bc46c1-2dc1-4cfe-ac4a-6ed81999735b</uuid>
                        <uuid>c145119b-f996-49bb-a4bf-95dd65c80c4a</uuid>
                        <uuid>a20ad51a-9e89-440f-8fda-85d7b79dd932</uuid>
                    </uuids>
                </item>
                <item>
                    <type>taskReport</type>
                    <uuids>
                        <uuid>da1444f2-79d0-47ed-b9b0-89641f3dcea5</uuid>
                        <uuid>02ce2267-f9b4-4359-8030-3a7a388b42cd</uuid>
                        <uuid>e2f93c8b-71e8-4fc9-8242-c0ffef22f989</uuid>
                    </uuids>
                </item>
                <item>
                    <type>webApi</type>
                    <uuids/>
                </item>
                <item>
                    <type>site</type>
                    <uuids>
                        <uuid>d2460b58-ba03-4fc2-bc33-398f7d2582bf</uuid>
                    </uuids>
                </item>
                <item>
                    <type>adminSetting</type>
                    <uuids/>
                </item>
                <item>
                    <type>thirdPartyCredentials</type>
                    <uuids/>
                </item>
                <item>
                    <type>dataSource</type>
                    <uuids/>
                </item>
            </globalIdMap>
        </associatedObjects>
        <applicationNavigation/>
        <applicationActions/>
        <associatedApplications>
            <globalIdMap>
                <item>
                    <type>datatype</type>
                    <uuids/>
                </item>
                <item>
                    <type>dataStore</type>
                    <uuids/>
                </item>
                <item>
                    <type>user</type>
                    <uuids/>
                </item>
                <item>
                    <type>groupType</type>
                    <uuids/>
                </item>
                <item>
                    <type>group</type>
                    <uuids/>
                </item>
                <item>
                    <type>content</type>
                    <uuids/>
                </item>
                <item>
                    <type>forum</type>
                    <uuids/>
                </item>
                <item>
                    <type>processModelFolder</type>
                    <uuids/>
                </item>
                <item>
                    <type>processModel</type>
                    <uuids/>
                </item>
                <item>
                    <type>portlet</type>
                    <uuids/>
                </item>
                <item>
                    <type>page</type>
                    <uuids/>
                </item>
                <item>
                    <type>application</type>
                    <uuids>
                        <uuid>_a-0000dd72-ed8d-8000-9ba2-011c48011c48_24337</uuid>
                        <uuid>_a-0000dd8b-d239-8000-9ba2-011c48011c48_28203</uuid>
                        <uuid>_a-0000dd3a-bcbf-8000-9ba2-011c48011c48_15548</uuid>
                        <uuid>_a-0000dd0d-462c-8000-9ba2-011c48011c48_3658</uuid>
                    </uuids>
                </item>
                <item>
                    <type>tempoFeed</type>
                    <uuids/>
                </item>
                <item>
                    <type>recordType</type>
                    <uuids/>
                </item>
                <item>
                    <type>tempoReport</type>
                    <uuids/>
                </item>
                <item>
                    <type>taskReport</type>
                    <uuids/>
                </item>
                <item>
                    <type>webApi</type>
                    <uuids/>
                </item>
                <item>
                    <type>site</type>
                    <uuids/>
                </item>
                <item>
                    <type>adminSetting</type>
                    <uuids/>
                </item>
                <item>
                    <type>thirdPartyCredentials</type>
                    <uuids/>
                </item>
                <item>
                    <type>dataSource</type>
                    <uuids/>
                </item>
            </globalIdMap>
        </associatedApplications>
    </application>
    <roleMap>
        <contentRoleMap public="true">
            <role allowForAll="true" inherit="false" name="readers">
                <users/>
                <groups/>
            </role>
            <role allowForAll="false" inherit="false" name="authors">
                <users/>
                <groups/>
            </role>
            <role allowForAll="false" inherit="false" name="administrators">
                <users/>
                <groups>
                    <groupUuid>_e-0000dd0a-93c8-8000-9aee-01075c01075c_12</groupUuid>
                </groups>
            </role>
            <role allowForAll="false" inherit="false" name="denyReaders">
                <users/>
                <groups/>
            </role>
            <role allowForAll="false" inherit="false" name="denyAuthors">
                <users/>
                <groups/>
            </role>
            <role allowForAll="false" inherit="false" name="denyAdministrators">
                <users/>
                <groups/>
            </role>
        </contentRoleMap>
    </roleMap>
</applicationHaul>
